49 CFR 172.101 Hazardous Materials Table,,,,,,,,,,,,,,,
Symbols,Hazardous materials description and proper shipping names,Hazard class or Division,ID Numbers,PG,Label Codes,Special provisions (172.102),Packaging (173.***),,,Quantity limitations,,Vessel stowage,,,
,,,,,,,Exceptions,Non Bulk,Bulk,Passenger aircraft / rail,Cargo aircraft only,Location,Other,,
(1),(2),(3),(4),(5),(6),(7),(8A),(8B),(8C),(9A),(9B),(10A),(10B),,
,"Accellerene, see p-Nitrosodimethylaniline",,,,,,,,,,,,,,
,"Accumulators, electric, see Batteries, wet etc",,,,,,,,,,,,,,
,"Accumulators, pressurized, pneumatic or hydraulic (containing non-flamable gas), see Articles pressurized, pneumatic or hydraulic (containing non-flamable gas)",,,,,,,,,,,,,,
,Acetal,3,UN1088,II,3,"IB2, T4, TP1",150,202,242,5 L,60 L,E,,,
,Acetaldehyde,3,UN1089,I,3,"A3, B16, T11, TP2, TP7",None,201,243,Forbidden,30 L,E,,,
A ,Acetaldehyde ammonia,9,UN1841,III,9,"IB8, IP3, IP7, T1, TP33",155,204,240,200 kg,200 kg,A,34,,
,Acetaldehyde oxime,3,UN2332,III,3,"B1, IB3, T4, TP1",150,203,242,60 L,220 L,A,,,
,"Acetic acid, glacial or Acetic acid solution, with > 80% acid, by mass",8,UN2789,II,"8, 3","A3, A6, A7, A10, B2, IB2, T7, TP2",154,202,243,1 L,30 L,A,,,
,"Acetic acid solution, not < 50% but not > 80% acid, by mass",8,UN2790,II,8,"A3, A6, A7, A10, B2, IB2, T7, TP2",154,202,242,1 L,30 L,A,,,
,"Acetic acid solution, with > 10% and < 50% acid, by mass",8,UN2790,III,8,"IB3, T4, TP1",154,203,242,5 L,60 L,A,,,
,Acetic anhydride,8,UN1715,II,"8, 3","A3, A6, A7, A10, B2, IB2, T7, TP2",154,202,243,1 L,30 L,A,40,,
,Acetone,3,UN1090,II,3,"IB2, T4, TP1",150,202,242,5 L,60 L,B,,,
,"Acetone cyanohydrin, stabilized",6.1,UN1541,I,6.1,"2, B9, B14, B32, B76, B77, N34, T20, TP2, TP13, TP38, TP45",None,227,244,Forbidden,Forbidden,D,"25, 40, 52, 53",,
,Acetone oils,3,UN1091,II,3,"IB2, T4, TP1, TP8",150,202,242,5 L,60 L,B,,,
,Acetonitrile,3,UN1648,II,3,"IB2, T7, TP2",150,202,242,5 L,60 L,B,40,,
,Acetyl acetone peroxide with > 9% by mass active oxygen,Forbidden,,,,,,,,,,,,,
,"Acetyl benzoyl peroxide, solid, or with > 40% in solution",Forbidden,,,,,,,,,,,,,
,Acetyl bromide,8,UN1716,II,8,"B2, IB2, T8, TP2, TP12",154,202,242,1 L,30 L,C,40,,
,Acetyl chloride,3,UN1717,II,"3, 8","A3, A6, A7, IB1, N34, T8, TP2, TP12",150,202,243,1 L,5 L,B,40,,
,"Acetyl cyclohexanesulfonyl peroxide, with > 82% wetted with < 12% water",Forbidden,,,,,,,,,,,,,
,"Acetylene, dissolved",2.1,UN1001,,2.1,"N86, N88",None,303,None,Forbidden,15 kg,D,"25, 40, 57",,
,Acetylene (liquefied),Forbidden,,,,,,,,,,,,,
,Acetylene silver nitrate,Forbidden,,,,,,,,,,,,,
,"Acetylene, solvent free",Forbidden,,,,,,,,,,,,,
,"Acetylene tetrabromide, see Tetrabromoethane",,,,,,,,,,,,,,
,Acetyl iodide,8,UN1898,II,8,"B2, IB2, T7, TP2, TP13",154,202,242,1 L,30 L,C,40,,
,Acetyl methyl carbinol,3,UN2621,III,3,"B1, IB3, T2, TP1",150,203,242,60 L,220 L,A,,,
,"Acetyl peroxide, solid, or with > 25% in solution",Forbidden,,,,,,,,,,,,,
,"Acid butyl phosphate, see Butyl acid phosphate",,,,,,,,,,,,,,
,"Acid, sludge, see Sludge acid",,,,,,,,,,,,,,
,Acridine,6.1,UN2713,III,6.1,"IB8, IP3, T1, TP33",153,213,240,100 kg,200 kg,A,,,
,"Acrolein dimer, stabilized",3,UN2607,III,3,"B1, IB3, T2, TP1",150,203,242,60 L,220 L,A,40,,
,"Acrolein, stabilized",6.1,UN1092,I,"6.1, 3","1, B9, B14, B30, B42, B72, B77, T22, TP2, TP7, TP13, TP38, TP44",None,226,244,Forbidden,Forbidden,D,40,,
,"Acrylamide, solid",6.1,UN2074,III,6.1,"IB8, IP3, T1, TP33",153,213,240,100 kg,200 kg,A,12,,
,Acrylamide solution,6.1,UN3426,III,6.1,"IB3, T4, TP1",153,203,241,60 L,220 L,A,12,,
,"Acrylic acid, stabilized",8,UN2218,II,"8, 3","B2, IB2, T7, TP2",154,202,243,1 L,30 L,C,"25, 40",,
,"Acrylonitrile, stabilized",3,UN1093,I,"3, 6.1","B9, T14, TP2, TP13",None,201,243,Forbidden,30 L,E,40,,
,"Actuating cartridge, explosive, see Cartridges, power device",,,,,,,,,,,,,,
,"Adhesives, containing a flammable liquid",3,UN1133,I,3,"B42, T11, TP1, TP8, TP27",150,201,243,1 L,30 L,B,,,
,"Adhesives, containing a flammable liquid",3,UN1133,II,3,"149, B52, IB2, T4, TP1, TP8",150,173,242,5 L,60 L,B,,,
,"Adhesives, containing a flammable liquid",3,UN1133,III,3,"B1, B52, IB3, T2, TP1",150,173,242,60 L,220 L,A,,,
,Adiponitrile,6.1,UN2205,III,6.1,"IB3, T3, TP1",153,203,241,60 L,220 L,A,,,
,"Aerosols, corrosive, Packing Group II or III, (each not exceeding 1 L capacity)",2.2,UN1950,,"2.2, 8",A34,306,None,None,75 kg,150 kg,A,"48, 87, 126",,
,"Aerosols, flammable, (each not exceeding 1 L capacity)",2.1,UN1950,,2.1,N82,306,None,None,75 kg,150 kg,A,"48, 87, 126",,
,"Aerosols, flammable, n.o.s. (engine starting fluid) (each not exceeding 1 L capacity)",2.1,UN1950,,2.1,N82,306,304,None,Forbidden,150 kg,A,"48, 87, 126",,
,"Aerosols, non-flammable, (each not exceeding 1 L capacity)",2.2,UN1950,,2.2,,306,None,None,75 kg,150 kg,A,"48, 87, 126",,
,"Aerosols, poison, (each not exceeding 1 L capacity)",2.2,UN1950,,"2.2, 6.1",,306,None,None,Forbidden,Forbidden,A,"48, 87, 126",,
I ,"Air bag inflators, or Air bag modules, or Seat-belt pretensioners.",1.4G,UN0503,II,1.4G,161,None,62,None,Forbidden,75 kg,2,,,
,"Air bag inflators, or Air bag modules, or Seat-belt pretensioners.",9,UN3268,III,9,160,166,166,166,25 kg,100 kg,A,,,
,"Air, compressed",2.2,UN1002,,2.2,78,"306, 307",302,302,75 kg,150 kg,A,,,
,"Aircraft engines (including turbines), see Engines, internal combustion",,,,,,,,,,,,,,
,"Aircraft evacuation slides, see Life saving appliances etc",,,,,,,,,,,,,,
,Aircraft hydraulic power unit fuel tank (containing a mixture of anhydrous hydrazine and monomethyl hydrazine) (M86 fuel),3,UN3165,I,"3, 6.1, 8",,None,172,None,Forbidden,42 L,E,,,
,"Aircraft survival kits, see Life saving appliances etc",,,,,,,,,,,,,,
,"Air, refrigerated liquid, (cryogenic liquid)",2.2,UN1003,,"2.2, 5.1","T75, TP5, TP22",320,316,"318, 319",Forbidden,Forbidden,D,51,,
,"Air, refrigerated liquid, (cryogenic liquid) non-pressurized",2.2,UN1003,,"2.2, 5.1","T75, TP5, TP22",320,316,"318, 319",Forbidden,Forbidden,D,51,,
G ,"Alcoholates solution, n.o.s., in alcohol",3,UN3274,II,"3, 8",IB2,150,202,243,1 L,5 L,B,,,
,Alcoholic beverages,3,UN3065,II,3,"24, 149, B1, IB2, T4, TP1",150,202,242,5 L,60 L,A,,,
,Alcoholic beverages,3,UN3065,III,3,"24, B1, IB3, N11, T2, TP1",150,203,242,60 L,220 L,A,,,
G ,"Alcohols, flammable, toxic, n.o.s.",3,UN1986,I,"3, 6.1","T14, TP2, TP13, TP27",None,201,243,Forbidden,30 L,E,40,,
G ,"Alcohols, flammable, toxic, n.o.s.",3,UN1986,II,"3, 6.1","IB2, T11, TP2, TP27",150,202,243,1 L,60 L,B,40,,
G ,"Alcohols, flammable, toxic, n.o.s.",3,UN1986,III,"3, 6.1","B1, IB3, T7, TP1, TP28",150,203,242,60 L,220 L,A,,,
,"Alcohols, n.o.s.",3,UN1987,I,3,"172, T11, TP1, TP8, TP27",None,201,243,1 L,30 L,E,,,
,"Alcohols, n.o.s.",3,UN1987,II,3,"172, IB2, T7, TP1, TP8, TP28",150,202,242,5 L,60 L,B,,,
,"Alcohols, n.o.s.",3,UN1987,III,3,"172, B1, IB3, T4, TP1, TP29",150,203,242,60 L,220 L,A,,,
G ,"Aldehydes, flammable, toxic, n.o.s.",3,UN1988,III,"3, 6.1","B1, IB3, T7, TP1, TP28",150,203,242,60 L,220 L,A,,,
G ,"Aldehydes, flammable, toxic, n.o.s.",3,UN1988,I,"3, 6.1","T14, TP2, TP13, TP27",None,201,243,Forbidden,30 L,E,40,,
G ,"Aldehydes, flammable, toxic, n.o.s.",3,UN1988,II,"3, 6.1","IB2, T11, TP2, TP27",150,202,243,1 L,60 L,B,40,,
,"Aldehydes, n.o.s.",3,UN1989,III,3,"B1, IB3, T4, TP1, TP29",150,203,242,60 L,220 L,A,,,
,"Aldehydes, n.o.s.",3,UN1989,I,3,"T11, TP1, TP27",None,201,243,1 L,30 L,E,,,
,"Aldehydes, n.o.s.",3,UN1989,II,3,"IB2, T7, TP1, TP8, TP28",150,202,242,5 L,60 L,B,,,
,Aldol,6.1,UN2839,II,6.1,"IB2, T7, TP2",153,202,243,5 L,60 L,A,12,,
G ,"Alkali metal alcoholates, self-heating, corrosive, n.o.s.",4.2,UN3206,II,"4.2, 8","64, A7, IB5, IP2, T3, TP33",None,212,242,15 kg,50 kg,B,,,
G ,"Alkali metal alcoholates, self-heating, corrosive, n.o.s.",4.2,UN3206,III,"4.2, 8","64, A7, IB8, IP3, T1, TP33",None,213,242,25 kg,100 kg,B,,,
,"Alkali metal alloys, liquid, n.o.s.",4.3,UN1421,I,4.3,"A2, A3, A7, B48, N34",None,201,244,Forbidden,1 L,D,52,,
,"Alkali metal amalgam, liquid",4.3,UN1389,I,4.3,"A2, A3, A7, N34",None,201,244,Forbidden,1 L,D,"40, 52",,
,"Alkali metal amalgam, solid",4.3,UN3401,I,4.3,"IB4, IP1, N40, T9, TP7, TP33",None,211,242,Forbidden,15 kg,D,52,,
,Alkali metal amides,4.3,UN1390,II,4.3,"A6, A7, A8, A19, A20, IB7, IP2, T3, TP33",151,212,241,15 kg,50 kg,E,"40, 52",,
,"Alkali metal dispersions, or Alkaline earth metal dispersions",4.3,UN1391,I,4.3,"A2, A3, A7",None,201,244,Forbidden,1 L,D,52,,
,"Alkaline corrosive liquids, n.o.s., see Caustic alkali liquids, n.o.s.",,,,,,,,,,,,,,
G ,"Alkaline earth metal alcoholates, n.o.s.",4.2,UN3205,II,4.2,"65, A7, IB6, IP2, T3, TP33",None,212,241,15 kg,50 kg,B,,,
G ,"Alkaline earth metal alcoholates, n.o.s.",4.2,UN3205,III,4.2,"65, A7, IB8, IP3, T1, TP33",None,213,241,25 kg,100 kg,B,,,
,"Alkaline earth metal alloys, n.o.s.",4.3,UN1393,II,4.3,"A19, IB7, IP2, T3, TP33",151,212,241,15 kg,50 kg,E,52,,
,"Alkaline earth metal amalgams, liquid",4.3,UN1392,I,4.3,"A19, N34, N40",None,201,244,Forbidden,1 L,E,"40, 52",,
,"Alkaline earth metal amalgams, solid",4.3,UN3402,I,4.3,"A19, N34, N40, T9, TP7, TP33",None,211,242,Forbidden,15 kg,D,52,,
G ,"Alkaloids, liquid, n.o.s., or Alkaloid salts, liquid, n.o.s.",6.1,UN3140,I,6.1,"A4, T14, TP2, TP27",None,201,243,1 L,30 L,A,,,
G ,"Alkaloids, liquid, n.o.s., or Alkaloid salts, liquid, n.o.s.",6.1,UN3140,II,6.1,"IB2, T11, TP2, TP27",153,202,243,5 L,60 L,A,,,
G ,"Alkaloids, liquid, n.o.s., or Alkaloid salts, liquid, n.o.s.",6.1,UN3140,III,6.1,"IB3, T7, TP1, TP28",153,203,241,60 L,220 L,A,,,
G ,"Alkaloids, solid, n.o.s. or Alkaloid salts, solid, n.o.s. poisonous",6.1,UN1544,I,6.1,"IB7, IP1, T6, TP33",None,211,242,5 kg,50 kg,A,,,
G ,"Alkaloids, solid, n.o.s. or Alkaloid salts, solid, n.o.s. poisonous",6.1,UN1544,II,6.1,"IB8, IP2, IP4, T3, TP33",153,212,242,25 kg,100 kg,A,,,
G ,"Alkaloids, solid, n.o.s. or Alkaloid salts, solid, n.o.s. poisonous",6.1,UN1544,III,6.1,"IB8, IP3, T1, TP33",153,213,240,100 kg,200 kg,A,,,
,"Alkylphenols, liquid, n.o.s. (including C2-C12 homologues)",8,UN3145,I,8,"A6, T14, TP2",None,201,243,0.5 L,2.5 L,B,,,
,"Alkylphenols, liquid, n.o.s. (including C2-C12 homologues)",8,UN3145,II,8,"IB2, T11, TP2, TP27",154,202,242,1 L,30 L,B,,,
,"Alkylphenols, liquid, n.o.s. (including C2-C12 homologues)",8,UN3145,III,8,"IB3, T7, TP1, TP28",154,203,241,5 L,60 L,A,,,
,"Alkylphenols, solid, n.o.s. (including C2-C12 homologues)",8,UN2430,I,8,"IB7, IP1, T6, TP33",None,211,242,1 kg,25 kg,B,,,
,"Alkylphenols, solid, n.o.s. (including C2-C12 homologues)",8,UN2430,II,8,"IB8, IP2, IP4, T3, TP33",154,212,240,15 kg,50 kg,B,,,
,"Alkylphenols, solid, n.o.s. (including C2-C12 homologues)",8,UN2430,III,8,"IB8, IP3, T1, TP33",154,213,240,25 kg,100 kg,A,,,
,"Alkyl sulfonic acids, liquid or Aryl sulfonic acids, liquid with > 5% free sulfuric acid",8,UN2584,II,8,"B2, IB2, T8, TP2, TP12, TP13",154,202,242,1 L,30 L,B,,,
,"Alkyl sulfonic acids, liquid or Aryl sulfonic acids, liquid with not > 5% free sulfuric acid",8,UN2586,III,8,"IB3, T4, TP1",154,203,241,5 L,60 L,B,,,
,"Alkyl sulfonic acids, solid or Aryl sulfonic acids, solid, with > 5% free sulfuric acid",8,UN2583,II,8,"IB8, IP2, IP4, T3, TP33",154,212,240,15 kg,50 kg,A,,,
,"Alkyl sulfonic acids, solid or Aryl sulfonic acids, solid with not > 5% free sulfuric acid",8,UN2585,III,8,"IB8, IP3, T1, TP33",154,213,240,25 kg,100 kg,A,,,
,Alkylsulfuric acids,8,UN2571,II,8,"B2, IB2, T8, TP2, TP12, TP13, TP28",154,202,242,1 L,30 L,C,14,,
,"Allethrin, see Pesticides, liquid, toxic, n.o.s.",,,,,,,,,,,,,,
,Allyl acetate,3,UN2333,II,"3, 6.1","IB2, T7, TP1, TP13",150,202,243,1 L,60 L,E,40,,
,Allyl alcohol,6.1,UN1098,I,"6.1, 3","2, B9, B14, B32, B74, B77, T20, TP2, TP13, TP38, TP45",None,227,244,Forbidden,Forbidden,D,40,,
,Allylamine,6.1,UN2334,I,"6.1, 3","2, B9, B14, B32, B74, T20, TP2, TP13, TP38, TP45",None,227,244,Forbidden,Forbidden,D,40,,
,Allyl bromide,3,UN1099,I,"3, 6.1","T14, TP2, TP13",None,201,243,Forbidden,30 L,B,40,,
,Allyl chloride,3,UN1100,I,"3, 6.1","T14, TP2, TP13",None,201,243,Forbidden,30 L,E,40,,
,"Allyl chlorocarbonate, see Allyl chloroformate",,,,,,,,,,,,,,
,Allyl chloroformate,6.1,UN1722,I,"6.1, 3, 8","2, B9, B14, B32, B74, N41, T20, TP2, TP13, TP38, TP45",None,227,244,Forbidden,Forbidden,D,40,,
,Allyl ethyl ether,3,UN2335,II,"3, 6.1","IB2, T7, TP1, TP13",150,202,243,1 L,60 L,E,40,,
,Allyl formate,3,UN2336,I,"3, 6.1","T14, TP2, TP13",None,201,243,Forbidden,30 L,E,40,,
,Allyl glycidyl ether,3,UN2219,III,3,"B1, IB3, T2, TP1",150,203,242,60 L,220 L,A,,,
,Allyl iodide,3,UN1723,II,"3, 8","A3, A6, IB1, N34, T7, TP2, TP13",150,202,243,1 L,5 L,B,40,,
,"Allyl isothiocyanate, stabilized",6.1,UN1545,II,"6.1, 3","A3, A7, IB2, T7, TP2",None,202,243,Forbidden,60 L,D,40,,
,"Allyltrichlorosilane, stabilized",8,UN1724,II,"8, 3","A7, B2, B6, IB2, N34, T7, TP2, TP13",None,202,243,Forbidden,30 L,C,40,,
,"Aluminium alkyl halides, solid",4.2,UN3461,I,"4.2, 4.3","173, T21, TP7, TP33",None,181,244,Forbidden,Forbidden,D,134,,
,"Aluminum alkyl halides, liquid",4.2,UN3052,I,"4.2, 4.3","173, B9, B11, T21, TP2, TP7",None,181,244,Forbidden,Forbidden,D,134,,
,Aluminum alkyl hydrides,4.2,UN3076,I,"4.2, 4.3","173, B9, B11, T21, TP2, TP7",None,181,244,Forbidden,Forbidden,D,,,
,Aluminum alkyls,4.2,UN3051,I,"4.2, 4.3","173, B9, B11, T21, TP2, TP7",None,181,244,Forbidden,Forbidden,D,,,
,Aluminum borohydride or Aluminum borohydride in devices,4.2,UN2870,I,"4.2, 4.3","B11, T21, TP7, TP33",None,181,244,Forbidden,Forbidden,D,,,
,"Aluminum bromide, anhydrous",8,UN1725,II,8,"IB8, IP2, IP4, T3, TP33",154,212,240,15 kg,50 kg,A,40,,
,"Aluminum bromide, solution",8,UN2580,III,8,"IB3, T4, TP1",154,203,241,5 L,60 L,A,,,
,Aluminum carbide,4.3,UN1394,II,4.3,"A20, IB7, IP2, N41, T3, TP33",151,212,242,15 kg,50 kg,A,52,,
,"Aluminum chloride, anhydrous",8,UN1726,II,8,"IB8, IP2, IP4, T3, TP33",154,212,240,15 kg,50 kg,A,40,,
,"Aluminum chloride, solution",8,UN2581,III,8,"IB3, T4, TP1",154,203,241,5 L,60 L,A,,,
,"Aluminum dross, wet or hot",Forbidden,,,,,,,,,,,,,
,Aluminum ferrosilicon powder,4.3,UN1395,III,"4.3, 6.1","A19, A20, IB4",151,213,241,25 kg,100 kg,A,"39, 40, 52, 53, 85, 103",,
,Aluminum ferrosilicon powder,4.3,UN1395,II,"4.3, 6.1","A19, IB5, IP2, T3, TP33",151,212,242,15 kg,50 kg,A,"39, 40, 52, 53, 85, 103",,
,Aluminum hydride,4.3,UN2463,I,4.3,"A19, N40",None,211,242,Forbidden,15 kg,E,,,
D ,"Aluminum, molten",9,NA9260,III,9,"IB3, T1, TP3",None,None,247,Forbidden,Forbidden,D,,,
,Aluminum nitrate,5.1,UN1438,III,5.1,"A1, A29, IB8, IP3, T1, TP33",152,213,240,25 kg,100 kg,A,,,
,"Aluminum phosphate solution, see Corrosive liquids, etc",,,,,,,,,,,,,,
,Aluminum phosphide,4.3,UN1397,I,"4.3, 6.1","A8, A19, N40",None,211,242,Forbidden,15 kg,E,"40, 52, 85",,
,Aluminum phosphide pesticides,6.1,UN3048,I,6.1,"A8, IB7, IP1, T6, TP33",None,211,242,Forbidden,15 kg,E,"40, 85",,
,"Aluminum powder, coated",4.1,UN1309,II,4.1,"IB8, IP2, IP4, T3, TP33",151,212,240,15 kg,50 kg,A,"13, 39, 52, 53, 74, 101",,
,"Aluminum powder, coated",4.1,UN1309,III,4.1,"IB8, IP3, T1, TP33",151,213,240,25 kg,100 kg,A,"13, 39, 52, 53, 74, 101",,
,"Aluminum powder, uncoated",4.3,UN1396,II,4.3,"A19, A20, IB7, IP2, T3, TP33",151,212,242,15 kg,50 kg,A,"39, 52, 53",,
,"Aluminum powder, uncoated",4.3,UN1396,III,4.3,"A19, A20, IB8, IP4, T1, TP33",151,213,241,25 kg,100 kg,A,"39, 52, 53",,
,Aluminum resinate,4.1,UN2715,III,4.1,"IB6, T1, TP33",151,213,240,25 kg,100 kg,A,,,
,"Aluminum silicon powder, uncoated",4.3,UN1398,III,4.3,"A1, A19, IB8, IP4, T1, TP33",151,213,241,25 kg,100 kg,A,"39, 40, 52, 53, 85, 103",,
,Aluminum smelting by-products or Aluminum remelting by-products,4.3,UN3170,II,4.3,"128, B115, IB7, IP2, T3, TP33",None,212,242,15 kg,50 kg,B,"85, 103",,
,Aluminum smelting by-products or Aluminum remelting by-products,4.3,UN3170,III,4.3,"128, B115, IB8, IP4, T1, TP33",None,213,241,25 kg,100 kg,B,"85, 103",,
,"Amatols, see Explosives, blasting, type B",,,,,,,,,,,,,,
G ,"Amines, flammable, corrosive, n.o.s. or Polyamines, flammable, corrosive, n.o.s.",3,UN2733,I,"3, 8","T14, TP1, TP27",None,201,243,0.5 L,2.5 L,D,"40, 52",,
G ,"Amines, flammable, corrosive, n.o.s. or Polyamines, flammable, corrosive, n.o.s.",3,UN2733,II,"3, 8","IB2, T11, TP1, TP27",150,202,243,1 L,5 L,B,"40, 52",,
G ,"Amines, flammable, corrosive, n.o.s. or Polyamines, flammable, corrosive, n.o.s.",3,UN2733,III,"3, 8","B1, IB3, T7, TP1, TP28",150,203,242,5 L,60 L,A,"40, 52",,
G ,"Amines, liquid, corrosive, flammable, n.o.s. or Polyamines, liquid, corrosive, flammable, n.o.s.",8,UN2734,I,"8, 3","A3, A6, N34, T14, TP2, TP27",None,201,243,0.5 L,2.5 L,A,52,,
G ,"Amines, liquid, corrosive, flammable, n.o.s. or Polyamines, liquid, corrosive, flammable, n.o.s.",8,UN2734,II,"8, 3","IB2, T11, TP2, TP27",None,202,243,1 L,30 L,A,52,,
G ,"Amines, liquid, corrosive, n.o.s., or Polyamines, liquid, corrosive, n.o.s.",8,UN2735,I,8,"A3, A6, B10, N34, T14, TP2, TP27",None,201,243,0.5 L,2.5 L,A,52,,
G ,"Amines, liquid, corrosive, n.o.s., or Polyamines, liquid, corrosive, n.o.s.",8,UN2735,II,8,"B2, IB2, T11, TP1, TP27",154,202,242,1 L,30 L,A,52,,
G ,"Amines, liquid, corrosive, n.o.s., or Polyamines, liquid, corrosive, n.o.s.",8,UN2735,III,8,"IB3, T7, TP1, TP28",154,203,241,5 L,60 L,A,52,,
G ,"Amines, solid, corrosive, n.o.s., or Polyamines, solid, corrosive n.o.s.",8,UN3259,I,8,"IB7, IP1, T6, TP33",None,211,242,1 kg,25 kg,A,52,,
G ,"Amines, solid, corrosive, n.o.s., or Polyamines, solid, corrosive n.o.s.",8,UN3259,II,8,"IB8, IP2, IP4, T3, TP33",154,212,240,15 kg,50 kg,A,52,,
G ,"Amines, solid, corrosive, n.o.s., or Polyamines, solid, corrosive n.o.s.",8,UN3259,III,8,"IB8, IP3, T1, TP33",154,213,240,25 kg,100 kg,A,52,,
,"2-Amino-4,6-Dinitrophenol, wetted with not < 20% water by mass",4.1,UN3317,I,4.1,"23, A8, A19, A20, N41",None,211,None,1 kg,15 kg,E,"28, 36",,
,2-Amino-4-chlorophenol,6.1,UN2673,II,6.1,"IB8, IP2, IP4, T3, TP33",153,212,242,25 kg,100 kg,A,,,
,2-Amino-5-diethylaminopentane,6.1,UN2946,III,6.1,"IB3, T4, TP1",153,203,241,60 L,220 L,A,,,
,2-(2-Aminoethoxy) ethanol,8,UN3055,III,8,"IB3, T4, TP1",154,203,241,5 L,60 L,A,,,
,N-Aminoethylpiperazine,8,UN2815,III,8,"IB3, T4, TP1",154,203,241,5 L,60 L,A,12,,
+ ,Aminophenols (o-, m-, p-),6.1,UN2512,III,6.1,"IB8, IP3, T1, TP33",153,213,240,100 kg,200 kg,A,
,"Aminopropyldiethanolamine, see Amines, etc",,,,,,,,,,,,,,
,"n-Aminopropylmorpholine, see Amines, etc",,,,,,,,,,,,,,
,Aminopyridines (o-, m-, p-),6.1,UN2671,II,6.1,"IB8, IP2, IP4, T3, TP33",153,212,242,25 kg,100 kg,B,"12, 40, 52"
D ,"Ammonia, anhydrous",2.2,UN1005,,2.2,"13, T50",None,304,"314, 315",Forbidden,Forbidden,D,"40, 52, 57",,
I ,"Ammonia, anhydrous",2.3,UN1005,,"2.3, 8","4, N87, T50",None,304,"314, 315",Forbidden,Forbidden,D,"40, 52, 57",,
D ,"Ammonia solution, relative density < 0.880 at 15 degrees C in water, with > 50% ammonia",2.2,UN3318,,2.2,"13, T50",None,304,"314, 315",Forbidden,Forbidden,D,"40, 52, 57",,
I ,"Ammonia solution, relative density < 0.880 at 15 degrees C in water, with > 50% ammonia",2.3,UN3318,,"2.3, 8","4, N87, T50",None,304,"314, 315",Forbidden,Forbidden,D,"40, 52, 57",,
,"Ammonia solution, relative density between 0.880 and 0.957 at 15 degrees C in water, with > 10% but not > 35% ammonia",8,UN2672,III,8,"IB3, IP8, T7, TP1",154,203,241,5 L,60 L,A,"40, 52, 85",,
,"Ammonia solutions, relative density < 0.880 at 15 degrees C in water, with > 35% but not > 50% ammonia",2.2,UN2073,,2.2,N87,306,304,"314, 315",Forbidden,150 kg,E,"40, 52, 57",,
,Ammonium arsenate,6.1,UN1546,II,6.1,"IB8, IP2, IP4, T3, TP33",153,212,242,25 kg,100 kg,A,53,,
,Ammonium azide,Forbidden,,,,,,,,,,,,,
,"Ammonium bifluoride, solid, see Ammonium hydrogen difluoride, solid",,,,,,,,,,,,,,
,"Ammonium bifluoride solution, see Ammonium hydrogen difluoride, solution",,,,,,,,,,,,,,
,Ammonium bromate,Forbidden,,,,,,,,,,,,,
,Ammonium chlorate,Forbidden,,,,,,,,,,,,,
,Ammonium dichromate,5.1,UN1439,II,5.1,"IB8, IP2, IP4, T3, TP33",152,212,242,5 kg,25 kg,A,52,,
,"Ammonium dinitro-o-cresolate, solid",6.1,UN1843,II,6.1,"IB8, IP2, IP4, T3, TP33",153,212,242,25 kg,100 kg,B,"36, 65, 66, 77",,
,Ammonium dinitro-o-cresolate solution,6.1,UN3424,II,6.1,"IB2, T7, TP2",153,202,243,5 L,60 L,B,"36, 66, 78, 91",,
,Ammonium dinitro-o-cresolate solution,6.1,UN3424,III,6.1,"IB2, T7, TP2",153,203,241,60 L,220 L,A,"36, 66, 78, 91",,
,Ammonium fluoride,6.1,UN2505,III,6.1,"IB8, IP3, T1, TP33",153,213,240,100 kg,200 kg,A,52,,
,Ammonium fluorosilicate,6.1,UN2854,III,6.1,"IB8, IP3, T1, TP33",153,213,240,100 kg,200 kg,A,52,,
,Ammonium fulminate,Forbidden,,,,,,,,,,,,,
,"Ammonium hydrogendifluoride, solid",8,UN1727,II,8,"IB8, IP2, IP4, N34, T3, TP33",154,212,240,15 kg,50 kg,A,"25, 40, 52",,
,"Ammonium hydrogendifluoride, solution",8,UN2817,II,"8, 6.1","IB2, N34, T8, TP2, TP12, TP13",154,202,243,1 L,30 L,B,40,,
,"Ammonium hydrogendifluoride, solution",8,UN2817,III,"8, 6.1","IB3, N3, T4, TP1, TP12, TP13",154,203,241,5 L,60 L,B,"40, 95",,
,Ammonium hydrogen sulfate,8,UN2506,II,8,"IB8, IP2, IP4, T3, TP33",154,212,240,15 kg,50 kg,A,40,,
,"Ammonium hydrosulfide, solution, see Ammonium sulfide solution",,,,,,,,,,,,,,
D ,"Ammonium hydroxide, see Ammonia solutions, etc",,,,,,,,,,,,,,
,Ammonium metavanadate,6.1,UN2859,II,6.1,"IB8, IP2, IP4, T3, TP33",153,212,242,25 kg,100 kg,A,"44, 89, 100, 141",,
,Ammonium nitrate based fertilizer,5.1,UN2067,III,5.1,"52, 150, IB8, IP3, T1, TP33",152,213,240,25 kg,100 kg,B,"48, 59, 60, 66, 117",,
A W ,Ammonium nitrate based fertilizer,9,UN2071,III,9,"132, IB8, IP3",155,213,240,200 kg,200 kg,A,,,
,"Ammonium nitrate emulsion or Ammonium nitrate suspension or Ammonium nitrate gel, intermediate for blasting explosives",5.1,UN3375,II,5.1,"147, 163",None,214,214,Forbidden,Forbidden,D,"48, 59, 60, 66, 124",,
D ,Ammonium nitrate-fuel oil mixture containing only prilled ammonium nitrate and fuel oil,1.5D,NA0331,II,1.5D,,None,62,None,Forbidden,Forbidden,10,19E,,
,"Ammonium nitrate, liquid (hot concentrated solution)",5.1,UN2426,,5.1,"B5, T7",None,None,243,Forbidden,Forbidden,D,"59, 60",,
,"Ammonium nitrate, with > 0.2% combustible substances, including any organic substance calculated as carbon, to the exclusion of any other added substance",1.1D,UN0222,II,1.1D,,None,62,None,Forbidden,Forbidden,10,19E,,
,"Ammonium nitrate, with not > 0.2% total combustible material, including any organic substance, calculated as carbon to the exclusion of any other added substance",5.1,UN1942,III,5.1,"A1, A29, IB8, IP3, T1, TP33",152,213,240,25 kg,100 kg,A,"48, 59, 60, 116",,
,Ammonium nitrite,Forbidden,,,,,,,,,,,,,
,Ammonium perchlorate,5.1,UN1442,II,5.1,"107, A9, IB6, IP2, T3, TP33",152,212,242,5 kg,25 kg,E,"58, 69",,
,Ammonium perchlorate,1.1D,UN0402,II,1.1D,107,None,62,None,Forbidden,Forbidden,10,19E,,
,Ammonium permanganate,Forbidden,,,,,,,,,,,,,
,Ammonium persulfate,5.1,UN1444,III,5.1,"A1, A29, IB8, IP3, T1, TP33",152,213,240,25 kg,100 kg,A,,,
,"Ammonium picrate, dry or wetted with < 10% water, by mass",1.1D,UN0004,II,1.1D,,None,62,None,Forbidden,Forbidden,10,"5E, 19E",,
,"Ammonium picrate, wetted with not < 10% water, by mass",4.1,UN1310,I,4.1,"23, A2, N41",None,211,None,0.5 kg,0.5 kg,D,"28, 36",,
,"Ammonium polysulfide, solution",8,UN2818,II,"8, 6.1","IB2, T7, TP2, TP13",154,202,243,1 L,30 L,B,"12, 40, 52",,
,"Ammonium polysulfide, solution",8,UN2818,III,"8, 6.1","IB3, T4, TP1, TP13",154,203,241,5 L,60 L,B,"12, 40, 52",,
,Ammonium polyvanadate,6.1,UN2861,II,6.1,"IB8, IP2, IP4, T3, TP33",153,212,242,25 kg,100 kg,A,"44, 89, 100, 141",,
,"Ammonium silicofluoride, see Ammonium fluorosilicate",,,,,,,,,,,,,,
,Ammonium sulfide solution,8,UN2683,II,"8, 6.1, 3","IB1, T7, TP2, TP13",154,202,243,1 L,30 L,B,"12, 22, 52, 100",,
,"Ammunition, blank, see Cartridges for weapons, blank",,,,,,,,,,,,,,
,"Ammunition, illuminating with or without burster, expelling charge or propelling charge",1.2G,UN0171,II,1.2G,,,62,None,Forbidden,Forbidden,3,,,
,"Ammunition, illuminating with or without burster, expelling charge or propelling charge",1.3G,UN0254,II,1.3G,,,62,None,Forbidden,Forbidden,3,,,
,"Ammunition, illuminating with or without burster, expelling charge or propelling charge",1.4G,UN0297,II,1.4G,,,62,None,Forbidden,75 kg,2,,,
,"Ammunition, incendiary liquid or gel, with burster, expelling charge or propelling charge",1.3J,UN0247,II,1.3J,,,62,None,Forbidden,Forbidden,4,23E,,
,"Ammunition, incendiary (water-activated contrivances) with burster, expelling charge or propelling charge, see Contrivances, water-activated, etc.",,,,,,,,,,,,,,
,"Ammunition, incendiary, white phosphorus, with burster, expelling charge or propelling charge",1.2H,UN0243,II,1.2H,,,62,None,Forbidden,Forbidden,8,"8E, 14E, 15E, 17E",,
,"Ammunition, incendiary, white phosphorus, with burster, expelling charge or propelling charge",1.3H,UN0244,II,1.3H,,,62,None,Forbidden,Forbidden,8,"8E, 14E, 15E, 17E",,
,"Ammunition, incendiary with or without burster, expelling charge, or propelling charge",1.2G,UN0009,II,1.2G,,,62,None,Forbidden,Forbidden,3,,,
,"Ammunition, incendiary with or without burster, expelling charge, or propelling charge",1.3G,UN0010,II,1.3G,,,62,None,Forbidden,Forbidden,3,,,
,"Ammunition, incendiary with or without burster, expelling charge or propelling charge",1.4G,UN0300,II,1.4G,,,62,None,Forbidden,75 kg,2,,,
,"Ammunition, practice",1.4G,UN0362,II,1.4G,,,62,None,Forbidden,75 kg,2,,,
,"Ammunition, practice",1.3G,UN0488,II,1.3G,,,62,None,Forbidden,Forbidden,3,,,
,"Ammunition, proof",1.4G,UN0363,II,1.4G,,,62,None,Forbidden,75 kg,2,,,
,"Ammunition, rocket, see Warheads, rocket etc",,,,,,,,,,,,,,
,"Ammunition, SA (small arms), see Cartridges for weapons, etc",,,,,,,,,,,,,,
,"Ammunition, smoke (water-activated contrivances), white phosphorus, with burster, expelling charge or propelling charge, see Contrivances, water-activated, etc. (UN 0248)",,,,,,,,,,,,,,
,"Ammunition, smoke (water-activated contrivances), without white phosphorus or phosphides, with burster, expelling charge or propelling charge, see Contrivances, water-activated, etc. (UN 0249)",,,,,,,,,,,,,,
,"Ammunition smoke, white phosphorus with burster,expelling charge, or propelling charge",1.2H,UN0245,II,1.2H,,,62,None,Forbidden,Forbidden,8,"8E, 14E, 15E, 17E",,
,"Ammunition, smoke, white phosphorus with burster, expelling charge, or propelling charge",1.3H,UN0246,II,1.3H,,,62,None,Forbidden,Forbidden,8,"8E, 14E, 15E, 17E",,
,"Ammunition, smoke with or without burster, expelling charge or propelling charge",1.2G,UN0015,II,1.2G,,,62,None,Forbidden,Forbidden,,"8E, 17E, 20E",,
,"Ammunition, smoke with or without burster, expelling charge or propelling charge",1.3G,UN0016,II,1.3G,,,62,None,Forbidden,Forbidden,,"8E, 17E, 20E",,
,"Ammunition, smoke with or without burster, expelling charge or propelling charge",1.4G,UN0303,II,1.4G,,,62,None,Forbidden,75 kg,,"7E, 8E, 14E, 15E, 17E",,
,"Ammunition, sporting, see Cartridges for weapons, etc. (UN 0012; UN 0328; UN 0339)",,,,,,,,,,,,,,
,"Ammunition, tear-producing, non-explosive, without burster or expelling charge, non-fuzed",6.1,UN2017,II,"6.1, 8",,None,212,None,Forbidden,50 kg,E,"13, 40",,
,"Ammunition, tear-producing with burster, expelling charge or propelling charge",1.2G,UN0018,II,"1.2G, 8, 6.1",,,62,None,Forbidden,Forbidden,,"8E, 17E, 20E",,
,"Ammunition, tear-producing with burster, expelling charge or propelling charge",1.3G,UN0019,II,"1.3G, 8, 6.1",,,62,None,Forbidden,Forbidden,,"8E, 17E, 20E",,
,"Ammunition, tear-producing with burster, expelling charge or propelling charge",1.4G,UN0301,II,"1.4G, 8, 6.1",,,62,None,Forbidden,75 kg,,"7E, 8E, 14E, 15E, 17E",,
,"Ammunition, toxic, non-explosive, without burster or expelling charge, non-fuzed",6.1,UN2016,II,6.1,,None,212,None,Forbidden,100 kg,E,"13, 40",,
,"Ammunition, toxic (water-activated contrivances), with burster, expelling charge or propelling charge, see Contrivances, water-activated, etc",,,,,,,,,,,,,,
G ,"Ammunition, toxic with burster, expelling charge, or propelling charge",1.2K,UN0020,II,"1.2K, 6.1",,,62,None,Forbidden,Forbidden,8,"8E, 14E, 15E, 17E",,
G ,"Ammunition, toxic with burster, expelling charge, or propelling charge",1.3K,UN0021,II,"1.3K, 6.1",,,62,None,Forbidden,Forbidden,8,"8E, 14E, 15E, 17E",,
,Amyl acetates,3,UN1104,III,3,"B1, IB3, T2, TP1",150,203,242,60 L,220 L,A,,,
,Amyl acid phosphate,8,UN2819,III,8,"IB3, T4, TP1",154,203,241,5 L,60 L,A,,,
,Amylamines,3,UN1106,II,"3, 8","IB2, T7, TP1",150,202,243,1 L,5 L,B,,,
,Amylamines,3,UN1106,III,"3, 8","B1, IB3, T4, TP1",150,203,242,5 L,60 L,A,,,
,Amyl butyrates,3,UN2620,III,3,"B1, IB3, T2, TP1",150,203,242,60 L,220 L,A,,,
,Amyl chlorides,3,UN1107,II,3,"IB2, T4, TP1",150,202,242,5 L,60 L,B,,,
,Amyl formates,3,UN1109,III,3,"B1, IB3, T2, TP1",150,203,242,60 L,220 L,A,,,
,Amyl mercaptans,3,UN1111,II,3,"A3, A6, IB2, T4, TP1",None,202,242,5 L,60 L,B,"95, 102",,
,n-Amyl methyl ketone,3,UN1110,III,3,"B1, IB3, T2, TP1",150,203,242,60 L,220 L,A,,,
,Amyl nitrate,3,UN1112,III,3,"B1, IB3, T2, TP1",150,203,242,60 L,220 L,A,40,,
,Amyl nitrites,3,UN1113,II,3,"IB2, T4, TP1",150,202,242,5 L,60 L,E,40,,
,Amyltrichlorosilane,8,UN1728,II,8,"A7, B2, B6, IB2, N34, T7, TP2, TP13",None,202,242,Forbidden,30 L,C,40,,
,"Anhydrous ammonia, see Ammonia, anhydrous",,,,,,,,,,,,,,
,"Anhydrous hydrofluoric acid, see Hydrogen fluoride, anhydrous",,,,,,,,,,,,,,
+ ,Aniline,6.1,UN1547,II,6.1,"IB2, T7, TP2",153,202,243,5 L,60 L,A,"40, 52",,
,Aniline hydrochloride,6.1,UN1548,III,6.1,"IB8, IP3, T1, TP33",153,213,240,100 kg,200 kg,A,,,
,"Aniline oil, see Aniline",,,,,,,,,,,,,,
,Anisidines,6.1,UN2431,III,6.1,"IB3, T4, TP1",153,203,241,60 L,220 L,A,,,
,Anisole,3,UN2222,III,3,"B1, IB3, T2, TP1",150,203,242,60 L,220 L,A,,,
,Anisoyl chloride,8,UN1729,II,8,"B2, B4, IB8, IP2, IP4, T3, TP33",154,212,240,15 kg,50 kg,A,,,
,"Anti-freeze, liquid, see Flammable liquids, n.o.s.",,,,,,,,,,,,,,
,"Antimonous chloride, see Antimony trichloride",,,,,,,,,,,,,,
,"Antimony compounds, inorganic, liquid, n.o.s.",6.1,UN3141,III,6.1,"35, IB3, T7, TP1, TP28",153,203,241,60 L,220 L,A,,,
,"Antimony compounds, inorganic, solid, n.o.s.",6.1,UN1549,III,6.1,"35, IB8, IP3, T1, TP33",153,213,240,100 kg,200 kg,A,,,
,Antimony lactate,6.1,UN1550,III,6.1,"IB8, IP3, T1, TP33",153,213,240,100 kg,200 kg,A,,,
,"Antimony pentachloride, liquid",8,UN1730,II,8,"B2, IB2, T7, TP2",None,202,242,1 L,30 L,C,40,,
,"Antimony pentachloride, solutions",8,UN1731,II,8,"B2, IB2, T7, TP2",154,202,242,1 L,30 L,C,40,,
,"Antimony pentachloride, solutions",8,UN1731,III,8,"IB3, T4, TP1",154,203,241,5 L,60 L,C,40,,
,Antimony pentafluoride,8,UN1732,II,"8, 6.1","A3, A6, A7, A10, IB2, N3, N36, T7, TP2",None,202,243,Forbidden,30 L,D,"44, 89, 100, 141",,
,Antimony potassium tartrate,6.1,UN1551,III,6.1,"IB8, IP3, T1, TP33",153,213,240,100 kg,200 kg,A,,,
,Antimony powder,6.1,UN2871,III,6.1,"IB8, IP3, T1, TP33",153,213,240,100 kg,200 kg,A,,,
,"Antimony sulfide and a chlorate, mixtures of",Forbidden,,,,,,,,,,,,,
,"Antimony sulfide, solid, see Antimony compounds, inorganic, n.o.s.",,,,,,,,,,,,,,
,"Antimony trichloride, liquid",8,UN1733,II,8,"B2, IB2",154,202,242,1 L,30 L,C,40,,
,"Antimony trichloride, solid",8,UN1733,II,8,"IB8, IP2, IP4, T3, TP33",154,212,240,15 kg,50 kg,A,40,,
,"Aqua ammonia, see Ammonia solution, etc",,,,,,,,,,,,,,
,"Argon, compressed",2.2,UN1006,,2.2,,306,302,"314, 315",75 kg,150 kg,A,,,
,"Argon, refrigerated liquid (cryogenic liquid)",2.2,UN1951,,2.2,"T75, TP5",320,316,318,50 kg,500 kg,B,,,
,Arsenic,6.1,UN1558,II,6.1,"IB8, IP2, IP4, T3, TP33",153,212,242,25 kg,100 kg,A,,,
,"Arsenic acid, liquid",6.1,UN1553,I,6.1,"T20, TP2, TP7, TP13",None,201,243,1 L,30 L,B,46,,
,"Arsenic acid, solid",6.1,UN1554,II,6.1,"IB8, IP2, IP4, T3, TP33",153,212,242,25 kg,100 kg,A,,,
,Arsenical dust,6.1,UN1562,II,6.1,"IB8, IP2, IP4, T3, TP33",153,212,242,25 kg,100 kg,A,,,
,"Arsenical pesticides, liquid, flammable, toxic, flash point < 23 degrees C",3,UN2760,I,"3, 6.1","T14, TP2, TP13, TP27",None,201,243,Forbidden,30 L,B,40,,
,"Arsenical pesticides, liquid, flammable, toxic, flash point < 23 degrees C",3,UN2760,II,"3, 6.1","IB2, T11, TP2, TP13, TP27",150,202,243,1 L,60 L,B,40,,
,"Arsenical pesticides, liquid, toxic",6.1,UN2994,I,6.1,"T14, TP2, TP13, TP27",None,201,243,1 L,30 L,B,40,,
,"Arsenical pesticides, liquid, toxic",6.1,UN2994,II,6.1,"IB2, T11, TP2, TP13, TP27",153,202,243,5 L,60 L,B,40,,
,"Arsenical pesticides, liquid, toxic",6.1,UN2994,III,6.1,"IB3, T7, TP2, TP28",153,203,241,60 L,220 L,A,40,,
,"Arsenical pesticides, liquid, toxic, flammable, flash point not < 23 degrees C",6.1,UN2993,I,"6.1, 3","T14, TP2, TP13, TP27",None,201,243,1 L,30 L,B,40,,
,"Arsenical pesticides, liquid, toxic, flammable, flash point not < 23 degrees C",6.1,UN2993,II,"6.1, 3","IB2, T11, TP2, TP13, TP27",153,202,243,5 L,60 L,B,40,,
,"Arsenical pesticides, liquid, toxic, flammable, flash point not < 23 degrees C",6.1,UN2993,III,"6.1, 3","B1, IB3, T7, TP2, TP28",153,203,242,60 L,220 L,A,40,,
,"Arsenical pesticides, solid, toxic",6.1,UN2759,I,6.1,"IB7, IP1, T6, TP33",None,211,242,5 kg,50 kg,A,40,,
,"Arsenical pesticides, solid, toxic",6.1,UN2759,II,6.1,"IB8, IP2, IP4, T3, TP33",153,212,242,25 kg,100 kg,A,40,,
,"Arsenical pesticides, solid, toxic",6.1,UN2759,III,6.1,"IB8, IP3, T1, TP33",153,213,240,100 kg,200 kg,A,40,,
,Arsenic bromide,6.1,UN1555,II,6.1,"IB8, IP2, IP4, T3, TP33",153,212,242,25 kg,100 kg,A,"12, 40",,
,"Arsenic chloride, see Arsenic trichloride",,,,,,,,,,,,,,
,"Arsenic compounds, liquid, n.o.s. inorganic, including arsenates, n.o.s.; arsenites, n.o.s.; arsenic sulfides, n.o.s.; and organic compounds of arsenic, n.o.s.",6.1,UN1556,II,6.1,"IB2, T11, TP2, TP13, TP27",153,202,243,5 L,60 L,B,"40, 137",,
,"Arsenic compounds, liquid, n.o.s. inorganic, including arsenates, n.o.s.; arsenites, n.o.s.; arsenic sulfides, n.o.s.; and organic compounds of arsenic, n.o.s.",6.1,UN1556,III,6.1,"IB3, T7, TP2, TP28",153,203,241,60 L,220 L,B,"40, 137",,
,"Arsenic compounds, liquid, n.o.s. inorganic, including arsenates, n.o.s.; arsenites, n.o.s.; arsenic sulfides, n.o.s.; and organic compounds of arsenic, n.o.s.",6.1,UN1556,I,6.1,"T14, TP2, TP13, TP27",None,201,243,1 L,30 L,B,"40, 137",,
,"Arsenic compounds, solid, n.o.s. inorganic, including arsenates, n.o.s.; arsenites, n.o.s.; arsenic sulfides, n.o.s.; and organic compounds of arsenic, n.o.s.",6.1,UN1557,I,6.1,"IB7, IP1, T6, TP33",None,211,242,5 kg,50 kg,A,137,,
,"Arsenic compounds, solid, n.o.s. inorganic, including arsenates, n.o.s.; arsenites, n.o.s.; arsenic sulfides, n.o.s.; and organic compounds of arsenic, n.o.s.",6.1,UN1557,II,6.1,"IB8, IP2, IP4, T3, TP33",153,212,242,25 kg,100 kg,A,137,,
,"Arsenic compounds, solid, n.o.s. inorganic, including arsenates, n.o.s.; arsenites, n.o.s.; arsenic sulfides, n.o.s.; and organic compounds of arsenic, n.o.s.",6.1,UN1557,III,6.1,"IB8, IP3, T1, TP33",153,213,240,100 kg,200 kg,A,137,,
,Arsenic pentoxide,6.1,UN1559,II,6.1,"IB8, IP2, IP4, T3, TP33",153,212,242,25 kg,100 kg,A,,,
,"Arsenic sulfide and a chlorate, mixtures of",Forbidden,,,,,,,,,,,,,
,Arsenic trichloride,6.1,UN1560,I,6.1,"2, B9, B14, B32, B74, T20, TP2, TP13, TP38, TP45",None,227,244,Forbidden,Forbidden,B,40,,
,Arsenic trioxide,6.1,UN1561,II,6.1,"IB8, IP2, IP4, T3, TP33",153,212,242,25 kg,100 kg,A,,,
,"Arsenic, white, solid, see Arsenic trioxide",,,,,,,,,,,,,,
,"Arsenious acid, solid, see Arsenic trioxide",,,,,,,,,,,,,,
,"Arsenious and mercuric iodide solution, see Arsenic compounds, liquid, n.o.s.",,,,,,,,,,,,,,
,Arsine,2.3,UN2188,,"2.3, 2.1",1,None,192,245,Forbidden,Forbidden,D,40,,
,"Articles, explosive, extremely insensitive or Articles, EEI",1.6N,UN0486,II,1.6N,,None,62,None,Forbidden,Forbidden,7,,,
G ,"Articles, explosive, n.o.s.",1.1E,UN0464,II,1.1E,,None,62,None,Forbidden,Forbidden,7,,,
G ,"Articles, explosive, n.o.s.",1.1F,UN0465,II,1.1F,,None,62,None,Forbidden,Forbidden,8,,,
G ,"Articles, explosive, n.o.s.",1.2C,UN0466,II,1.2C,,None,62,None,Forbidden,Forbidden,7,,,
G ,"Articles, explosive, n.o.s.",1.2D,UN0467,II,1.2D,,None,62,None,Forbidden,Forbidden,7,,,
G ,"Articles, explosive, n.o.s.",1.2E,UN0468,II,1.2E,,None,62,None,Forbidden,Forbidden,7,,,
G ,"Articles, explosive, n.o.s.",1.4S,UN0349,II,1.4S,,None,62,None,25 kg,100 kg,5,,,
G ,"Articles, explosive, n.o.s.",1.4B,UN0350,II,1.4B,,None,62,None,Forbidden,Forbidden,6,,,
G ,"Articles, explosive, n.o.s.",1.4C,UN0351,II,1.4C,,None,62,None,Forbidden,75 kg,6,,,
G ,"Articles, explosive, n.o.s.",1.4D,UN0352,II,1.4D,,None,62,None,Forbidden,75 kg,6,,,
G ,"Articles, explosive, n.o.s.",1.4G,UN0353,II,1.4G,,None,62,None,Forbidden,75 kg,6,,,
G ,"Articles, explosive, n.o.s.",1.1L,UN0354,II,1.1L,,None,62,None,Forbidden,Forbidden,8,"8E, 14E, 15E, 17E",,
G ,"Articles, explosive, n.o.s.",1.2L,UN0355,II,1.2L,,None,62,None,Forbidden,Forbidden,8,"8E, 14E, 15E, 17E",,
G ,"Articles, explosive, n.o.s.",1.3L,UN0356,II,1.3L,,None,62,None,Forbidden,Forbidden,8,"8E, 14E, 15E, 17E",,
G ,"Articles, explosive, n.o.s.",1.1C,UN0462,II,1.1C,,None,62,None,Forbidden,Forbidden,7,,,
G ,"Articles, explosive, n.o.s.",1.1D,UN0463,II,1.1D,,None,62,None,Forbidden,Forbidden,7,,,
G ,"Articles, explosive, n.o.s.",1.2F,UN0469,II,1.2F,,None,62,None,Forbidden,Forbidden,8,,,
G ,"Articles, explosive, n.o.s.",1.3C,UN0470,II,1.3C,,None,62,None,Forbidden,Forbidden,7,,,
G ,"Articles, explosive, n.o.s.",1.4E,UN0471,II,1.4E,,None,62,None,Forbidden,75 kg,6,,,
G ,"Articles, explosive, n.o.s.",1.4F,UN0472,II,1.4F,,None,62,None,Forbidden,Forbidden,8,,,
,"Articles, pressurized pneumatic or hydraulic containing non-flammable gas",2.2,UN3164,,2.2,,306,"302, 304",None,No limit,No limit,A,,,
,"Articles, pyrophoric",1.2L,UN0380,II,1.2L,,None,62,None,Forbidden,Forbidden,8,"8E, 14E, 15E, 17E",,
,"Articles, pyrotechnic for technical purposes",1.1G,UN0428,II,1.1G,,None,62,None,Forbidden,Forbidden,7,,,
,"Articles, pyrotechnic for technical purposes",1.2G,UN0429,II,1.2G,,None,62,None,Forbidden,Forbidden,7,,,
,"Articles, pyrotechnic for technical purposes",1.3G,UN0430,II,1.3G,,None,62,None,Forbidden,Forbidden,7,,,
,"Articles, pyrotechnic for technical purposes",1.4G,UN0431,II,1.4G,,None,62,None,Forbidden,75 kg,6,,,
,"Articles, pyrotechnic for technical purposes",1.4S,UN0432,II,1.4S,,None,62,None,25 kg,100 kg,5,,,
D ,Asbestos,9,NA2212,III,9,"156, IB8, IP2, IP4",155,216,240,200 kg,200 kg,A,"34, 40",,
,Ascaridole (organic peroxide),Forbidden,,,,,,,,,,,,,
D ,"Asphalt, at or above its flash point",3,NA1999,III,3,"IB3, T1, TP3",150,203,247,Forbidden,Forbidden,D,,,
D ,"Asphalt, cut back, see Tars, liquid, etc",,,,,,,,,,,,,,
,"Automobile, motorcycle, tractor, other self-propelled vehicle, engine, or other mechanical apparatus, see Vehicles or Battery etc",,,,,,,,,,,,,,
A G ,"Aviation regulated liquid, n.o.s.",9,UN3334,,9,A35,155,204,,No limit,No limit,A,,,
A G ,"Aviation regulated solid, n.o.s.",9,UN3335,,9,A35,155,204,,No limit,No limit,A,,,
,Azaurolic acid (salt of) (dry),Forbidden,,,,,,,,,,,,,
,"3-Azido-1,2-Propylene glycol dinitrate",Forbidden,,,,,,,,,,,,,
,5-Azido-1-hydroxy tetrazole,Forbidden,,,,,,,,,,,,,
,Azidodithiocarbonic acid,Forbidden,,,,,,,,,,,,,
,Azidoethyl nitrate,Forbidden,,,,,,,,,,,,,
,Azido guanidine picrate (dry),Forbidden,,,,,,,,,,,,,
,Azido hydroxy tetrazole (mercury and silver salts),Forbidden,,,,,,,,,,,,,
,"1-Aziridinylphosphine oxide-(tris), see Tris-(1-aziridinyl) phosphine oxide, solution",,,,,,,,,,,,,,
,Azodicarbonamide,4.1,UN3242,II,4.1,"38, IB8, T3, TP33",151,212,240,Forbidden,Forbidden,D,"12, 52, 53, 74",,
,Azotetrazole (dry),Forbidden,,,,,,,,,,,,,
,Barium,4.3,UN1400,II,4.3,"A19, IB7, IP2, T3, TP33",151,212,241,15 kg,50 kg,E,52,,
,"Barium alloys, pyrophoric",4.2,UN1854,I,4.2,"T21, TP7, TP33",None,181,None,Forbidden,Forbidden,D,,,
,"Barium azide, dry or wetted with < 50% water, by mass",1.1A,UN0224,II,"1.1A, 6.1","111, 117",None,62,None,Forbidden,Forbidden,12,,,
,"Barium azide, wetted with not < 50% water, by mass",4.1,UN1571,I,"4.1, 6.1","162, A2",None,182,None,Forbidden,0.5 kg,D,28,,
,Barium bromate,5.1,UN2719,II,"5.1, 6.1","IB8, IP2, IP4, T3, TP33",152,212,242,5 kg,25 kg,A,"56, 58",,
,"Barium chlorate, solid",5.1,UN1445,II,"5.1, 6.1","A9, IB6, IP2, N34, T3, TP33",152,212,242,5 kg,25 kg,A,"56, 58",,
,"Barium chlorate, solution",5.1,UN3405,II,"5.1, 6.1","A9, IB2, N34, T4, TP1",152,202,243,1 L,5 L,A,"56, 58, 133",,
,"Barium chlorate, solution",5.1,UN3405,III,"5.1, 6.1","A9, IB2, N34, T4, TP1",152,203,242,2.5 L,30 L,A,"56, 58, 133",,
,"Barium compounds, n.o.s.",6.1,UN1564,II,6.1,"IB8, IP2, IP4, T3, TP33",153,212,242,25 kg,100 kg,A,,,
,"Barium compounds, n.o.s.",6.1,UN1564,III,6.1,"IB8, IP3, T1, TP33",153,213,240,100 kg,200 kg,A,,,
,Barium cyanide,6.1,UN1565,I,6.1,"IB7, IP1, N74, N75, T6, TP33",None,211,242,5 kg,50 kg,A,"40, 52",,
,Barium hypochlorite with > 22% available chlorine,5.1,UN2741,II,"5.1, 6.1","A7, A9, IB8, IP2, IP4, N34, T3, TP33",152,212,None,5 kg,25 kg,B,"4, 52, 56, 58, 106",,
,Barium nitrate,5.1,UN1446,II,"5.1, 6.1","IB8, IP2, IP4, T3, TP33",152,212,242,5 kg,25 kg,A,,,
,Barium oxide,6.1,UN1884,III,6.1,"IB8, IP3, T1, TP33",153,213,240,100 kg,200 kg,A,,,
,"Barium perchlorate, solid",5.1,UN1447,II,"5.1, 6.1","IB6, IP2, T3, TP33",152,212,242,5 kg,25 kg,A,"56, 58",,
,"Barium perchlorate, solution",5.1,UN3406,II,"5.1, 6.1","IB2, T4, TP1",152,202,243,1 L,5 L,A,"56, 58, 133",,
,"Barium perchlorate, solution",5.1,UN3406,III,"5.1, 6.1","IB2, T4, TP1",152,203,242,2.5 L,30 L,A,"56, 58, 133",,
,Barium permanganate,5.1,UN1448,II,"5.1, 6.1","IB6, IP2, T3, TP33",152,212,242,5 kg,25 kg,D,"56, 58, 138",,
,Barium peroxide,5.1,UN1449,II,"5.1, 6.1","A9, IB6, IP2, T3, TP33",152,212,242,5 kg,25 kg,A,"13, 52, 56, 75",,
,"Barium selenate, see Selenates or Selenites",,,,,,,,,,,,,,
,"Barium selenite, see Selenates or Selenites",,,,,,,,,,,,,,
,"Batteries, containing sodium",4.3,UN3292,II,4.3,,189,189,189,Forbidden,No limit,A,,,
,"Batteries, dry, containing potassium hydroxide solid, electric, storage",8,UN3028,III,8,,None,213,None,25 kg gross,230 kg gross,A,52,,
,"Batteries, dry, not subject to the requirements of this subchapter",,,,,130,,,,,,,,,
,"Batteries, wet, filled with acid, electric storage",8,UN2794,III,8,,159,159,159,30 kg gross,No limit,A,,,
,"Batteries, wet, filled with alkali, electric storage",8,UN2795,III,8,,159,159,159,30 kg gross,No limit,A,52,,
,"Batteries, wet, non-spillable, electric storage",8,UN2800,III,8,,159,159,159,No Limit,No Limit,A,,,
,"Battery fluid, acid",8,UN2796,II,8,"A3, A7, B2, B15, IB2, N6, N34, T8, TP2, TP12",154,202,242,1 L,30 L,B,,,
,"Battery fluid, alkali",8,UN2797,II,8,"B2, IB2, N6, T7, TP2, TP28",154,202,242,1 L,30 L,A,"29, 52",,
,"Battery lithium type, see Lithium batteries etc",,,,,,,,,,,,,,
,Battery-powered vehicle or Battery-powered equipment,9,UN3171,,9,134,220,220,None,No limit,No limit,,,,
,"Battery, wet, filled with acid or alkali with vehicle or mechanical equipment containing an internal combustion engine, see Vehicle, etc. or Engines, internal combustion, etc",,,,,,,,,,,,,,
+ ,Benzaldehyde,9,UN1990,III,9,"IB3, T2, TP1",155,203,241,100 L,220 L,A,,,
,Benzene,3,UN1114,II,3,"IB2, T4, TP1",150,202,242,5 L,60 L,B,40,,
,Benzene diazonium chloride (dry),Forbidden,,,,,,,,,,,,,
,Benzene diazonium nitrate (dry),Forbidden,,,,,,,,,,,,,
,"Benzene phosphorus dichloride, see Phenyl phosphorus dichloride",,,,,,,,,,,,,,
,"Benzene phosphorus thiodichloride, see Phenyl phosphorus thiodichloride",,,,,,,,,,,,,,
,Benzene sulfonyl chloride,8,UN2225,III,8,"IB3, T4, TP1",154,203,241,5 L,60 L,A,40,,
,"Benzenethiol, see Phenyl mercaptan",,,,,,,,,,,,,,
,Benzene triozonide,Forbidden,,,,,,,,,,,,,
,Benzidine,6.1,UN1885,II,6.1,"IB8, IP2, IP4, T3, TP33",153,212,242,25 kg,100 kg,A,,,
,"Benzol, see Benzene",,,,,,,,,,,,,,
,Benzonitrile,6.1,UN2224,II,6.1,"IB2, T7, TP2",153,202,243,5 L,60 L,A,"40, 52",,
,Benzoquinone,6.1,UN2587,II,6.1,"IB8, IP2, IP4, T3, TP33",153,212,242,25 kg,100 kg,A,,,
,Benzotrichloride,8,UN2226,II,8,"B2, IB2, T7, TP2",154,202,242,1 L,30 L,A,40,,
,Benzotrifluoride,3,UN2338,II,3,"IB2, T4, TP1",150,202,242,5 L,60 L,B,40,,
,Benzoxidiazoles (dry),Forbidden,,,,,,,,,,,,,
,Benzoyl azide,Forbidden,,,,,,,,,,,,,
,Benzoyl chloride,8,UN1736,II,8,"B2, IB2, T8, TP2, TP12, TP13",154,202,242,1 L,30 L,C,40,,
,Benzyl bromide,6.1,UN1737,II,"6.1, 8","A3, A7, IB2, N33, N34, T8, TP2, TP12, TP13",None,202,243,1 L,30 L,D,"13, 40",,
,Benzyl chloride,6.1,UN1738,II,"6.1, 8","A3, A7, B70, IB2, N33, N42, T8, TP2, TP12, TP13",None,202,243,1 L,30 L,D,"13, 40",,
,Benzyl chloride unstabilized,6.1,UN1738,II,"6.1, 8","A3, A7, B8, B11, IB2, N33, N34, N43, T8, TP2, TP12, TP13",153,202,243,1 L,30 L,D,"13, 40",,
,Benzyl chloroformate,8,UN1739,I,8,"A3, A6, B4, N41, T10, TP2, TP12, TP13",None,201,243,Forbidden,2.5 L,D,40,,
,Benzyldimethylamine,8,UN2619,II,"8, 3","B2, IB2, T7, TP2",154,202,243,1 L,30 L,A,"40, 48",,
,Benzylidene chloride,6.1,UN1886,II,6.1,"IB2, T7, TP2",153,202,243,5 L,60 L,D,40,,
,Benzyl iodide,6.1,UN2653,II,6.1,"IB2, T7, TP2",153,202,243,5 L,60 L,B,"12, 40",,
,"Beryllium compounds, n.o.s.",6.1,UN1566,II,6.1,"IB8, IP2, IP4, T3, TP33",153,212,242,25 kg,100 kg,A,,,
,"Beryllium compounds, n.o.s.",6.1,UN1566,III,6.1,"IB8, IP3, T1, TP33",153,213,240,100 kg,200 kg,A,,,
,Beryllium nitrate,5.1,UN2464,II,"5.1, 6.1","IB8, IP2, IP4, T3, TP33",152,212,242,5 kg,25 kg,A,,,
,"Beryllium, powder",6.1,UN1567,II,"6.1, 4.1","IB8, IP2, IP4, T3, TP33",153,212,242,15 kg,50 kg,A,,,
,"Bicyclo 2,2,1 hepta-2,5-diene, stabilized or 2,5-Norbornadiene, stabilized",3,UN2251,II,3,"IB2, T7, TP2",150,202,242,5 L,60 L,D,,,
,"Biological substance, Category B",6.2,UN3373,,,A82,134,199,None,4 kg,4 kg,A,40,,
,"Biological substance, Category B",6.2,UN3373,,,A82,134,199,None,4 L,4 L,A,40,,
,Biphenyl triozonide,Forbidden,,,,,,,,,,,,,
,"Bipyridilium pesticides, liquid, flammable, toxic, flash point < 23 degrees C",3,UN2782,I,"3, 6.1","T14, TP2, TP13, TP27",None,201,243,Forbidden,30 L,E,,,
,"Bipyridilium pesticides, liquid, flammable, toxic, flash point < 23 degrees C",3,UN2782,II,"3, 6.1","IB2, T11, TP2, TP13, TP27",150,202,243,1 L,60 L,B,40,,
,"Bipyridilium pesticides, liquid, toxic",6.1,UN3016,I,6.1,"T14, TP2, TP13, TP27",None,201,243,1 L,30 L,B,40,,
,"Bipyridilium pesticides, liquid, toxic",6.1,UN3016,II,6.1,"IB2, T11, TP2, TP13, TP27",153,202,243,5 L,60 L,B,40,,
,"Bipyridilium pesticides, liquid, toxic",6.1,UN3016,III,6.1,"IB3, T7, TP2, TP28",153,203,241,60 L,220 L,A,40,,
,"Bipyridilium pesticides, liquid, toxic, flammable, flash point not < 23 degrees C",6.1,UN3015,I,"6.1, 3","T14, TP2, TP13, TP27",None,201,243,1 L,30 L,B,"21, 40",,
,"Bipyridilium pesticides, liquid, toxic, flammable, flash point not < 23 degrees C",6.1,UN3015,II,"6.1, 3","IB2, T11, TP2, TP13, TP27",153,202,243,5 L,60 L,B,"21, 40",,
,"Bipyridilium pesticides, liquid, toxic, flammable, flash point not < 23 degrees C",6.1,UN3015,III,"6.1, 3","B1, IB3, T7, TP2, TP28",153,203,242,60 L,220 L,A,"21, 40",,
,"Bipyridilium pesticides, solid, toxic",6.1,UN2781,I,6.1,"IB7, IP1, T6, TP33",None,211,242,5 kg,50 kg,A,40,,
,"Bipyridilium pesticides, solid, toxic",6.1,UN2781,II,6.1,"IB8, IP2, IP4, T3, TP33",153,212,242,25 kg,100 kg,A,40,,
,"Bipyridilium pesticides, solid, toxic",6.1,UN2781,III,6.1,"IB8, IP3, T1, TP33",153,213,240,100 kg,200 kg,A,40,,
,"Bis (Aminopropyl) piperazine, see Corrosive liquid, n.o.s.",,,,,,,,,,,,,,
,"Bisulfate, aqueous solution",8,UN2837,II,8,"A7, B2, IB2, N34, T7, TP2",154,202,242,1 L,30 L,A,,,
,"Bisulfate, aqueous solution",8,UN2837,III,8,"A7, IB3, N34, T4, TP1",154,203,241,5 L,60 L,A,,,
,"Bisulfites, aqueous solutions, n.o.s.",8,UN2693,III,8,"IB3, T7, TP1, TP28",154,203,241,5 L,60 L,A,"40, 52",,
,"Black powder, compressed or Gunpowder, compressed or Black powder, in pellets or Gunpowder, in pellets",1.1D,UN0028,II,1.1D,,None,62,None,Forbidden,Forbidden,10,,,
D ,Black powder for small arms,4.1,NA0027,I,4.1,70,None,170,None,Forbidden,Forbidden,E,,,
,"Black powder or Gunpowder, granular or as a meal",1.1D,UN0027,II,1.1D,,None,62,None,Forbidden,Forbidden,10,,,
,"Blasting agent, n.o.s., see Explosives, blasting etc",,,,,,,,,,,,,,
,"Blasting cap assemblies, see Detonator assemblies, non-electric, for blasting",,,,,,,,,,,,,,
,"Blasting caps, electric, see Detonators, electric for blasting",,,,,,,,,,,,,,
,"Blasting caps, non-electric, see Detonators, non-electric, for blasting",,,,,,,,,,,,,,
,"Bleaching powder, see Calcium hypochlorite mixtures, etc",,,,,,,,,,,,,,
I ,"Blue asbestos (Crocidolite) or Brown asbestos (amosite, mysorite)",9,UN2212,II,9,"156, IB8, IP2, IP4, T3, TP33",155,216,240,Forbidden,Forbidden,A,"34, 40",,
,"Bombs, photo-flash",1.2G,UN0039,II,1.2G,,,62,None,Forbidden,Forbidden,3,,,
,"Bombs, photo-flash",1.3G,UN0299,II,1.3G,,,62,None,Forbidden,Forbidden,3,,,
,"Bombs, photo-flash",1.1F,UN0037,II,1.1F,,,62,None,Forbidden,Forbidden,8,,,
,"Bombs, photo-flash",1.1D,UN0038,II,1.1D,,,62,None,Forbidden,Forbidden,3,,,
,"Bombs, smoke, non-explosive, with corrosive liquid, without initiating device",8,UN2028,II,8,,None,160,None,Forbidden,50 kg,E,40,,
,"Bombs, with bursting charge",1.1F,UN0033,II,1.1F,,,62,None,Forbidden,Forbidden,8,,,
,"Bombs, with bursting charge",1.1D,UN0034,II,1.1D,,,62,None,Forbidden,Forbidden,3,,,
,"Bombs, with bursting charge",1.2D,UN0035,II,1.2D,,,62,None,Forbidden,Forbidden,3,,,
,"Bombs, with bursting charge",1.2F,UN0291,II,1.2F,,,62,None,Forbidden,Forbidden,8,,,
,"Bombs with flammable liquid, with bursting charge",1.1J,UN0399,II,1.1J,,,62,None,Forbidden,Forbidden,4,23E,,
,"Bombs with flammable liquid, with bursting charge",1.2J,UN0400,II,1.2J,,,62,None,Forbidden,Forbidden,4,23E,,
,Boosters with detonator,1.2B,UN0268,II,1.2B,,None,62,None,Forbidden,Forbidden,7,,,
,Boosters with detonator,1.1B,UN0225,II,1.1B,,None,62,None,Forbidden,Forbidden,11,,,
,"Boosters, without detonator",1.2D,UN0283,II,1.2D,,None,62,None,Forbidden,Forbidden,7,,,
,"Boosters, without detonator",1.1D,UN0042,II,1.1D,,None,62,None,Forbidden,Forbidden,7,,,
,"Borate and chlorate mixtures, see Chlorate and borate mixtures",,,,,,,,,,,,,,
,Borneol,4.1,UN1312,III,4.1,"A1, IB8, IP3, T1, TP33",None,213,240,25 kg,100 kg,A,,,
+ ,Boron tribromide,8,UN2692,I,"8, 6.1","2, B9, B14, B32, B74, N34, T20, TP2, TP12, TP13, TP38, TP45",None,227,244,Forbidden,Forbidden,C,12,,
,Boron trichloride,2.3,UN1741,,"2.3, 8","3, B9, B14",None,304,314,Forbidden,Forbidden,D,"25, 40",,
,Boron trifluoride,2.3,UN1008,,2.3,"2, B9, B14",None,302,"314, 315",Forbidden,Forbidden,D,40,,
,"Boron trifluoride acetic acid complex, liquid",8,UN1742,II,8,"B2, B6, IB2, T8, TP2, TP12",154,202,242,1 L,30 L,A,,,
,"Boron trifluoride acetic acid complex, solid",8,UN3419,II,8,"B2, B6, IB8, IP2, IP4, T3, TP33",154,212,240,15 kg,50 kg,A,,,
,Boron trifluoride diethyl etherate,8,UN2604,I,"8, 3","A3, A19, T10, TP2",None,201,243,0.5 L,2.5 L,D,40,,
,Boron trifluoride dihydrate,8,UN2851,II,8,"IB2, T7, TP2",154,212,240,15 kg,50 kg,B,"12, 40,",,
,Boron trifluoride dimethyl etherate,4.3,UN2965,I,"4.3, 8, 3","A19, T10, TP2, TP7",None,201,243,Forbidden,1 L,D,"21, 28, 40, 49, 100",,
,"Boron trifluoride propionic acid complex, liquid",8,UN1743,II,8,"B2, IB2, T8, TP2, TP12",154,202,242,1 L,30 L,A,,,
,"Boron trifluoride propionic acid complex, solid",8,UN3420,II,8,"B2, IB8, IP2, IP4, T3, TP33",154,212,240,15 kg,50 kg,A,,,
,"Box toe gum, see Nitrocellulose etc",,,,,,,,,,,,,,
,"Bromates, inorganic, aqueous solution, n.o.s.",5.1,UN3213,II,5.1,"IB2, T4, TP1",152,202,242,1 L,5 L,B,"56, 58, 133",,
,"Bromates, inorganic, aqueous solution, n.o.s.",5.1,UN3213,III,5.1,"IB2, T4, TP1",152,203,241,2.5 L,30 L,B,"56, 58, 133",,
,"Bromates, inorganic, n.o.s.",5.1,UN1450,II,5.1,"IB8, IP2, IP4, T3, TP33",152,212,242,5 kg,25 kg,A,"56, 58",,
+ ,Bromine,8,UN1744,I,"8, 6.1","1, B9, B64, B85, N34, N43, T22, TP2, TP10, TP12, TP13",None,226,249,Forbidden,Forbidden,D,"12, 40, 66, 74, 89, 90",,
,Bromine azide,Forbidden,,,,,,,,,,,,,
,Bromine chloride,2.3,UN2901,,"2.3, 8, 5.1","2, B9, B14, N86",None,304,"314, 315",Forbidden,Forbidden,D,"40, 89, 90",,
+ ,Bromine pentafluoride,5.1,UN1745,I,"5.1, 6.1, 8","1, B9, B14, B30, B72, T22, TP2, TP12, TP13, TP38, TP44",None,228,244,Forbidden,Forbidden,D,"25, 40, 66, 90",,
+ ,Bromine solutions,8,UN1744,I,"8, 6.1","1, B9, B64, B85, N34, N43, T22, TP2, TP10, TP12, TP13",None,226,249,Forbidden,Forbidden,D,"12, 40, 66, 74, 89, 90",,
+ ,Bromine solutions,8,UN1744,I,"8, 6.1","2, B9, B64, B85, N34, N43, T22, TP2, TP10, TP12, TP13",None,227,249,Forbidden,Forbidden,D,"12, 40, 66, 74, 89, 90",,
+ ,Bromine trifluoride,5.1,UN1746,I,"5.1, 6.1, 8","2, B9, B14, B32, B74, T22, TP2, TP12, TP13, TP38, TP45",None,228,244,Forbidden,Forbidden,D,"25, 40, 66, 90",,
,"4-Bromo-1,2-dinitrobenzene",Forbidden,,,,,,,,,,,,,
,"4-Bromo-1,2-dinitrobenzene (unstable at 59 degrees C)",Forbidden,,,,,,,,,,,,,
,"2-Bromo-2-nitropropane-1,3-diol",4.1,UN3241,III,4.1,"46, IB8, IP3",151,213,None,25 kg,50 kg,C,"12, 25, 40",,
,1-Bromo-3-chloropropane,6.1,UN2688,III,6.1,"IB3, T4, TP1",153,203,241,60 L,220 L,A,,,
,1-Bromo-3-methylbutane,3,UN2341,III,3,"B1, IB3, T2, TP1",150,203,242,60 L,220 L,A,,,
,1-Bromo-3-nitrobenzene (unstable at 56 degrees C),Forbidden,,,,,,,,,,,,,
,"Bromoacetic acid, solid",8,UN3425,II,8,"A7, IB8, IP2, IP4, N34, T3, TP33",154,212,240,15 kg,50 kg,A,,,
,Bromoacetic acid solution,8,UN1938,II,8,"A7, B2, IB2, T7, TP2",154,202,242,1 L,30 L,A,40,,
,Bromoacetic acid solution,8,UN1938,III,8,"B2, IB3, T7, TP2",154,203,241,5 L,60 L,A,40,,
+ ,Bromoacetone,6.1,UN1569,II,"6.1, 3","2, T20, TP2, TP13",None,193,245,Forbidden,Forbidden,D,40,,
,Bromoacetyl bromide,8,UN2513,II,8,"B2, IB2, T8, TP2, TP12",154,202,242,1 L,30 L,C,"40, 53",,
,Bromobenzene,3,UN2514,III,3,"B1, IB3, T2, TP1",150,203,242,60 L,220 L,A,,,
,"Bromobenzyl cyanides, liquid",6.1,UN1694,I,6.1,"T14, TP2, TP13",None,201,243,Forbidden,30 L,D,"12, 40, 52",,
,"Bromobenzyl cyanides, solid",6.1,UN3449,I,6.1,"T6, TP33",None,211,242,5 kg,50 kg,D,"12, 40, 52",,
,2-Bromobutane,3,UN2339,II,3,"B1, IB2, T4, TP1",150,202,242,5 L,60 L,B,40,,
,1-Bromobutane,3,UN1126,II,3,"IB2, T4, TP1",150,202,242,5 L,60 L,B,40,,
,Bromochloromethane,6.1,UN1887,III,6.1,"IB3, T4, TP1",153,203,241,60 L,220 L,A,,,
,2-Bromoethyl ethyl ether,3,UN2340,II,3,"IB2, T4, TP1",150,202,242,5 L,60 L,B,40,,
,Bromoform,6.1,UN2515,III,6.1,"IB3, T4, TP1",153,203,241,60 L,220 L,A,"12, 40",,
,Bromomethylpropanes,3,UN2342,II,3,"IB2, T4, TP1",150,202,242,5 L,60 L,B,,,
,2-Bromopentane,3,UN2343,II,3,"IB2, T4, TP1",150,202,242,5 L,60 L,B,,,
,Bromopropanes,3,UN2344,III,3,"IB3, T2, TP1",150,203,242,60 L,220 L,A,,,
,Bromopropanes,3,UN2344,II,3,"IB2, T4, TP1",150,202,242,5 L,60 L,B,40,,
,3-Bromopropyne,3,UN2345,II,3,"IB2, T4, TP1",150,202,242,5 L,60 L,D,40,,
,Bromosilane,Forbidden,,,,,,,,,,,,,
,"Bromotoluene-alpha, see Benzyl bromide",,,,,,,,,,,,,,
,Bromotrifluoroethylene,2.1,UN2419,,2.1,,None,304,"314, 315",Forbidden,150 kg,B,40,,
,"Bromotrifluoromethane or Refrigerant gas, R 13B1.",2.2,UN1009,,2.2,T50,306,304,"314, 315",75 kg,150 kg,A,,,
,Brucine,6.1,UN1570,I,6.1,"IB7, IP1, T6, TP33",None,211,242,5 kg,50 kg,A,,,
,"Bursters, explosive",1.1D,UN0043,II,1.1D,,None,62,None,Forbidden,Forbidden,7,,,
,"Butadienes, stabilized or Butadienes and Hydrocarbon mixture, stabilized containing > 40% butadienes",2.1,UN1010,,2.1,T50,306,304,"314, 315",Forbidden,150 kg,B,40,,
,"Butane, butane mixtures and mixtures having similar properties in cartridges each not exceeding 500 grams, see Receptacles, etc",,,,,,,,,,,,,,
,Butanedione,3,UN2346,II,3,"IB2, T4, TP1",150,202,242,5 L,60 L,B,,,
,"Butane see also Petroleum gases, liquefied",2.1,UN1011,,2.1,"19, T50",306,304,"314, 315",Forbidden,150 kg,E,40,,
,"1,2,4-Butanetriol trinitrate",Forbidden,,,,,,,,,,,,,
,Butanols,3,UN1120,II,3,"IB2, T4, TP1, TP29",150,202,242,5 L,60 L,B,,,
,Butanols,3,UN1120,III,3,"B1, IB3, T2, TP1",150,203,242,60 L,220 L,A,,,
,tert-Butoxycarbonyl azide,Forbidden,,,,,,,,,,,,,
,"5-tert-Butyl-2,4,6-trinitro-m-xylene or Musk xylene",4.1,UN2956,III,4.1,159,None,223,None,Forbidden,Forbidden,D,"12, 25, 48, 127",,
,Butyl acetates,3,UN1123,III,3,"B1, IB3, T2, TP1",150,203,242,60 L,220 L,A,,,
,Butyl acetates,3,UN1123,II,3,"IB2, T4, TP1",150,202,242,5 L,60 L,B,,,
,Butyl acid phosphate,8,UN1718,III,8,"IB3, T4, TP1",154,203,241,5 L,60 L,A,,,
,"Butyl acrylates, stabilized",3,UN2348,III,3,"B1, IB3, T2, TP1",150,203,242,60 L,220 L,A,,,
,"Butyl alcohols, see Butanols",,,,,,,,,,,,,,
,n-Butylamine,3,UN1125,II,"3, 8","IB2, T7, TP1",150,202,242,1 L,5 L,B,40,,
,N-Butylaniline,6.1,UN2738,II,6.1,"IB2, T7, TP2",153,202,243,5 L,60 L,A,74,,
,Butyl benzenes,3,UN2709,III,3,"B1, IB3, T2, TP1",150,203,242,60 L,220 L,A,,,
,"n-Butyl bromide, see 1-Bromobutane",,,,,,,,,,,,,,
,"n-Butyl chloride, see Chlorobutanes",,,,,,,,,,,,,,
D ,sec-Butyl chloroformate,6.1,NA2742,I,"6.1, 3, 8","2, B9, B14, B32, B74, T20, TP4, TP12, TP13, TP38, TP45",None,227,244,Forbidden,Forbidden,A,"12, 13, 22, 25, 40, 48, 100",,
,n-Butyl chloroformate,6.1,UN2743,I,"6.1, 8, 3","2, B9, B14, B32, B74, T20, TP2, TP13, TP38, TP45",None,227,244,Forbidden,Forbidden,A,"12, 13, 21, 25, 40, 100",,
,tert-Butylcyclohexylchloroformate,6.1,UN2747,III,6.1,"IB3, T4, TP1",153,203,241,60 L,220 L,A,"12, 13, 25",,
,"1,2-Butylene oxide, stabilized",3,UN3022,II,3,"IB2, T4, TP1",150,202,242,5 L,60 L,B,"27, 49",,
,"Butylene see also Petroleum gases, liquefied",2.1,UN1012,,2.1,"19, T50",306,304,"314, 315",Forbidden,150 kg,E,40,,
,"Butyl ethers, see Dibutyl ethers",,,,,,,,,,,,,,
,"Butyl ethyl ether, see Ethyl butyl ether",,,,,,,,,,,,,,
,n-Butyl formate,3,UN1128,II,3,"IB2, T4, TP1",150,202,242,5 L,60 L,B,,,
,"tert-Butyl hydroperoxide, with > 90% with water",Forbidden,,,,,,,,,,,,,
,tert-Butyl hypochlorite,4.2,UN3255,I,"4.2, 8",,None,211,243,Forbidden,Forbidden,D,,,
,N-n-Butyl imidazole,6.1,UN2690,II,6.1,"IB2, T7, TP2",153,202,243,5 L,60 L,A,,,
,tert-Butyl isocyanate,6.1,UN2484,I,"6.1, 3","1, B9, B14, B30, B72, T22, TP2, TP13, TP38, TP44",None,226,244,Forbidden,Forbidden,D,40,,
,n-Butyl isocyanate,6.1,UN2485,I,"6.1, 3","2, B9, B14, B32, B74, B77, T20, TP2, TP13, TP38, TP45",None,227,244,Forbidden,Forbidden,D,40,,
,Butyl mercaptans,3,UN2347,II,3,"A3, A6, IB2, T4, TP1",150,202,242,5 L,60 L,D,"52, 95",,
,"n-Butyl methacrylate, stabilized",3,UN2227,III,3,"B1, IB3, T2, TP1",150,203,242,60 L,220 L,A,,,
,Butyl methyl ether,3,UN2350,II,3,"IB2, T4, TP1",150,202,242,5 L,60 L,B,,,
,Butyl nitrites,3,UN2351,II,3,"IB2, T4, TP1",150,202,242,5 L,60 L,B,40,,
,Butyl nitrites,3,UN2351,III,3,"B1, IB3, T2, TP1",150,203,242,60 L,220 L,A,40,,
,Butyl nitrites,3,UN2351,I,3,"T11, TP1, TP8, TP27",150,201,243,1 L,30 L,E,40,,
,"tert-Butyl peroxyacetate, with > 76% in solution",Forbidden,,,,,,,,,,,,,
,"n-Butyl peroxydicarbonate, with > 52% in solution",Forbidden,,,,,,,,,,,,,
,"tert-Butyl peroxyisobutyrate, with > 77% in solution",Forbidden,,,,,,,,,,,,,
,"Butyl phosphoric acid, see Butyl acid phosphate",,,,,,,,,,,,,,
,Butyl propionates,3,UN1914,III,3,"B1, IB3, T2, TP1",150,203,242,60 L,220 L,A,,,
,Butyltoluenes,6.1,UN2667,III,6.1,"IB3, T4, TP1",153,203,241,60 L,220 L,A,,,
,Butyltrichlorosilane,8,UN1747,II,"8, 3","A7, B2, B6, IB2, N34, T7, TP2, TP13",None,202,243,Forbidden,30 L,C,40,,
,"Butyl vinyl ether, stabilized",3,UN2352,II,3,"IB2, T4, TP1",150,202,242,5 L,60 L,B,40,,
,"1,4-Butynediol",6.1,UN2716,III,6.1,"A1, IB8, IP3, T1, TP33",None,213,240,100 kg,200 kg,A,"52, 53, 70, 139, 140",,
,Butyraldehyde,3,UN1129,II,3,"IB2, T4, TP1",150,202,242,5 L,60 L,B,,,
,Butyraldoxime,3,UN2840,III,3,"B1, IB3, T2, TP1",150,203,242,60 L,220 L,A,,,
,Butyric acid,8,UN2820,III,8,"IB3, T4, TP1",154,203,241,5 L,60 L,A,12,,
,Butyric anhydride,8,UN2739,III,8,"IB3, T4, TP1",154,203,241,5 L,60 L,A,,,
,Butyronitrile,3,UN2411,II,"3, 6.1","IB2, T7, TP1, TP13",150,202,243,1 L,60 L,E,40,,
,Butyryl chloride,3,UN2353,II,"3, 8","IB2, T8, TP2, TP12, TP13",150,202,243,1 L,5 L,C,40,,
,Cacodylic acid,6.1,UN1572,II,6.1,"IB8, IP2, IP4,T3, TP33",153,212,242,25 kg,100 kg,E,52,,
,Cadmium compounds,6.1,UN2570,I,6.1,"IB7, IP1, T6, TP33",None,211,242,5 kg,50 kg,A,,,
,Cadmium compounds,6.1,UN2570,II,6.1,"IB8, IP2, IP4, T3, TP33",153,212,242,25 kg,100 kg,A,,,
,Cadmium compounds,6.1,UN2570,III,6.1,"IB8, IP3, T1, TP33",153,213,240,100 kg,200 kg,A,,,
,Caesium hydroxide,8,UN2682,II,8,"IB8, IP2, IP4, T3, TP33",154,212,240,15 kg,50 kg,A,"29, 52",,
,Caesium hydroxide solution,8,UN2681,II,8,"B2, IB2, T7, TP2",154,202,242,1 L,30 L,A,"29, 52",,
,Caesium hydroxide solution,8,UN2681,III,8,"IB3, T4, TP1",154,203,241,5 L,60 L,A,"29, 52",,
,Calcium,4.3,UN1401,II,4.3,"IB7, IP2, T3, TP33",151,212,241,15 kg,50 kg,E,52,,
,Calcium arsenate,6.1,UN1573,II,6.1,"IB8, IP2, IP4, T3, TP33",153,212,242,25 kg,100 kg,A,,,
,"Calcium arsenate and calcium arsenite, mixtures, solid",6.1,UN1574,II,6.1,"IB8, IP2, IP4, T3, TP33",153,212,242,25 kg,100 kg,A,,,
,"Calcium bisulfite solution, see Bisulfites, aqueous solutions, n.o.s.",,,,,,,,,,,,,,
,Calcium carbide,4.3,UN1402,I,4.3,"A1, A8, B55, B59, IB4, IP1, N34, T9, TP7, TP33",None,211,242,Forbidden,15 kg,B,52,,
,Calcium carbide,4.3,UN1402,II,4.3,"A1, A8, B55, B59, IB7, IP2, N34, T3, TP33",151,212,241,15 kg,50 kg,B,52,,
,Calcium chlorate,5.1,UN1452,II,5.1,"A9, IB8, IP2, IP4, N34, T3, TP33",152,212,242,5 kg,25 kg,A,"56, 58",,
,Calcium chlorate aqueous solution,5.1,UN2429,II,5.1,"A2, IB2, N41, T4, TP1",152,202,242,1 L,5 L,B,"56, 58, 133",,
,Calcium chlorate aqueous solution,5.1,UN2429,III,5.1,"A2, IB2, N41, T4, TP1",152,203,241,2.5 L,30 L,B,"56, 68, 133",,
,Calcium chlorite,5.1,UN1453,II,5.1,"A9, IB8, IP2, IP4, N34, T3, TP33",152,212,242,5 kg,25 kg,A,"56, 58",,
,Calcium cyanamide with > 0.1% of calcium carbide,4.3,UN1403,III,4.3,"A1, A19, IB8, IP4, T1, TP33",151,213,241,25 kg,100 kg,A,52,,
,Calcium cyanide,6.1,UN1575,I,6.1,"IB7, IP1, N79, N80, T6, TP33",None,211,242,5 kg,50 kg,A,"40, 52",,
,Calcium dithionite or Calcium hydrosulfite,4.2,UN1923,II,4.2,"A19, A20, IB6, IP2, T3, TP33",None,212,241,15 kg,50 kg,E,13,,
,Calcium hydride,4.3,UN1404,I,4.3,"A19, N40",None,211,242,Forbidden,15 kg,E,52,,
,"Calcium hydrosulfite, see Calcium dithionite",,,,,,,,,,,,,,
,"Calcium hypochlorite, dry or Calcium hypochlorite mixtures dry with > 39% available chlorine (8.8% available oxygen)",5.1,UN1748,II,5.1,"165, 166, A7, A9, IB8, IP2, IP4, IP13, N34, W9",152,212,None,5 kg,25 kg,D,"4, 25, 48, 52, 56, 58, 69, 142",,
,"Calcium hypochlorite, dry or Calcium hypochlorite mixtures dry with > 39% available chlorine (8.8% available oxygen)",5.1,UN1748,III,5.1,"165, 171, A7, A9, IB8, IP4, IP13, N34, W9",152,213,240,25 kg,100 kg,D,"4, 25, 48, 52, 56, 58, 69, 142",,
,"Calcium hypochlorite, hydrated or Calcium hypochlorite, hydrated mixtures, with not < 5.5% but not > 16% water",5.1,UN2880,II,5.1,"165, IB8, IP2, IP4, IP13, W9",152,212,240,5 kg,25 kg,D,"4, 25, 48, 52, 56, 58, 69, 142",,
,"Calcium hypochlorite, hydrated or Calcium hypochlorite, hydrated mixtures, with not < 5.5% but not > 16% water",5.1,UN2880,III,5.1,"165, 171, IB8, IP4, IP13, W9",152,213,240,25 kg,100 kg,D,"4, 25, 48, 52, 56, 58, 69, 142",,
,"Calcium hypochlorite mixtures, dry, with > 10% but not > 39% available chlorine",5.1,UN2208,III,5.1,"165, A1, A29, IB8, IP3, IP13, N34, W9",152,213,240,25 kg,100 kg,D,"4, 25, 48, 52, 56, 58, 69, 142",,
,Calcium manganese silicon,4.3,UN2844,III,4.3,"A1, A19, IB8, IP2, IP4, T1, TP33",151,213,241,25 kg,100 kg,A,"52, 85, 103",,
,Calcium nitrate,5.1,UN1454,III,5.1,"34, IB8, IP3, T1, TP33",152,213,240,25 kg,100 kg,A,,,
A ,Calcium oxide,8,UN1910,III,8,"IB8, IP3, T1, TP33",154,213,240,25 kg,100 kg,A,,,
,Calcium perchlorate,5.1,UN1455,II,5.1,"IB6, IP2, T3, TP33",152,212,242,5 kg,25 kg,A,"56, 58",,
,Calcium permanganate,5.1,UN1456,II,5.1,"IB6, IP2, T3, TP33",152,212,242,5 kg,25 kg,D,"56, 58, 138",,
,Calcium peroxide,5.1,UN1457,II,5.1,"IB6, IP2, T3, TP33",152,212,242,5 kg,25 kg,A,"13, 52, 56, 75",,
,Calcium phosphide,4.3,UN1360,I,"4.3, 6.1","A8, A19, N40",None,211,242,Forbidden,15 kg,E,"40, 52, 85",,
,"Calcium, pyrophoric or Calcium alloys, pyrophoric",4.2,UN1855,I,4.2,,None,187,None,Forbidden,Forbidden,D,,,
,Calcium resinate,4.1,UN1313,III,4.1,"A1, A19, IB6, T1, TP33",None,213,240,25 kg,100 kg,A,,,
,"Calcium resinate, fused",4.1,UN1314,III,4.1,"A1, A19, IB4, T1, TP33",None,213,240,25 kg,100 kg,A,,,
,"Calcium selenate, see Selenates or Selenites",,,,,,,,,,,,,,
,Calcium silicide,4.3,UN1405,II,4.3,"A19, IB7, IP2, T3, TP33",151,212,241,15 kg,50 kg,B,"52, 85, 103",,
,Calcium silicide,4.3,UN1405,III,4.3,"A1, A19, IB8, IP4, T1, TP33",151,213,241,25 kg,100 kg,B,"52, 85, 103",,
,Camphor oil,3,UN1130,III,3,"B1, IB3, T2, TP1",150,203,242,60 L,220 L,A,,,
,"Camphor, synthetic",4.1,UN2717,III,4.1,"A1, IB8, IP3, T1, TP33",None,213,240,25 kg,100 kg,A,,,
,"Cannon primers, see Primers, tubular",,,,,,,,,,,,,,
,Caproic acid,8,UN2829,III,8,"IB3, T4, TP1",154,203,241,5 L,60 L,A,,,
,"Caps, blasting, see Detonators, etc",,,,,,,,,,,,,,
,"Carbamate pesticides, liquid, flammable, toxic, flash point < 23 degrees C",3,UN2758,I,"3, 6.1","T14, TP2, TP13, TP27",None,201,243,Forbidden,30 L,B,40,,
,"Carbamate pesticides, liquid, flammable, toxic, flash point < 23 degrees C",3,UN2758,II,"3, 6.1","IB2, T11, TP2, TP13, TP27",150,202,243,1 L,60 L,B,40,,
,"Carbamate pesticides, liquid, toxic",6.1,UN2992,I,6.1,"T14, TP2, TP13, TP27",None,201,243,1 L,30 L,B,40,,
,"Carbamate pesticides, liquid, toxic",6.1,UN2992,II,6.1,"IB2, T11, TP2, TP13, TP27",153,202,243,5 L,60 L,B,40,,
,"Carbamate pesticides, liquid, toxic",6.1,UN2992,III,6.1,"IB3, T7, TP2, TP28",153,203,241,60 L,220 L,A,40,,
,"Carbamate pesticides, liquid, toxic, flammable, flash point not < 23 degrees C",6.1,UN2991,I,"6.1, 3","T14, TP2, TP13, TP27",None,201,243,1 L,30 L,B,40,,
,"Carbamate pesticides, liquid, toxic, flammable, flash point not < 23 degrees C",6.1,UN2991,II,"6.1, 3","IB2, T11, TP2, TP13, TP27",153,202,243,5 L,60 L,B,40,,
,"Carbamate pesticides, liquid, toxic, flammable, flash point not < 23 degrees C",6.1,UN2991,III,"6.1, 3","B1, IB3, T7, TP2, TP28",153,203,242,60 L,220 L,A,40,,
,"Carbamate pesticides, solid, toxic",6.1,UN2757,I,6.1,"IB7, IP1, T6, TP33",None,211,242,5 kg,50 kg,A,40,,
,"Carbamate pesticides, solid, toxic",6.1,UN2757,II,6.1,"IB8, IP2, IP4, T3, TP33",153,212,242,25 kg,100 kg,A,40,,
,"Carbamate pesticides, solid, toxic",6.1,UN2757,III,6.1,"IB8, IP3, T1, TP33",153,213,240,100 kg,200 kg,A,40,,
,"Carbolic acid, see Phenol, solid or Phenol, molten",,,,,,,,,,,,,,
,"Carbolic acid solutions, see Phenol solutions",,,,,,,,,,,,,,
I ,"Carbon, activated",4.2,UN1362,III,4.2,"IB8, IP3, T1, TP33",None,213,241,0.5 kg,0.5 kg,A,12,,
I ,"Carbon, animal or vegetable origin",4.2,UN1361,II,4.2,"IB6, T3, TP33",None,212,242,Forbidden,Forbidden,A,12,,
I ,"Carbon, animal or vegetable origin",4.2,UN1361,III,4.2,"IB8, IP3, T1, TP33",None,213,241,Forbidden,Forbidden,A,12,,
,"Carbon bisulfide, see Carbon disulfide",,,,,,,,,,,,,,
,Carbon dioxide,2.2,UN1013,,2.2,,306,"302, 304","302, 314, 315",75 kg,150 kg,A,,,
,"Carbon dioxide, refrigerated liquid",2.2,UN2187,,2.2,"T75, TP5",306,304,"314, 315",50 kg,500 kg,B,,,
A W ,"Carbon dioxide, solid or Dry ice",9,UN1845,III,None,,217,217,240,200 kg,200 kg,C,40,,
,Carbon disulfide,3,UN1131,I,"3, 6.1","B16, T14, TP2, TP7, TP13",None,201,243,Forbidden,Forbidden,D,"18, 40, 115",,
,"Carbon monoxide, compressed",2.3,UN1016,,"2.3, 2.1",4,None,302,"314, 315",Forbidden,25 kg,D,40,,
D ,"Carbon monoxide, refrigerated liquid (cryogenic liquid)",2.3,NA9202,,"2.3, 2.1","4, T75, TP5",None,316,318,Forbidden,Forbidden,D,,,
,Carbon tetrabromide,6.1,UN2516,III,6.1,"IB8, IP3, T1, TP33",153,213,240,100 kg,200 kg,A,25,,
,Carbon tetrachloride,6.1,UN1846,II,6.1,"IB2, N36, T7, TP2",153,202,243,5 L,60 L,A,40,,
,"Carbonyl chloride, see Phosgene",,,,,,,,,,,,,,
,Carbonyl fluoride,2.3,UN2417,,"2.3, 8",2,None,302,None,Forbidden,Forbidden,D,40,,
,Carbonyl sulfide,2.3,UN2204,,"2.3, 2.1","3, B14",None,304,"314, 315",Forbidden,Forbidden,D,40,,
,"Cartridge cases, empty primed, see Cases, cartridge, empty, with primer",,,,,,,,,,,,,,
,"Cartridges, actuating, for aircraft ejector seat catapult, fire extinguisher, canopy removal or apparatus, see Cartridges, power device",,,,,,,,,,,,,,
,"Cartridges, explosive, see Charges, demolition",,,,,,,,,,,,,,
,"Cartridges, flash",1.1G,UN0049,II,1.1G,,None,62,None,Forbidden,Forbidden,7,,,
,"Cartridges, flash",1.3G,UN0050,II,1.3G,,None,62,None,Forbidden,75 kg,7,,,
,"Cartridges for weapons, blank",1.1C,UN0326,II,1.1C,,None,62,None,Forbidden,Forbidden,7,,,
,"Cartridges for weapons, blank",1.2C,UN0413,II,1.2C,,None,62,None,Forbidden,Forbidden,7,,,
,"Cartridges for weapons, blank or Cartridges, small arms, blank",1.4S,UN0014,II,None,,63,62,None,25 kg,100 kg,5,,,
,"Cartridges for weapons, blank or Cartridges, small arms, blank",1.3C,UN0327,II,1.3C,,None,62,None,Forbidden,Forbidden,7,,,
,"Cartridges for weapons, blank or Cartridges, small arms, blank",1.4C,UN0338,II,1.4C,,None,62,None,Forbidden,75 kg,6,,,
,"Cartridges for weapons, inert projectile",1.2C,UN0328,II,1.2C,,None,62,None,Forbidden,Forbidden,3,,,
,"Cartridges for weapons, inert projectile or Cartridges, small arms",1.4S,UN0012,II,None,,63,62,None,25 kg,100 kg,5,,,
,"Cartridges for weapons, inert projectile or Cartridges, small arms",1.4C,UN0339,II,1.4C,,None,62,None,Forbidden,75 kg,6,,,
,"Cartridges for weapons, inert projectile or Cartridges, small arms",1.3C,UN0417,II,1.3C,,None,62,None,Forbidden,Forbidden,6,,,
,"Cartridges for weapons, with bursting charge",1.1F,UN0005,II,1.1F,,None,62,None,Forbidden,Forbidden,8,,,
,"Cartridges for weapons, with bursting charge",1.1E,UN0006,II,1.1E,,None,62,None,Forbidden,Forbidden,3,,,
,"Cartridges for weapons, with bursting charge",1.2F,UN0007,II,1.2F,,None,62,None,Forbidden,Forbidden,8,,,
,"Cartridges for weapons, with bursting charge",1.2E,UN0321,II,1.2E,,None,62,None,Forbidden,Forbidden,3,,,
,"Cartridges for weapons, with bursting charge",1.4F,UN0348,II,1.4F,,None,62,None,Forbidden,Forbidden,8,,,
,"Cartridges for weapons, with bursting charge",1.4E,UN0412,II,1.4E,,None,62,None,Forbidden,75 kg,2,,,
,"Cartridges, oil well",1.3C,UN0277,II,1.3C,,None,62,None,Forbidden,Forbidden,7,,,
,"Cartridges, oil well",1.4C,UN0278,II,1.4C,,None,62,None,Forbidden,75 kg,6,,,
,"Cartridges, power device",1.2C,UN0381,II,1.2C,,None,62,None,Forbidden,Forbidden,7,,,
,"Cartridges, power device",1.3C,UN0275,II,1.3C,,None,62,None,Forbidden,75 kg,7,,,
,"Cartridges, power device",1.4C,UN0276,II,1.4C,110,None,62,None,Forbidden,75 kg,6,,,
,"Cartridges, power device",1.4S,UN0323,II,1.4S,110,63,62,None,25 kg,100 kg,5,,,
D ,Cartridges power device (used to project fastening devices),ORM-D,,,None,,63,None,None,30 kg gross,30 kg gross,A,,,
,"Cartridges, safety, blank, see Cartridges for weapons, blank (UN 0014)",,,,,,,,,,,,,,
,"Cartridges, safety, see Cartridges for weapons, inert projectile or Cartridges, small arms, or Cartridges, power device (UN 0323)",,,,,,,,,,,,,,
,"Cartridges, signal",1.3G,UN0054,II,1.3G,,None,62,None,Forbidden,75 kg,7,,,
,"Cartridges, signal",1.4G,UN0312,II,1.4G,,None,62,None,Forbidden,75 kg,6,,,
,"Cartridges, signal",1.4S,UN0405,II,1.4S,,None,62,None,25 kg,100 kg,5,,,
D ,"Cartridges, small arms",ORM-D,,,None,,63,None,None,30 kg gross,30 kg gross,A,,,
,"Cartridges, sporting, see Cartridges for weapons, inert projectile, or Cartridges, small arms",,,,,,,,,,,,,,
,"Cartridges, starter, jet engine, see Cartridges, power device",,,,,,,,,,,,,,
,"Cases, cartridge, empty with primer",1.4S,UN0055,II,1.4S,50,None,62,None,25 kg,100 kg,5,,,
,"Cases, cartridges, empty with primer",1.4C,UN0379,II,1.4C,50,None,62,None,Forbidden,75 kg,6,,,
,"Cases, combustible, empty, without primer",1.4C,UN0446,II,1.4C,,None,62,None,Forbidden,75 kg,6,,,
,"Cases, combustible, empty, without primer",1.3C,UN0447,II,1.3C,,None,62,None,Forbidden,Forbidden,7,,,
,Casinghead gasoline see Gasoline,,,,,,,,,,,,,,
A W ,Castor beans or Castor meal or Castor pomace or Castor flake,9,UN2969,II,None,"IB8, IP2, IP4, T3, TP33",155,204,240,No limit,No limit,E,"34, 40",,
G ,"Caustic alkali liquids, n.o.s.",8,UN1719,II,8,"B2, IB2, T11, TP2, TP27",154,202,242,1 L,30 L,A,"29, 52",,
G ,"Caustic alkali liquids, n.o.s.",8,UN1719,III,8,"IB3, T7, TP1, TP28",154,203,241,5 L,60 L,A,"29, 52",,
,"Caustic potash, see Potassium hydroxide etc",,,,,,,,,,,,,,
,"Caustic soda, (etc.) see Sodium hydroxide etc",,,,,,,,,,,,,,
,"Cells, containing sodium",4.3,UN3292,II,4.3,,189,189,189,25 kg gross,No limit,A,,,
,"Celluloid, in block, rods, rolls, sheets, tubes, etc., except scrap",4.1,UN2000,III,4.1,,None,213,240,25 kg,100 kg,A,,,
,"Celluloid, scrap",4.2,UN2002,III,4.2,"IB8, IP3",None,213,241,Forbidden,Forbidden,D,,,
,"Cement, see Adhesives containing flammable liquid",,,,,,,,,,,,,,
,"Cerium, slabs, ingots, or rods",4.1,UN1333,II,4.1,"IB8, IP2, IP4, N34",None,212,240,15 kg,50 kg,A,"74, 91",,
,"Cerium, turnings or gritty powder",4.3,UN3078,II,4.3,"A1, IB7, IP2, T3, TP33",151,212,242,15 kg,50 kg,E,52,,
,Cesium nitrate or Caesium nitrate,5.1,UN1451,III,5.1,"A1, A29, IB8, IP3, T1, TP33",152,213,240,25 kg,100 kg,A,,,
,Cesium or Caesium,4.3,UN1407,I,4.3,"A7, A19, IB4, IP1, N34, N40",None,211,242,Forbidden,15 kg,D,52,,
D ,"Charcoal briquettes, shell, screenings, wood, etc.",4.2,NA1361,III,4.2,"IB8, T1, TP33",151,213,240,25 kg,100 kg,A,12,,
,"Charges, bursting, plastics bonded",1.1D,UN0457,II,1.1D,,None,62,None,Forbidden,Forbidden,7,,,
,"Charges, bursting, plastics bonded",1.2D,UN0458,II,1.2D,,None,62,None,Forbidden,Forbidden,7,,,
,"Charges, bursting, plastics bonded",1.4D,UN0459,II,1.4D,,None,62,None,Forbidden,75 kg,6,,,
,"Charges, bursting, plastics bonded",1.4S,UN0460,II,1.4S,,None,62,None,25 kg,100 kg,5,,,
,"Charges, demolition",1.1D,UN0048,II,1.1D,,None,62,None,Forbidden,Forbidden,3,,,
,"Charges, depth",1.1D,UN0056,II,1.1D,,None,62,None,Forbidden,Forbidden,3,,,
,"Charges, expelling, explosive, for fire extinguishers, see Cartridges, power device",,,,,,,,,,,,,,
,"Charges, explosive, commercial without detonator",1.1D,UN0442,II,1.1D,,None,62,None,Forbidden,Forbidden,7,,,
,"Charges, explosive, commercial without detonator",1.2D,UN0443,II,1.2D,,None,62,None,Forbidden,Forbidden,7,,,
,"Charges, explosive, commercial without detonator",1.4D,UN0444,II,1.4D,,None,62,None,Forbidden,75 kg,6,,,
,"Charges, explosive, commercial without detonator",1.4S,UN0445,II,1.4S,,None,62,None,25 kg,100 kg,5,,,
,"Charges, propelling",1.3C,UN0272,II,1.3C,,None,62,None,Forbidden,Forbidden,7,,,
,"Charges, propelling",1.2C,UN0415,II,1.2C,,None,62,None,Forbidden,Forbidden,7,,,
,"Charges, propelling",1.4C,UN0491,II,1.4C,,None,62,None,Forbidden,75 kg,6,,,
,"Charges, propelling",1.1C,UN0271,II,1.1C,,None,62,None,Forbidden,Forbidden,7,,,
,"Charges, propelling, for cannon",1.3C,UN0242,II,1.3C,,None,62,None,Forbidden,Forbidden,10,,,
,"Charges, propelling, for cannon",1.1C,UN0279,II,1.1C,,None,62,None,Forbidden,Forbidden,10,,,
,"Charges, propelling, for cannon",1.2C,UN0414,II,1.2C,,None,62,None,Forbidden,Forbidden,10,,,
,"Charges, shaped, flexible, linear",1.4D,UN0237,II,1.4D,,None,62,None,Forbidden,75 kg,6,,,
,"Charges, shaped, flexible, linear",1.1D,UN0288,II,1.1D,,None,62,None,Forbidden,Forbidden,7,,,
,"Charges, shaped, without detonator",1.1D,UN0059,II,1.1D,,None,62,None,Forbidden,Forbidden,7,,,
,"Charges, shaped, without detonator",1.2D,UN0439,II,1.2D,,None,62,None,Forbidden,Forbidden,7,,,
,"Charges, shaped, without detonator",1.4D,UN0440,II,1.4D,,None,62,None,Forbidden,75 kg,6,,,
,"Charges, shaped, without detonator",1.4S,UN0441,II,1.4S,,None,62,None,25 kg,100 kg,5,,,
,"Charges, supplementary explosive",1.1D,UN0060,II,1.1D,,None,62,None,Forbidden,Forbidden,10,,,
D ,Chemical kit,8,NA1760,II,8,,154,161,None,1 L,30 L,B,40,,
,Chemical kits,9,UN3316,,9,15,161,161,None,10 kg,10 kg,A,,,
,"Chloral, anhydrous, stabilized",6.1,UN2075,II,6.1,"IB2, T7, TP2",153,202,243,5 L,60 L,D,40,,
,Chlorate and borate mixtures,5.1,UN1458,II,5.1,"A9, IB8, IP2, IP4, N34, T3, TP33",152,212,240,5 kg,25 kg,A,"56, 58",,
,Chlorate and borate mixtures,5.1,UN1458,III,5.1,"A9, IB8, IP3, N34, T1, TP33",152,213,240,25 kg,100 kg,A,"56, 58",,
,Chlorate and magnesium chloride mixture solid,5.1,UN1459,II,5.1,"A9, IB8, IP2, IP4, N34, T3, TP33",152,212,240,5 kg,25 kg,A,"56, 58",,
,Chlorate and magnesium chloride mixture solid,5.1,UN1459,III,5.1,"A9, IB8, IP3, N34, T1, TP33",152,213,240,25 kg,100 kg,A,"56, 58",,
,Chlorate and magnesium chloride mixture solution,5.1,UN3407,II,5.1,"A9, IB2, N34, T4, TP1",152,202,242,1 L,5 L,A,"56, 58, 133",,
,Chlorate and magnesium chloride mixture solution,5.1,UN3407,III,5.1,"A9, IB2, N34, T4, TP1",152,203,241,2.5 L,30 L,A,"56, 58, 133",,
,"Chlorate of potash, see Potassium chlorate",,,,,,,,,,,,,,
,"Chlorate of soda, see Sodium chlorate",,,,,,,,,,,,,,
,"Chlorates, inorganic, aqueous solution, n.o.s.",5.1,UN3210,III,5.1,"IB2, T4, TP1",152,203,241,2.5 L,30 L,B,"56, 58, 133",,
,"Chlorates, inorganic, aqueous solution, n.o.s.",5.1,UN3210,II,5.1,"IB2, T4, TP1",152,202,242,1 L,5 L,B,"56, 58, 133",,
,"Chlorates, inorganic, n.o.s.",5.1,UN1461,II,5.1,"A9, IB6, IP2, N34, T3, TP33",152,212,242,5 kg,25 kg,A,"56, 58",,
,"Chloric acid aqueous solution, with not > 10% chloric acid",5.1,UN2626,II,5.1,"IB2, T4, TP1",None,229,None,Forbidden,Forbidden,D,"56, 58",,
,"Chloride of phosphorus, see Phosphorus trichloride",,,,,,,,,,,,,,
,"Chloride of sulfur, see Sulfur chloride",,,,,,,,,,,,,,
,"Chlorinated lime, see Calcium hypochlorite mixtures, etc",,,,,,,,,,,,,,
,Chlorine,2.3,UN1017,,"2.3, 8","2, B9, B14, N86, T50, TP19",None,304,"314, 315",Forbidden,Forbidden,D,"40, 51, 55, 62, 68, 89, 90",,
,Chlorine azide,Forbidden,,,,,,,,,,,,,
D ,"Chlorine dioxide, hydrate, frozen",5.1,NA9191,II,"5.1, 6.1",,None,229,None,Forbidden,Forbidden,E,,,
,Chlorine dioxide (not hydrate),Forbidden,,,,,,,,,,,,,
,Chlorine pentafluoride,2.3,UN2548,,"2.3, 5.1, 8","1, B7, B9, B14, N86",None,304,314,Forbidden,Forbidden,D,"40, 89, 90",,
,Chlorine trifluoride,2.3,UN1749,,"2.3, 5.1, 8","2, B7, B9, B14, N86",None,304,314,Forbidden,Forbidden,D,"40, 89, 90",,
,"Chlorites, inorganic, n.o.s.",5.1,UN1462,II,5.1,"A7, IB6, IP2, N34, T3, TP33",152,212,242,5 kg,25 kg,A,"56, 58",,
,Chlorite solution,8,UN1908,II,8,"A3, A6, A7, B2, IB2, N34, T7, TP2, TP24",154,202,242,1 L,30 L,B,"26, 44, 89, 100, 141",,
,Chlorite solution,8,UN1908,III,8,"A3, A6, A7, B2, IB3, N34, T4, TP2, TP24",154,203,241,5 L,60 L,B,"26, 44, 89, 100, 141",,
,"1-Chloro-1,1-difluoroethane or Refrigerant gas R 142b",2.1,UN2517,,2.1,T50,306,304,"314, 315",Forbidden,150 kg,B,40,,
,"1-Chloro-1,2,2,2-tetrafluoroethaneor Refrigerant gas R 124",2.2,UN1021,,2.2,T50,306,304,"314, 315",75 kg,150 kg,A,,,
,"1-Chloro-2,2,2-trifluoroethane or Refrigerant gas R 133a",2.2,UN1983,,2.2,T50,306,304,"314, 315",75 kg,150 kg,A,,,
,"3-Chloro-4-methylphenyl isocyanate, liquid",6.1,UN2236,II,6.1,IB2,153,202,243,5 L,60 L,B,40,,
,"3-Chloro-4-methylphenyl isocyanate, solid",6.1,UN3428,II,6.1,"IB8, IP2, IP4, T3, TP33",153,212,242,25 kg,100 kg,B,40,,
,"Chloroacetic acid, molten",6.1,UN3250,II,"6.1, 8","IB1, T7, TP3, TP28",None,202,243,Forbidden,Forbidden,C,40,,
,"Chloroacetic acid, solid",6.1,UN1751,II,"6.1, 8","A3, A7, IB8, IP4, N34, T3, TP33",153,212,242,15 kg,50 kg,A,40,,
,"Chloroacetic acid, solution",6.1,UN1750,II,"6.1, 8","A7, IB2, N34, T7, TP2",153,202,243,1 L,30 L,C,40,,
,"Chloroacetone, stabilized",6.1,UN1695,I,"6.1, 3, 8","2, B9, B14, B32, B74, N12, N32, N34, T20, TP2, TP13, TP38, TP45",None,227,244,Forbidden,Forbidden,D,"21, 40, 100",,
,Chloroacetone (unstabilized),Forbidden,,,,,,,,,,,,,
+ ,Chloroacetonitrile,6.1,UN2668,II,"6.1, 3","2, B9, B14, B32, B74, IB9, T20, TP2, TP38, TP45",None,227,244,Forbidden,Forbidden,A,"12, 40, 52",,
,"Chloroacetophenone, liquid, (CN)",6.1,UN3416,II,6.1,"A3, IB2, N12, N32, N33, T7, TP2, TP13",None,202,243,Forbidden,60 L,D,"12, 40",,
,"Chloroacetophenone, solid, (CN)",6.1,UN1697,II,6.1,"A3, IB8, IP2, IP4, N12, N32, N33, N34, T3, TP2, TP13, TP33",None,212,None,Forbidden,100 kg,D,"12, 40",,
,Chloroacetyl chloride,6.1,UN1752,I,"6.1, 8","2, B3, B8, B9, B14, B32, B74, B77, N34, N43, T20, TP2, TP13, TP38, TP45",None,227,244,Forbidden,Forbidden,D,40,,
,"Chloroanilines, liquid",6.1,UN2019,II,6.1,"IB2, T7, TP2",153,202,243,5 L,60 L,A,52,,
,"Chloroanilines, solid",6.1,UN2018,II,6.1,"IB8, IP2, IP4, T3, TP33",153,212,242,25 kg,100 kg,A,,,
,Chloroanisidines,6.1,UN2233,III,6.1,"IB8, IP3, T1, TP33",153,213,240,100 kg,200 kg,A,,,
,Chlorobenzene,3,UN1134,III,3,"B1, IB3, T2, TP1",150,203,242,60 L,220 L,A,,,
,"Chlorobenzol, see Chlorobenzene",,,,,,,,,,,,,,
,Chlorobenzotrifluorides,3,UN2234,III,3,"B1, IB3, T2, TP1",150,203,242,60 L,220 L,A,40,,
,"Chlorobenzyl chlorides, liquid",6.1,UN2235,III,6.1,"IB3, T4, TP1",153,203,241,60 L,220 L,A,,,
,"Chlorobenzyl chlorides, solid",6.1,UN3427,III,6.1,"IB8, IP3, T1, TP33",153,213,240,100 kg,200 kg,A,,,
,Chlorobutanes,3,UN1127,II,3,"IB2, T4, TP1",150,202,242,5 L,60 L,B,,,
,"Chlorocresols, solid",6.1,UN3437,II,6.1,"IB8, IP2, IP4, T3, TP33",153,212,242,25 kg,100 kg,A,12,,
,Chlorocresols solution,6.1,UN2669,III,6.1,"IB3, T7, TP2",153,203,241,60 L,220 L,A,12,,
,Chlorocresols solution,6.1,UN2669,II,6.1,"IB2, T7, TP2",153,202,243,5 L,60 L,A,12,,
,Chlorodifluorobromomethane or Refrigerant gas R 12B1,2.2,UN1974,,2.2,T50,306,304,"314, 315",75 kg,150 kg,A,,,
,"Chlorodifluoromethane and chloropentafluoroethane mixture or Refrigerant gas R 502 with fixed boiling point, with approximately 49% chlorodifluoromethane",2.2,UN1973,,2.2,T50,306,304,"314, 315",75 kg,150 kg,A,,,
,Chlorodifluoromethane or Refrigerant gas R 22,2.2,UN1018,,2.2,T50,306,304,"314, 315",75 kg,150 kg,A,,,
+ ,"Chlorodinitrobenzenes, liquid.",6.1,UN1577,II,6.1,"IB2, T7, TP2",153,202,243,5 L,60 L,B,91,,
+ ,"Chlorodinitrobenzenes, solid",6.1,UN3441,II,6.1,"IB8, IP2, IP4, T3, TP33",153,212,242,25 kg,100 kg,A,91,,
,2-Chloroethanal,6.1,UN2232,I,6.1,"2, B9, B14, B32, B74, T20, TP2, TP13, TP38, TP45",None,227,244,Forbidden,Forbidden,D,40,,
,Chloroform,6.1,UN1888,III,6.1,"IB3, N36, T7, TP2",153,203,241,60 L,220 L,A,40,,
G ,"Chloroformates, toxic, corrosive, flammable, n.o.s.",6.1,UN2742,II,"6.1, 8, 3","5, IB1, T7, TP2",153,202,243,1 L,30 L,A,"12, 13, 21, 25, 40, 100",,
G ,"Chloroformates, toxic, corrosive, n.o.s.",6.1,UN3277,II,"6.1, 8","IB2, T8, TP2, TP13, TP28",153,202,243,1 L,30 L,A,"12, 13, 25, 40",,
,Chloromethyl chloroformate,6.1,UN2745,II,"6.1, 8","IB2, T7, TP2, TP13",153,202,243,1 L,30 L,A,"12, 13, 21, 25, 40, 100",,
,Chloromethyl ethyl ether,3,UN2354,II,"3, 6.1","IB2, T7, TP1, TP13",150,202,243,1 L,60 L,E,40,,
,Chloronitroanilines,6.1,UN2237,III,6.1,"IB8, IP3, T1, TP33",153,213,240,100 kg,200 kg,A,,,
+ ,"Chloronitrobenzene, liquid ortho",6.1,UN3409,II,6.1,"IB2, T7, TP2",153,202,243,5 L,60 L,A,,,
+ ,"Chloronitrobenzenes, solid meta or para",6.1,UN1578,II,6.1,"IB8, IP2, IP4, T3, TP33",153,212,242,25 kg,100 kg,A,,,
,"Chloronitrotoluenes, liquid",6.1,UN2433,III,6.1,"IB3, T4, TP1",153,203,241,60 L,220 L,A,"44, 89, 100, 141",,
,"Chloronitrotoluenes, solid",6.1,UN3457,III,6.1,"IB8, IP3,T1, TP33",153,213,240,25 kg,200 kg,A,,,
,"4-Chloro-o-toluidine hydrochloride, solid",6.1,UN1579,III,6.1,"IB8, IP3, T1, TP33",153,213,240,100 kg,200 kg,A,,,
,"4-Chloro-o-toluidine hydrochloride, solution",6.1,UN3410,III,6.1,"IB3, T4, TP1",153,203,241,60 L,220 L,A,,,
,Chloropentafluoroethane or Refrigerant gas R 115,2.2,UN1020,,2.2,T50,306,304,"314, 315",75 kg,150 kg,A,,,
,"Chlorophenolates, liquid or Phenolates, liquid",8,UN2904,III,8,IB3,154,203,241,5 L,60 L,A,,,
,"Chlorophenolates, solid or Phenolates, solid",8,UN2905,III,8,"IB8, IP3, T1, TP33",154,213,240,25 kg,100 kg,A,,,
,"Chlorophenols, liquid",6.1,UN2021,III,6.1,"IB3, T4, TP1",153,203,241,60 L,220 L,A,,,
,"Chlorophenols, solid",6.1,UN2020,III,6.1,"IB8, IP3, T1, TP1, TP33",153,213,240,100 kg,200 kg,A,,,
,Chlorophenyltrichlorosilane,8,UN1753,II,8,"A7, B2, B6, IB2, N34, T7, TP2",None,202,242,Forbidden,30 L,C,40,,
+ ,Chloropicrin,6.1,UN1580,I,6.1,"2, B7, B9, B14, B32, B46, B74, T20, TP2, TP13, TP38, TP45",None,227,244,Forbidden,Forbidden,D,40,,
,Chloropicrin and methyl bromide mixtures,2.3,UN1581,,2.3,"2, B9, B14, N86, T50",None,193,"314, 315",Forbidden,Forbidden,D,"25, 40",,
,Chloropicrin and methyl chloride mixtures,2.3,UN1582,,2.3,"2, N86, T50",None,193,245,Forbidden,Forbidden,D,"25, 40",,
,"Chloropicrin mixture, flammable (pressure not exceeding 14.7 psia at 115 degrees F flash point below 100 degrees F) see Toxic liquids, flammable, etc",,,,,,,,,,,,,,
,"Chloropicrin mixtures, n.o.s.",6.1,UN1583,I,6.1,5,None,201,243,Forbidden,Forbidden,C,40,,
,"Chloropicrin mixtures, n.o.s.",6.1,UN1583,II,6.1,IB2,153,202,243,Forbidden,Forbidden,C,40,,
,"Chloropicrin mixtures, n.o.s.",6.1,UN1583,III,6.1,IB3,153,203,241,Forbidden,Forbidden,C,40,,
D ,Chloropivaloyl chloride,6.1,NA9263,I,"6.1, 8","2, B9, B14, B32, B74, T20, TP4, TP12, TP13, TP38, TP45",None,227,244,Forbidden,Forbidden,B,40,,
,"Chloroplatinic acid, solid",8,UN2507,III,8,"IB8, IP3, T1, TP33",154,213,240,25 kg,100 kg,A,,,
,"Chloroprene, stabilized",3,UN1991,I,"3, 6.1","B57, T14, TP2, TP13",None,201,243,Forbidden,30 L,D,40,,
,"Chloroprene, uninhibited",Forbidden,,,,,,,,,,,,,
,1-Chloropropane,3,UN1278,II,3,"IB2, IP8, N34, T7, TP2",None,202,242,Forbidden,60 L,E,,,
,2-Chloropropane,3,UN2356,I,3,"N36, T11, TP2, TP13",150,201,243,1 L,30 L,E,,,
,3-Chloropropanol-1,6.1,UN2849,III,6.1,"IB3, T4, TP1",153,203,241,60 L,220 L,A,,,
,2-Chloropropene,3,UN2456,I,3,"A3, N36, T11, TP2",150,201,243,1 L,30 L,E,,,
,2-Chloropropionic acid,8,UN2511,III,8,"IB3, T4, TP2",154,203,241,5 L,60 L,A,8,,
,2-Chloropyridine,6.1,UN2822,II,6.1,"IB2, T7, TP2",153,202,243,5 L,60 L,A,40,,
,"Chlorosilanes, corrosive, flammable, n.o.s.",8,UN2986,II,"8, 3","IB2, T11, TP2, TP27",None,202,243,1 L,30 L,C,40,,
,"Chlorosilanes, corrosive, n.o.s.",8,UN2987,II,8,"B2, IB2, T14, TP2, TP27",None,202,242,1 L,30 L,C,40,,
,"Chlorosilanes, flammable, corrosive, n.o.s.",3,UN2985,II,"3, 8","IB1, T11, TP2, TP13, TP27",None,201,243,1 L,5 L,B,40,,
,"Chlorosilanes, toxic, corrosive, flammable, n.o.s.",6.1,UN3362,II,"6.1, 3, 8","IB1, T11, TP2, TP13",None,202,243,1 L,30 L,C,"40, 125",,
,"Chlorosilanes, toxic, corrosive, n.o.s.",6.1,UN3361,II,"6.1, 8","IB1, T11, TP2, TP13",None,202,243,1 L,30 L,C,40,,
,"Chlorosilanes, water-reactive, flammable, corrosive, n.o.s.",4.3,UN2988,I,"4.3, 3, 8","A2, T10, TP2, TP7, TP13",None,201,244,Forbidden,1 L,D,"21, 28, 40, 49, 100",,
+ ,Chlorosulfonic acid (with or without sulfur trioxide),8,UN1754,I,"8, 6.1","2, B9, B10, B14, B32, B74, T20, TP2, TP12, TP38, TP45",None,227,244,Forbidden,Forbidden,C,40,,
,Chlorotoluenes,3,UN2238,III,3,"B1, IB3, T2, TP1",150,203,242,60 L,220 L,A,,,
,"Chlorotoluidines, liquid",6.1,UN3429,III,6.1,"IB3, T4, TP1",153,203,241,60 L,220 L,A,,,
,"Chlorotoluidines, solid",6.1,UN2239,III,6.1,"IB8, IP3, T1, TP33",153,213,240,100 kg,200 kg,A,,,
,Chlorotrifluoromethane and trifluoromethane azeotropic mixture or Refrigerant gas R 503 with approximately 60% chlorotrifluoromethane,2.2,UN2599,,2.2,,306,304,"314, 315",75 kg,150 kg,A,,,
,Chlorotrifluoromethane or Refrigerant gas R 13,2.2,UN1022,,2.2,,306,304,"314, 315",75 kg,150 kg,A,,,
,Chromic acid solution,8,UN1755,II,8,"B2, IB2, T8, TP2, TP12",154,202,242,1 L,30 L,C,"40, 44, 89, 100, 141",,
,Chromic acid solution,8,UN1755,III,8,"IB3, T4, TP1, TP12",154,203,241,5 L,60 L,C,"40, 44, 89, 100, 141",,
,"Chromic anhydride, see Chromium trioxide, anhydrous",,,,,,,,,,,,,,
,"Chromic fluoride, solid",8,UN1756,II,8,"IB8, IP2, IP4, T3, TP33",154,212,240,15 kg,50 kg,A,52,,
,"Chromic fluoride, solution",8,UN1757,III,8,"IB3, T4, TP1",154,203,241,5 L,60 L,A,,,
,"Chromic fluoride, solution",8,UN1757,II,8,"B2, IB2, T7, TP2",154,202,242,1 L,30 L,A,,,
,Chromium nitrate,5.1,UN2720,III,5.1,"A1, A29, IB8, IP3, T1, TP33",152,213,240,25 kg,100 kg,A,,,
,Chromium oxychloride,8,UN1758,I,8,"A3, A6, A7, B10, N34, T10, TP2, TP12",None,201,243,0.5 L,2.5 L,C,"40, 66, 74, 89, 90",,
,"Chromium trioxide, anhydrous",5.1,UN1463,II,"5.1, 6.1, 8","IB8, IP4, T3, TP33",None,212,242,5 kg,25 kg,A,,,
,Chromosulfuric acid,8,UN2240,I,8,"A3, A6, A7, B4, B6, N34, T10, TP2, TP12, TP13",None,201,243,0.5 L,2.5 L,B,"40, 66, 74, 89, 90",,
,"Chromyl chloride, see Chromium oxychloride",,,,,,,,,,,,,,
,"Cigar and cigarette lighters, charged with fuel, see Lighters or Lighter refills containing flammable gas.",,,,,,,,,,,,,,
,"Coal briquettes, hot",Forbidden,,,,,,,,,,,,,
,"Coal gas, compressed",2.3,UN1023,,"2.3, 2.1",3,None,302,"314, 315",Forbidden,Forbidden,D,40,,
,"Coal tar distillates, flammable",3,UN1136,II,3,"IB2, T4, TP1",150,202,242,5 L,60 L,B,,,
,"Coal tar distillates, flammable",3,UN1136,III,3,"B1, IB3, T4, TP1, TP29",150,203,242,60 L,220 L,A,,,
,"Coal tar dye, corrosive, liquid, n.o.s, see Dyes, liquid or solid, n.o.s. or Dye intermediates, liquid or solid, corrosive, n.o.s.",,,,,,,,,,,,,,
,"Coating solution (includes surface treatments or coatings used for industrial or other purposes such as vehicle undercoating, drum or barrel lining)",3,UN1139,I,3,"T11, TP1, TP8, TP27",150,201,243,1 L,30 L,E,,,
,"Coating solution (includes surface treatments or coatings used for industrial or other purposes such as vehicle undercoating, drum or barrel lining)",3,UN1139,II,3,"149, IB2, T4, TP1, TP8",150,202,242,5 L,60 L,B,,,
,"Coating solution (includes surface treatments or coatings used for industrial or other purposes such as vehicle undercoating, drum or barrel lining)",3,UN1139,III,3,"B1, IB3, T2, TP1",150,203,242,60 L,220 L,A,,,
,"Cobalt naphthenates, powder",4.1,UN2001,III,4.1,"A19, IB8, IP3, T1, TP33",151,213,240,25 kg,100 kg,A,,,
,"Cobalt resinate, precipitated",4.1,UN1318,III,4.1,"A1, A19, IB6, T1, TP33",151,213,240,25 kg,100 kg,A,,,
,"Coke, hot",Forbidden,,,,,,,,,,,,,
,"Collodion, see Nitrocellulose etc",,,,,,,,,,,,,,
D G ,"Combustible liquid, n.o.s.",Comb liq,NA1993,III,None,"IB3, T1, T4, TP1",150,203,241,60 L,220 L,A,,,
G ,"Components, explosive train, n.o.s.",1.2B,UN0382,II,1.2B,,None,62,None,Forbidden,Forbidden,11,,,
G ,"Components, explosive train, n.o.s.",1.4B,UN0383,II,1.4B,,None,62,None,Forbidden,75 kg,6,,,
G ,"Components, explosive train, n.o.s.",1.4S,UN0384,II,1.4S,,None,62,None,25 kg,100 kg,5,,,
G ,"Components, explosive train, n.o.s.",1.1B,UN0461,II,1.1B,,None,62,None,Forbidden,Forbidden,11,,,
,"Composition B, see Hexolite, etc",,,,,,,,,,,,,,
D G ,"Compounds, cleaning liquid",3,NA1993,I,3,"T11, TP1",150,201,243,1 L,30 L,E,,,
D G ,"Compounds, cleaning liquid",8,NA1760,I,8,"A7, B10, T14, TP2, TP27",None,201,243,0.5 L,2.5 L,B,40,,
D G ,"Compounds, cleaning liquid",8,NA1760,II,8,"B2, IB2, N37, T11, TP2, TP27",154,202,242,1 L,30 L,B,40,,
D G ,"Compounds, cleaning liquid",8,NA1760,III,8,"IB3, N37, T7, TP1, TP28",154,203,241,5 L,60 L,A,40,,
D G ,"Compounds, cleaning liquid",3,NA1993,II,3,"IB2, T7, TP1, TP8, TP28",150,202,242,5 L,60 L,B,,,
D G ,"Compounds, cleaning liquid",3,NA1993,III,3,"B1, B52, IB3, T4, TP1, TP29",150,203,242,60 L,220 L,A,,,
D G ,"Compounds, tree killing, liquid or Compounds, weed killing, liquid",8,NA1760,I,8,"A7, B10, T14, TP2, TP27",None,201,243,0.5 L,2.5 L,B,40,,
D G ,"Compounds, tree killing, liquid or Compounds, weed killing, liquid",8,NA1760,II,8,"B2, IB2, N37, T11, TP2, TP27",154,202,242,1 L,30 L,B,40,,
D G ,"Compounds, tree killing, liquid or Compounds, weed killing, liquid",8,NA1760,III,8,"IB3, N37, T7, TP1, TP28",154,203,241,5 L,60 L,A,40,,
D G ,"Compounds, tree killing, liquid or Compounds, weed killing, liquid",3,NA1993,I,3,"T11, TP1",150,201,243,1 L,30 L,E,,,
D G ,"Compounds, tree killing, liquid or Compounds, weed killing, liquid",3,NA1993,II,3,"IB2, T7, TP1, TP8, TP28",150,202,242,5 L,60 L,B,,,
D G ,"Compounds, tree killing, liquid or Compounds, weed killing, liquid",3,NA1993,III,3,"B1, B52, IB3, T4, TP1, TP29",150,203,242,60 L,220 L,A,,,
D G ,"Compounds, tree killing, liquid or Compounds, weed killing, liquid",6.1,NA2810,I,6.1,"T14, TP2, TP13, TP27",None,201,243,1 L,30 L,B,40,,
D G ,"Compounds, tree killing, liquid or Compounds, weed killing, liquid",6.1,NA2810,II,6.1,"IB2, T11, TP2, TP27",153,202,243,5 L,60 L,B,40,,
D G ,"Compounds, tree killing, liquid or Compounds, weed killing, liquid",6.1,NA2810,III,6.1,"IB3, T7, TP1, TP28",153,203,241,60 L,220 L,A,40,,
G ,"Compressed gas, flammable, n.o.s.",2.1,UN1954,,2.1,,306,"302, 305","314, 315",Forbidden,150 kg,D,40,,
G ,"Compressed gas, n.o.s.",2.2,UN1956,,2.2,77,"306, 307","302, 305","314, 315",75 kg,150 kg,A,,,
G ,"Compressed gas, oxidizing, n.o.s.",2.2,UN3156,,"2.2, 5.1",A14,306,302,"314, 315",75 kg,150 kg,D,,,
G I ,"Compressed gas, toxic, corrosive, n.o.s. Inhalation Hazard Zone A",2.3,UN3304,,"2.3, 8",1,None,192,245,Forbidden,Forbidden,D,40,,
G I ,"Compressed gas, toxic, corrosive, n.o.s. Inhalation Hazard Zone B",2.3,UN3304,,"2.3, 8","2, B9, B14",None,"302, 305","314, 315",Forbidden,Forbidden,D,40,,
G I ,"Compressed gas, toxic, corrosive, n.o.s. Inhalation Hazard Zone C",2.3,UN3304,,"2.3, 8","3, B14",None,"302, 305","314, 315",Forbidden,Forbidden,D,40,,
G I ,"Compressed gas, toxic, corrosive, n.o.s. Inhalation Hazard Zone D",2.3,UN3304,,"2.3, 8",4,None,"302, 305","314, 315",Forbidden,Forbidden,D,40,,
G I ,"Compressed gas, toxic, flammable, corrosive, n.o.s. Inhalation Hazard Zone A",2.3,UN3305,,"2.3, 2.1, 8",1,None,192,245,Forbidden,Forbidden,D,"17, 40",,
G I ,"Compressed gas, toxic, flammable, corrosive, n.o.s. Inhalation Hazard Zone B",2.3,UN3305,,"2.3, 2.1, 8","2, B9, B14",None,"302, 305","314, 315",Forbidden,Forbidden,D,"17, 40",,
G I ,"Compressed gas, toxic, flammable, corrosive, n.o.s. Inhalation Hazard Zone C",2.3,UN3305,,"2.3, 2.1, 8","3, B14",None,"302, 305","314, 315",Forbidden,Forbidden,D,"17, 40",,
G I ,"Compressed gas, toxic, flammable, corrosive, n.o.s. Inhalation Hazard Zone D",2.3,UN3305,,"2.3, 2.1, 8",4,None,"302, 305","314, 315",Forbidden,Forbidden,D,"17, 40",,
G ,"Compressed gas, toxic, flammable, n.o.s. Inhalation hazard Zone A",2.3,UN1953,,"2.3, 2.1",1,None,192,245,Forbidden,Forbidden,D,40,,
G ,"Compressed gas, toxic, flammable, n.o.s. Inhalation hazard Zone B",2.3,UN1953,,"2.3, 2.1","2, B9, B14",None,"302, 305","314, 315",Forbidden,Forbidden,D,40,,
G ,"Compressed gas, toxic, flammable, n.o.s. Inhalation Hazard Zone C",2.3,UN1953,,"2.3, 2.1","3, B14",None,"302, 305","314, 315",Forbidden,Forbidden,D,40,,
G ,"Compressed gas, toxic, flammable, n.o.s. Inhalation Hazard Zone D",2.3,UN1953,,"2.3, 2.1",4,None,"302, 305","314, 315",Forbidden,Forbidden,D,40,,
G ,"Compressed gas, toxic, n.o.s. Inhalation Hazard Zone A",2.3,UN1955,,2.3,1,None,192,245,Forbidden,Forbidden,D,40,,
G ,"Compressed gas, toxic, n.o.s. Inhalation Hazard Zone B",2.3,UN1955,,2.3,"2, B9, B14",None,"302, 305","314, 315",Forbidden,Forbidden,D,40,,
G ,"Compressed gas, toxic, n.o.s. Inhalation Hazard Zone C",2.3,UN1955,,2.3,"3, B14",None,"302, 305","314, 315",Forbidden,Forbidden,D,40,,
G ,"Compressed gas, toxic, n.o.s. Inhalation Hazard Zone D",2.3,UN1955,,2.3,4,None,"302, 305","314, 315",Forbidden,Forbidden,D,40,,
G I ,"Compressed gas, toxic, oxdizing, corrosive, n.o.s. Inhalation Hazard Zone A",2.3,UN3306,,"2.3, 5.1, 8",1,None,192,244,Forbidden,Forbidden,D,"40, 89, 90",,
G I ,"Compressed gas, toxic, oxidizing, corrosive, n.o.s. Inhalation Hazard Zone B",2.3,UN3306,,"2.3, 5.1, 8","2, B9, B14",None,"302, 305","314, 315",Forbidden,Forbidden,D,"40, 89, 90",,
G I ,"Compressed gas, toxic, oxidizing, corrosive, n.o.s. Inhalation Hazard Zone C",2.3,UN3306,,"2.3, 5.1, 8","3, B14",None,"302, 305","314, 315",Forbidden,Forbidden,D,"40, 89, 90",,
G I ,"Compressed gas, toxic, oxidizing, corrosive, n.o.s. Inhalation Hazard Zone D",2.3,UN3306,,"2.3, 5.1, 8",4,None,"302, 305","314, 315",Forbidden,Forbidden,D,"40, 89, 90",,
G ,"Compressed gas, toxic, oxidizing, n.o.s. Inhalation Hazard Zone A",2.3,UN3303,,"2.3, 5.1",1,None,192,245,Forbidden,Forbidden,D,40,,
G ,"Compressed gas, toxic, oxidizing, n.o.s. Inhalation Hazard Zone B",2.3,UN3303,,"2.3, 5.1","2, B9, B14",None,"302, 305","314, 315",Forbidden,Forbidden,D,40,,
G ,"Compressed gas, toxic, oxidizing, n.o.s. Inhalation Hazard Zone C",2.3,UN3303,,"2.3, 5.1","3, B14",None,"302, 305","314, 315",Forbidden,Forbidden,D,40,,
G ,"Compressed gas, toxic, oxidizing, n.o.s. Inhalation Hazard Zone D",2.3,UN3303,,"2.3, 5.1",4,None,"302, 305","314, 315",Forbidden,Forbidden,D,40,,
D ,Consumer commodity,ORM-D,,,None,,"156, 306","156, 306",None,30 kg gross,30 kg gross,A,,,
G ,"Contrivances, water-activated, with burster, expelling charge or propelling charge",1.2L,UN0248,II,1.2L,,None,62,None,Forbidden,Forbidden,8,"8E, 14E, 15E, 17E",,
G ,"Contrivances, water-activated, with burster, expelling charge or propelling charge",1.3L,UN0249,II,1.3L,,None,62,None,Forbidden,Forbidden,8,"8E, 14E, 15E, 17E",,
,Copper acetoarsenite,6.1,UN1585,II,6.1,"IB8, IP2, IP4, T3, TP33",153,212,242,25 kg,100 kg,A,,,
,Copper acetylide,Forbidden,,,,,,,,,,,,,
,Copper amine azide,Forbidden,,,,,,,,,,,,,
,Copper arsenite,6.1,UN1586,II,6.1,"IB8, IP2, IP4, T3, TP33",153,212,242,25 kg,100 kg,A,,,
,"Copper based pesticides, liquid, flammable, toxic, flash point < 23 degrees C",3,UN2776,I,"3, 6.1","T14, TP2, TP13, TP27",None,201,243,Forbidden,30 L,B,40,,
,"Copper based pesticides, liquid, flammable, toxic, flash point < 23 degrees C",3,UN2776,II,"3, 6.1","IB2, T11, TP2, TP13, TP27",150,202,243,1 L,60 L,B,40,,
,"Copper based pesticides, liquid, toxic",6.1,UN3010,I,6.1,"T14, TP2, TP13, TP27",None,201,243,1 L,30 L,B,40,,
,"Copper based pesticides, liquid, toxic",6.1,UN3010,II,6.1,"IB2, T11, TP2, TP13, TP27",153,202,243,5 L,60 L,B,40,,
,"Copper based pesticides, liquid, toxic",6.1,UN3010,III,6.1,"IB3, T7, TP2, TP28",153,203,241,60 L,220 L,A,40,,
,"Copper based pesticides, liquid, toxic, flammable, flash point not < 23 degrees C",6.1,UN3009,I,"6.1, 3","T14, TP2, TP13, TP27",None,201,243,1 L,30 L,B,40,,
,"Copper based pesticides, liquid, toxic, flammable, flash point not < 23 degrees C",6.1,UN3009,II,"6.1, 3","IB2, T11, TP2, TP13, TP27",153,202,243,5 L,60 L,B,40,,
,"Copper based pesticides, liquid, toxic, flammable, flash point not < 23 degrees C",6.1,UN3009,III,"6.1, 3","B1, IB3, T7, TP2, TP28",153,203,242,60 L,220 L,A,40,,
,"Copper based pesticides, solid, toxic",6.1,UN2775,I,6.1,"IB7, IP1, T6, TP33",None,211,242,5 kg,50 kg,A,40,,
,"Copper based pesticides, solid, toxic",6.1,UN2775,II,6.1,"IB8, IP2, IP4, T3, TP33",153,212,242,25 kg,100 kg,A,40,,
,"Copper based pesticides, solid, toxic",6.1,UN2775,III,6.1,"IB8, IP3, T1, TP33",153,213,240,100 kg,200 kg,A,40,,
,Copper chlorate,5.1,UN2721,II,5.1,"A1, IB8, IP2, IP4, T3, TP33",152,212,242,5 kg,25 kg,A,"56, 58",,
,Copper chloride,8,UN2802,III,8,"IB8, IP3, T1, TP33",154,213,240,25 kg,100 kg,A,,,
,Copper cyanide,6.1,UN1587,II,6.1,"IB8, IP2, IP4, T3, TP33",153,204,242,25 kg,100 kg,A,52,,
,"Copper selenate, see Selenates or Selenites",,,,,,,,,,,,,,
,"Copper selenite, see Selenates or Selenites",,,,,,,,,,,,,,
,Copper tetramine nitrate,Forbidden,,,,,,,,,,,,,
A W ,Copra,4.2,UN1363,III,4.2,"IB8, IP3, IP7",None,213,241,Forbidden,Forbidden,A,"13, 19, 48, 119",,
,"Cord, detonating, flexible",1.4D,UN0289,II,1.4D,,None,62,None,Forbidden,75 kg,6,,,
,"Cord, detonating, flexible",1.1D,UN0065,II,1.1D,102,63(a),62,None,Forbidden,Forbidden,7,,,
,"Cord, detonating, mild effect or Fuse, detonating, mild effect metal clad",1.4D,UN0104,II,1.4D,,None,62,None,Forbidden,75 kg,6,,,
,"Cord, detonating or Fuse, detonating metal clad",1.1D,UN0290,II,1.1D,,None,62,None,Forbidden,Forbidden,7,,,
,Cord detonating or Fuse detonating metal clad,1.2D,UN0102,II,1.2D,,None,62,None,Forbidden,Forbidden,7,,,
,"Cordeau detonant fuse, see Cord, detonating, etc; Cord, detonating, flexible",,,,,,,,,,,,,,
,"Cord, igniter",1.4G,UN0066,II,1.4G,,None,62,None,Forbidden,75 kg,6,,,
,"Cordite, see Powder, smokeless",,,,,,,,,,,,,,
G ,"Corrosive liquid, acidic, inorganic, n.o.s.",8,UN3264,I,8,"A6, B10, T14, TP2, TP27",None,201,243,0.5 L,2.5 L,B,40,,
G ,"Corrosive liquid, acidic, inorganic, n.o.s.",8,UN3264,II,8,"B2, IB2, T11, TP2, TP27",154,202,242,1 L,30 L,B,40,,
G ,"Corrosive liquid, acidic, inorganic, n.o.s.",8,UN3264,III,8,"IB3, T7, TP1, TP28",154,203,241,5 L,60 L,A,40,,
G ,"Corrosive liquid, acidic, organic, n.o.s.",8,UN3265,I,8,"A6, B10, T14, TP2, TP27",None,201,243,0.5 L,2.5 L,B,40,,
G ,"Corrosive liquid, acidic, organic, n.o.s.",8,UN3265,II,8,"B2, IB2, T11, TP2, TP27",154,202,242,1 L,30 L,B,40,,
G ,"Corrosive liquid, acidic, organic, n.o.s.",8,UN3265,III,8,"IB3, T7, TP1, TP28",154,203,241,5 L,60 L,A,40,,
G ,"Corrosive liquid, basic, inorganic, n.o.s.",8,UN3266,I,8,"A6, T14, TP2, TP27",None,201,243,0.5 L,2.5 L,B,"40, 52",,
G ,"Corrosive liquid, basic, inorganic, n.o.s.",8,UN3266,II,8,"B2, IB2, T11, TP2, TP27",154,202,242,1 L,30 L,B,"40, 52",,
G ,"Corrosive liquid, basic, inorganic, n.o.s.",8,UN3266,III,8,"IB3, T7, TP1, TP28",154,203,241,5 L,60 L,A,"40, 52",,
G ,"Corrosive liquid, basic, organic, n.o.s.",8,UN3267,I,8,"A6, B10, T14, TP2, TP27",None,201,243,0.5 L,2.5 L,B,"40, 52",,
G ,"Corrosive liquid, basic, organic, n.o.s.",8,UN3267,II,8,"B2, IB2, T11, TP2, TP27",154,202,242,1 L,30 L,B,"40, 52",,
G ,"Corrosive liquid, basic, organic, n.o.s.",8,UN3267,III,8,"IB3, T7, TP1, TP28",154,203,241,5 L,60 L,A,"40, 52",,
G ,"Corrosive liquid, self-heating, n.o.s.",8,UN3301,I,"8, 4.2","A6, B10",None,201,243,0.5 L,2.5 L,D,,,
G ,"Corrosive liquid, self-heating, n.o.s.",8,UN3301,II,"8, 4.2","B2, IB1",154,202,242,1 L,30 L,D,,,
G ,"Corrosive liquids, flammable, n.o.s.",8,UN2920,I,"8, 3","A6, B10, T14, TP2, TP27",None,201,243,0.5 L,2.5 L,C,"25, 40",,
G ,"Corrosive liquids, flammable, n.o.s.",8,UN2920,II,"8, 3","B2, IB2, T11, TP2, TP27",None,202,243,1 L,30 L,C,"25, 40",,
G ,"Corrosive liquids, n.o.s.",8,UN1760,I,8,"A6, A7, B10, T14, TP2, TP27",None,201,243,0.5 L,2.5 L,B,40,,
G ,"Corrosive liquids, n.o.s.",8,UN1760,II,8,"B2, IB2, T11, TP2, TP27",154,202,242,1 L,30 L,B,40,,
G ,"Corrosive liquids, n.o.s.",8,UN1760,III,8,"IB3, T7, TP1, TP28",154,203,241,5 L,60 L,A,40,,
G ,"Corrosive liquids, oxidizing, n.o.s.",8,UN3093,I,"8, 5.1","A6, A7",None,201,243,Forbidden,2.5 L,C,89,,
G ,"Corrosive liquids, oxidizing, n.o.s.",8,UN3093,II,"8, 5.1","A6, A7, IB2",None,202,243,1 L,30 L,C,89,,
G ,"Corrosive liquids, toxic, n.o.s.",8,UN2922,I,"8, 6.1","A6, A7, B10, T14, TP2, TP13, TP27",None,201,243,0.5 L,2.5 L,B,40,,
G ,"Corrosive liquids, toxic, n.o.s.",8,UN2922,II,"8, 6.1","B3, IB2, T7, TP2",154,202,243,1 L,30 L,B,40,,
G ,"Corrosive liquids, toxic, n.o.s.",8,UN2922,III,"8, 6.1","IB3, T7, TP1, TP28",154,203,241,5 L,60 L,B,40,,
G ,"Corrosive liquids, water-reactive, n.o.s.",8,UN3094,I,"8, 4.3","A6, A7",None,201,243,Forbidden,1 L,E,,,
G ,"Corrosive liquids, water-reactive, n.o.s.",8,UN3094,II,"8, 4.3","A6, A7",None,202,243,1 L,5 L,E,,,
G ,"Corrosive solid, acidic, inorganic, n.o.s.",8,UN3260,I,8,"IB7, IP1, T6, TP33",None,211,242,1 kg,25 kg,B,,,
G ,"Corrosive solid, acidic, inorganic, n.o.s.",8,UN3260,II,8,"IB8, IP2, IP4, T3, TP33",154,212,240,15 kg,50 kg,B,,,
G ,"Corrosive solid, acidic, inorganic, n.o.s.",8,UN3260,III,8,"IB8, IP3, T1, TP33",154,213,240,25 kg,100 kg,A,,,
G ,"Corrosive solid, acidic, organic, n.o.s.",8,UN3261,I,8,"IB7, IP1, T6, TP33",None,211,242,1 kg,25 kg,B,,,
G ,"Corrosive solid, acidic, organic, n.o.s.",8,UN3261,II,8,"IB8, IP2, IP4, T3, TP33",154,212,240,15 kg,50 kg,B,,,
G ,"Corrosive solid, acidic, organic, n.o.s.",8,UN3261,III,8,"IB8, IP3, T1, TP33",154,213,240,25 kg,100 kg,A,,,
G ,"Corrosive solid, basic, inorganic, n.o.s.",8,UN3262,I,8,"IB7, IP1, T6, TP33",None,211,242,1 kg,25 kg,B,52,,
G ,"Corrosive solid, basic, inorganic, n.o.s.",8,UN3262,II,8,"IB8, IP2, IP4, T3, TP33",154,212,240,15 kg,50 kg,B,52,,
G ,"Corrosive solid, basic, inorganic, n.o.s.",8,UN3262,III,8,"IB8, IP3, T1, TP33",154,213,240,25 kg,100 kg,A,52,,
G ,"Corrosive solid, basic, organic, n.o.s.",8,UN3263,I,8,"IB7, IP1, T6, TP33",None,211,242,1 kg,25 kg,B,52,,
G ,"Corrosive solid, basic, organic, n.o.s.",8,UN3263,II,8,"IB8, IP2, IP4, T3, TP33",154,212,240,15 kg,50 kg,B,52,,
G ,"Corrosive solid, basic, organic, n.o.s.",8,UN3263,III,8,"IB8, IP3, T1, TP33",154,213,240,25 kg,100 kg,A,52,,
G ,"Corrosive solids, flammable, n.o.s.",8,UN2921,I,"8, 4.1","IB6, T6, TP33",None,211,242,1 kg,25 kg,B,"12, 25",,
G ,"Corrosive solids, flammable, n.o.s.",8,UN2921,II,"8, 4.1","IB8, IP2, IP4, T3, TP33",None,212,242,15 kg,50 kg,B,"12, 25",,
G ,"Corrosive solids, n.o.s.",8,UN1759,II,8,"128, IB8, IP2, IP4, T3, TP33",154,212,240,15 kg,50 kg,A,,,
G ,"Corrosive solids, n.o.s.",8,UN1759,III,8,"128, IB8, IP3, T1, TP33",154,213,240,25 kg,100 kg,A,,,
G ,"Corrosive solids, n.o.s.",8,UN1759,I,8,"IB7, IP1, T6, TP33",None,211,242,1 kg,25 kg,B,,,
G ,"Corrosive solids, oxidizing, n.o.s.",8,UN3084,I,"8, 5.1","T6, TP33",None,211,242,1 kg,25 kg,C,,,
G ,"Corrosive solids, oxidizing, n.o.s.",8,UN3084,II,"8, 5.1","IB6, IP2, T3, TP33",None,212,242,15 kg,50 kg,C,,,
G ,"Corrosive solids, self-heating, n.o.s.",8,UN3095,I,"8, 4.2","T6, TP33",None,211,243,1 kg,25 kg,C,,,
G ,"Corrosive solids, self-heating, n.o.s.",8,UN3095,II,"8, 4.2","IB6, IP2, T3, TP33",None,212,242,15 kg,50 kg,C,,,
G ,"Corrosive solids, toxic, n.o.s.",8,UN2923,I,"8, 6.1","IB7, T6, TP33",None,211,242,1 kg,25 kg,B,40,,
G ,"Corrosive solids, toxic, n.o.s.",8,UN2923,II,"8, 6.1","IB8, IP2, IP4, T3, TP33",154,212,240,15 kg,50 kg,B,40,,
G ,"Corrosive solids, toxic, n.o.s.",8,UN2923,III,"8, 6.1","IB8, IP3, T1, TP33",154,213,240,25 kg,100 kg,B,"40, 95",,
G ,"Corrosive solids, water-reactive, n.o.s.",8,UN3096,I,"8, 4.3","IB4, IP1, T6, TP33",None,211,243,1 kg,25 kg,D,,,
G ,"Corrosive solids, water-reactive, n.o.s.",8,UN3096,II,"8, 4.3","IB6, IP2, T3, TP33",None,212,242,15 kg,50 kg,D,,,
D W ,Cotton,9,NA1365,,9,"137, IB8, IP2, IP4, W41",None,None,None,No limit,No limit,A,,,
A W ,"Cotton waste, oily",4.2,UN1364,III,4.2,"IB8, IP3, IP7",None,213,None,Forbidden,Forbidden,A,54,,
A I W ,"Cotton, wet",4.2,UN1365,III,4.2,"IB8, IP3, IP7",None,204,241,Forbidden,Forbidden,A,,,
,"Coumarin derivative pesticides, liquid, flammable, toxic, flash point < 23 degrees C",3,UN3024,I,"3, 6.1","T14, TP2, TP13, TP27",None,201,243,Forbidden,30 L,B,40,,
,"Coumarin derivative pesticides, liquid, flammable, toxic, flash point < 23 degrees C",3,UN3024,II,"3, 6.1","IB2, T11, TP2, TP13, TP27",150,202,243,1 L,60 L,B,40,,
,"Coumarin derivative pesticides, liquid, toxic",6.1,UN3026,I,6.1,"T14, TP2, TP13, TP27",None,201,243,1 L,30 L,B,40,,
,"Coumarin derivative pesticides, liquid, toxic",6.1,UN3026,II,6.1,"IB2, T11, TP2, TP27",153,202,243,5 L,60 L,B,40,,
,"Coumarin derivative pesticides, liquid, toxic",6.1,UN3026,III,6.1,"IB3, T7, TP1, TP28",153,203,241,60 L,220 L,A,40,,
,"Coumarin derivative pesticides, liquid, toxic, flammable, flash point not < 23 degrees C",6.1,UN3025,I,"6.1, 3","T14, TP2, TP13, TP27",None,201,243,1 L,30 L,B,40,,
,"Coumarin derivative pesticides, liquid, toxic, flammable, flash point not < 23 degrees C",6.1,UN3025,II,"6.1, 3","IB2, T11, TP2, TP13, TP27",153,202,243,5 L,60 L,B,40,,
,"Coumarin derivative pesticides, liquid, toxic, flammable, flash point not < 23 degrees C",6.1,UN3025,III,"6.1, 3","B1, IB3, T7, TP1, TP28",153,203,242,60 L,220 L,A,40,,
,"Coumarin derivative pesticides, solid, toxic",6.1,UN3027,I,6.1,"IB7, IP1, T6, TP33",None,211,242,5 kg,50 kg,A,40,,
,"Coumarin derivative pesticides, solid, toxic",6.1,UN3027,II,6.1,"IB8, IP2, IP4, T3, TP33",153,212,242,25 kg,100 kg,A,40,,
,"Coumarin derivative pesticides, solid, toxic",6.1,UN3027,III,6.1,"IB8, IP3, T1, TP33",153,213,240,100 kg,200 kg,A,40,,
,"Cresols, liquid",6.1,UN2076,II,"6.1, 8","IB2, IP2, IP4, T7, TP2",153,202,243,1 L,30 L,B,,,
,"Cresols, solid",6.1,UN3455,II,"6.1, 8","IB8, IP2, IP4, T3, TP33",153,212,242,15 kg,50 kg,B,,,
,Cresylic acid,6.1,UN2022,II,"6.1, 8","IB2, T7, TP2, TP13",153,202,243,1 L,30 L,B,,,
,"Crotonaldehyde or Crotonaldehyde, stabilized",6.1,UN1143,I,"6.1, 3","2, 175, B9, B14, B32, B74, B77, T20, TP2, TP13, TP38, TP45",None,227,244,Forbidden,Forbidden,B,40,,
,"Crotonic acid, liquid",8,UN3472,III,8,"IB8, T1",154,203,241,5 L,60 L,A,12,,
,"Crotonic acid, solid",8,UN2823,III,8,"IB8, IP3, T1, TP33",154,213,240,25 kg,100 kg,A,12,,
,Crotonylene,3,UN1144,I,3,"T11, TP2",150,201,243,1 L,30 L,E,,,
,Cupriethylenediamine solution,8,UN1761,II,"8, 6.1","IB2, T7, TP2",154,202,243,1 L,30 L,A,,,
,Cupriethylenediamine solution,8,UN1761,III,"8, 6.1","IB3, T7, TP1, TP28",154,203,242,5 L,60 L,A,95,,
,"Cutters, cable, explosive",1.4S,UN0070,II,1.4S,,None,62,None,25 kg,100 kg,5,,,
,"Cyanide or cyanide mixtures, dry, see Cyanides, inorganic, solid, n.o.s.",,,,,,,,,,,,,,
,"Cyanides, inorganic, solid, n.o.s.",6.1,UN1588,I,6.1,"IB7, IP1, N74, N75, T6, TP33",None,211,242,5 kg,50 kg,A,52,,
,"Cyanides, inorganic, solid, n.o.s.",6.1,UN1588,II,6.1,"IB8, IP2, IP4, N74, N75, T3, TP33",153,212,242,25 kg,100 kg,A,52,,
,"Cyanides, inorganic, solid, n.o.s.",6.1,UN1588,III,6.1,"IB8, IP3, N74, N75, T1, TP33",153,213,240,100 kg,200 kg,A,52,,
,"Cyanide solutions, n.o.s.",6.1,UN1935,III,6.1,"IB3, T7, TP2, TP13, TP28",153,203,241,60 L,220 L,A,"40, 52",,
,"Cyanide solutions, n.o.s.",6.1,UN1935,I,6.1,"B37, T14, TP2, TP13, TP27",None,201,243,1 L,30 L,B,"40, 52",,
,"Cyanide solutions, n.o.s.",6.1,UN1935,II,6.1,"IB2, T11, TP2, TP13, TP27",153,202,243,5 L,60 L,A,"40, 52",,
,Cyanogen,2.3,UN1026,,"2.3, 2.1",2,None,304,245,Forbidden,Forbidden,D,40,,
,Cyanogen bromide,6.1,UN1889,I,"6.1, 8","A6, A8, T6, TP33",None,211,242,1 kg,15 kg,D,40,,
,"Cyanogen chloride, stabilized",2.3,UN1589,,"2.3, 8",1,None,192,245,Forbidden,Forbidden,D,40,,
,Cyanuric chloride,8,UN2670,II,8,"IB8, IP2, IP4, T3, TP33",None,212,240,15 kg,50 kg,A,"12, 40",,
,Cyanuric triazide,Forbidden,,,,,,,,,,,,,
,Cyclobutane,2.1,UN2601,,2.1,,306,304,"314, 315",Forbidden,150 kg,B,40,,
,Cyclobutyl chloroformate,6.1,UN2744,II,"6.1, 8, 3","IB1, T7, TP2, TP13",153,202,243,1 L,30 L,A,"12, 13, 21, 25, 40, 100",,
,"1,5,9-Cyclododecatriene",6.1,UN2518,III,6.1,"IB3, T4, TP1",153,203,241,60 L,220 L,A,40,,
,Cycloheptane,3,UN2241,II,3,"IB2, T4, TP1",150,202,242,5 L,60 L,B,40,,
,Cycloheptatriene,3,UN2603,II,"3, 6.1","IB2, T7, TP1, TP13",150,202,243,1 L,60 L,E,40,,
,Cycloheptene,3,UN2242,II,3,"B1, IB2, T4, TP1",150,202,242,5 L,60 L,B,,,
,Cyclohexane,3,UN1145,II,3,"IB2, T4, TP1",150,202,242,5 L,60 L,E,,,
,Cyclohexanone,3,UN1915,III,3,"B1, IB3, T2, TP1",150,203,242,60 L,220 L,A,,,
,Cyclohexene,3,UN2256,II,3,"IB2, T4, TP1",150,202,242,5 L,60 L,E,,,
,Cyclohexenyltrichlorosilane,8,UN1762,II,8,"A7, B2, IB2, N34, T7, TP2, TP13",None,202,242,Forbidden,30 L,C,40,,
,Cyclohexyl acetate,3,UN2243,III,3,"B1, IB3, T2, TP1",150,203,242,60 L,220 L,A,,,
,Cyclohexylamine,8,UN2357,II,"8, 3","IB2, T7, TP2",None,202,243,1 L,30 L,A,40,,
,Cyclohexyl isocyanate,6.1,UN2488,I,"6.1, 3","2, B9, B14, B32, B74, B77, T20, TP2, TP13, TP38, TP45",None,227,244,Forbidden,Forbidden,D,40,,
,Cyclohexyl mercaptan,3,UN3054,III,3,"B1, IB3, T2, TP1",150,203,242,60 L,220 L,A,"40, 95",,
,Cyclohexyltrichlorosilane,8,UN1763,II,8,"A7, B2, IB2, N34, T7, TP2, TP13",None,202,242,Forbidden,30 L,C,40,,
,"Cyclonite and cyclotetramethylenetetranitramine mixtures, wetted or desensitized see RDX and HMX mixtures, wetted or desensitized etc",,,,,,,,,,,,,,
,"Cyclonite and HMX mixtures, wetted or desensitized see RDX and HMX mixtures, wetted or desensitized etc",,,,,,,,,,,,,,
,"Cyclonite and octogen mixtures, wetted or desensitized see RDX and HMX mixtures, wetted or desensitized etc",,,,,,,,,,,,,,
,"Cyclonite, see Cyclotrimethylenetrinitramine, etc",,,,,,,,,,,,,,
,"Cyclooctadiene phosphines, see 9-Phosphabicyclononanes",,,,,,,,,,,,,,
,Cyclooctadienes,3,UN2520,III,3,"B1, IB3, T2, TP1",150,203,242,60 L,220 L,A,,,
,Cyclooctatetraene,3,UN2358,II,3,"IB2, T4, TP1",150,202,242,5 L,60 L,B,,,
,Cyclopentane,3,UN1146,II,3,"IB2, T7, TP1",150,202,242,5 L,60 L,E,,,
,"Cyclopentane, methyl, see Methylcyclopentane",,,,,,,,,,,,,,
,Cyclopentanol,3,UN2244,III,3,"B1, IB3, T2, TP1",150,203,242,60 L,220 L,A,,,
,Cyclopentanone,3,UN2245,III,3,"B1, IB3, T2, TP1",150,203,242,60 L,220 L,A,,,
,Cyclopentene,3,UN2246,II,3,"IB2, IP8, T7, TP2",150,202,242,5 L,60 L,E,,,
,Cyclopropane,2.1,UN1027,,2.1,T50,306,304,"314, 315",Forbidden,150 kg,E,40,,
,"Cyclotetramethylenetetranitramine, desensitized or Octogen, desensitized or HMX, desensitized",1.1D,UN0484,II,1.1D,,None,62,None,Forbidden,Forbidden,10,,,
,Cyclotetramethylene tetranitramine (dry or unphlegmatized) (HMX),Forbidden,,,,,,,,,,,,,
,"Cyclotetramethylenetetranitramine, wetted or HMX, wetted or Octogen, wetted with not < 15% water, by mass",1.1D,UN0226,II,1.1D,,None,62,None,Forbidden,Forbidden,10,,,
,"Cyclotrimethylenenitramine and octogen, mixtures, wetted or desensitized see RDX and HMX mixtures, wetted or desensitized etc",,,,,,,,,,,,,,
,"Cyclotrimethylenetrinitramine and cyclotetramethylenetetranitramine mixtures, wetted or desensitized see RDX and HMX mixtures, wetted or desensitized etc",,,,,,,,,,,,,,
,"Cyclotrimethylenetrinitramine and HMX mixtures, wetted or desensitized see RDX and HMX mixtures, wetted or desensitized etc.",,,,,,,,,,,,,,
,"Cyclotrimethylenetrinitramine, desensitized or Cyclonite, desensitized or Hexogen, desensitized or RDX, desensitized",1.1D,UN0483,II,1.1D,,None,62,None,Forbidden,Forbidden,10,,,
,"Cyclotrimethylenetrinitramine, wetted or Cyclonite, wetted or Hexogen, wetted or RDX, wetted with not < 15% water by mass",1.1D,UN0072,II,1.1D,,None,62,None,Forbidden,Forbidden,10,,,
,Cymenes,3,UN2046,III,3,"B1, IB3, T2, TP1",150,203,242,60 L,220 L,A,,,
,Dangerous Goods in Machinery or Dangerous Goods in Apparatus,9,UN3363,,,"136, A105",None,222,None,See A105,See A105,A,,,
,Decaborane,4.1,UN1868,II,"4.1, 6.1","A19, A20, IB6, IP2, T3, TP33",None,212,None,Forbidden,50 kg,A,74,,
,Decahydronaphthalene,3,UN1147,III,3,"B1, IB3, T2, TP1",150,203,242,60 L,220 L,A,,,
,n-Decane,3,UN2247,III,3,"B1, IB3, T2, TP1",150,203,242,60 L,220 L,A,,,
,"Deflagrating metal salts of aromatic nitroderivatives, n.o.s.",1.3C,UN0132,II,1.3C,,None,62,None,Forbidden,Forbidden,10,5E,,
,"Delay electric igniter, see Igniters",,,,,,,,,,,,,,
D ,Denatured alcohol,3,NA1987,II,3,"172, T8",150,202,242,5 L,60 L,B,,,
D ,Denatured alcohol,3,NA1987,III,3,"172, B1, T7",150,203,242,60 L,220 L,A,,,
,"Depth charges, see Charges, depth",,,,,,,,,,,,,,
G ,"Desensitized explosive, liquid, n.o.s.",3,UN3379,I,3,164,None,201,None,Forbidden,Forbidden,D,36,,
G ,"Desensitized explosive, solid, n.o.s.",4.1,UN3380,I,4.1,164,None,211,None,Forbidden,Forbidden,D,"28, 36",,
,"Detonating relays, see Detonators, etc",,,,,,,,,,,,,,
,"Detonator assemblies, non-electric for blasting",1.1B,UN0360,II,1.1B,,None,62,None,Forbidden,Forbidden,11,,,
,"Detonator assemblies, non-electric, for blasting",1.4B,UN0361,II,1.4B,103,"63(f), 63(g)",62,None,Forbidden,75 kg,6,,,
,"Detonator, assemblies, non-electric for blasting",1.4S,UN0500,II,1.4S,,"63(f), 63(g)",62,None,25 kg,100 kg,5,,,
,"Detonators, electric, for blasting",1.1B,UN0030,II,1.1B,,"63(f), 63(g)",62,None,Forbidden,Forbidden,11,,,
,"Detonators, electric, for blasting",1.4B,UN0255,II,1.4B,103,"63(f), 63(g)",62,None,Forbidden,75 kg,6,,,
,"Detonators, electric for blasting",1.4S,UN0456,II,1.4S,,"63(f), 63(g)",62,None,25 kg,100 kg,5,,,
,Detonators for ammunition,1.1B,UN0073,II,1.1B,,None,62,None,Forbidden,Forbidden,11,,,
,Detonators for ammunition,1.2B,UN0364,II,1.2B,,None,62,None,Forbidden,Forbidden,11,,,
,Detonators for ammunition,1.4B,UN0365,II,1.4B,103,None,62,None,Forbidden,75 kg,6,,,
,Detonators for ammunition,1.4S,UN0366,II,1.4S,,None,62,None,25 kg,100 kg,5,,,
,"Detonators, non-electric, for blasting",1.1B,UN0029,II,1.1B,,None,62,None,Forbidden,Forbidden,11,,,
,"Detonators, non-electric, for blasting",1.4B,UN0267,II,1.4B,103,"63(f), 63(g)",62,None,Forbidden,75 kg,6,,,
,"Detonators, non-electric,for blasting",1.4S,UN0455,II,1.4S,,"63(f), 63(g)",62,None,25 kg,100 kg,5,,,
,"Deuterium, compressed",2.1,UN1957,,2.1,N89,306,302,None,Forbidden,150 kg,E,40,,
,"Devices, small, hydrocarbon gas powered or Hydrocarbon gas refills for small devices with release device",2.1,UN3150,,2.1,,306,304,None,1 kg,15 kg,B,40,,
,Di-(1-hydroxytetrazole) (dry),Forbidden,,,,,,,,,,,,,
,Di-(1-naphthoyl) peroxide,Forbidden,,,,,,,,,,,,,
,"Di-2,4-dichlorobenzoyl peroxide, with > 75% with water",Forbidden,,,,,,,,,,,,,
,"Di-2-ethylhexyl phosphoric acid, see Diisooctyl acid phosphate",,,,,,,,,,,,,,
,"2,2-Di-(4,4-di-tert-butylperoxycyclohexyl) propane, with > 42% with inert solid",Forbidden,,,,,,,,,,,,,
,Diacetone alcohol,3,UN1148,III,3,"B1, IB3, T2, TP1",150,203,242,60 L,220 L,A,,,
,Diacetone alcohol,3,UN1148,II,3,"IB2, T4, TP1",150,202,242,5 L,60 L,B,,,
,"Diacetone alcohol peroxides, with > 57% in solution with > 9% hydrogen peroxide, < 26% diacetone alcohol and < 9% water; total active oxygen content > 9% by mass",Forbidden,,,,,,,,,,,,,
,"Diacetyl peroxide, solid, or with > 25% in solution",Forbidden,,,,,,,,,,,,,
,"Diacetyl, see Butanedione",,,,,,,,,,,,,,
,Diallylamine,3,UN2359,II,"3, 6.1, 8","IB2, T7, TP1",150,202,243,1 L,5 L,B,"21, 40, 100",,
,Diallylether,3,UN2360,II,"3, 6.1","IB2, N12, T7, TP1, TP13",150,202,243,1 L,60 L,E,40,,
,"4,4'-Diaminodiphenyl methane",6.1,UN2651,III,6.1,"IB8, IP3, T1, TP33",153,213,240,100 kg,200 kg,A,,,
,p-Diazidobenzene,Forbidden,,,,,,,,,,,,,
,"1,2-Diazidoethane",Forbidden,,,,,,,,,,,,,
,"1,1'-Diazoaminonaphthalene",Forbidden,,,,,,,,,,,,,
,Diazoaminotetrazole (dry),Forbidden,,,,,,,,,,,,,
,Diazodinitrophenol (dry),Forbidden,,,,,,,,,,,,,
,"Diazodinitrophenol, wetted with not < 40% water or mixture of alcohol and water, by mass",1.1A,UN0074,II,1.1A,"111, 117",None,62,None,Forbidden,Forbidden,12,,,
,Diazodiphenylmethane,Forbidden,,,,,,,,,,,,,
,Diazonium nitrates (dry),Forbidden,,,,,,,,,,,,,
,Diazonium perchlorates (dry),Forbidden,,,,,,,,,,,,,
,"1,3-Diazopropane",Forbidden,,,,,,,,,,,,,
,Dibenzyldichlorosilane,8,UN2434,II,8,"B2, IB2, T7, TP2, TP13",154,202,242,1 L,30 L,C,40,,
,"Dibenzyl peroxydicarbonate, with > 87% with water",Forbidden,,,,,,,,,,,,,
,Di-(beta-nitroxyethyl) ammonium nitrate,Forbidden,,,,,,,,,,,,,
,Diborane,2.3,UN1911,,"2.3, 2.1","1, N89",None,302,None,Forbidden,Forbidden,D,"40, 57",,
D ,Diborane mixtures,2.1,NA1911,,2.1,5,None,302,245,Forbidden,Forbidden,D,"40, 57",,
,Dibromoacetylene,Forbidden,,,,,,,,,,,,,
,"1,2-Dibromobutan-3-one",6.1,UN2648,II,6.1,IB2,153,202,243,5 L,60 L,B,40,,
,Dibromochloropropane,6.1,UN2872,II,6.1,"IB2, T7, TP2",153,202,243,5 L,60 L,A,,,
,Dibromochloropropane,6.1,UN2872,III,6.1,"IB3, T4, TP1",153,203,241,60 L,220 L,A,,,
A ,"Dibromodifluoromethane, R12B2",9,UN1941,III,None,"T11, TP2",155,203,241,100 L,220 L,A,25,,
,"1,2-Dibromoethane, see Ethylene dibromide",,,,,,,,,,,,,,
,Dibromomethane,6.1,UN2664,III,6.1,"IB3, T4, TP1",153,203,241,60 L,220 L,A,,,
,Dibutylaminoethanol,6.1,UN2873,III,6.1,"IB3, T4, TP1",153,203,241,60 L,220 L,A,,,
,Dibutyl ethers,3,UN1149,III,3,"B1, IB3, T2, TP1",150,203,242,60 L,220 L,A,,,
,"N,N'-Dichlorazodicarbonamidine (salts of) (dry)",Forbidden,,,,,,,,,,,,,
,"1,2-Dichloro-1,1,2,2- tetrafluoroethane or Refrigerant gas R 114",2.2,UN1958,,2.2,T50,306,304,"314, 315",75 kg,150 kg,A,,,
,"1,1-Dichloro-1-nitroethane",6.1,UN2650,II,6.1,"IB2, T7, TP2",153,202,243,5 L,60 L,A,"12, 40, 74",,
D ,"3,5-Dichloro-2,4,6-trifluoropyridine",6.1,NA9264,I,6.1,"2, B9, B14, B32, B74, T20, TP4, TP12, TP13, TP38, TP45",None,227,244,Forbidden,Forbidden,A,40,,
,Dichloroacetic acid,8,UN1764,II,8,"A3, A6, A7, B2, IB2, N34, T8, TP2, TP12",154,202,242,1 L,30 L,A,,,
,"1,3-Dichloroacetone",6.1,UN2649,II,6.1,"IB8, IP2, IP4, T3, TP33",153,212,242,25 kg,100 kg,B,"12, 40",,
,Dichloroacetyl chloride,8,UN1765,II,8,"A3, A6, A7, B2, B6, IB2, N34, T7, TP2",154,202,242,1 L,30 L,D,40,,
,Dichloroacetylene,Forbidden,,,,,,,,,,,,,
+ ,"Dichloroanilines, liquid",6.1,UN1590,II,6.1,"IB2, T7, TP2",153,202,243,5 L,60 L,A,40,,
,"Dichloroanilines, solid",6.1,UN3442,II,6.1,"IB8, IP2, IP4, T3, TP33",153,212,242,25 kg,100 kg,A,40,,
+ ,o-Dichlorobenzene,6.1,UN1591,III,6.1,"IB3, T4, TP1",153,203,241,60 L,220 L,A,,,
,"2,2'-Dichlorodiethyl ether",6.1,UN1916,II,"6.1, 3","IB2, N33, N34, T7, TP2",153,202,243,5 L,60 L,A,,,
,Dichlorodifluoromethane and difluoroethane azeotropic mixture or Refrigerant gas R 500 with approximately 74% dichlorodifluoromethane,2.2,UN2602,,2.2,T50,306,304,"314, 315",75 kg,150 kg,A,,,
,Dichlorodifluoromethane or Refrigerant gas R 12,2.2,UN1028,,2.2,T50,306,304,"314, 315",75 kg,150 kg,A,,,
,"Dichlorodimethyl ether, symmetrical",6.1,UN2249,I,"6.1, 3",,None,201,243,Forbidden,Forbidden,,40,,
,"1,1-Dichloroethane",3,UN2362,II,3,"IB2, T4, TP1",150,202,242,5 L,60 L,B,40,,
,"1,2-Dichloroethane, see Ethylene dichloride",,,,,,,,,,,,,,
,"1,2-Dichloroethylene",3,UN1150,II,3,"IB2, T7, TP2",150,202,242,5 L,60 L,B,,,
,Dichloroethyl sulfide,Forbidden,,,,,,,,,,,,,
,Dichlorofluoromethane or Refrigerant gas R21,2.2,UN1029,,2.2,T50,306,304,"314, 315",75 kg,150 kg,A,,,
,"Dichloroisocyanuric acid, dry or Dichloroisocyanuric acid salts",5.1,UN2465,II,5.1,"28, IB8, IP4, T3, TP33",152,212,240,5 kg,25 kg,A,13,,
,Dichloroisopropyl ether,6.1,UN2490,II,6.1,"IB2, T7, TP2",153,202,243,5 L,60 L,B,,,
,Dichloromethane,6.1,UN1593,III,6.1,"IB3, IP8, N36, T7, TP2",153,203,241,60 L,220 L,A,,,
,Dichloropentanes,3,UN1152,III,3,"B1, IB3, T2, TP1",150,203,242,60 L,220 L,A,,,
,Dichlorophenyl isocyanates,6.1,UN2250,II,6.1,"IB8, IP2, IP4, T3, TP33",153,212,242,25 kg,100 kg,B,"25, 40, 48",,
,Dichlorophenyltrichlorosilane,8,UN1766,II,8,"A7, B2, B6, IB2, N34, T7, TP2, TP13",None,202,242,Forbidden,30 L,C,40,,
,"1,2-Dichloropropane",3,UN1279,II,3,"IB2, N36, T4, TP1",150,202,242,5 L,60 L,B,,,
,"1,3-Dichloropropanol-2",6.1,UN2750,II,6.1,"IB2, T7, TP2",153,202,243,5 L,60 L,A,"12, 40",,
,"Dichloropropene and propylene dichloride mixture, see 1,2- Dichloropropane",,,,,,,,,,,,,,
,Dichloropropenes,3,UN2047,III,3,"B1, IB3, T2, TP1",150,203,242,60 L,220 L,A,,,
,Dichloropropenes,3,UN2047,II,3,"IB2, T4, TP1",150,202,242,5 L,60 L,B,,,
,Dichlorosilane,2.3,UN2189,,"2.3, 2.1, 8","2, B9, B14",None,304,"314, 315",Forbidden,Forbidden,D,"17, 40",,
,Dichlorovinylchloroarsine,Forbidden,,,,,,,,,,,,,
,"Dicycloheptadiene, see Bicyclo 2,2,1 hepta-2,5-diene, stabilized",,,,,,,,,,,,,,
,Dicyclohexylamine,8,UN2565,III,8,"IB3, T4, TP1",154,203,241,5 L,60 L,A,,,
,Dicyclohexylammonium nitrite,4.1,UN2687,III,4.1,"IB8, IP3, T1, TP33",151,213,240,25 kg,100 kg,A,48,,
,Dicyclopentadiene,3,UN2048,III,3,"B1, IB3, T2, TP1",150,203,242,60 L,220 L,A,,,
,"1,2-Di-(dimethylamino)ethane",3,UN2372,II,3,"IB2, T4, TP1",150,202,242,5 L,60 L,B,,,
,Didymium nitrate,5.1,UN1465,III,5.1,"A1, IB8, IP3, T1, TP33",152,213,240,25 kg,100 kg,A,,,
I ,Diesel fuel,3,UN1202,III,3,"144, B1, IB3, T2, TP1",150,203,242,60 L,220 L,A,,,
D ,Diesel fuel,3,NA1993,III,None,"144, B1, IB3, T4, TP1, TP29",150,203,242,60 L,220 L,A,,,
,Diethanol nitrosamine dinitrate (dry),Forbidden,,,,,,,,,,,,,
,Diethoxymethane,3,UN2373,II,3,"IB2, T4, TP1",150,202,242,5 L,60 L,E,,,
,"3,3-Diethoxypropene",3,UN2374,II,3,"IB2, T4, TP1",150,202,242,5 L,60 L,B,,,
,3-Diethyamino-propylamine.,3,UN2684,III,"3, 8","B1, IB3, T4, TP1",150,203,242,5 L,60 L,A,,,
,Diethylamine,3,UN1154,II,"3, 8","A3, IB2, N34, T7, TP1",150,202,243,1 L,5 L,E,40,,
,2-Diethylaminoethanol,8,UN2686,II,"8, 3","B2, IB2, T7, TP2",None,202,243,1 L,30 L,A,,,
+ ,"N, N-Diethylaniline",6.1,UN2432,III,6.1,"IB3, T4, TP1",153,203,241,60 L,220 L,A,,,
,Diethylbenzene,3,UN2049,III,3,"B1, IB3, T2, TP1",150,203,242,60 L,220 L,A,,,
,Diethyl carbonate,3,UN2366,III,3,"B1, IB3, T2, TP1",150,203,242,60 L,220 L,A,,,
,"Diethyl cellosolve, see Ethylene glycol diethyl ether",,,,,,,,,,,,,,
,Diethyldichlorosilane,8,UN1767,II,"8, 3","A7, B6, IB2, N34, T7, TP2, TP13",None,202,243,Forbidden,30 L,C,40,,
,Diethylene glycol dinitrate,Forbidden,,,,,,,,,,,,,
,"Diethyleneglycol dinitrate, desensitized with not < 25% non-volatile water-insoluble phlegmatizer, by mass",1.1D,UN0075,II,1.1D,,None,62,None,Forbidden,Forbidden,13,21E,,
,Diethylenetriamine,8,UN2079,II,8,"B2, IB2, T7, TP2",154,202,242,1 L,30 L,A,"40, 52",,
,Diethyl ether or Ethyl ether,3,UN1155,I,3,"T11, TP2",150,201,243,1 L,30 L,E,40,,
,"N,N-Diethylethylenediamine",8,UN2685,II,"8, 3","IB2, T7, TP2",None,202,243,1 L,30 L,A,,,
,Diethylgold bromide,Forbidden,,,,,,,,,,,,,
,Diethyl ketone,3,UN1156,II,3,"IB2, T4, TP1",150,202,242,5 L,60 L,B,,,
,"Diethyl peroxydicarbonate, with > 27% in solution",Forbidden,,,,,,,,,,,,,
,Diethyl sulfate,6.1,UN1594,II,6.1,"IB2, T7, TP2",153,202,243,5 L,60 L,C,,,
,Diethyl sulfide,3,UN2375,II,3,"IB2, T7, TP1, TP13",None,202,243,5 L,60 L,E,,,
,Diethylthiophosphoryl chloride,8,UN2751,II,8,"B2, IB2, T7, TP2",None,212,240,15 kg,50 kg,D,"12, 40",,
,Diethylzinc,4.2,UN1366,I,"4.2, 4.3","173, B11, T21, TP2, TP7",None,181,244,Forbidden,Forbidden,D,18,,
,"Difluorochloroethanes, see 1-Chloro-1,1-difluoroethanes",,,,,,,,,,,,,,
,"1,1-Difluoroethane or Refrigerant gas R 152a",2.1,UN1030,,2.1,T50,306,304,"314, 315",Forbidden,150 kg,B,40,,
,"1,1-Difluoroethylene or Refrigerant gas R 1132a",2.1,UN1959,,2.1,,306,304,None,Forbidden,150 kg,E,40,,
,Difluoromethane or Refrigerant gas R 32,2.1,UN3252,,2.1,T50,306,302,"314, 315",Forbidden,150 kg,D,40,,
,"Difluorophosphoric acid, anhydrous",8,UN1768,II,8,"A6, A7, B2, IB2, N5, N34, T8, TP2, TP12",None,202,242,1 L,30 L,A,40,,
,"2,3-Dihydropyran",3,UN2376,II,3,"IB2, T4, TP1",150,202,242,5 L,60 L,B,,,
,"1,8-Dihydroxy-2,4,5,7-tetranitroanthraquinone (chrysamminic acid)",Forbidden,,,,,,,,,,,,,
,Diiodoacetylene,Forbidden,,,,,,,,,,,,,
,Diisobutylamine,3,UN2361,III,"3, 8","B1, IB3, T4, TP1",150,203,242,5 L,60 L,A,,,
,"Diisobutylene, isomeric compounds",3,UN2050,II,3,"IB2, T4, TP1",150,202,242,5 L,60 L,B,,,
,Diisobutyl ketone,3,UN1157,III,3,"B1, IB3, T2, TP1",150,203,242,60 L,220 L,A,,,
,Diisooctyl acid phosphate,8,UN1902,III,8,"IB3, T4, TP1",154,203,241,5 L,60 L,A,,,
,Diisopropylamine,3,UN1158,II,"3, 8","IB2, T7, TP1",150,202,243,1 L,5 L,B,,,
,"Diisopropylbenzene hydroperoxide, with > 72% in solution",Forbidden,,,,,,,,,,,,,
,Diisopropyl ether,3,UN1159,II,3,"IB2, T4, TP1",150,202,242,5 L,60 L,E,40,,
,"Diketene, stabilized",6.1,UN2521,I,"6.1, 3","2, B9, B14, B32, B74, T20, TP2, TP13, TP38, TP45",None,227,244,Forbidden,Forbidden,D,"26, 27, 40",,
,"1,2-Dimethoxyethane",3,UN2252,II,3,"IB2, T4, TP1",150,202,242,5 L,60 L,B,,,
,"1,1-Dimethoxyethane",3,UN2377,II,3,"IB2, T7, TP1",150,202,242,5 L,60 L,B,,,
,"2,5-Dimethyl-2,5-dihydroperoxy hexane, with > 82% with water",Forbidden,,,,,,,,,,,,,
,"Dimethylamine, anhydrous",2.1,UN1032,,2.1,"N87, T50",None,304,"314, 315",Forbidden,150 kg,D,40,,
,Dimethylamine solution,3,UN1160,II,"3, 8","IB2, T7, TP1",150,202,243,1 L,5 L,B,52,,
,2-Dimethylaminoacetonitrile,3,UN2378,II,"3, 6.1","IB2, T7, TP1",150,202,243,1 L,60 L,A,"40, 52",,
,2-Dimethylaminoethanol,8,UN2051,II,"8, 3","B2, IB2, T7, TP2",154,202,243,1 L,30 L,A,,,
,2-Dimethylaminoethyl acrylate,6.1,UN3302,II,6.1,"IB2, T7, TP2",153,202,243,5 L,60 L,D,25,,
,2-Dimethylaminoethyl methacrylate,6.1,UN2522,II,6.1,"IB2, T7, TP2",153,202,243,5 L,60 L,B,40,,
,"N,N-Dimethylaniline",6.1,UN2253,II,6.1,"IB1, T7, TP2",153,202,243,5 L,60 L,A,,,
,"2,3-Dimethylbutane",3,UN2457,II,3,"IB2, T7, TP1",150,202,242,5 L,60 L,E,,,
,"1,3-Dimethylbutylamine",3,UN2379,II,"3, 8","IB2, T7, TP1",150,202,243,1 L,5 L,B,52,,
,Dimethylcarbamoyl chloride,8,UN2262,II,8,"B2, IB2, T7, TP2",154,202,242,1 L,30 L,A,40,,
,Dimethyl carbonate,3,UN1161,II,3,"IB2, T4, TP1",150,202,242,5 L,60 L,B,,,
,"Dimethyl chlorothiophosphate, see Dimethyl thiophosphoryl chloride",,,,,,,,,,,,,,
,Dimethylcyclohexanes,3,UN2263,II,3,"IB2, T4, TP1",150,202,242,5 L,60 L,B,,,
,"N,N-Dimethylcyclohexylamine",8,UN2264,II,"8, 3","B2, IB2, T7, TP2",154,202,243,1 L,30 L,A,40,,
,Dimethyldichlorosilane,3,UN1162,II,"3, 8","B77, IB2, T7, TP2, TP13",None,202,243,Forbidden,Forbidden,B,40,,
,Dimethyldiethoxysilane,3,UN2380,II,3,"IB2, T4, TP1",150,202,242,5 L,60 L,B,,,
,Dimethyldioxanes,3,UN2707,III,3,"B1, IB3, T2, TP1",150,203,242,60 L,220 L,A,,,
,Dimethyldioxanes,3,UN2707,II,3,"IB2, T4, TP1",150,202,242,5 L,60 L,B,,,
,Dimethyl disulfide,3,UN2381,II,3,"IB2, T4, TP1",150,202,242,5 L,60 L,B,40,,
,Dimethyl ether,2.1,UN1033,,2.1,T50,306,304,"314, 315",Forbidden,150 kg,B,40,,
,"N,N-Dimethylformamide",3,UN2265,III,3,"B1, IB3, T2, TP2",150,203,242,60 L,220 L,A,,,
,Dimethylhexane dihydroperoxide (dry),Forbidden,,,,,,,,,,,,,
,"Dimethylhydrazine, symmetrical",6.1,UN2382,I,"6.1, 3","2, B9, B14, B32, B74, B77, T20, TP2, TP13, TP38, TP45",None,227,244,Forbidden,Forbidden,D,"40, 52, 74",,
,"Dimethylhydrazine, unsymmetrical",6.1,UN1163,I,"6.1, 3, 8","2, B7, B9, B14, B32, B74, T20, TP2, TP13, TP38, TP45",None,227,244,Forbidden,Forbidden,D,"21, 38, 40, 52, 100",,
,Dimethyl-N-propylamine,3,UN2266,II,"3, 8","IB2, T7, TP2, TP13",150,202,243,1 L,5 L,B,40,,
,"2,2-Dimethylpropane",2.1,UN2044,,2.1,,306,304,"314, 315",Forbidden,150 kg,E,40,,
,Dimethyl sulfate,6.1,UN1595,I,"6.1, 8","2, B9, B14, B32, B74, B77, T20, TP2, TP13, TP38, TP45",None,227,244,Forbidden,Forbidden,D,40,,
,Dimethyl sulfide,3,UN1164,II,3,"IB2, IP8, T7, TP2",150,202,242,5 L,60 L,E,40,,
,Dimethyl thiophosphoryl chloride,6.1,UN2267,II,"6.1, 8","IB2, T7, TP2",153,202,243,1 L,30 L,B,25,,
,Dimethylzinc,4.2,UN1370,I,"4.2, 4.3","173, B11, B16, T21, TP2, TP7",None,181,244,Forbidden,Forbidden,D,18,,
,Di-n-amylamine,3,UN2841,III,"3, 6.1","B1, IB3, T4, TP1",150,203,242,60 L,220 L,A,,,
,Di-n-butylamine,8,UN2248,II,"8, 3","IB2, T7, TP2",None,202,243,1 L,30 L,A,,,
,"Di-n-butyl peroxydicarbonate, with > 52% in solution",Forbidden,,,,,,,,,,,,,
,"1,4-Dinitro-1,1,4,4-tetramethylolbutanetetranitrate (dry)",Forbidden,,,,,,,,,,,,,
,"2,4-Dinitro-1,3,5-trimethylbenzene",Forbidden,,,,,,,,,,,,,
,"1,3-Dinitro-4,5-dinitrosobenzene",Forbidden,,,,,,,,,,,,,
,"1,3-Dinitro-5,5-dimethyl hydantoin",Forbidden,,,,,,,,,,,,,
,"Dinitro-7,8-dimethylglycoluril (dry)",Forbidden,,,,,,,,,,,,,
,Dinitroanilines,6.1,UN1596,II,6.1,"IB8, IP2, IP4, T3, TP33",153,212,242,25 kg,100 kg,A,91,,
,"Dinitrobenzenes, liquid",6.1,UN1597,II,6.1,"11, IB2, T7, TP2",153,202,243,5 L,60 L,A,91,,
,"Dinitrobenzenes, liquid",6.1,UN1597,III,6.1,"11, IB3, T7, TP2",153,203,241,60 L,220 L,A,91,,
,"Dinitrobenzenes, solid",6.1,UN3443,II,6.1,"IB8, IP2, IP4, T3, TP33",153,212,242,25 kg,100 kg,A,91,,
,"Dinitrochlorobenzene, see Chlorodinitrobenzene",,,,,,,,,,,,,,
,"1,2-Dinitroethane",Forbidden,,,,,,,,,,,,,
,"1,1-Dinitroethane (dry)",Forbidden,,,,,,,,,,,,,
,Dinitrogen tetroxide,2.3,UN1067,,"2.3, 5.1, 8","1, B7, B14, B45, B46, B61, B66, B67, B77, T50, TP21",None,336,314,Forbidden,Forbidden,D,"40, 89, 90",,
,Dinitroglycoluril or Dingu,1.1D,UN0489,II,1.1D,,None,62,None,Forbidden,Forbidden,10,,,
,Dinitromethane,Forbidden,,,,,,,,,,,,,
,Dinitro-o-cresol,6.1,UN1598,II,6.1,"IB8, IP2, IP4, T3, TP33",153,212,242,25 kg,100 kg,A,,,
,"Dinitrophenolates alkali metals, dry or wetted with < 15% water, by mass",1.3C,UN0077,II,"1.3C, 6.1",,None,62,None,Forbidden,Forbidden,10,5E,,
,"Dinitrophenolates, wetted with not < 15% water, by mass",4.1,UN1321,I,"4.1, 6.1","23, A8, A19, A20, N41",None,211,None,1 kg,15 kg,E,"28, 36",,
,"Dinitrophenol, dry or wetted with < 15% water, by mass",1.1D,UN0076,II,"1.1D, 6.1",,None,62,None,Forbidden,Forbidden,10,5E,,
,Dinitrophenol solutions,6.1,UN1599,III,6.1,"IB3, T4, TP1",153,203,241,60 L,220 L,A,36,,
,Dinitrophenol solutions,6.1,UN1599,II,6.1,"IB2, T7, TP2",153,202,243,5 L,60 L,A,36,,
,"Dinitrophenol, wetted with not < 15% water, by mass",4.1,UN1320,I,"4.1, 6.1","23, A8, A19, A20, N41",None,211,None,1 kg,15 kg,E,"28, 36",,
,Dinitropropylene glycol,Forbidden,,,,,,,,,,,,,
,"Dinitroresorcinol, dry or wetted with < 15% water, by mass",1.1D,UN0078,II,1.1D,,None,62,None,Forbidden,Forbidden,10,5E,,
,"2,4-Dinitroresorcinol (heavy metal salts of) (dry)",Forbidden,,,,,,,,,,,,,
,"4,6-Dinitroresorcinol (heavy metal salts of) (dry)",Forbidden,,,,,,,,,,,,,
,"Dinitroresorcinol, wetted with not < 15% water, by mass",4.1,UN1322,I,4.1,"23, A8, A19, A20, N41",None,211,None,1 kg,15 kg,E,"28, 36",,
,"3,5-Dinitrosalicylic acid (lead salt) (dry)",Forbidden,,,,,,,,,,,,,
,Dinitrosobenzene,1.3C,UN0406,II,1.3C,,None,62,None,Forbidden,Forbidden,10,,,
,Dinitrosobenzylamidine and salts of (dry),Forbidden,,,,,,,,,,,,,
,"2,2-Dinitrostilbene",Forbidden,,,,,,,,,,,,,
,"Dinitrotoluenes, liquid",6.1,UN2038,II,6.1,"IB2, T7, TP2",153,202,243,5 L,60 L,A,,,
,"Dinitrotoluenes, molten",6.1,UN1600,II,6.1,"T7, TP3",None,202,243,Forbidden,Forbidden,C,,,
,"Dinitrotoluenes, solid",6.1,UN3454,II,6.1,"IB8, IP2, IP4, T3, TP33",153,212,242,25 kg,100 kg,A,,,
,"a,a'-Di-(nitroxy) methylether",Forbidden,,,,,,,,,,,,,
,"1,9-Dinitroxy pentamethylene-2,4, 6,8-tetramine (dry)",Forbidden,,,,,,,,,,,,,
,Di-n-propyl ether,3,UN2384,II,3,"IB2, T4, TP1",150,202,242,5 L,60 L,B,,,
,Dioxane,3,UN1165,II,3,"IB2, T4, TP1",150,202,242,5 L,60 L,B,,,
,Dioxolane,3,UN1166,II,3,"IB2, T4, TP1",150,202,242,5 L,60 L,B,40,,
,Dipentene,3,UN2052,III,3,"B1, IB3, T2, TP1",150,203,242,60 L,220 L,A,,,
,Diphenylamine chloroarsine,6.1,UN1698,I,6.1,"T6, TP33",None,201,None,Forbidden,Forbidden,D,40,,
,"Diphenylchloroarsine, liquid",6.1,UN1699,I,6.1,"A8, B14, B32, N33, N34, T14, TP2, TP13, TP27",None,201,243,Forbidden,30 L,D,40,,
,"Diphenylchloroarsine, solid",6.1,UN3450,I,6.1,"IB7, IP1, T6, TP33",None,211,242,5 kg,50 kg,D,40,,
,Diphenyldichlorosilane,8,UN1769,II,8,"A7, B2, IB2, N34, T7, TP2, TP13",None,202,242,Forbidden,30 L,C,40,,
,Diphenylmethyl bromide,8,UN1770,II,8,"IB8, IP2, IP4, T3, TP33",154,212,240,15 kg,50 kg,D,40,,
,"Dipicrylamine, see Hexanitrodiphenylamine",,,,,,,,,,,,,,
,"Dipicryl sulfide, dry or wetted with < 10% water, by mass",1.1D,UN0401,II,1.1D,,None,62,None,Forbidden,Forbidden,10,,,
,"Dipicryl sulfide, wetted with not < 10% water, by mass",4.1,UN2852,I,4.1,"162, A2, N41, N84",None,211,None,Forbidden,0.5 kg,D,28,,
,"Dipropionyl peroxide, with > 28% in solution",Forbidden,,,,,,,,,,,,,
,Dipropylamine,3,UN2383,II,"3, 8","IB2, T7, TP1",150,202,243,1 L,5 L,B,,,
,Dipropyl ketone,3,UN2710,III,3,"B1, IB3, T2, TP1",150,203,242,60 L,220 L,A,,,
G ,"Disinfectant, liquid, corrosive, n.o.s.",8,UN1903,I,8,"A6, A7, B10, T14, TP2, TP27",None,201,243,0.5 L,2.5 L,B,,,
G ,"Disinfectants, liquid, corrosive n.o.s.",8,UN1903,II,8,"B2, IB2, T7, TP2",154,202,242,1 L,30 L,B,,,
G ,"Disinfectants, liquid, corrosive n.o.s.",8,UN1903,III,8,"IB3, T4, TP1",154,203,241,5 L,60 L,A,,,
G ,"Disinfectants, liquid, toxic, n.o.s.",6.1,UN3142,I,6.1,"A4, T14, TP2, TP27",None,201,243,1 L,30 L,A,40,,
G ,"Disinfectants, liquid, toxic, n.o.s.",6.1,UN3142,II,6.1,"IB2, T11, TP2, TP27",153,202,243,5 L,60 L,A,40,,
G ,"Disinfectants, liquid, toxic, n.o.s.",6.1,UN3142,III,6.1,"IB3, T7, TP1, TP28",153,203,241,60 L,220 L,A,40,,
G ,"Disinfectants, solid, toxic, n.o.s.",6.1,UN1601,I,6.1,"IB7, IP1, T6, TP33",None,211,242,5 kg,50 kg,A,40,,
G ,"Disinfectants, solid, toxic, n.o.s.",6.1,UN1601,II,6.1,"IB8, IP2, IP4, T3, TP33",153,212,242,25 kg,100 kg,A,40,,
G ,"Disinfectants, solid, toxic, n.o.s.",6.1,UN1601,III,6.1,"IB8, IP3, T1, TP33",153,213,240,100 kg,200 kg,A,40,,
,Disodium trioxosilicate,8,UN3253,III,8,"IB8, IP3, T1, TP33",154,213,240,25 kg,100 kg,A,52,,
G ,"Dispersant gases, n.o.s. see Refrigerant gases, n.o.s.",,,,,,,,,,,,,,
,"2,2-Di-(tert-butylperoxy) butane, with > 55% in solution",Forbidden,,,,,,,,,,,,,
,"Di-(tert-butylperoxy) phthalate, with > 55% in solution",Forbidden,,,,,,,,,,,,,
,"Divinyl ether, stabilized",3,UN1167,I,3,"A7, T11, TP2",None,201,243,1 L,30 L,E,40,,
,Dodecyltrichlorosilane,8,UN1771,II,8,"A7, B2, B6, IB2, N34, T7, TP2, TP13",None,202,242,Forbidden,30 L,C,40,,
,"Dry ice, see Carbon dioxide, solid",,,,,,,,,,,,,,
G ,"Dyes, liquid, corrosive, n.o.s. or Dye intermediates, liquid, corrosive, n.o.s.",8,UN2801,I,8,"11, A6, B10, T14, TP2, TP27",None,201,243,0.5 L,2.5 L,A,,,
G ,"Dyes, liquid, corrosive, n.o.s. or Dye intermediates, liquid, corrosive, n.o.s.",8,UN2801,II,8,"11, B2, IB2, T11, TP2, TP27",154,202,242,1 L,30 L,A,,,
G ,"Dyes, liquid, corrosive, n.o.s. or Dye intermediates, liquid, corrosive, n.o.s.",8,UN2801,III,8,"11, IB3, T7, TP1, TP28",154,203,241,5 L,60 L,A,,,
G ,"Dyes, liquid, toxic, n.o.s. or Dye intermediates, liquid, toxic, n.o.s.",6.1,UN1602,I,6.1,,None,201,243,1 L,30 L,A,,,
G ,"Dyes, liquid, toxic, n.o.s. or Dye intermediates, liquid, toxic, n.o.s.",6.1,UN1602,II,6.1,IB2,153,202,243,5 L,60 L,A,,,
G ,"Dyes, liquid, toxic, n.o.s. or Dye intermediates, liquid, toxic, n.o.s.",6.1,UN1602,III,6.1,IB3,153,203,241,60 L,220 L,A,,,
G ,"Dyes, solid, corrosive, n.o.s. or Dye intermediates, solid, corrosive, n.o.s.",8,UN3147,I,8,"IB7, IP1, T6, TP33",None,211,242,1 kg,25 kg,A,,,
G ,"Dyes, solid, corrosive, n.o.s. or Dye intermediates, solid, corrosive, n.o.s.",8,UN3147,II,8,"IB8, IP2, IP4, T3, TP33",154,212,240,15 kg,50 kg,A,,,
G ,"Dyes, solid, corrosive, n.o.s. or Dye intermediates, solid, corrosive, n.o.s.",8,UN3147,III,8,"IB8, IP3, T1, TP33",154,213,240,25 kg,100 kg,A,,,
G ,"Dyes, solid, toxic, n.o.s. or Dye intermediates, solid, toxic, n.o.s.",6.1,UN3143,I,6.1,"A5, IB7, IP1, T6, TP33",None,211,242,5 kg,50 kg,A,,,
G ,"Dyes, solid, toxic, n.o.s. or Dye intermediates, solid, toxic, n.o.s.",6.1,UN3143,II,6.1,"IB8, IP2, IP4, T3, TP33",153,212,242,25 kg,100 kg,A,,,
G ,"Dyes, solid, toxic, n.o.s. or Dye intermediates, solid, toxic, n.o.s.",6.1,UN3143,III,6.1,"IB8, IP3, T1, TP33",153,213,240,100 kg,200 kg,A,,,
,"Dynamite, see Explosive, blasting, type A",,,,,,,,,,,,,,
,"Electrolyte (acid or alkali) for batteries, see Battery fluid, acid or Battery fluid, alkali",,,,,,,,,,,,,,
,"Elevated temperature liquid, flammable, n.o.s., with flash point above 37.8 C, at or above its flash point",3,UN3256,III,3,"IB1, T3, TP3, TP29",None,None,247,Forbidden,Forbidden,A,,,
,"Elevated temperature liquid, n.o.s., at or above 100 C and below its flash point (including molten metals, molten salts, etc.)",9,UN3257,III,9,"IB1, T3, TP3, TP29",None,None,247,Forbidden,Forbidden,A,85,,
,"Elevated temperature solid, n.o.s., at or above 240 C, see §173.247(h)(4)",9,UN3258,III,9,,247(h) (4),None,247,Forbidden,Forbidden,A,85,,
,"Engines, internal combustion, flammable gas powered",9,UN3166,,9,135,220,220,220,Forbidden,No limit,A,,,
,"Engines, internal combustion, flammable liquid powered",9,UN3166,,9,135,220,220,220,No limit,No limit,A,,,
G ,"Environmentally hazardous substances, liquid, n.o.s.",9,UN3082,III,9,"8, 146, IB3, T4, TP1, TP29",155,203,241,No limit,No limit,A,,,
G ,"Environmentally hazardous substances, solid, n.o.s.",9,UN3077,III,9,"8, 146, B54, IB8, IP3, N20, T1, TP33",155,213,240,No limit,No limit,A,,,
,Epibromohydrin,6.1,UN2558,I,"6.1, 3","T14, TP2, TP13",None,201,243,Forbidden,Forbidden,D,40,,
+ ,Epichlorohydrin,6.1,UN2023,II,"6.1, 3","IB2, T7, TP2, TP13",153,202,243,5 L,60 L,A,40,,
,"1,2-Epoxy-3-ethoxypropane",3,UN2752,III,3,"B1, IB3, T2, TP1",150,203,242,60 L,220 L,A,,,
,"Esters, n.o.s.",3,UN3272,III,3,"B1, IB3, T4, TP1, TP29",150,203,242,60 L,220 L,A,,,
,"Esters, n.o.s.",3,UN3272,II,3,"IB2, T7, TP1, TP8, TP28",150,202,242,5 L,60 L,B,,,
,"Etching acid, liquid, n.o.s., see Hydrofluoric acid, etc",,,,,,,,,,,,,,
,Ethane,2.1,UN1035,,2.1,,306,304,302,Forbidden,150 kg,E,40,,
D ,"Ethane-Propane mixture, refrigerated liquid",2.1,NA1961,,2.1,"T75, TP5",None,316,"314, 315",Forbidden,Forbidden,D,40,,
,"Ethane, refrigerated liquid",2.1,UN1961,,2.1,"T75, TP5",None,None,315,Forbidden,Forbidden,D,40,,
,Ethanol amine dinitrate,Forbidden,,,,,,,,,,,,,
,Ethanolamine or Ethanolamine solutions,8,UN2491,III,8,"IB3, T4, TP1",154,203,241,5 L,60 L,A,52,,
,Ethanol or Ethyl alcohol or Ethanol solutions or Ethyl alcohol solutions,3,UN1170,II,3,"24, IB2, T4, TP1",150,202,242,5 L,60 L,A,,,
,Ethanol or Ethyl alcohol or Ethanol solutions or Ethyl alcohol solutions,3,UN1170,III,3,"24, B1, IB3, T2, TP1",150,203,242,60 L,220 L,A,,,
,"Ether, see Diethyl ether",,,,,,,,,,,,,,
,"Ethers, n.o.s.",3,UN3271,II,3,"IB2, T7, TP1, TP8, TP28",150,202,242,5 L,60 L,B,,,
,"Ethers, n.o.s.",3,UN3271,III,3,"B1, IB3, T4, TP1, TP29",150,203,242,60 L,220 L,A,,,
,Ethyl 2-chloropropionate,3,UN2935,III,3,"B1, IB3, T2, TP1",150,203,242,60 L,220 L,A,,,
,Ethyl acetate,3,UN1173,II,3,"IB2, T4, TP1",150,202,242,5 L,60 L,B,,,
,"Ethylacetylene, stabilized",2.1,UN2452,,2.1,N88,None,304,"314, 315",Forbidden,150 kg,B,40,,
,"Ethyl acrylate, stabilized",3,UN1917,II,3,"IB2, T4, TP1, TP13",150,202,242,5 L,60 L,B,40,,
,"Ethyl alcohol, see Ethanol",,,,,,,,,,,,,,
,"Ethyl aldehyde, see Acetaldehyde",,,,,,,,,,,,,,
,Ethylamine,2.1,UN1036,,2.1,"B77, N87, T50",None,321,"314, 315",Forbidden,150 kg,D,40,,
,"Ethylamine, aqueous solution with not < 50% but not > 70% ethylamine",3,UN2270,II,"3, 8","IB2, T7, TP1",150,202,243,1 L,5 L,B,"40, 52",,
,Ethyl amyl ketone,3,UN2271,III,3,"B1, IB3, T2, TP1",150,203,242,60 L,220 L,A,,,
,N-Ethylaniline,6.1,UN2272,III,6.1,"IB3, T4, TP1",153,203,241,60 L,220 L,A,"52, 74",,
,2-Ethylaniline,6.1,UN2273,III,6.1,"IB3, T4, TP1",153,203,241,60 L,220 L,A,"52, 74",,
,Ethylbenzene,3,UN1175,II,3,"IB2, T4, TP1",150,202,242,5 L,60 L,B,,,
,N-Ethylbenzyltoluidines liquid,6.1,UN2753,III,6.1,"IB3, T7, TP1",153,203,241,60 L,220 L,A,,,
,"N-Ethylbenzyltoluidines, solid",6.1,UN3460,III,6.1,"IB8, IP3, T1, TP33",153,213,240,100 kg,200 kg,A,,,
,Ethyl borate,3,UN1176,II,3,"IB2, T4, TP1",150,202,242,5 L,60 L,B,,,
,Ethyl bromide,6.1,UN1891,II,6.1,"IB2, IP8, T7, TP2, TP13",153,202,243,5 L,60 L,B,"40, 85",,
,Ethyl bromoacetate,6.1,UN1603,II,"6.1, 3","IB2, T7, TP2",None,202,243,Forbidden,Forbidden,D,40,,
,2-Ethylbutanol,3,UN2275,III,3,"B1, IB3, T2, TP1",150,203,242,60 L,220 L,A,,,
,2-Ethylbutyl acetate,3,UN1177,III,3,"B1, IB3, T2, TP1",150,203,242,60 L,220 L,A,,,
,Ethyl butyl ether,3,UN1179,II,3,"B1, IB2, T4, TP1",150,202,242,5 L,60 L,B,,,
,2-Ethylbutyraldehyde,3,UN1178,II,3,"B1, IB2, T4, TP1",150,202,242,5 L,60 L,B,,,
,Ethyl butyrate,3,UN1180,III,3,"B1, IB3, T2, TP1",150,203,242,60 L,220 L,A,,,
,Ethyl chloride,2.1,UN1037,,2.1,"B77, N86, T50",None,322,"314, 315",Forbidden,150 kg,B,40,,
,Ethyl chloroacetate,6.1,UN1181,II,"6.1, 3","IB2, T7, TP2",153,202,243,5 L,60 L,A,,,
,Ethyl chloroformate,6.1,UN1182,I,"6.1, 3, 8","2, B9, B14, B32, B74, N34, T20, TP2, TP13, TP38, TP45",None,227,244,Forbidden,Forbidden,D,"21, 40, 100",,
+ ,Ethyl chlorothioformate,8,UN2826,II,"8, 6.1, 3","2, B9, B14, B32, B74, T20, TP2, TP38, TP45",None,227,244,Forbidden,Forbidden,A,40,,
,Ethyl crotonate,3,UN1862,II,3,"IB2, T4, TP2",150,202,242,5 L,60 L,B,,,
,Ethyldichloroarsine,6.1,UN1892,I,6.1,"2, B9, B14, B32, B74, T20, TP2, TP13, TP38, TP45",None,227,244,Forbidden,Forbidden,D,40,,
,Ethyldichlorosilane,4.3,UN1183,I,"4.3, 8, 3","A2, A3, A7, N34, T10, TP2, TP7, TP13",None,201,244,Forbidden,1 L,D,"21, 28, 40, 49, 100",,
,Ethylene,2.1,UN1962,,2.1,,306,304,302,Forbidden,150 kg,E,40,,
,"Ethylene, acetylene and propylene in mixture, refrigerated liquid with at least 71.5% ethylene with not > 22.5% acetylene and not > 6% propylene",2.1,UN3138,,2.1,"T75, TP5",None,304,"314, 315",Forbidden,Forbidden,D,"40, 57",,
,Ethylene chlorohydrin,6.1,UN1135,I,"6.1, 3","2, B9, B14, B32, B74, T20, TP2, TP13, TP38, TP45",None,227,244,Forbidden,Forbidden,D,40,,
,Ethylenediamine,8,UN1604,II,"8, 3","IB2, T7, TP2",154,202,243,1 L,30 L,A,"40, 52",,
,Ethylene diamine diperchlorate,Forbidden,,,,,,,,,,,,,
,Ethylene dibromide,6.1,UN1605,I,6.1,"2, B9, B14, B32, B74, B77, T20, TP2, TP13, TP38, TP45",None,227,244,Forbidden,Forbidden,D,40,,
,"Ethylene dibromide and methyl bromide liquid mixtures, see Methyl bromide and ethylene dibromide, liquid mixtures",,,,,,,,,,,,,,
,Ethylene dichloride,3,UN1184,II,"3, 6.1","IB2, N36, T7, TP1",150,202,243,1 L,60 L,B,40,,
,Ethylene glycol diethyl ether,3,UN1153,II,3,"IB2, T4, TP1",150,202,242,5 L,60 L,A,,,
,Ethylene glycol diethyl ether,3,UN1153,III,3,"B1, IB3, T2, TP1",150,203,242,60 L,220 L,A,,,
,Ethylene glycol dinitrate,Forbidden,,,,,,,,,,,,,
,Ethylene glycol monoethyl ether,3,UN1171,III,3,"B1, IB3, T2, TP1",150,203,242,60 L,220 L,A,,,
,Ethylene glycol monoethyl ether acetate,3,UN1172,III,3,"B1, IB3, T2, TP1",150,203,242,60 L,220 L,A,,,
,Ethylene glycol monomethyl ether,3,UN1188,III,3,"B1, IB3, T2, TP1",150,203,242,60 L,220 L,A,,,
,Ethylene glycol monomethyl ether acetate,3,UN1189,III,3,"B1, IB3, T2, TP1",150,203,242,60 L,220 L,A,,,
,"Ethyleneimine, stabilized",6.1,UN1185,I,"6.1, 3","1, B9, B14, B30, B72, B77, N25, N32, T22, TP2, TP13, TP38, TP44",None,226,244,Forbidden,Forbidden,D,40,,
,Ethylene oxide and carbon dioxide mixtures with > 9% but not > 87% ethylene oxide,2.1,UN1041,,2.1,T50,306,304,"314, 315",Forbidden,25 kg,B,40,,
,Ethylene oxide and carbon dioxide mixtures with not > 9% ethylene oxide,2.2,UN1952,,2.2,,306,304,"314, 315",75 kg,150 kg,A,,,
,Ethylene oxide and carbon dioxide mixture with > 87% ethylene oxide,2.3,UN3300,,"2.3, 2.1",4,None,304,"314, 315",Forbidden,Forbidden,D,40,,
,Ethylene oxide and chlorotetrafluoroethane mixture with not > 8.8% ethylene oxide,2.2,UN3297,,2.2,T50,306,304,"314, 315",75 kg,150 kg,A,,,
,"Ethylene oxide and dichlorodifluoromethane mixture, with not > 12.5% ethylene oxide",2.2,UN3070,,2.2,T50,306,304,"314, 315",75 kg,150 kg,A,,,
,Ethylene oxide and pentafluoroethane mixture with not > 7.9% ethylene oxide,2.2,UN3298,,2.2,T50,306,304,"314, 315",75 kg,150 kg,A,,,
,"Ethylene oxide and propylene oxide mixtures, with not > 30% ethylene oxide",3,UN2983,I,"3, 6.1","5, A11, N4, N34, T14, TP2, TP7, TP13",None,201,243,Forbidden,30 L,E,40,,
,Ethylene oxide and tetrafluoroethane mixture with not > 5.6% ethylene oxide,2.2,UN3299,,2.2,T50,306,304,"314, 315",75 kg,150 kg,A,,,
,Ethylene oxide or Ethylene oxide with nitrogen up to a total pressure of 1MPa (10 bar) at 50 degrees C,2.3,UN1040,,"2.3, 2.1","4, A59, T50, TP20",None,323,323,Forbidden,Forbidden,D,40,,
,"Ethylene, refrigerated liquid (cryogenic liquid)",2.1,UN1038,,2.1,"T75, TP5",None,316,"318, 319",Forbidden,Forbidden,D,40,,
,"Ethyl ether, see Diethyl ether",,,,,,,,,,,,,,
,Ethyl fluoride or Refrigerant gas R161,2.1,UN2453,,2.1,,306,304,"314, 315",Forbidden,150 kg,E,40,,
,Ethyl formate,3,UN1190,II,3,"IB2, T4, TP1",150,202,242,5 L,60 L,E,,,
,"Ethylhexaldehyde, see Octyl aldehydes etc",,,,,,,,,,,,,,
,2-Ethylhexylamine,3,UN2276,III,"3, 8","B1, IB3, T4, TP1",150,203,242,5 L,60 L,A,40,,
,2-Ethylhexyl chloroformate,6.1,UN2748,II,"6.1, 8","IB2, T7, TP2, TP13",153,202,243,1 L,30 L,A,"12, 13, 21, 25, 40, 100",,
,Ethyl hydroperoxide,Forbidden,,,,,,,,,,,,,
,Ethyl isobutyrate,3,UN2385,II,3,"IB2, T4, TP1",150,202,242,5 L,60 L,B,,,
+ ,Ethyl isocyanate,3,UN2481,I,"3, 6.1","1, B9, B14, B30, B72, T22, TP2, TP13, TP38, TP44",None,226,244,Forbidden,Forbidden,D,"40, 52",,
,Ethyl lactate,3,UN1192,III,3,"B1, IB3, T2, TP1",150,203,242,60 L,220 L,A,,,
,Ethyl mercaptan,3,UN2363,I,3,"A6, T11, TP2, TP13",None,201,243,Forbidden,30 L,E,"95, 102",,
,"Ethyl methacrylate, stabilized",3,UN2277,II,3,"IB2, T4, TP1",150,202,242,5 L,60 L,B,,,
,Ethyl methyl ether,2.1,UN1039,,2.1,,None,201,"314, 315",Forbidden,150 kg,B,40,,
,Ethyl methyl ketone or Methyl ethyl ketone,3,UN1193,II,3,"IB2, T4, TP1",150,202,242,5 L,60 L,B,,,
,N-Ethyl-N-benzylaniline,6.1,UN2274,III,6.1,"IB3, T4, TP1",153,203,241,60 L,220 L,A,,,
,Ethyl nitrite solutions,3,UN1194,I,"3, 6.1",,None,201,None,Forbidden,Forbidden,E,"40, 105",,
,Ethyl orthoformate,3,UN2524,III,3,"B1, IB3, T2, TP1",150,203,242,60 L,220 L,A,,,
,Ethyl oxalate,6.1,UN2525,III,6.1,"IB3, T4, TP1",153,203,241,60 L,220 L,A,,,
,Ethyl perchlorate,Forbidden,,,,,,,,,,,,,
,Ethylphenyldichlorosilane,8,UN2435,II,8,"A7, B2, IB2, N34, T7, TP2, TP13",None,202,242,Forbidden,30 L,C,,,
D ,"Ethyl phosphonothioic dichloride, anhydrous",6.1,NA2927,I,"6.1, 8","2, B9, B14, B32, B74, T20, TP4, TP12, TP13, TP38, TP45",None,227,244,Forbidden,Forbidden,D,40,,
D ,"Ethyl phosphonous dichloride, anhydrous pyrophoric liquid",6.1,NA2845,I,"6.1, 4.2","2, B9, B14, B32, B74, T20, TP4, TP12, TP13, TP38, TP45",None,227,244,Forbidden,Forbidden,D,18,,
D ,Ethyl phosphorodichloridate,6.1,NA2927,I,"6.1, 8","2, B9, B14, B32, B74, T20, TP4, TP12, TP13, TP38, TP45",None,227,244,Forbidden,Forbidden,D,40,,
,1-Ethylpiperidine,3,UN2386,II,"3, 8","IB2, T7, TP1",150,202,243,1 L,5 L,B,52,,
,Ethyl propionate,3,UN1195,II,3,"IB2, T4, TP1",150,202,242,5 L,60 L,B,,,
,Ethyl propyl ether,3,UN2615,II,3,"IB2, T4, TP1",150,202,242,5 L,60 L,E,,,
,"Ethyl silicate, see Tetraethyl silicate",,,,,,,,,,,,,,
,N-Ethyltoluidines,6.1,UN2754,II,6.1,"IB2, T7, TP2",153,202,243,5 L,60 L,A,,,
,Ethyltrichlorosilane,3,UN1196,II,"3, 8","A7, IB1, N34, T7, TP2, TP13",None,202,243,1 L,5 L,B,40,,
,"Etiologic agent, see Infectious substances, etc",,,,,,,,,,,,,,
,"Explosive articles, see Articles, explosive , n.o.s. etc",,,,,,,,,,,,,,
,"Explosive, blasting, type A",1.1D,UN0081,II,1.1D,,None,62,None,Forbidden,Forbidden,10,"19E, 21E",,
,"Explosive, blasting, type B",1.1D,UN0082,II,1.1D,,None,62,None,Forbidden,Forbidden,10,19E,,
,"Explosive, blasting, type B or Agent blasting, Type B",1.5D,UN0331,II,1.5D,"105, 106",None,62,None,Forbidden,Forbidden,10,19E,,
,"Explosive, blasting, type C",1.1D,UN0083,II,1.1D,123,None,62,None,Forbidden,Forbidden,10,22E,,
,"Explosive, blasting, type D",1.1D,UN0084,II,1.1D,,None,62,None,Forbidden,Forbidden,10,,,
,"Explosive, blasting, type E",1.1D,UN0241,II,1.1D,,None,62,None,Forbidden,Forbidden,10,19E,,
,"Explosive, blasting, type E or Agent blasting, Type E",1.5D,UN0332,II,1.5D,"105, 106",None,62,None,Forbidden,Forbidden,10,19E,,
,"Explosive, forbidden. See §173.54",Forbidden,,,,,,,,,,,,,
,"Explosives, slurry, see Explosive, blasting, type E",,,,,,,,,,,,,,
,"Explosive substances, see Substances, explosive, n.o.s. etc",,,,,,,,,,,,,,
,"Explosives, water gels, see Explosive, blasting, type E",,,,,,,,,,,,,,
,"Extracts, aromatic, liquid",3,UN1169,II,3,"149, IB2, T4, TP1, TP8",150,202,242,5 L,60 L,B,,,
,"Extracts, aromatic, liquid",3,UN1169,III,3,"B1, IB3, T2, TP1",150,203,242,60 L,220 L,A,,,
,"Extracts, flavoring, liquid",3,UN1197,II,3,"149, IB2, T4, TP1, TP8",150,202,242,5 L,60 L,B,,,
,"Extracts, flavoring, liquid",3,UN1197,III,3,"B1, IB3, T2, TP1",150,203,242,60 L,220 L,A,,,
,"Fabric with animal or vegetable oil, see Fibers or fabrics, etc",,,,,,,,,,,,,,
,Ferric arsenate,6.1,UN1606,II,6.1,"IB8, IP2, IP4, T3, TP33",153,212,242,25 kg,100 kg,A,,,
,Ferric arsenite,6.1,UN1607,II,6.1,"IB8, IP2, IP4, T3, TP33",153,212,242,25 kg,100 kg,A,,,
,"Ferric chloride, anhydrous",8,UN1773,III,8,"IB8, IP3, T1, TP33",154,213,240,25 kg,100 kg,A,,,
,"Ferric chloride, solution",8,UN2582,III,8,"B15, IB3, T4, TP1",154,203,241,5 L,60 L,A,,,
,Ferric nitrate,5.1,UN1466,III,5.1,"A1, A29, IB8, IP3, T1, TP33",152,213,240,25 kg,100 kg,A,,,
,Ferrocerium,4.1,UN1323,II,4.1,"59, A19, IB8, IP2, IP4, T3, TP33",151,212,240,15 kg,50 kg,A,,,
,Ferrosilicon with 30% or more but < 90% silicon,4.3,UN1408,III,"4.3, 6.1","A1, A19, B6, IB8, IP4, IP7, T1, TP33",151,213,240,25 kg,100 kg,A,"13, 40, 52, 53, 85, 103",,
,Ferrous arsenate,6.1,UN1608,II,6.1,"IB8, IP2, IP4, T3, TP33",153,212,242,25 kg,100 kg,A,,,
D ,"Ferrous chloride, solid",8,NA1759,II,8,"IB8, IP2, IP4, T3, TP33",154,212,240,15 kg,50 kg,A,,,
D ,"Ferrous chloride, solution",8,NA1760,II,8,"B3, IB2, T11, TP2, TP27",154,202,242,1 L,30 L,B,40,,
,Ferrous metal borings or Ferrous metal shavings or Ferrous metal turnings or Ferrous metal cuttings in a form liable to self-heating,4.2,UN2793,III,4.2,"A1, A19, IB8, IP3, IP7",None,213,241,25 kg,100 kg,A,,,
,Fertilizer ammoniating solution with free ammonia,2.2,UN1043,,2.2,N87,306,304,"314, 315",Forbidden,150 kg,E,40,,
A I W ,"Fibers, animal or Fibers, vegetable burnt, wet or damp.",4.2,UN1372,III,4.2,,151,213,240,Forbidden,Forbidden,A,,,
A W ,"Fibers or Fabrics, animal or vegetable or Synthetic, n.o.s. with animal or vegetable oil",4.2,UN1373,III,4.2,"137, IB8, IP3, T1, TP33",None,213,241,Forbidden,Forbidden,A,,,
,"Fibers or Fabrics impregnated with weakly nitrated nitrocellulose, n.o.s.",4.1,UN1353,III,4.1,"A1, IB8, IP3",None,213,240,25 kg,100 kg,D,,,
I W ,"Fibers, vegetable, dry",4.1,UN3360,III,4.1,137,151,213,240,No Limit,No Limit,A,,,
,"Films, nitrocellulose base, from which gelatine has been removed; film scrap, see Celluloid scrap",,,,,,,,,,,,,,
,"Films, nitrocellulose base, gelatine coated (except scrap)",4.1,UN1324,III,4.1,,None,183,None,25 kg,100 kg,D,28,,
,"Fire extinguisher charges, corrosive liquid",8,UN1774,II,8,N41,154,202,None,1 L,30 L,A,,,
,"Fire extinguisher charges, expelling, explosive, see Cartridges, power device",,,,,,,,,,,,,,
,Fire extinguishers containing compressed or liquefied gas,2.2,UN1044,,2.2,"18, 110",309,309,None,75 kg,150 kg,A,,,
,"Firelighters, solid with flammable liquid",4.1,UN2623,III,4.1,"A1, A19",None,213,None,25 kg,100 kg,A,52,,
,Fireworks,1.4G,UN0336,II,1.4G,108,None,62,None,Forbidden,75 kg,6,,,
,Fireworks,1.4S,UN0337,II,1.4S,108,None,62,None,25 kg,100 kg,5,,,
,Fireworks,1.2G,UN0334,II,1.2G,108,None,62,None,Forbidden,Forbidden,7,,,
,Fireworks,1.1G,UN0333,II,1.1G,108,None,62,None,Forbidden,Forbidden,7,,,
,Fireworks,1.3G,UN0335,II,1.3G,108,None,62,None,Forbidden,Forbidden,7,,,
,First aid kits,9,UN3316,,9,15,161,161,None,10 kg,10 kg,A,,,
W ,"Fish meal, stabilized or Fish scrap, stabilized",9,UN2216,III,None,"155, IB8, IP3, T1, TP33",155,218,218,No limit,No limit,B,"88, 122, 128",,
,"Fish meal, unstablized or Fish scrap, unstabilized",4.2,UN1374,II,4.2,"155, A1, A19, IB8, IP2, IP4, T3, TP33",None,212,241,15 kg,50 kg,B,"18, 128",,
,"Flammable compressed gas, see Compressed or Liquefied gas, flammable, etc",,,,,,,,,,,,,,
,"Flammable compressed gas (small receptacles not fitted with a dispersion device, not refillable), see Receptacles, etc",,,,,,,,,,,,,,
,"Flammable gas in lighters, see Lighters or lighter refills, cigarettes, containing flammable gas",,,,,,,,,,,,,,
G ,"Flammable liquids, corrosive, n.o.s.",3,UN2924,I,"3, 8","T14, TP2",None,201,243,0.5 L,2.5 L,E,40,,
G ,"Flammable liquids, corrosive, n.o.s.",3,UN2924,II,"3, 8","IB2, T11, TP2, TP27",150,202,243,1 L,5 L,B,40,,
G ,"Flammable liquids, corrosive, n.o.s.",3,UN2924,III,"3, 8","B1, IB3, T7, TP1, TP28",150,203,242,5 L,60 L,A,40,,
G ,"Flammable liquids, n.o.s.",3,UN1993,II,3,"IB2, T7, TP1, TP8, TP28",150,202,242,5 L,60 L,B,,,
G ,"Flammable liquids, n.o.s.",3,UN1993,III,3,"B1, B52, IB3, T4, TP1, TP29",150,203,242,60 L,220 L,A,,,
G ,"Flammable liquids, n.o.s.",3,UN1993,I,3,"T11, TP1, TP27",150,201,243,1 L,30 L,E,,,
G ,"Flammable liquids, toxic, n.o.s.",3,UN1992,I,"3, 6.1","T14, TP2, TP13, TP27",None,201,243,Forbidden,30 L,E,40,,
G ,"Flammable liquids, toxic, n.o.s.",3,UN1992,II,"3, 6.1","IB2, T7, TP2, TP13",150,202,243,1 L,60 L,B,40,,
G ,"Flammable liquids, toxic, n.o.s.",3,UN1992,III,"3, 6.1","B1, IB3, T7, TP1, TP28",150,203,242,60 L,220 L,A,,,
G ,"Flammable liquid, toxic, corrosive, n.o.s.",3,UN3286,I,"3, 6.1, 8","T14, TP2, TP13, TP27",None,201,243,Forbidden,2.5 L,E,"21, 40, 100",,
G ,"Flammable liquid, toxic, corrosive, n.o.s.",3,UN3286,II,"3, 6.1, 8","IB2, T11, TP2, TP13, TP27",150,202,243,1 L,5 L,B,"21, 40, 100",,
G ,"Flammable solid, corrosive, inorganic, n.o.s.",4.1,UN3180,II,"4.1, 8","A1, IB6, IP2, T3, TP33",151,212,242,15 kg,50 kg,D,40,,
G ,"Flammable solid, corrosive, inorganic, n.o.s.",4.1,UN3180,III,"4.1, 8","A1, IB6, T1, TP33",151,213,242,25 kg,100 kg,D,40,,
G ,"Flammable solid, inorganic, n.o.s.",4.1,UN3178,II,4.1,"A1, IB8, IP2, IP4, T3, TP33",151,212,240,15 kg,50 kg,B,,,
G ,"Flammable solid, inorganic, n.o.s.",4.1,UN3178,III,4.1,"A1, IB8, IP3, T1, TP33",151,213,240,25 kg,100 kg,B,,,
G ,"Flammable solid, organic, molten, n.o.s.",4.1,UN3176,II,4.1,"IB1, T3, TP3, TP26",151,212,240,Forbidden,Forbidden,C,,,
G ,"Flammable solid, organic, molten, n.o.s.",4.1,UN3176,III,4.1,"IB1, T1, TP3, TP26",151,213,240,Forbidden,Forbidden,C,,,
G ,"Flammable solid, oxidizing, n.o.s.",4.1,UN3097,II,"4.1, 5.1",131,None,214,214,Forbidden,Forbidden,E,40,,
G ,"Flammable solid, oxidizing, n.o.s.",4.1,UN3097,III,"4.1, 5.1","131, T1, TP33",None,214,214,Forbidden,Forbidden,D,40,,
G ,"Flammable solids, corrosive, organic, n.o.s.",4.1,UN2925,II,"4.1, 8","A1, IB6, IP2, T3, TP33",None,212,242,15 kg,50 kg,D,40,,
G ,"Flammable solids, corrosive, organic, n.o.s.",4.1,UN2925,III,"4.1, 8","A1, IB6, T1, TP33",151,213,242,25 kg,100 kg,D,40,,
G ,"Flammable solids, organic, n.o.s.",4.1,UN1325,II,4.1,"A1, IB8, IP2, IP4, T3, TP33",151,212,240,15 kg,50 kg,B,,,
G ,"Flammable solids, organic, n.o.s.",4.1,UN1325,III,4.1,"A1, IB8, IP3, T1, TP33",151,213,240,25 kg,100 kg,B,,,
G ,"Flammable solids, toxic, organic, n.o.s.",4.1,UN2926,II,"4.1, 6.1","A1, IB6, IP2, T3, TP33",151,212,242,15 kg,50 kg,B,40,,
G ,"Flammable solids, toxic, organic, n.o.s.",4.1,UN2926,III,"4.1, 6.1","A1, IB6, T1, TP33",151,213,242,25 kg,100 kg,B,40,,
G ,"Flammable solid, toxic, inorganic, n.o.s.",4.1,UN3179,II,"4.1, 6.1","A1, IB6, IP2, T3, TP33",151,212,242,15 kg,50 kg,B,40,,
G ,"Flammable solid, toxic, inorganic, n.o.s.",4.1,UN3179,III,"4.1, 6.1","A1, IB6, T1, TP33",151,213,242,25 kg,100 kg,B,40,,
,"Flares, aerial",1.2G,UN0421,II,1.2G,,None,62,None,Forbidden,Forbidden,7,,,
,"Flares, aerial",1.3G,UN0093,II,1.3G,,None,62,None,Forbidden,75 kg,7,,,
,"Flares, aerial",1.4S,UN0404,II,1.4S,,None,62,None,25 kg,100 kg,5,,,
,"Flares, aerial",1.4G,UN0403,II,1.4G,,None,62,None,Forbidden,75 kg,6,,,
,"Flares, aerial",1.1G,UN0420,II,1.1G,,None,62,None,Forbidden,Forbidden,7,,,
,"Flares, airplane, see Flares, aerial",,,,,,,,,,,,,,
,"Flares, signal, see Cartridges, signal",,,,,,,,,,,,,,
,"Flares, surface",1.3G,UN0092,II,1.3G,,None,62,None,Forbidden,75 kg,7,,,
,"Flares, surface",1.1G,UN0418,II,1.1G,,None,62,None,Forbidden,Forbidden,7,,,
,"Flares, surface",1.2G,UN0419,II,1.2G,,None,62,None,Forbidden,Forbidden,7,,,
,"Flares, water-activated, see Contrivances, water-activated, etc",,,,,,,,,,,,,,
,Flash powder,1.3G,UN0305,II,1.3G,,None,62,None,Forbidden,Forbidden,15,,,
,Flash powder,1.1G,UN0094,II,1.1G,,None,62,None,Forbidden,Forbidden,15,,,
,"Flue dusts, poisonous, see Arsenical dust",,,,,,,,,,,,,,
,"Fluoric acid, see Hydrofluoric acid, etc",,,,,,,,,,,,,,
,"Fluorine, compressed",2.3,UN1045,,"2.3, 5.1, 8","1, N86",None,302,None,Forbidden,Forbidden,D,"40, 89, 90",,
,Fluoroacetic acid,6.1,UN2642,I,6.1,"IB7, IP1, T6, TP33",None,211,242,1 kg,15 kg,E,,,
,Fluoroanilines,6.1,UN2941,III,6.1,"IB3, T4, TP1",153,203,241,60 L,220 L,A,,,
,Fluorobenzene,3,UN2387,II,3,"IB2, T4, TP1",150,202,242,5 L,60 L,B,,,
,Fluoroboric acid,8,UN1775,II,8,"A6, A7, B2, B15, IB2, N3, N34, T7, TP2",154,202,242,1 L,30 L,A,,,
,Fluorophosphoric acid anhydrous,8,UN1776,II,8,"A6, A7, B2, IB2, N3, N34, T8, TP2, TP12",None,202,242,1 L,30 L,A,,,
,"Fluorosilicates, n.o.s.",6.1,UN2856,III,6.1,"IB8, IP3, T1, TP33",153,213,240,100 kg,200 kg,A,52,,
,Fluorosilicic acid,8,UN1778,II,8,"A6, A7, B2, B15, IB2, N3, N34, T8, TP2, TP12",None,202,242,1 L,30 L,A,,,
,Fluorosulfonic acid,8,UN1777,I,8,"A3, A6, A7, A10, B6, B10, N3, N36, T10, TP2, TP12",None,201,243,0.5 L,2.5 L,D,40,,
,Fluorotoluenes,3,UN2388,II,3,"IB2, T4, TP1",150,202,242,5 L,60 L,B,40,,
,Forbidden materials. See §173.21,Forbidden,,,,,,,,,,,,,
,"Formaldehyde, solutions, flammable",3,UN1198,III,"3, 8","B1, IB3, T4, TP1",150,203,242,5 L,60 L,A,40,,
,"Formaldehyde, solutions, with not < 25% formaldehyde",8,UN2209,III,8,"IB3, T4, TP1",154,203,241,5 L,60 L,A,,,
,"Formalin, see Formaldehyde, solutions",,,,,,,,,,,,,,
,Formic acid with > 85% acid by mass,8,UN1779,II,"8, 3","B2, B28, IB2, T7, TP2",154,202,242,1 L,30 L,A,40,,
,Formic acid with not < 10% but not > 85% acid by mass,8,UN3412,II,8,"IB2, T7, TP2",154,202,242,1 L,30 L,A,40,,
,Formic acid with not < 5% but < 10% acid by mass,8,UN3412,III,8,"IB3, T4, TP1",154,203,241,5 L,60 L,A,40,,
,"Fracturing devices, explosive, without detonators for oil wells",1.1D,UN0099,II,1.1D,,None,62,None,Forbidden,Forbidden,7,,,
,"Fuel, aviation, turbine engine",3,UN1863,I,3,"144, T11, TP1, TP8, TP28",150,201,243,1 L,30 L,E,,,
,"Fuel, aviation, turbine engine",3,UN1863,II,3,"144, IB2, T4, TP1, TP8",150,202,242,5 L,60 L,B,,,
,"Fuel, aviation, turbine engine",3,UN1863,III,3,"144, B1, IB3, T2, TP1",150,203,242,60 L,220 L,A,,,
,Fuel cell cartridges containing flammable liquids,3,UN3473,II,3,,150,230,None,5 L,60 L,A,,,
D ,"Fuel oil (No. 1, 2, 4, 5, or 6)",3,NA1993,III,3,"144, B1, IB3, T4, TP1, TP29",150,203,242,60 L,220 L,A,,,
,"Fuel system components (including fuel control units (FCU), carburetors, fuel lines, fuel pumps) see Dangerous Goods in Apparatus or Dangerous Goods in Machinery",,,,,,,,,,,,,,
,Fulminate of mercury (dry),Forbidden,,,,,,,,,,,,,
,"Fulminate of mercury, wet, see Mercury fulminate, etc",,,,,,,,,,,,,,
,Fulminating gold,Forbidden,,,,,,,,,,,,,
,Fulminating mercury,Forbidden,,,,,,,,,,,,,
,Fulminating platinum,Forbidden,,,,,,,,,,,,,
,Fulminating silver,Forbidden,,,,,,,,,,,,,
,Fulminic acid,Forbidden,,,,,,,,,,,,,
,Fumaryl chloride,8,UN1780,II,8,"B2, IB2, T7, TP2",154,202,242,1 L,30 L,C,"8, 40",,
,"Fumigated lading, see §§172.302(g), 173.9 and 176.76(h)",,,,,,,,,,,,,,
,Fumigated transport vehicle or freight container see §173.9,,,,,,,,,,,,,,
,Furaldehydes,6.1,UN1199,II,"6.1, 3","IB2, T7, TP2",153,202,243,5 L,60 L,A,,,
,Furan,3,UN2389,I,3,"T12, TP2, TP13",None,201,243,1 L,30 L,E,40,,
,Furfuryl alcohol,6.1,UN2874,III,6.1,"IB3, T4, TP1",153,203,241,60 L,220 L,A,"52, 74",,
,Furfurylamine,3,UN2526,III,"3, 8","B1, IB3, T4, TP1",150,203,242,5 L,60 L,A,40,,
,"Fuse, detonating, metal clad, see Cord, detonating, metal clad",,,,,,,,,,,,,,
,"Fuse, detonating, mild effect, metal clad, see Cord, detonating, mild effect, metal clad",,,,,,,,,,,,,,
D ,Fusee (railway or highway),4.1,NA1325,II,4.1,,None,184,None,15 kg,50 kg,B,,,
,"Fuse, igniter tubular metal clad",1.4G,UN0103,II,1.4G,,None,62,None,Forbidden,75 kg,6,,,
,Fusel oil,3,UN1201,II,3,"IB2, T4, TP1",150,202,242,5 L,60 L,B,,,
,Fusel oil,3,UN1201,III,3,"B1, IB3, T2, TP1",150,203,242,60 L,220 L,A,,,
,"Fuse, non-detonating instantaneous or quickmatch",1.3G,UN0101,II,1.3G,,None,62,None,Forbidden,Forbidden,7,,,
,"Fuse, safety",1.4S,UN0105,II,1.4S,,None,62,None,25 kg,100 kg,5,,,
,"Fuses, tracer, see Tracers for ammunition",,,,,,,,,,,,,,
,"Fuzes, combination, percussion and time, see Fuzes, detonating (UN0257, UN0367); Fuzes, igniting (UN0317, UN0368)",,,,,,,,,,,,,,
,"Fuzes, detonating",1.4B,UN0257,II,1.4B,116,None,62,None,Forbidden,75 kg,6,,,
,"Fuzes, detonating",1.4S,UN0367,II,1.4S,116,None,62,None,25 kg,100 kg,5,,,
,"Fuzes, detonating",1.1B,UN0106,II,1.1B,,None,62,None,Forbidden,Forbidden,11,,,
,"Fuzes, detonating",1.2B,UN0107,II,1.2B,,None,62,None,Forbidden,Forbidden,11,,,
,"Fuzes, detonating, with protective features",1.2D,UN0409,II,1.2D,,None,62,None,Forbidden,Forbidden,7,,,
,"Fuzes, detonating, with protective features",1.4D,UN0410,II,1.4D,116,None,62,None,Forbidden,75 kg,6,,,
,"Fuzes, detonating, with protective features",1.1D,UN0408,II,1.1D,,None,62,None,Forbidden,Forbidden,7,,,
,"Fuzes, igniting",1.4S,UN0368,II,1.4S,,None,62,None,25 kg,100 kg,5,,,
,"Fuzes, igniting",1.3G,UN0316,II,1.3G,,None,62,None,Forbidden,Forbidden,7,,,
,"Fuzes, igniting",1.4G,UN0317,II,1.4G,,None,62,None,Forbidden,75 kg,6,,,
,Galactsan trinitrate,Forbidden,,,,,,,,,,,,,
,Gallium,8,UN2803,III,8,"T1, TP33",None,162,240,20 kg,20 kg,B,48,,
,"Gas cartridges, (flammable) without a release device, non-refillable",2.1,UN2037,,2.1,,306,304,None,1 kg,15 kg,B,40,,
,"Gas generator assemblies (aircraft), containing a non-flammable non-toxic gas and a propellant cartridge",2.2,,,2.2,,None,335,None,75 kg,150 kg,A,,,
D ,Gas identification set,2.3,NA9035,,2.3,6,None,194,None,Forbidden,Forbidden,D,,,
D ,"Gasohol gasoline mixed with ethyl alcohol, with not > 20% alcohol",3,NA1203,II,3,144,150,202,242,5 L,60 L,E,,,
,Gas oil,3,UN1202,III,3,"144, B1, IB3, T2, TP1",150,203,242,60 L,220 L,A,,,
,Gasoline,3,UN1203,II,3,"144, B1, B33, T8",150,202,242,5 L,60 L,E,,,
,"Gasoline, casinghead, see Gasoline",,,,,,,,,,,,,,
G ,"Gas, refrigerated liquid, flammable, n.o.s. (cryogenic liquid)",2.1,UN3312,,2.1,"T75, TP5",None,316,318,Forbidden,Forbidden,D,40,,
G ,"Gas, refrigerated liquid, n.o.s. (cryogenic liquid)",2.2,UN3158,,2.2,"T75, TP5",320,316,318,50 kg,500 kg,D,,,
G ,"Gas, refrigerated liquid, oxidizing, n.o.s. (cryogenic liquid)",2.2,UN3311,,"2.2, 5.1","T75, TP5, TP22",320,316,318,Forbidden,Forbidden,D,,,
,"Gas sample, non-pressurized, flammable, n.o.s., not refrigerated liquid",2.1,UN3167,,2.1,,306,"302, 304",None,1 L,5 L,D,,,
,"Gas sample, non-pressurized, toxic, flammable, n.o.s., not refrigerated liquid",2.3,UN3168,,"2.3, 2.1",6,306,302,None,Forbidden,1 L,D,,,
,"Gas sample, non-pressurized, toxic, n.o.s., not refrigerated liquid",2.3,UN3169,,2.3,6,306,"302, 304",None,Forbidden,1 L,D,,,
,"Gelatine, blasting, see Explosive, blasting, type A",,,,,,,,,,,,,,
,"Gelatine dynamites, see Explosive, blasting, type A",,,,,,,,,,,,,,
,Germane,2.3,UN2192,,"2.3, 2.1",2,None,302,245,Forbidden,Forbidden,D,40,,
,"Glycerol-1,3-dinitrate",Forbidden,,,,,,,,,,,,,
,Glycerol alpha-monochlorohydrin,6.1,UN2689,III,6.1,"IB3, T4, TP1",153,203,241,60 L,220 L,A,,,
,Glycerol gluconate trinitrate,Forbidden,,,,,,,,,,,,,
,Glycerol lactate trinitrate,Forbidden,,,,,,,,,,,,,
,"Glyceryl trinitrate, see Nitroglycerin, etc",,,,,,,,,,,,,,
,Glycidaldehyde,3,UN2622,II,"3, 6.1","IB2, IP8, T7, TP1",150,202,243,1 L,60 L,A,40,,
,"Grenades, hand or rifle, with bursting charge",1.1D,UN0284,II,1.1D,,,62,None,Forbidden,Forbidden,7,,,
,"Grenades, hand or rifle, with bursting charge",1.2D,UN0285,II,1.2D,,,62,None,Forbidden,Forbidden,7,,,
,"Grenades, hand or rifle, with bursting charge",1.1F,UN0292,II,1.1F,,,62,None,Forbidden,Forbidden,8,,,
,"Grenades, hand or rifle, with bursting charge",1.2F,UN0293,II,1.2F,,,62,None,Forbidden,Forbidden,8,,,
,"Grenades, illuminating, see Ammunition, illuminating, etc",,,,,,,,,,,,,,
,"Grenades, practice, hand or rifle",1.4S,UN0110,II,1.4S,,,62,None,25 kg,100 kg,5,,,
,"Grenades, practice, hand or rifle",1.3G,UN0318,II,1.3G,,,62,None,Forbidden,Forbidden,7,,,
,"Grenades, practice, hand or rifle",1.2G,UN0372,II,1.2G,,,62,None,Forbidden,Forbidden,7,,,
,Grenades practice Hand or rifle,1.4G,UN0452,II,1.4G,,,62,None,Forbidden,75 kg,6,,,
,"Grenades, smoke, see Ammunition, smoke, etc",,,,,,,,,,,,,,
,Guanidine nitrate,5.1,UN1467,III,5.1,"A1, IB8, IP3, T1, TP33",152,213,240,25 kg,100 kg,A,73,,
,Guanyl nitrosaminoguanylidene hydrazine (dry),Forbidden,,,,,,,,,,,,,
,"Guanyl nitrosaminoguanylidene hydrazine, wetted with not < 30% water, by mass",1.1A,UN0113,II,1.1A,"111, 117",None,62,None,Forbidden,Forbidden,12,,,
,Guanyl nitrosaminoguanyltetrazene (dry),Forbidden,,,,,,,,,,,,,
,"Guanyl nitrosaminoguanyltetrazene, wetted or Tetrazene, wetted with not < 30% water or mixture of alcohol and water, by mass",1.1A,UN0114,II,1.1A,"111, 117",None,62,None,Forbidden,Forbidden,12,,,
,"Gunpowder, compressed or Gunpowder in pellets, see Black powder (UN 0028)",,,,,,,,,,,,,,
,"Gunpowder, granular or as a meal, see Black powder (UN 0027)",,,,,,,,,,,,,,
,"Hafnium powder, dry",4.2,UN2545,II,4.2,"A19, A20, IB6, IP2, N34, T3, TP33",None,212,241,15 kg,50 kg,D,,,
,"Hafnium powder, dry",4.2,UN2545,III,4.2,"IB8, IP3, T1, TP33",None,213,241,25 kg,100 kg,D,,,
,"Hafnium powder, dry",4.2,UN2545,I,4.2,,None,211,242,Forbidden,Forbidden,D,,,
,"Hafnium powder, wetted with not < 25% water (a visible excess of water must be present) (a) mechanically produced, particle size < 53 microns; (b) chemically produced, particle size < 840 microns",4.1,UN1326,II,4.1,"A6, A19, A20, IB6, IP2, N34, T3, TP33",None,212,241,15 kg,50 kg,E,74,,
,"Hand signal device, see Signal devices, hand",,,,,,,,,,,,,,
,"Hazardous substances, liquid or solid, n.o.s., see Environmentally hazardous substances, etc",,,,,,,,,,,,,,
D G ,"Hazardous waste, liquid, n.o.s.",9,NA3082,III,9,"IB3, T2, TP1",155,203,241,No limit,No limit,A,,,
D G ,"Hazardous waste, solid, n.o.s.",9,NA3077,III,9,"B54, IB8, IP2, T1, TP33",155,213,240,No limit,No limit,A,,,
,"Heating oil, light",3,UN1202,III,3,"B1, IB3, T2, TP1",150,203,242,60 L,220 L,A,,,
,"Helium, compressed",2.2,UN1046,,2.2,,306,302,"302, 314",75 kg,150 kg,A,85,,
,"Helium, refrigerated liquid (cryogenic liquid)",2.2,UN1963,,2.2,"T75, TP5",320,316,318,50 kg,500 kg,B,,,
,Heptafluoropropane or Refrigerant gas R 227,2.2,UN3296,,2.2,T50,306,304,"314, 315",75 kg,150 kg,A,,,
,n-Heptaldehyde,3,UN3056,III,3,"B1, IB3, T2, TP1",150,203,242,60 L,220 L,A,,,
,Heptanes,3,UN1206,II,3,"IB2, T4, TP1",150,202,242,5 L,60 L,B,,,
,n-Heptene,3,UN2278,II,3,"IB2, T4, TP1",150,202,242,5 L,60 L,B,,,
,Hexachloroacetone,6.1,UN2661,III,6.1,"IB3, T4, TP1",153,203,241,60 L,220 L,B,"12, 40",,
,Hexachlorobenzene,6.1,UN2729,III,6.1,"B3, IB8, IP3, T1, TP33",153,203,241,60 L,220 L,A,,,
,Hexachlorobutadiene,6.1,UN2279,III,6.1,"IB3, T4, TP1",153,203,241,60 L,220 L,A,,,
,Hexachlorocyclopentadiene,6.1,UN2646,I,6.1,"2, B9, B14, B32, B74, B77, T20, TP2, TP13, TP38, TP45",None,227,244,Forbidden,Forbidden,D,40,,
,Hexachlorophene,6.1,UN2875,III,6.1,"IB8, IP3, T1, TP33",153,213,240,100 kg,200 kg,A,,,
,Hexadecyltrichlorosilane,8,UN1781,II,8,"A7, B2, B6, IB2, N34, T7, TP2",None,202,242,Forbidden,30 L,C,40,,
,Hexadienes,3,UN2458,II,3,"IB2, T4, TP1",None,202,242,5 L,60 L,B,,,
,Hexaethyl tetraphosphate and compressed gas mixtures,2.3,UN1612,,2.3,3,None,334,None,Forbidden,Forbidden,D,40,,
,"Hexaethyl tetraphosphate, liquid",6.1,UN1611,II,6.1,"IB2, N76, T7, TP2",153,202,243,5 L,60 L,E,40,,
,"Hexaethyl tetraphosphate, solid",6.1,UN1611,II,6.1,"IB8, IP2, IP4, N76",153,212,242,25 kg,100 kg,E,40,,
,Hexafluoroacetone,2.3,UN2420,,"2.3, 8","2, B9, B14",None,304,"314, 315",Forbidden,Forbidden,D,40,,
,"Hexafluoroacetone hydrate, liquid",6.1,UN2552,II,6.1,"IB2, T7, TP2",153,202,243,5 L,60 L,B,40,,
,"Hexafluoroacetone hydrate, solid",6.1,UN3436,II,6.1,"IB8, IP2, IP4, T3, TP33",153,212,242,25 kg,100 kg,B,40,,
,"Hexafluoroethane, or Refrigerant gas R 116",2.2,UN2193,,2.2,,306,304,"314, 315",75 kg,150 kg,A,,,
,Hexafluorophosphoric acid,8,UN1782,II,8,"A6, A7, B2, IB2, N3, N34, T8, TP2, TP12",None,202,242,1 L,30 L,A,,,
,Hexafluoropropylene compressed or Refrigerant gas R 1216,2.2,UN1858,,2.2,T50,306,304,"314, 315",75 kg,150 kg,A,,,
,Hexaldehyde,3,UN1207,III,3,"B1, IB3, T2, TP1",150,203,242,60 L,220 L,A,,,
,"Hexamethylenediamine, solid",8,UN2280,III,8,"IB8, IP3, T1, TP33",154,213,240,25 kg,100 kg,A,12,,
,Hexamethylenediamine solution,8,UN1783,II,8,"IB2, T7, TP2",None,202,242,1 L,30 L,A,,,
,Hexamethylenediamine solution,8,UN1783,III,8,"IB3, T4, TP1",154,203,241,5 L,60 L,A,,,
,Hexamethylene diisocyanate,6.1,UN2281,II,6.1,"IB2, T7, TP2, TP13",153,202,243,5 L,60 L,C,"13, 40",,
,Hexamethyleneimine,3,UN2493,II,"3, 8","IB2, T7, TP1",150,202,243,1 L,5 L,B,40,,
,Hexamethylenetetramine,4.1,UN1328,III,4.1,"A1, IB8, IP3, T1, TP33",151,213,240,25 kg,100 kg,A,,,
,Hexamethylene triperoxide diamine (dry),Forbidden,,,,,,,,,,,,,
,Hexamethylol benzene hexanitrate,Forbidden,,,,,,,,,,,,,
,Hexanes,3,UN1208,II,3,"IB2, T4, TP1",150,202,242,5 L,60 L,E,,,
,"2,2',4,4',6,6'- Hexanitro-3,3'-dihydroxyazobenzene (dry)",Forbidden,,,,,,,,,,,,,
,Hexanitroazoxy benzene,Forbidden,,,,,,,,,,,,,
,"2,2',3',4,4',6-Hexanitrodiphenylamine",Forbidden,,,,,,,,,,,,,
,Hexanitrodiphenylamine or Dipicrylamine or Hexyl,1.1D,UN0079,II,1.1D,,None,62,None,Forbidden,Forbidden,10,,,
,"2,3',4,4',6,6'-Hexanitrodiphenylether",Forbidden,,,,,,,,,,,,,
,"N,N'-(hexanitrodiphenyl) ethylene dinitramine (dry)",Forbidden,,,,,,,,,,,,,
,Hexanitrodiphenyl urea,Forbidden,,,,,,,,,,,,,
,Hexanitroethane,Forbidden,,,,,,,,,,,,,
,Hexanitrooxanilide,Forbidden,,,,,,,,,,,,,
,Hexanitrostilbene,1.1D,UN0392,II,1.1D,,None,62,None,Forbidden,Forbidden,10,,,
,"Hexanoic acid, see Corrosive liquids, n.o.s.",,,,,,,,,,,,,,
,Hexanols,3,UN2282,III,3,"B1, IB3, T2, TP1",150,203,242,60 L,220 L,A,74,,
,1-Hexene,3,UN2370,II,3,"IB2, T4, TP1",150,202,242,5 L,60 L,E,,,
,"Hexogen and cyclotetramethylenetetranitramine mixtures, wetted or desensitized see RDX and HMX mixtures, wetted or desensitized etc",,,,,,,,,,,,,,
,"Hexogen and HMX mixtures, wetted or desensitized see RDX and HMX mixtures, wetted or desensitized etc",,,,,,,,,,,,,,
,"Hexogen and octogen mixtures, wetted or desensitized see RDX and HMX mixtures, wetted or desensitized etc",,,,,,,,,,,,,,
,"Hexogen, see Cyclotrimethylenetrinitramine, etc",,,,,,,,,,,,,,
,"Hexolite, or Hexotol dry or wetted with < 15% water, by mass",1.1D,UN0118,II,1.1D,,None,62,None,Forbidden,Forbidden,10,,,
,Hexotonal,1.1D,UN0393,II,1.1D,,None,62,None,Forbidden,Forbidden,10,,,
,"Hexyl, see Hexanitrodiphenylamine",,,,,,,,,,,,,,
,Hexyltrichlorosilane,8,UN1784,II,8,"A7, B2, B6, IB2, N34, T7, TP2, TP13",None,202,242,Forbidden,30 L,C,40,,
,"High explosives, see individual explosives' entries",,,,,,,,,,,,,,
,"HMX, see Cyclotetramethylenete tranitramine, etc",,,,,,,,,,,,,,
,"Hydrazine, anhydrous",8,UN2029,I,"8, 3, 6.1","A3, A6, A7, A10, B7, B16, B53",None,201,243,Forbidden,2.5 L,D,"40, 52, 125",,
,"Hydrazine aqueous solution, with > 37% hydrazine, by mass",8,UN2030,I,"8, 6.1","B16, B53, T10, TP2, TP13",None,201,243,Forbidden,2.5 L,D,"40, 52",,
,"Hydrazine aqueous solution, with > 37% hydrazine, by mass",8,UN2030,II,"8, 6.1","B16, B53, IB2, T7, TP2, TP13",None,202,243,Forbidden,30 L,D,"40, 52",,
,"Hydrazine aqueous solution, with > 37% hydrazine, by mass",8,UN2030,III,"8, 6.1","B16, B53, IB3, T4, TP2",154,203,241,5 L,60 L,D,"40, 52",,
,"Hydrazine, aqueous solution with not > 37% hydrazine, by mass",6.1,UN3293,III,6.1,"IB3, T4, TP1",153,203,241,60 L,220 L,A,52,,
,Hydrazine azide,Forbidden,,,,,,,,,,,,,
,Hydrazine chlorate,Forbidden,,,,,,,,,,,,,
,Hydrazine dicarbonic acid diazide,Forbidden,,,,,,,,,,,,,
,Hydrazine perchlorate,Forbidden,,,,,,,,,,,,,
,Hydrazine selenate,Forbidden,,,,,,,,,,,,,
,Hydriodic acid,8,UN1787,II,8,"A3, A6, B2, IB2, N41, T7, TP2",154,202,242,1 L,30 L,C,,,
,Hydriodic acid,8,UN1787,III,8,"IB3, T4, TP1",154,203,241,5 L,60 L,C,8,,
,"Hydriodic acid, anhydrous, see Hydrogen iodide, anhydrous",,,,,,,,,,,,,,
,"Hydrobromic acid, anhydrous, see Hydrogen bromide, anhydrous",,,,,,,,,,,,,,
,"Hydrobromic acid, with > 49% hydrobromic acid",8,UN1788,II,8,"B2, B15, IB2, N41, T7, TP2",154,202,242,Forbidden,Forbidden,C,,,
,"Hydrobromic acid, with > 49% hydrobromic acid",8,UN1788,III,8,"IB3, T4, TP1",154,203,241,Forbidden,Forbidden,C,8,,
,"Hydrobromic acid, with not > 49% hydrobromic acid",8,UN1788,II,8,"A3, A6, B2, B15, IB2, N41, T7, TP2",154,202,242,1 L,30 L,C,,,
,"Hydrobromic acid, with not > 49% hydrobromic acid",8,UN1788,III,8,"A3, IB3, T4, TP1",154,203,241,5 L,60 L,C,8,,
,"Hydrocarbon gas mixture, compressed, n.o.s.",2.1,UN1964,,2.1,,306,302,"314, 315",Forbidden,150 kg,E,40,,
,"Hydrocarbon gas mixture, liquefied, n.o.s.",2.1,UN1965,,2.1,T50,306,304,"314, 315",Forbidden,150 kg,E,40,,
,"Hydrocarbons, liquid, n.o.s.",3,UN3295,I,3,"144, T11, TP1, TP8, TP28",150,201,243,1 L,30 L,E,,,
,"Hydrocarbons, liquid, n.o.s.",3,UN3295,II,3,"144, IB2, T7, TP1, TP8, TP28",150,202,242,5 L,60 L,B,,,
,"Hydrocarbons, liquid, n.o.s.",3,UN3295,III,3,"144, B1, IB3, T4, TP1, TP29",150,203,242,60 L,220 L,A,,,
,Hydrochloric acid,8,UN1789,III,8,"A3, IB3, T4, TP1, TP12",154,203,241,5 L,60 L,C,8,,
,Hydrochloric acid,8,UN1789,II,8,"A3, A6, B3, B15, IB2, N41, T8, TP2, TP12",154,202,242,1 L,30 L,C,,,
,"Hydrochloric acid, anhydrous, see Hydrogen chloride, anhydrous",,,,,,,,,,,,,,
,"Hydrocyanic acid, anhydrous, see Hydrogen cyanide etc",,,,,,,,,,,,,,
,"Hydrocyanic acid, aqueous solutions or Hydrogen cyanide, aqueous solutions with not > 20% hydrogen cyanide",6.1,UN1613,I,6.1,"2, B61, B65, B77, B82, T20, TP2, TP13",None,195,244,Forbidden,Forbidden,D,40,,
D ,"Hydrocyanic acid, aqueous solutions with < 5% hydrogen cyanide",6.1,NA1613,II,6.1,"IB1, T14, TP2, TP13, TP27",None,195,243,Forbidden,5 L,D,40,,
,"Hydrocyanic acid, liquefied, see Hydrogen cyanide, etc",,,,,,,,,,,,,,
,"Hydrocyanic acid (prussic), unstabilized",Forbidden,,,,,,,,,,,,,
,Hydrofluoric acid and Sulfuric acid mixtures,8,UN1786,I,"8, 6.1","A6, A7, B15, B23, N5, N34, T10, TP2, TP12, TP13",None,201,243,Forbidden,2.5 L,D,40,,
,"Hydrofluoric acid, anhydrous, see Hydrogen fluoride, anhydrous",,,,,,,,,,,,,,
,"Hydrofluoric acid, with > 60% strength",8,UN1790,I,"8, 6.1","A6, A7, B4, B15, B23, N5, N34, T10, TP2, TP12, TP13",None,201,243,0.5 L,2.5 L,D,"12, 40",,
,"Hydrofluoric acid, with not > 60% strength",8,UN1790,II,"8, 6.1","A6, A7, B15, IB2, N5, N34, T8, TP2, TP12",154,202,243,1 L,30 L,D,"12, 40",,
,"Hydrofluoroboric acid, see Fluoroboric acid",,,,,,,,,,,,,,
,"Hydrofluorosilicic acid, see Fluorosilicic acid",,,,,,,,,,,,,,
,"Hydrogen and Methane mixtures, compressed",2.1,UN2034,,2.1,N89,306,302,"302, 314, 315",Forbidden,150 kg,E,"40, 57",,
,"Hydrogen bromide, anhydrous",2.3,UN1048,,"2.3, 8","3, B14, N86, N89",None,304,"314, 315",Forbidden,Forbidden,D,40,,
,"Hydrogen chloride, anhydrous",2.3,UN1050,,"2.3, 8","3, N86, N89",None,304,None,Forbidden,Forbidden,D,40,,
,"Hydrogen chloride, refrigerated liquid",2.3,UN2186,,"2.3, 8","3, B6",None,None,"314, 315",Forbidden,Forbidden,B,40,,
,"Hydrogen, compressed",2.1,UN1049,,2.1,N89,306,302,"302, 314",Forbidden,150 kg,E,"40, 57",,
,"Hydrogen cyanide, solution in alcohol with not > 45% hydrogen cyanide",6.1,UN3294,I,"6.1, 3","2, B9, B14, B32, B74, T20, TP2, TP13, TP38, TP45",None,227,244,Forbidden,Forbidden,D,40,,
,"Hydrogen cyanide, stabilized with < 3% water",6.1,UN1051,I,"6.1, 3","1, B35, B61, B65, B77, B82",None,195,244,Forbidden,Forbidden,D,40,,
,"Hydrogen cyanide, stabilized, with < 3% water and absorbed in a porous inert material",6.1,UN1614,I,6.1,5,None,195,None,Forbidden,Forbidden,D,"25, 40",,
,"Hydrogendifluoride, solid, n.o.s.",8,UN1740,II,8,"IB8, IP2, IP4, N3, N34, T3, TP33",None,212,240,15 kg,50 kg,A,"25, 40, 52",,
,"Hydrogendifluoride, solid, n.o.s.",8,UN1740,III,8,"IB8, IP3, N3, N34, T1, TP33",154,213,240,25 kg,100 kg,A,"25, 40, 52",,
,"Hydrogendifluorides, solution, n.o.s.",8,UN3471,II,"8, 6.1","IB2, T7, TP2",154,202,242,1 L,30 L,A,"25, 40, 52",,
,"Hydrogendifluorides, solution, n.o.s.",8,UN3471,III,"8, 6.1","IB3, T4, TP1",154,203,241,5 L,60 L,A,"25, 40, 52",,
,"Hydrogen fluoride, anhydrous",8,UN1052,I,"8, 6.1","3, B7, B46, B71, B77, N86, T10, TP2",None,163,243,Forbidden,Forbidden,D,40,,
,Hydrogen in a metal hydride storage system,2.1,UN3468,,2.1,167,None,214,None,Forbidden,100 kg gross,D,,,
,"Hydrogen iodide, anhydrous",2.3,UN2197,,2.3,"3, B14, N86, N89",None,304,"314, 315",Forbidden,Forbidden,D,40,,
,"Hydrogen iodide solution, see Hydriodic acid",,,,,,,,,,,,,,
,"Hydrogen peroxide and peroxyacetic acid mixtures, stabilized with acids, water and not > 5% peroxyacetic acid",5.1,UN3149,II,"5.1, 8","145, A2, A3, A6, B53, IB2, IP5, T7, TP2, TP6, TP24",None,202,243,1 L,5 L,D,"25, 66, 75",,
,"Hydrogen peroxide, aqueous solutions with > 40% but not > 60% hydrogen peroxide (stabilized as necessary)",5.1,UN2014,II,"5.1, 8","12, A60, B53, B80, B81, B85, IB2, IP5, T7, TP2, TP6, TP24, TP37",None,202,243,Forbidden,Forbidden,D,"25, 66, 75",,
,"Hydrogen peroxide, aqueous solutions with not < 20% but not > 40% hydrogen peroxide (stabilized as necessary)",5.1,UN2014,II,"5.1, 8","A2, A3, A6, B53, IB2, IP5, T7, TP2, TP6, TP24, TP37",None,202,243,1 L,5 L,D,"25, 66, 75",,
,"Hydrogen peroxide, aqueous solutions with not < 8% but < 20% hydrogen peroxide (stabilized as necessary)",5.1,UN2984,III,5.1,"A1, IB2, IP5, T4, TP1, TP6, TP24, TP37",152,203,241,2.5 L,30 L,B,"25, 66, 75",,
,"Hydrogen peroxide, stabilized or Hydrogen peroxide aqueous solutions, stabilized with > 60% hydrogen peroxide",5.1,UN2015,I,"5.1, 8","12, B53, B80, B81, B85, T9, TP2, TP6, TP24, TP37",None,201,243,Forbidden,Forbidden,D,"25, 66, 75",,
,"Hydrogen, refrigerated liquid (cryogenic liquid)",2.1,UN1966,,2.1,"T75, TP5",None,316,"318, 319",Forbidden,Forbidden,D,40,,
,"Hydrogen selenide, anhydrous",2.3,UN2202,,"2.3, 2.1",1,None,192,245,Forbidden,Forbidden,D,40,,
,"Hydrogen sulfate, see Sulfuric acid",,,,,,,,,,,,,,
,Hydrogen sulfide,2.3,UN1053,,"2.3, 2.1","2, B9, B14, N89",None,304,"314, 315",Forbidden,Forbidden,D,40,,
,"Hydrosilicofluoric acid, see Fluorosilicic acid",,,,,,,,,,,,,,
,Hydroxyl amine iodide,Forbidden,,,,,,,,,,,,,
,Hydroxylamine sulfate,8,UN2865,III,8,"IB8, IP3, T1, TP33",154,213,240,25 kg,100 kg,A,,,
,"Hypochlorites, inorganic, n.o.s.",5.1,UN3212,II,5.1,"A9, IB8, IP2, IP4, T3, TP33",152,212,240,5 kg,25 kg,D,"4, 48, 52, 56, 58, 69, 106, 116 118",,
,Hypochlorite solutions,8,UN1791,II,8,"A7, B2, B15, IB2, IP5, N34, T7, TP2, TP24",154,202,242,1 L,30 L,B,26,,
,Hypochlorite solutions,8,UN1791,III,8,"IB3, N34, T4, TP2, TP24",154,203,241,5 L,60 L,B,26,,
,Hyponitrous acid,Forbidden,,,,,,,,,,,,,
,"Igniter fuse, metal clad, see Fuse, igniter, tubular, metal clad",,,,,,,,,,,,,,
,Igniters,1.3G,UN0315,II,1.3G,,None,62,None,Forbidden,Forbidden,7,,,
,Igniters,1.4G,UN0325,II,1.4G,,None,62,None,Forbidden,75 kg,6,,,
,Igniters,1.1G,UN0121,II,1.1G,,None,62,None,Forbidden,Forbidden,7,,,
,Igniters,1.2G,UN0314,II,1.2G,,None,62,None,Forbidden,Forbidden,7,,,
,Igniters,1.4S,UN0454,II,1.4S,,None,62,None,25 kg,100 kg,5,,,
,"3,3'-Iminodipropylamine",8,UN2269,III,8,"IB3, T4, TP2",154,203,241,5 L,60 L,A,,,
G ,"Infectious substances, affecting animals only",6.2,UN2900,,6.2,A82,134,196,None,50 mL,4 L,B,40,,
G ,"Infectious substances, affecting animals only",6.2,UN2900,,6.2,A82,134,196,None,50 g,4 kg,B,40,,
G ,"Infectious substances, affecting humans",6.2,UN2814,,6.2,A82,134,196,None,50 g,4 kg,B,40,,
G ,"Infectious substances, affecting humans",6.2,UN2814,,6.2,A82,134,196,None,50 mL,4 L,B,40,,
,"Inflammable, see Flammable",,,,,,,,,,,,,,
,Initiating explosives (dry),Forbidden,,,,,,,,,,,,,
,Inositol hexanitrate (dry),Forbidden,,,,,,,,,,,,,
G ,"Insecticide gases, flammable, n.o.s.",2.1,UN3354,,2.1,T50,306,304,"314, 315",Forbidden,150 kg,D,40,,
G ,"Insecticide gases, n.o.s.",2.2,UN1968,,2.2,,306,304,"314, 315",75 kg,150 kg,A,,,
G ,"Insecticide gases, toxic, flammable, n.o.s. Inhalation hazard Zone A",2.3,UN3355,,"2.3, 2.1",1,None,192,245,Forbidden,Forbidden,D,40,,
G ,"Insecticide gases, toxic, flammable, n.o.s. Inhalation hazard Zone B",2.3,UN3355,,"2.3, 2.1","2, B9, B14",None,"302, 305","314, 315",Forbidden,Forbidden,D,40,,
G ,"Insecticide gases, toxic, flammable, n.o.s. Inhalation hazard Zone C",2.3,UN3355,,"2.3, 2.1","3, B14",None,"302, 305","314, 315",Forbidden,Forbidden,D,,,
G ,"Insecticide gases, toxic, flammable, n.o.s. Inhalation hazard Zone D",2.3,UN3355,,"2.3, 2.1",4,None,"302, 305","314, 315",Forbidden,Forbidden,D,,,
G ,"Insecticide gases, toxic, n.o.s.",2.3,UN1967,,2.3,3,None,"193, 334",245,Forbidden,Forbidden,D,40,,
,Inulin trinitrate (dry),Forbidden,,,,,,,,,,,,,
,Iodine azide (dry),Forbidden,,,,,,,,,,,,,
,Iodine monochloride,8,UN1792,II,8,"B6, IB8, IP2, IP4, N41, T7, TP2",None,212,240,Forbidden,50 kg,D,"40, 66, 74, 89, 90",,
,Iodine pentafluoride,5.1,UN2495,I,"5.1, 6.1, 8",,None,205,243,Forbidden,Forbidden,D,"25, 40, 52, 66, 90",,
,2-Iodobutane,3,UN2390,II,3,"IB2, T4, TP1",150,202,242,5 L,60 L,B,,,
,Iodomethylpropanes,3,UN2391,II,3,"IB2, T4, TP1",150,202,242,5 L,60 L,B,,,
,Iodopropanes,3,UN2392,III,3,"B1, IB3, T2, TP1",150,203,242,60 L,220 L,A,,,
,Iodoxy compounds (dry),Forbidden,,,,,,,,,,,,,
,Iridium nitratopentamine iridium nitrate,Forbidden,,,,,,,,,,,,,
,"Iron chloride, see Ferric chloride",,,,,,,,,,,,,,
,"Iron oxide, spent, or Iron sponge, spent obtained from coal gas purification",4.2,UN1376,III,4.2,"B18, IB8, IP3, T1, TP33",None,213,240,Forbidden,Forbidden,E,,,
,Iron pentacarbonyl,6.1,UN1994,I,"6.1, 3","1, B9, B14, B30, B72, B77, T22, TP2, TP13, TP38, TP44",None,226,244,Forbidden,Forbidden,D,40,,
,"Iron sesquichloride, see Ferric chloride",,,,,,,,,,,,,,
,"Irritating material, see Tear gas substances, etc",,,,,,,,,,,,,,
,"Isobutane see also Petroleum gases, liquefied",2.1,UN1969,,2.1,"19, T50",306,304,"314, 315",Forbidden,150 kg,E,40,,
,Isobutanol or Isobutyl alcohol,3,UN1212,III,3,"B1, IB3, T2, TP1",150,203,242,60 L,220 L,A,,,
,Isobutyl acetate,3,UN1213,II,3,"IB2, T4, TP1",150,202,242,5 L,60 L,B,,,
,"Isobutyl acrylate, stabilized",3,UN2527,III,3,"B1, IB3, T2, TP1",150,203,242,60 L,220 L,A,,,
,"Isobutyl alcohol, see Isobutanol",,,,,,,,,,,,,,
,"Isobutyl aldehyde, see Isobutyraldehyde",,,,,,,,,,,,,,
,Isobutylamine,3,UN1214,II,"3, 8","IB2, T7, TP1",150,202,243,1 L,5 L,B,40,,
D ,Isobutyl chloroformate,6.1,NA2742,I,"6.1, 3, 8","2, B9, B14, B32, B74, T20, TP4, TP12, TP13, TP38, TP45",None,227,244,Forbidden,Forbidden,A,"12, 13, 22, 25, 40, 48, 100",,
,"Isobutylene see also Petroleum gases, liquefied",2.1,UN1055,,2.1,"19, T50",306,304,"314, 315",Forbidden,150 kg,E,40,,
,Isobutyl formate,3,UN2393,II,3,"IB2, T4, TP1",150,202,242,5 L,60 L,B,,,
,Isobutyl isobutyrate,3,UN2528,III,3,"B1, IB3, T2, TP1",150,203,242,60 L,220 L,A,,,
+ ,Isobutyl isocyanate,3,UN2486,I,"3, 6.1","1, B9, B14, B30, B72, T22, TP2, TP13, TP27",None,226,244,Forbidden,Forbidden,D,40,,
,"Isobutyl methacrylate, stabilized",3,UN2283,III,3,"B1, IB3, T2, TP1",150,203,242,60 L,220 L,A,,,
,Isobutyl propionate,3,UN2394,III,3,"B1, IB3, T2, TP1",150,203,242,60 L,220 L,B,,,
,Isobutyraldehyde or Isobutyl aldehyde,3,UN2045,II,3,"IB2, T4, TP1",150,202,242,5 L,60 L,E,40,,
,Isobutyric acid,3,UN2529,III,"3, 8","B1, IB3, T4, TP1",150,203,242,5 L,60 L,A,,,
,Isobutyronitrile,3,UN2284,II,"3, 6.1","IB2, T7, TP2, TP13",150,202,243,1 L,60 L,E,40,,
,Isobutyryl chloride,3,UN2395,II,"3, 8","IB1, T7, TP2",150,202,243,1 L,5 L,C,40,,
G ,"Isocyanates, flammable, toxic, n.o.s. or Isocyanate solutions, flammable, toxic, n.o.s. flash point < 23 degrees C",3,UN2478,II,"3, 6.1","5, A3, A7, IB2, T11, TP2, TP13, TP27",150,202,243,1 L,60 L,D,40,,
G ,"Isocyanates, flammable, toxic, n.o.s. or Isocyanate solutions, flammable, toxic, n.o.s. flash point < 23 degrees C",3,UN2478,III,"3, 6.1","5, A3, A7, IB3, T7, TP1, TP13, TP28",150,203,242,60 L,220 L,A,,,
G ,"Isocyanates, toxic, flammable, n.o.s. or Isocyanate solutions, toxic, flammable, n.o.s., flash point not < 23 degrees C but not > 61 degrees C and boiling point < 300 degrees C",6.1,UN3080,II,"6.1, 3","IB2, T11, TP2, TP13, TP27",153,202,243,5 L,60 L,B,"25, 40, 48",,
G ,"Isocyanates, toxic, n.o.s. or Isocyanate solutions, toxic, n.o.s., flash point > 61 degrees C and boiling point < 300 degrees C",6.1,UN2206,II,6.1,"IB2, T11, TP2, TP13, TP27",153,202,243,5 L,60 L,E,"25, 40, 48",,
G ,"Isocyanates, toxic, n.o.s. or Isocyanate solutions, toxic, n.o.s., flash point > 61 degrees C and boiling point < 300 degrees C",6.1,UN2206,III,6.1,"IB3, T7, TP1, TP13, TP28",153,203,241,60 L,220 L,E,"25, 40, 48",,
,Isocyanatobenzotrifluorides,6.1,UN2285,II,"6.1, 3","5, IB2, T7, TP2",153,202,243,5 L,60 L,D,"25, 40, 48",,
,Isoheptenes,3,UN2287,II,3,"IB2, T4, TP1",150,202,242,5 L,60 L,B,,,
,Isohexenes,3,UN2288,II,3,"IB2, IP8, T11, TP1",150,202,242,5 L,60 L,E,,,
,"Isooctane, see Octanes",,,,,,,,,,,,,,
,Isooctenes,3,UN1216,II,3,"IB2, T4, TP1",150,202,242,5 L,60 L,B,,,
,"Isopentane, see Pentane",,,,,,,,,,,,,,
,"Isopentanoic acid, see Corrosive liquids, n.o.s.",,,,,,,,,,,,,,
,Isopentenes,3,UN2371,I,3,"T11, TP2",150,201,243,1 L,30 L,E,,,
,Isophoronediamine,8,UN2289,III,8,"IB3, T4, TP1",154,203,241,5 L,60 L,A,,,
,Isophorone diisocyanate,6.1,UN2290,III,6.1,"IB3, T4, TP2",153,203,241,60 L,220 L,B,40,,
,"Isoprene, stabilized",3,UN1218,I,3,"T11, TP2",150,201,243,1 L,30 L,E,,,
,Isopropanol or Isopropyl alcohol,3,UN1219,II,3,"IB2, T4, TP1",150,202,242,5 L,60 L,B,,,
,Isopropenyl acetate,3,UN2403,II,3,"IB2, T4, TP1",150,202,242,5 L,60 L,B,,,
,Isopropenylbenzene,3,UN2303,III,3,"B1, IB3, T2, TP1",150,203,242,60 L,220 L,A,,,
,Isopropyl 2-chloropropionate,3,UN2934,III,3,"B1, IB3, T2, TP1",150,203,242,60 L,220 L,A,,,
,Isopropyl acetate,3,UN1220,II,3,"IB2, T4, TP1",150,202,242,5 L,60 L,B,,,
,Isopropyl acid phosphate,8,UN1793,III,8,"IB2, T4, TP1",154,213,240,25 kg,100 kg,A,,,
,"Isopropyl alcohol, see Isopropanol",,,,,,,,,,,,,,
,Isopropylamine,3,UN1221,I,"3, 8","T11, TP2",None,201,243,0.5 L,2.5 L,E,,,
,Isopropylbenzene,3,UN1918,III,3,"B1, IB3, T2, TP1",150,203,242,60 L,220 L,A,,,
,Isopropyl butyrate,3,UN2405,III,3,"B1, IB3, T2, TP1",150,203,242,60 L,220 L,A,,,
,Isopropyl chloroacetate,3,UN2947,III,3,"B1, IB3, T2, TP1",150,203,242,60 L,220 L,A,,,
,Isopropyl chloroformate,6.1,UN2407,I,"6.1, 3, 8","2, B9, B14, B32, B74, B77, T20, TP2, TP13, TP38, TP44",None,227,244,Forbidden,Forbidden,B,40,,
,"Isopropylcumyl hydroperoxide, with > 72% in solution",Forbidden,,,,,,,,,,,,,
,Isopropyl isobutyrate,3,UN2406,II,3,"IB2, T4, TP1",150,202,242,5 L,60 L,B,,,
+ ,Isopropyl isocyanate,3,UN2483,I,"3, 6.1","1, B9, B14, B30, B72, T22, TP2, TP13, TP38, TP44",None,226,244,Forbidden,Forbidden,D,40,,
,"Isopropyl mercaptan, see Propanethiols",,,,,,,,,,,,,,
,Isopropyl nitrate,3,UN1222,II,3,IB9,150,202,None,5 L,60 L,D,,,
,"Isopropyl phosphoric acid, see Isopropyl acid phosphate",,,,,,,,,,,,,,
,Isopropyl propionate,3,UN2409,II,3,"IB2, T4, TP1",150,202,242,5 L,60 L,B,,,
,Isosorbide-5-mononitrate,4.1,UN3251,III,4.1,"66, IB8",151,213,240,Forbidden,Forbidden,D,12,,
,"Isosorbide dinitrate mixture with not < 60% lactose, mannose, starch or calcium hydrogen phosphate",4.1,UN2907,II,4.1,"IB6, IP2, N85",None,212,None,15 kg,50 kg,E,"28, 36",,
,Isothiocyanic acid,Forbidden,,,,,,,,,,,,,
,"Jet fuel, see Fuel aviation, turbine engine",,,,,,,,,,,,,,
D ,"Jet perforating guns, charged oil well, with detonator",1.1D,NA0124,II,1.1D,"55, 56",None,62,None,Forbidden,Forbidden,7,,,
D ,"Jet perforating guns, charged oil well, with detonator",1.4D,NA0494,II,1.4D,"55, 56",None,62,None,Forbidden,Forbidden,6,,,
,"Jet perforating guns, charged oil well, without detonator",1.1D,UN0124,II,1.1D,55,None,62,None,Forbidden,Forbidden,7,,,
,"Jet perforating guns, charged, oil well, without detonator",1.4D,UN0494,II,1.4D,"55, 114",None,62,None,Forbidden,300 kg,6,,,
,"Jet perforators, see Charges, shaped, etc",,,,,,,,,,,,,,
,"Jet tappers, without detonator, see Charges, shaped, etc",,,,,,,,,,,,,,
,"Jet thrust igniters, for rocket motors or Jato, see Igniters",,,,,,,,,,,,,,
,"Jet thrust unit (Jato), see Rocket motors",,,,,,,,,,,,,,
,Kerosene,3,UN1223,III,3,"144, B1, IB3, T2, TP2",150,203,242,60 L,220 L,A,,,
G ,"Ketones, liquid, n.o.s.",3,UN1224,III,3,"B1, IB3, T4, TP1, TP29",150,203,242,60 L,220 L,A,,,
G ,"Ketones, liquid, n.o.s.",3,UN1224,I,3,"T11, TP1, TP8, TP27",None,201,243,1 L,30 L,E,,,
G ,"Ketones, liquid, n.o.s.",3,UN1224,II,3,"IB2, T7, TP1, TP8, TP28",150,202,242,5 L,60 L,B,,,
,"Krypton, compressed",2.2,UN1056,,2.2,,306,302,None,75 kg,150 kg,A,,,
,"Krypton, refrigerated liquid (cryogenic liquid)",2.2,UN1970,,2.2,"T75, TP5",320,None,None,50 kg,500 kg,B,,,
,"Lacquer base or lacquer chips, nitrocellulose, dry, see Nitrocellulose, etc. (UN 2557)",,,,,,,,,,,,,,
,"Lacquer base or lacquer chips, plastic, wet with alcohol or solvent, see Nitrocellulose (UN2059, UN2555, UN2556, UN2557) or Paint etc.(UN1263)",,,,,,,,,,,,,,
,Lead acetate,6.1,UN1616,III,6.1,"IB8, IP3, T1, TP33",153,213,240,100 kg,200 kg,A,,,
,Lead arsenates,6.1,UN1617,II,6.1,"IB8, IP2, IP4, T3, TP33",153,212,242,25 kg,100 kg,A,,,
,Lead arsenites,6.1,UN1618,II,6.1,"IB8, IP2, IP4, T3, TP33",153,212,242,25 kg,100 kg,A,,,
,Lead azide (dry),Forbidden,,,,,,,,,,,,,
,"Lead azide, wetted with not < 20% water or mixture of alcohol and water, by mass",1.1A,UN0129,II,1.1A,"111, 117",None,62,None,Forbidden,Forbidden,12,,,
,"Lead compounds, soluble, n.o.s.",6.1,UN2291,III,6.1,"138, IB8, IP3, T1, TP33",153,213,240,100 kg,200 kg,A,,,
,Lead cyanide,6.1,UN1620,II,6.1,"IB8, IP2, IP4, T3, TP33",153,212,242,25 kg,100 kg,A,52,,
,Lead dioxide,5.1,UN1872,III,5.1,"A1, IB8, IP3, T1, TP33",152,213,240,25 kg,100 kg,A,,,
,"Lead dross, see Lead sulfate, with > 3% free acid",,,,,,,,,,,,,,
,Lead nitrate,5.1,UN1469,II,"5.1, 6.1","IB8, IP2, IP4, T3, TP33",152,212,242,5 kg,25 kg,A,,,
,Lead nitroresorcinate (dry),Forbidden,,,,,,,,,,,,,
,"Lead perchlorate, solid",5.1,UN1470,II,"5.1, 6.1","IB6, IP2, T3, TP33",152,212,242,5 kg,25 kg,A,"56, 58",,
,"Lead perchlorate, solution",5.1,UN3408,II,"5.1, 6.1","IB2, T4, TP1",152,202,243,1 L,5 L,A,"56, 58",,
,"Lead perchlorate, solution",5.1,UN3408,III,"5.1, 6.1","IB2, T4, TP1",152,203,242,2.5 L,30 L,A,"56, 58",,
,"Lead peroxide, see Lead dioxide",,,,,,,,,,,,,,
,"Lead phosphite, dibasic",4.1,UN2989,II,4.1,"IB8, IP2, IP4, T3, TP33",None,212,240,15 kg,50 kg,B,34,,
,"Lead phosphite, dibasic",4.1,UN2989,III,4.1,"IB8, IP3, T1, TP33",151,213,240,25 kg,100 kg,B,34,,
,Lead picrate (dry),Forbidden,,,,,,,,,,,,,
,Lead styphnate (dry),Forbidden,,,,,,,,,,,,,
,"Lead styphnate, wetted or Lead trinitroresorcinate, wetted with not < 20% water or mixture of alcohol and water, by mass",1.1A,UN0130,II,1.1A,"111, 117",None,62,None,Forbidden,Forbidden,12,,,
,Lead sulfate with > 3% free acid,8,UN1794,II,8,"IB8, IP2, IP4, T3, TP33",154,212,240,15 kg,50 kg,A,,,
,"Lead trinitroresorcinate, see Lead styphnate, etc",,,,,,,,,,,,,,
,"Life-saving appliances, not self inflating containing dangerous goods as equipment",9,UN3072,,None,,None,219,None,No limit,No limit,A,,,
,"Life-saving appliances, self inflating",9,UN2990,,None,,None,219,None,No limit,No limit,A,,,
,Lighter refills containing flammable gas not exceeding 4 fluid ounces (7.22 cubic inches) and 65 grams of flammable gas,2.1,UN1057,,2.1,169,306,306,None,1 kg,15 kg,B,40,,
,Lighter replacement cartridges containing liquefied petroleum gases see Lighter refills containing flammable gas. Etc.,,,,,,,,,,,,,,
,Lighters containing flammable gas,2.1,UN1057,,2.1,168,"21, 308","21, 308",None,1 kg,15 kg,B,40,,
,"Lighters, fuse",1.4S,UN0131,II,1.4S,,None,62,None,25 kg,100 kg,5,,,
,"Lighters, new or empty purged of all residual fuel and vapors",,,,,168,,,,,,,,,
,"Lighters, new or empty, purged of all residual fuel and vapors",,,,,168,,,,,,,,,
,"Lighters, non-pressurized, containing flammable liquid",3,NA1057,II,3,168,21,None,None,Forbidden,Forbidden,B,40,,
,"Lime, unslaked, see Calcium oxide",,,,,,,,,,,,,,
,"Liquefied gases, non-flammable charged with nitrogen, carbon dioxide or air",2.2,UN1058,,2.2,,306,304,None,75 kg,150 kg,A,,,
G ,"Liquefied gas, flammable, n.o.s.",2.1,UN3161,,2.1,T50,306,304,"314, 315",Forbidden,150 kg,D,40,,
G ,"Liquefied gas, n.o.s.",2.2,UN3163,,2.2,T50,306,304,"314, 315",75 kg,150 kg,A,,,
G ,"Liquefied gas, oxidizing, n.o.s.",2.2,UN3157,,"2.2, 5.1",A14,306,304,"314, 315",75 kg,150 kg,D,,,
G I ,"Liquefied gas, toxic, corrosive, n.o.s. Inhalation Hazard Zone A",2.3,UN3308,,"2.3, 8",1,None,192,245,Forbidden,Forbidden,D,40,,
G I ,"Liquefied gas, toxic, corrosive, n.o.s. Inhalation Hazard Zone B",2.3,UN3308,,"2.3, 8","2, B9, B14",None,304,"314, 315",Forbidden,Forbidden,D,40,,
G I ,"Liquefied gas, toxic, corrosive, n.o.s. Inhalation Hazard Zone C",2.3,UN3308,,"2.3, 8","3, B14",None,304,"314, 315",Forbidden,Forbidden,D,40,,
G I ,"Liquefied gas, toxic, corrosive, n.o.s. Inhalation Hazard Zone D",2.3,UN3308,,"2.3, 8",4,None,304,"314, 315",Forbidden,Forbidden,D,40,,
G I ,"Liquefied gas, toxic, flammable, corrosive, n.o.s. Inhalation Hazard Zone A",2.3,UN3309,,"2.3, 2.1, 8",1,None,192,245,Forbidden,Forbidden,D,"17, 40",,
G I ,"Liquefied gas toxic, flammable, corrosive, n.o.s. Inhalation Hazard Zone B",2.3,UN3309,,"2.3, 2.1, 8","2, B9, B14",None,304,"314, 315",Forbidden,Forbidden,D,"17, 40",,
G I ,"Liquefied gas, toxic, flammable, corrosive, n.o.s. Inhalation Hazard Zone C",2.3,UN3309,,"2.3, 2.1, 8","3, B14",None,304,"314, 315",Forbidden,Forbidden,D,"17, 40",,
G I ,"Liquefied gas, toxic, flammable, corrosive, n.o.s. Inhalation Hazard Zone D",2.3,UN3309,,"2.3, 2.1, 8",4,None,304,"314, 315",Forbidden,Forbidden,D,"17, 40",,
G ,"Liquefied gas, toxic, flammable, n.o.s. Inhalation Hazard Zone A",2.3,UN3160,,"2.3, 2.1",1,None,192,245,Forbidden,Forbidden,D,40,,
G ,"Liquefied gas, toxic, flammable, n.o.s. Inhalation Hazard Zone B",2.3,UN3160,,"2.3, 2.1","2, B9, B14",None,304,"314, 315",Forbidden,Forbidden,D,40,,
G ,"Liquefied gas, toxic, flammable, n.o.s. Inhalation Hazard Zone C",2.3,UN3160,,"2.3, 2.1","3, B14",None,304,"314, 315",Forbidden,Forbidden,D,40,,
G ,"Liquefied gas, toxic, flammable, n.o.s. Inhalation Hazard Zone D",2.3,UN3160,,"2.3, 2.1",4,None,304,"314, 315",Forbidden,Forbidden,D,40,,
G ,"Liquefied gas, toxic, n.o.s. Inhalation Hazard Zone A",2.3,UN3162,,2.3,1,None,192,245,Forbidden,Forbidden,D,40,,
G ,"Liquefied gas, toxic, n.o.s. Inhalation Hazard Zone B",2.3,UN3162,,2.3,"2, B9, B14",None,304,"314, 315",Forbidden,Forbidden,D,40,,
G ,"Liquefied gas, toxic, n.o.s. Inhalation Hazard Zone C",2.3,UN3162,,2.3,"3, B14",None,304,"314, 315",Forbidden,Forbidden,D,40,,
G ,"Liquefied gas, toxic, n.o.s. Inhalation Hazard Zone D",2.3,UN3162,,2.3,4,None,304,"314, 315",Forbidden,Forbidden,D,40,,
G I ,"Liquefied gas, toxic, oxidizing, corrosive, n.o.s. Inhalation Hazard Zone A",2.3,UN3310,,"2.3, 5.1, 8",1,None,192,245,Forbidden,Forbidden,D,"40, 89, 90",,
G I ,"Liquefied gas, toxic, oxidizing, corrosive, n.o.s. Inhalation Hazard Zone B",2.3,UN3310,,"2.3, 5.1, 8","2, B9, B14",None,304,"314, 315",Forbidden,Forbidden,D,"40, 89, 90",,
G I ,"Liquefied gas, toxic, oxidizing, corrosive, n.o.s. Inhalation Hazard Zone C",2.3,UN3310,,"2.3, 5.1, 8","3, B14",None,304,"314, 315",Forbidden,Forbidden,D,"40, 89, 90",,
G I ,"Liquefied gas, toxic, oxidizing, corrosive, n.o.s. Inhalation Hazard Zone D",2.3,UN3310,,"2.3, 5.1, 8",4,None,304,"314, 315",Forbidden,Forbidden,D,"40, 89, 90",,
G ,"Liquefied gas, toxic, oxidizing, n.o.s. Inhalation Hazard Zone A",2.3,UN3307,,"2.3, 5.1",1,None,192,245,Forbidden,Forbidden,D,40,,
G ,"Liquefied gas, toxic, oxidizing, n.o.s. Inhalation Hazard Zone B",2.3,UN3307,,"2.3, 5.1","2, B9, B14",None,304,"314, 315",Forbidden,Forbidden,D,40,,
G ,"Liquefied gas, toxic, oxidizing, n.o.s. Inhalation Hazard Zone C",2.3,UN3307,,"2.3, 5.1","3, B14",None,304,"314, 315",Forbidden,Forbidden,D,40,,
G ,"Liquefied gas, toxic, oxidizing, n.o.s. Inhalation Hazard Zone D",2.3,UN3307,,"2.3, 5.1",4,None,304,"314, 315",Forbidden,Forbidden,D,40,,
,"Liquefied hydrocarbon gas, see Hydrocarbon gas mixture, liquefied, n.o.s.",,,,,,,,,,,,,,
,"Liquefied natural gas, see Methane, etc. (UN 1972)",,,,,,,,,,,,,,
,"Liquefied petroleum gas see Petroleum gases, liquefied",,,,,,,,,,,,,,
,Lithium,4.3,UN1415,I,4.3,"A7, A19, IB4, IP1, N45",None,211,244,Forbidden,15 kg,E,52,,
,"Lithium acetylide ethylenediamine complex, see Water reactive solid etc",,,,,,,,,,,,,,
,"Lithium alkyls, liquid",4.2,UN2445,I,"4.2, 4.3","173, B11, T21, TP2, TP7",None,181,244,Forbidden,Forbidden,D,,,
,"Lithium alkyls, solid",4.2,UN3433,I,"4.2, 4.3","173, B11, T21, TP7, TP33",None,181,244,Forbidden,Forbidden,D,,,
,Lithium aluminum hydride,4.3,UN1410,I,4.3,A19,None,211,242,Forbidden,15 kg,E,52,,
,"Lithium aluminum hydride, ethereal",4.3,UN1411,I,"4.3, 3","A2, A3, A11, N34",None,201,244,Forbidden,1 L,D,40,,
,"Lithium batteries, contained in equipment",9,UN3091,II,9,"29, 188, 189, 190, A54, A55, A101, A104",185,185,None,"See A101, A104",35 kg,A,,,
,Lithium batteries packed with equipment,9,UN3091,II,9,"29, 188, 189, 190, A54, A55, A101, A103",185,185,None,"See A101, A103",35 kg gross,A,,,
,Lithium battery,9,UN3090,II,9,"29, 188, 189, 190, A54, A55, A100",185,185,None,See A100,35 kg gross,A,,,
,Lithium borohydride,4.3,UN1413,I,4.3,"A19, N40",None,211,242,Forbidden,15 kg,E,52,,
,Lithium ferrosilicon,4.3,UN2830,II,4.3,"A19, IB7, IP2, T3, TP33",151,212,241,15 kg,50 kg,E,"40, 85, 103",,
,Lithium hydride,4.3,UN1414,I,4.3,"A19, N40",None,211,242,Forbidden,15 kg,E,52,,
,"Lithium hydride, fused solid",4.3,UN2805,II,4.3,"A8, A19, A20, IB4, T3, TP33",151,212,241,15 kg,50 kg,E,52,,
,Lithium hydroxide,8,UN2680,II,8,"IB8, IP2, IP4, T3, TP33",154,212,240,15 kg,50 kg,A,52,,
,"Lithium hydroxide, solution",8,UN2679,II,8,"B2, IB2, T7, TP2",154,202,242,1 L,30 L,A,"29, 52",,
,"Lithium hydroxide, solution",8,UN2679,III,8,"IB3, T4, TP2",154,203,241,5 L,60 L,A,"29, 52, 96",,
,"Lithium hypochlorite, dry with > 39% available chlorine (8.8% available oxygen) or Lithium hypochlorite mixtures, dry with > 39% available chlorine (8.8% available oxygen)",5.1,UN1471,II,5.1,"A9, IB8, IP2, IP4, N34",152,212,240,5 kg,25 kg,A,"4, 48, 52, 56, 58, 69, 106, 116",,
,"Lithium in cartridges, see Lithium",,,,,,,,,,,,,,
,Lithium nitrate,5.1,UN2722,III,5.1,"A1, IB8, IP3, T1, TP33",152,213,240,25 kg,100 kg,A,,,
,Lithium nitride,4.3,UN2806,I,4.3,"A19, IB4, IP1, N40",None,211,242,Forbidden,15 kg,E,,,
,Lithium peroxide,5.1,UN1472,II,5.1,"A9, IB6, IP2, N34, T3, TP33",152,212,None,5 kg,25 kg,A,"13, 52, 66, 75",,
,Lithium silicon,4.3,UN1417,II,4.3,"A19, A20, IB7, IP2, T3, TP33",151,212,241,15 kg,50 kg,A,"85, 103",,
,"LNG, see Methane etc. (UN 1972)",,,,,,,,,,,,,,
,London purple,6.1,UN1621,II,6.1,"IB8, IP2, IP4, T3, TP33",153,212,242,25 kg,100 kg,A,,,
,"LPG, see Petroleum gases, liquefied",,,,,,,,,,,,,,
,"Lye, see Sodium hydroxide, solutions",,,,,,,,,,,,,,
,Magnesium alkyls,4.2,UN3053,I,"4.2, 4.3","B11, T21, TP2, TP7",None,181,244,Forbidden,Forbidden,D,18,,
,Magnesium aluminum phosphide,4.3,UN1419,I,"4.3, 6.1","A19, N34, N40",None,211,242,Forbidden,15 kg,E,"40, 52, 85",,
+ ,Magnesium arsenate,6.1,UN1622,II,6.1,"IB8, IP2, IP4, T3, TP33",153,212,242,25 kg,100 kg,A,,,
,"Magnesium bisulfite solution, see Bisulfites, aqueous solutions, n.o.s.",,,,,,,,,,,,,,
,Magnesium bromate,5.1,UN1473,II,5.1,"A1, IB8, IP4, T3, TP33",152,212,242,5 kg,25 kg,A,"56, 58",,
,Magnesium chlorate,5.1,UN2723,II,5.1,"IB8, IP2, IP4, T3, TP33",152,212,242,5 kg,25 kg,A,"56, 58",,
,Magnesium diamide,4.2,UN2004,II,4.2,"A8, A19, A20, IB6, T3, TP33",None,212,241,15 kg,50 kg,C,,,
,Magnesium diphenyl,4.2,UN2005,I,4.2,"173, T21, TP7, TP33",None,187,244,Forbidden,Forbidden,C,,,
,"Magnesium dross, wet or hot",Forbidden,,,,,,,,,,,,,
,Magnesium fluorosilicate,6.1,UN2853,III,6.1,"IB8, IP3, T1, TP33",153,213,240,100 kg,200 kg,A,52,,
,"Magnesium granules, coated, particle size not < 149 microns",4.3,UN2950,III,4.3,"A1, A19, IB8, IP4, T1, TP33",151,213,240,25 kg,100 kg,A,52,,
,Magnesium hydride,4.3,UN2010,I,4.3,"A19, N40",None,211,242,Forbidden,15 kg,E,52,,
,Magnesium nitrate,5.1,UN1474,III,5.1,"A1, IB8, IP3, T1, TP33",152,213,240,25 kg,100 kg,A,,,
,"Magnesium or Magnesium alloys with > 50% magnesium in pellets, turnings or ribbons",4.1,UN1869,III,4.1,"A1, IB8, IP3, T1, TP33",151,213,240,25 kg,100 kg,A,"39, 52, 53, 74, 101",,
,Magnesium perchlorate,5.1,UN1475,II,5.1,"IB6, IP2, T3, TP33",152,212,242,5 kg,25 kg,A,"56, 58",,
,Magnesium peroxide,5.1,UN1476,II,5.1,"IB6, IP2, T3, TP33",152,212,242,5 kg,25 kg,A,"13, 52, 66, 75",,
,Magnesium phosphide,4.3,UN2011,I,"4.3, 6.1","A19, N40",None,211,None,Forbidden,15 kg,E,"40, 52, 85",,
,"Magnesium, powder or Magnesium alloys, powder",4.3,UN1418,I,"4.3, 4.2","A19, B56",None,211,244,Forbidden,15 kg,A,"39, 52",,
,"Magnesium, powder or Magnesium alloys, powder",4.3,UN1418,II,"4.3, 4.2","A19, B56, IB5, IP2, T3, TP33",None,212,241,15 kg,50 kg,A,"39, 52",,
,"Magnesium, powder or Magnesium alloys, powder",4.3,UN1418,III,"4.3, 4.2","A19, B56, IB8, IP4, T1, TP33",None,213,241,25 kg,100 kg,A,"39, 52",,
,"Magnesium scrap, see Magnesium, etc. (UN 1869)",,,,,,,,,,,,,,
,Magnesium silicide,4.3,UN2624,II,4.3,"A19, A20, IB7, IP2, T3, TP33",151,212,241,15 kg,50 kg,B,"85, 103",,
,"Magnetized material, see §173.21",,,,,,,,,,,,,,
,Maleic anhydride,8,UN2215,III,8,"IB8, IP3, T1, TP33",154,213,240,25 kg,100 kg,A,,,
,"Maleic anhydride, molten",8,UN2215,III,8,"T4, TP3",None,213,240,Forbidden,Forbidden,A,,,
,Malononitrile,6.1,UN2647,II,6.1,"IB8, IP2, IP4, T3, TP33",153,212,242,25 kg,100 kg,A,12,,
,Mancozeb (manganese ethylenebisdithiocarbamate complex with zinc) see Maneb,,,,,,,,,,,,,,
,Maneb or Maneb preparations with not < 60% maneb,4.2,UN2210,III,"4.2, 4.3","57, A1, A19, IB6, T1, TP33",None,213,242,25 kg,100 kg,A,34,,
,"Maneb stabilized or Maneb preparations, stabilized against self-heating",4.3,UN2968,III,4.3,"54, A1, A19, IB8, IP4, T1, TP33",151,213,242,25 kg,100 kg,B,"34, 52",,
,Manganese nitrate,5.1,UN2724,III,5.1,"A1, IB8, IP3, T1, TP33",152,213,240,25 kg,100 kg,A,,,
,Manganese resinate,4.1,UN1330,III,4.1,"A1, IB6, T1, TP33",151,213,240,25 kg,100 kg,A,,,
,Mannitan tetranitrate,Forbidden,,,,,,,,,,,,,
,Mannitol hexanitrate (dry),Forbidden,,,,,,,,,,,,,
,"Mannitol hexanitrate, wetted or Nitromannite, wetted with not < 40% water, or mixture of alcohol and water, by mass",1.1D,UN0133,II,1.1D,121,None,62,None,Forbidden,Forbidden,10,,,
,"Marine pollutants, liquid or solid, n.o.s., see Environmentally hazardous substances, liquid or solid, n.o.s.",,,,,,,,,,,,,,
,"Matches, block, see Matches, 'strike anywhere'",,,,,,,,,,,,,,
,"Matches, fusee",4.1,UN2254,III,4.1,,186,186,None,Forbidden,Forbidden,A,,,
,"Matches, safety (book, card or strike on box)",4.1,UN1944,III,4.1,,186,186,None,25 kg,100 kg,A,,,
,"Matches, strike anywhere",4.1,UN1331,III,4.1,,186,186,None,Forbidden,Forbidden,B,,,
,"Matches, wax, Vesta",4.1,UN1945,III,4.1,,186,186,None,25 kg,100 kg,B,,,
,"Matting acid, see Sulfuric acid",,,,,,,,,,,,,,
,"Medicine, liquid, flammable, toxic, n.o.s.",3,UN3248,II,"3, 6.1","36, IB2",150,202,None,1 L,5 L,B,40,,
,"Medicine, liquid, flammable, toxic, n.o.s.",3,UN3248,III,"3, 6.1","36, IB3",150,203,None,5 L,5 L,A,,,
,"Medicine, liquid, toxic, n.o.s.",6.1,UN1851,II,6.1,36,153,202,243,5 L,5 L,C,40,,
,"Medicine, liquid, toxic, n.o.s.",6.1,UN1851,III,6.1,36,153,203,241,5 L,5 L,C,40,,
,"Medicine, solid, toxic, n.o.s.",6.1,UN3249,II,6.1,"36, T3, TP33",153,212,None,5 kg,5 kg,C,40,,
,"Medicine, solid, toxic, n.o.s.",6.1,UN3249,III,6.1,"36, T1, TP33",153,213,None,5 kg,5 kg,C,40,,
,"Memtetrahydrophthalic anhydride, see Corrosive liquids, n.o.s.",,,,,,,,,,,,,,
,"Mercaptans, liquid, flammable, n.o.s. or Mercaptan mixture, liquid, flammable, n.o.s.",3,UN3336,I,3,"T11, TP2",150,201,243,1 L,30 L,E,95,,
,"Mercaptans, liquid, flammable, n.o.s. or Mercaptan mixture, liquid, flammable, n.o.s.",3,UN3336,II,3,"IB2, T7, TP1, TP8, TP28",150,202,242,5 L,60 L,B,95,,
,"Mercaptans, liquid, flammable, n.o.s. or Mercaptan mixture, liquid, flammable, n.o.s.",3,UN3336,III,3,"B1, B52, IB3, T4, TP1, TP29",150,203,241,60 L,220 L,B,95,,
,"Mercaptans, liquid, flammable, toxic, n.o.s. or Mercaptan mixtures, liquid, flammable, toxic, n.o.s.",3,UN1228,II,"3, 6.1","IB2, T11, TP2, TP27",None,202,243,Forbidden,60 L,B,"40, 95",,
,"Mercaptans, liquid, flammable, toxic, n.o.s. or Mercaptan mixtures, liquid, flammable, toxic, n.o.s.",3,UN1228,III,"3, 6.1","A6, B1, IB3, T7, TP1, TP28",150,203,242,5 L,220 L,A,"40, 95",,
,"Mercaptans, liquid, toxic, flammable, n.o.s. or Mercaptan mixtures, liquid, toxic, flammable, n.o.s., flash point not < 23 degrees C",6.1,UN3071,II,"6.1, 3","A6, IB2, T11, TP2, TP13, TP27",153,202,243,5 L,60 L,C,"40, 121",,
,5-Mercaptotetrazol-1-acetic acid,1.4C,UN0448,II,1.4C,,None,62,None,Forbidden,75 kg,9,,,
,Mercuric arsenate,6.1,UN1623,II,6.1,"IB8, IP2, IP4, T3, TP33",153,212,242,25 kg,100 kg,A,,,
,Mercuric chloride,6.1,UN1624,II,6.1,"IB8, IP2, IP4, T3, TP33",153,212,242,25 kg,100 kg,A,,,
,"Mercuric compounds, see Mercury compounds, etc",,,,,,,,,,,,,,
,Mercuric nitrate,6.1,UN1625,II,6.1,"IB8, IP2, IP4, N73, T3, TP33",153,212,242,25 kg,100 kg,A,,,
+ ,Mercuric potassium cyanide,6.1,UN1626,I,6.1,"IB7, IP1, N74, N75, T6, TP33",None,211,242,5 kg,50 kg,A,52,,
,"Mercuric sulfocyanate, see Mercury thiocyanate",,,,,,,,,,,,,,
,"Mercurol, see Mercury nucleate",,,,,,,,,,,,,,
,Mercurous azide,Forbidden,,,,,,,,,,,,,
,"Mercurous compounds, see Mercury compounds, etc",,,,,,,,,,,,,,
,Mercurous nitrate,6.1,UN1627,II,6.1,"IB8, IP2, IP4, T3, TP33",153,212,242,25 kg,100 kg,A,,,
A W ,Mercury,8,UN2809,III,8,,164,164,240,35 kg,35 kg,B,"40, 97",,
,Mercury acetate,6.1,UN1629,II,6.1,"IB8, IP2, IP4, T3, TP33",153,212,242,25 kg,100 kg,A,,,
,Mercury acetylide,Forbidden,,,,,,,,,,,,,
,Mercury ammonium chloride,6.1,UN1630,II,6.1,"IB8, IP2, IP4, T3, TP33",153,212,242,25 kg,100 kg,A,,,
,"Mercury based pesticides, liquid, flammable, toxic, flash point < 23 degrees C",3,UN2778,I,"3, 6.1","T14, TP2, TP13, TP27",None,201,243,Forbidden,30 L,B,40,,
,"Mercury based pesticides, liquid, flammable, toxic, flash point < 23 degrees C",3,UN2778,II,"3, 6.1","IB2, T11, TP2, TP13, TP27",150,202,243,1 L,60 L,B,40,,
,"Mercury based pesticides, liquid, toxic",6.1,UN3012,I,6.1,"T14, TP2, TP13, TP27",None,201,243,1 L,30 L,B,40,,
,"Mercury based pesticides, liquid, toxic",6.1,UN3012,II,6.1,"IB2, T11, TP2, TP13, TP27",153,202,243,5 L,60 L,B,40,,
,"Mercury based pesticides, liquid, toxic",6.1,UN3012,III,6.1,"IB3, T7, TP2, TP28",153,203,241,60 L,220 L,A,40,,
,"Mercury based pesticides, liquid, toxic, flammable, flash point not < 23 degrees C",6.1,UN3011,I,"6.1, 3","T14, TP2, TP13, TP27",None,201,243,1 L,30 L,B,40,,
,"Mercury based pesticides, liquid, toxic, flammable, flash point not < 23 degrees C",6.1,UN3011,II,"6.1, 3","IB2, T11, TP2, TP13, TP27",153,202,243,5 L,60 L,B,40,,
,"Mercury based pesticides, liquid, toxic, flammable, flash point not < 23 degrees C",6.1,UN3011,III,"6.1, 3","IB3, T7, TP2, TP28",153,203,242,60 L,220 L,A,40,,
,"Mercury based pesticides, solid, toxic",6.1,UN2777,I,6.1,"IB7, IP1, T6, TP33",None,211,242,5 kg,50 kg,A,40,,
,"Mercury based pesticides, solid, toxic",6.1,UN2777,II,6.1,"IB8, IP2, IP4, T3, TP33",153,212,242,25 kg,100 kg,A,40,,
,"Mercury based pesticides, solid, toxic",6.1,UN2777,III,6.1,"IB8, IP3, T1, TP33",153,213,240,100 kg,200 kg,A,40,,
,Mercury benzoate,6.1,UN1631,II,6.1,"IB8, IP2, IP4, T3, TP33",153,212,242,25 kg,100 kg,A,,,
,Mercury bromides,6.1,UN1634,II,6.1,"IB8, IP2, IP4, T3, TP33",153,212,242,25 kg,100 kg,A,,,
,"Mercury compounds, liquid, n.o.s.",6.1,UN2024,I,6.1,,None,201,243,1 L,30 L,B,40,,
,"Mercury compounds, liquid, n.o.s.",6.1,UN2024,II,6.1,IB2,153,202,243,5 L,60 L,B,40,,
,"Mercury compounds, liquid, n.o.s.",6.1,UN2024,III,6.1,IB3,153,203,241,60 L,220 L,B,40,,
,"Mercury compounds, solid, n.o.s.",6.1,UN2025,I,6.1,"IB7, IP1, T6, TP33",None,211,242,5 kg,50 kg,A,,,
,"Mercury compounds, solid, n.o.s.",6.1,UN2025,II,6.1,"IB8, IP2, IP4, T3, TP33",153,212,242,25 kg,100 kg,A,,,
,"Mercury compounds, solid, n.o.s.",6.1,UN2025,III,6.1,"IB8, IP3, T1, TP33",153,213,240,100 kg,200 kg,A,,,
A ,Mercury contained in manufactured articles,8,UN2809,III,8,,None,164,None,No limit,No limit,B,"40, 97",,
,Mercury cyanide,6.1,UN1636,II,6.1,"IB8, IP2, IP4, N74, N75, T3, TP33",153,212,242,25 kg,100 kg,A,52,,
,"Mercury fulminate, wetted with not < 20% water, or mixture of alcohol and water, by mass",1.1A,UN0135,II,1.1A,"111, 117",None,62,None,Forbidden,Forbidden,12,,,
,Mercury gluconate,6.1,UN1637,II,6.1,"IB8, IP2, IP4, T3, TP33",153,212,242,25 kg,100 kg,A,,,
,Mercury iodide,6.1,UN1638,II,6.1,"IB2, IP2, IP4, T3, TP33",153,212,242,25 kg,100 kg,A,,,
,Mercury iodide aquabasic ammonobasic (Iodide of Millon's base),Forbidden,,,,,,,,,,,,,
,Mercury nitride,Forbidden,,,,,,,,,,,,,
,Mercury nucleate,6.1,UN1639,II,6.1,"IB8, IP2, IP4, T3, TP33",153,212,242,25 kg,100 kg,A,,,
,Mercury oleate,6.1,UN1640,II,6.1,"IB8, IP2, IP4, T3, TP33",153,212,242,25 kg,100 kg,A,,,
,Mercury oxide,6.1,UN1641,II,6.1,"IB8, IP2, IP4, T3, TP33",153,212,242,25 kg,100 kg,A,,,
,Mercury oxycyanide,Forbidden,,,,,,,,,,,,,
,"Mercury oxycyanide, desensitized",6.1,UN1642,II,6.1,"IB8, IP2, IP4, T3, TP33",153,212,242,25 kg,100 kg,A,"52, 91",,
,Mercury potassium iodide,6.1,UN1643,II,6.1,"IB8, IP2, IP4, T3, TP33",153,212,242,25 kg,100 kg,A,,,
,Mercury salicylate,6.1,UN1644,II,6.1,"IB8, IP2, IP4, T3, TP33",153,212,242,25 kg,100 kg,A,,,
+ ,Mercury sulfates,6.1,UN1645,II,6.1,"IB8, IP2, IP4, T3, TP33",153,212,242,25 kg,100 kg,A,,,
,Mercury thiocyanate,6.1,UN1646,II,6.1,"IB8, IP2, IP4, T3, TP33",153,212,242,25 kg,100 kg,A,,,
,Mesityl oxide,3,UN1229,III,3,"B1, IB3, T2, TP1",150,203,242,60 L,220 L,A,,,
G ,"Metal carbonyls, liquid, n.o.s.",6.1,UN3281,I,6.1,"5, T14, TP2, TP13, TP27",None,201,243,1 L,30 L,B,40,,
G ,"Metal carbonyls, liquid, n.o.s.",6.1,UN3281,II,6.1,"IB2, T11, TP2, TP27",153,202,243,5 L,60 L,B,40,,
G ,"Metal carbonyls, liquid, n.o.s.",6.1,UN3281,III,6.1,"IB3, T7, TP1, TP28",153,203,241,60 L,220 L,A,40,,
G ,"Metal carbonyls, solid, n.o.s.",6.1,UN3466,I,6.1,"IB7, IP1, T6, TP33",None,211,242,5 kg,50 kg,D,40,,
G ,"Metal carbonyls, solid, n.o.s.",6.1,UN3466,II,6.1,"IB8, IP2, IP4, T3, TP33",153,212,242,25 kg,100 kg,B,40,,
G ,"Metal carbonyls, solid, n.o.s.",6.1,UN3466,III,6.1,"IB8, IP3, T1, TP33",153,213,240,100 kg,200 kg,B,40,,
,"Metal catalyst, dry",4.2,UN2881,II,4.2,"IB6, IP2, N34, T3, TP33",None,187,242,Forbidden,50 kg,C,,,
,"Metal catalyst, dry",4.2,UN2881,III,4.2,"IB8, IP3, N34, T1, TP33",None,187,241,25 kg,100 kg,C,,,
,"Metal catalyst, dry",4.2,UN2881,I,4.2,"N34, T21, TP7, TP33",None,187,None,Forbidden,Forbidden,C,,,
,"Metal catalyst, wetted with a visible excess of liquid",4.2,UN1378,II,4.2,"A2, A8, IB1, N34, T3, TP33",None,212,None,Forbidden,50 kg,C,,,
,Metaldehyde,4.1,UN1332,III,4.1,"A1, IB8, IP3, T1, TP33",151,213,240,25 kg,100 kg,A,,,
,"Metal hydrides, flammable, n.o.s.",4.1,UN3182,II,4.1,"A1, IB4, T3, TP33",151,212,240,15 kg,50 kg,E,,,
,"Metal hydrides, flammable, n.o.s.",4.1,UN3182,III,4.1,"A1, IB4, T1, TP33",151,213,240,25 kg,100 kg,E,,,
,"Metal hydrides, water reactive, n.o.s.",4.3,UN1409,I,4.3,"A19, N34, N40",None,211,242,Forbidden,15 kg,D,52,,
,"Metal hydrides, water reactive, n.o.s.",4.3,UN1409,II,4.3,"A19, IB4, N34, N40, T3, TP33",151,212,242,15 kg,50 kg,D,52,,
G ,"Metallic substance, water-reactive, n.o.s.",4.3,UN3208,I,4.3,"A7, IB4",None,211,242,Forbidden,15 kg,E,40,,
G ,"Metallic substance, water-reactive, n.o.s.",4.3,UN3208,II,4.3,"A7, IB7, IP2, T3, TP33",151,212,242,15 kg,50 kg,E,40,,
G ,"Metallic substance, water-reactive, n.o.s.",4.3,UN3208,III,4.3,"A7, IB8, IP4, T1, TP33",151,213,241,25 kg,100 kg,E,40,,
G ,"Metallic substance, water-reactive, self-heating, n.o.s.",4.3,UN3209,I,"4.3, 4.2",A7,None,211,242,Forbidden,15 kg,E,40,,
G ,"Metallic substance, water-reactive, self-heating, n.o.s.",4.3,UN3209,II,"4.3, 4.2","A7, IB5, IP2, T3, TP33",None,212,242,15 kg,50 kg,E,40,,
G ,"Metallic substance, water-reactive, self-heating, n.o.s.",4.3,UN3209,III,"4.3, 4.2","A7, IB8, IP4, T1, TP33",None,213,242,25 kg,100 kg,E,40,,
,"Metal powder, self-heating, n.o.s.",4.2,UN3189,II,4.2,"IB6, IP2, T3, TP33",None,212,241,15 kg,50 kg,C,,,
,"Metal powder, self-heating, n.o.s.",4.2,UN3189,III,4.2,"IB8, IP3, T1, TP33",None,213,241,25 kg,100 kg,C,,,
,"Metal powders, flammable, n.o.s.",4.1,UN3089,II,4.1,"IB8, IP2, IP4, T3, TP33",151,212,240,15 kg,50 kg,B,,,
,"Metal powders, flammable, n.o.s.",4.1,UN3089,III,4.1,"IB6, T1, TP33",151,213,240,25 kg,100 kg,B,,,
,Metal salts of methyl nitramine (dry),Forbidden,,,,,,,,,,,,,
G ,"Metal salts of organic compounds, flammable, n.o.s.",4.1,UN3181,II,4.1,"A1, IB8, IP2, IP4, T3, TP33",151,212,240,15 kg,50 kg,B,40,,
G ,"Metal salts of organic compounds, flammable, n.o.s.",4.1,UN3181,III,4.1,"A1, IB8, IP3, T1, TP33",151,213,240,25 kg,100 kg,B,40,,
,"Methacrylaldehyde, stabilized",3,UN2396,II,"3, 6.1","45, IB2, T7, TP1, TP13",150,202,243,1 L,60 L,E,40,,
,"Methacrylic acid, stabilized",8,UN2531,II,8,"IB2, T7, TP1, TP18, TP30",154,202,242,1 L,30 L,C,40,,
+ ,"Methacrylonitrile, stabilized",3,UN3079,I,"3, 6.1","2, B9, B14, B32, B74, T20, TP2, TP13, TP38, TP45",None,227,244,Forbidden,Forbidden,D,"12, 40, 48",,
,Methallyl alcohol,3,UN2614,III,3,"B1, IB3, T2, TP1",150,203,242,60 L,220 L,A,,,
,"Methane and hydrogen, mixtures, see Hydrogen and methane, mixtures, etc",,,,,,,,,,,,,,
,"Methane, compressed or Natural gas, compressed (with high methane content)",2.1,UN1971,,2.1,,306,302,302,Forbidden,150 kg,E,40,,
,"Methane, refrigerated liquid (cryogenic liquid) or Natural gas, refrigerated liquid (cryogenic liquid), with high methane content)",2.1,UN1972,,2.1,"T75, TP5",None,None,318,Forbidden,Forbidden,D,40,,
,Methanesulfonyl chloride,6.1,UN3246,I,"6.1, 8","2, B9, B14, B32, B74, T20, TP2, TP12, TP13, TP38, TP45",None,227,244,Forbidden,Forbidden,D,40,,
+ I ,Methanol,3,UN1230,II,"3, 6.1","IB2, T7, TP2",150,202,242,1 L,60 L,B,40,,
D ,Methanol,3,UN1230,II,3,"IB2, T7, TP2",150,202,242,1 L,60 L,B,40,,
,Methazoic acid,Forbidden,,,,,,,,,,,,,
,2-Methlybutanal,3,UN3371,II,3,"IB2, T4, TP1",150,202,242,5 L,60 L,B,,,
,1-Methoxy-2-propanol,3,UN3092,III,3,"B1, IB3, T2, TP1",150,203,242,60 L,220 L,A,,,
,4-Methoxy-4-methylpentan-2-one,3,UN2293,III,3,"B1, IB3, T2, TP1",150,203,242,60 L,220 L,A,,,
+ ,Methoxymethyl isocyanate,3,UN2605,I,"3, 6.1","1, B9, B14, B30, B72, T22, TP2, TP13, TP38, TP44",None,226,244,Forbidden,Forbidden,D,40,,
,2-Methyl-1-butene,3,UN2459,I,3,"T11, TP2",None,201,243,1 L,30 L,E,,,
,3-Methyl-1-butene,3,UN2561,I,3,"T11, TP2",None,201,243,1 L,30 L,E,,,
,2-Methyl-2-butene,3,UN2460,II,3,"IB2, IP8, T7, TP1",None,202,242,5 L,60 L,E,,,
,Methyl 2-chloropropionate,3,UN2933,III,3,"B1, IB3, T2, TP1",150,203,242,60 L,220 L,A,,,
,2-Methyl-2-heptanethiol,6.1,UN3023,I,"6.1, 3","2, B9, B14, B32, B74, T20, TP2, TP13, TP38, TP45",None,227,244,Forbidden,Forbidden,D,"40, 102",,
,2-Methyl-5-ethylpyridine,6.1,UN2300,III,6.1,"IB3, T4, TP1",153,203,241,60 L,220 L,A,,,
,Methyl acetate,3,UN1231,II,3,"IB2, T4, TP1",150,202,242,5 L,60 L,B,,,
,"Methyl acetylene and propadiene mixtures, stabilized",2.1,UN1060,,2.1,"N88, T50",306,304,"314, 315",Forbidden,150 kg,B,40,,
,"Methyl acrylate, stabilized",3,UN1919,II,3,"IB2, T4, TP1, TP13",150,202,242,5 L,60 L,B,,,
,Methylal,3,UN1234,II,3,"IB2, IP8, T7, TP2",None,202,242,5 L,60 L,E,,,
,"Methyl alcohol, see Methanol",,,,,,,,,,,,,,
,Methyl allyl chloride,3,UN2554,II,3,"IB2, T4, TP1, TP13",150,202,242,5 L,60 L,E,,,
,"Methylamine, anhydrous",2.1,UN1061,,2.1,"N87, T50",306,304,"314, 315",Forbidden,150 kg,B,40,,
,"Methylamine, aqueous solution",3,UN1235,II,"3, 8","B1, IB2, T7, TP1",150,202,243,1 L,5 L,E,"52, 135",,
,Methylamine dinitramine and dry salts thereof,Forbidden,,,,,,,,,,,,,
,Methylamine nitroform,Forbidden,,,,,,,,,,,,,
,Methylamine perchlorate (dry),Forbidden,,,,,,,,,,,,,
,Methylamyl acetate,3,UN1233,III,3,"B1, IB3, T2, TP1",150,203,242,60 L,220 L,A,,,
,"Methyl amyl ketone, see Amyl methyl ketone",,,,,,,,,,,,,,
,N-Methylaniline,6.1,UN2294,III,6.1,"IB3, T4, TP1",153,203,241,60 L,220 L,A,,,
,"alpha-Methylbenzyl alcohol, liquid",6.1,UN2937,III,6.1,"IB3, T4, TP1",153,203,241,60 L,220 L,A,,,
,"alpha-Methylbenzyl alcohol, solid",6.1,UN3438,III,6.1,"IB8, IP3, T1, TP33",153,213,240,100 kg,200 kg,A,,,
,Methyl bromide,2.3,UN1062,,2.3,"3, B14, N86, T50",None,193,"314, 315",Forbidden,Forbidden,D,40,,
,"Methyl bromide and chloropicrin mixtures with > 2% chloropicrin, see Chloropicrin and methyl bromide mixtures",,,,,,,,,,,,,,
,"Methyl bromide and chloropicrin mixtures with not > 2% chloropicrin, see Methyl bromide",,,,,,,,,,,,,,
,"Methyl bromide and ethylene dibromide mixtures, liquid",6.1,UN1647,I,6.1,"2, B9, B14, B32, B74, N65, T20, TP2, TP13, TP38, TP44",None,227,244,Forbidden,Forbidden,C,40,,
,Methyl bromoacetate,6.1,UN2643,II,6.1,"IB2, T7, TP2",153,202,243,5 L,60 L,D,40,,
,3-Methylbutan-2-one,3,UN2397,II,3,"IB2, T4, TP1",150,202,242,5 L,60 L,B,,,
,N-Methylbutylamine,3,UN2945,II,"3, 8","IB2, T7, TP1",150,202,243,1 L,5 L,B,40,,
,Methyl butyrate,3,UN1237,II,3,"IB2, T4, TP1",150,202,242,5 L,60 L,B,,,
,"Methyl chloride and chloropicrin mixtures, see Chloropicrin and methyl chloride mixtures",,,,,,,,,,,,,,
,Methyl chloride and methylene chloride mixtures,2.1,UN1912,,2.1,"N86, T50",306,304,"314, 315",Forbidden,150 kg,D,40,,
,Methyl chloride or Refrigerant gas R 40,2.1,UN1063,,2.1,"N86, T50",306,304,"314, 315",5 kg,100 kg,D,40,,
,Methyl chloroacetate,6.1,UN2295,I,"6.1, 3","T14, TP2, TP13",None,201,243,1 L,30 L,D,,,
,"Methyl chlorocarbonate, see Methyl chloroformate",,,,,,,,,,,,,,
,Methyl chloroformate,6.1,UN1238,I,"6.1, 3, 8","1, B9, B14, B30, B72, N34, T22, TP2, TP13, TP38, TP44",None,226,244,Forbidden,Forbidden,D,"21, 40, 100",,
,"Methyl chloroform, see 1,1,1-Trichloroethane",,,,,,,,,,,,,,
,Methyl chloromethyl ether,6.1,UN1239,I,"6.1, 3","1, B9, B14, B30, B72, T22, TP2, TP38, TP44",None,226,244,Forbidden,Forbidden,D,40,,
,Methylchlorosilane,2.3,UN2534,,"2.3, 2.1, 8","2, B9, B14, N34",None,226,"314, 315",Forbidden,Forbidden,D,"17, 40",,
,Methylcyclohexane,3,UN2296,II,3,"B1, IB2, T4, TP1",150,202,242,5 L,60 L,B,,,
,"Methylcyclohexanols, flammable",3,UN2617,III,3,"B1, IB3, T2, TP1",150,203,242,60 L,220 L,A,,,
,Methylcyclohexanone,3,UN2297,III,3,"B1, IB3, T2, TP1",150,203,242,60 L,220 L,A,,,
,Methylcyclopentane,3,UN2298,II,3,"IB2, T4, TP1",150,202,242,5 L,60 L,B,,,
,Methyl dichloroacetate,6.1,UN2299,III,6.1,"IB3, T4, TP1",153,203,241,60 L,220 L,A,,,
D ,Methyldichloroarsine,6.1,NA1556,I,6.1,"2, T20, TP4, TP12, TP13, TP38, TP45",None,192,None,Forbidden,Forbidden,D,40,,
,Methyldichlorosilane,4.3,UN1242,I,"4.3, 8, 3","A2, A3, A7, B6, B77, N34, T10, TP2, TP7, TP13",None,201,243,Forbidden,1 L,D,"21, 28, 40, 49, 100",,
,"Methylene chloride, see Dichloromethane",,,,,,,,,,,,,,
,Methylene glycol dinitrate,Forbidden,,,,,,,,,,,,,
,"Methyl ethyl ether, see Ethyl methyl ether",,,,,,,,,,,,,,
,"Methyl ethyl ketone peroxide, in solution with > 9% by mass active oxygen",Forbidden,,,,,,,,,,,,,
,"Methyl ethyl ketone, see Ethyl methyl ketone",,,,,,,,,,,,,,
,"Methyl fluoride, or Refrigerant gas R 41",2.1,UN2454,,2.1,,306,304,"314, 315",Forbidden,150 kg,E,40,,
,Methyl formate,3,UN1243,I,3,"T11, TP2",150,201,243,1 L,30 L,E,,,
,2-Methylfuran,3,UN2301,II,3,"IB2, T4, TP1",150,202,242,5 L,60 L,E,,,
,a-Methylglucoside tetranitrate,Forbidden,,,,,,,,,,,,,
,a-Methylglycerol trinitrate,Forbidden,,,,,,,,,,,,,
,5-Methylhexan-2-one,3,UN2302,III,3,"B1, IB3, T2, TP1",150,203,242,60 L,220 L,A,,,
,Methylhydrazine,6.1,UN1244,I,"6.1, 3, 8","1, B7, B9, B14, B30, B72, B77, N34, T22, TP2, TP13, TP38, TP44",None,226,244,Forbidden,Forbidden,D,"21, 40, 49, 52, 100",,
,Methyl iodide,6.1,UN2644,I,6.1,"2, B9, B14, B32, B74, T20, TP2, TP13, TP38, TP45",None,227,244,Forbidden,Forbidden,A,"12, 40",,
,Methyl isobutyl carbinol,3,UN2053,III,3,"B1, IB3, T2, TP1",150,203,242,60 L,220 L,A,,,
,Methyl isobutyl ketone,3,UN1245,II,3,"IB2, T4, TP1",150,202,242,5 L,60 L,B,,,
,"Methyl isobutyl ketone peroxide, in solution with > 9% by mass active oxygen",Forbidden,,,,,,,,,,,,,
,Methyl isocyanate,6.1,UN2480,I,"6.1, 3","1, B9, B14, B30, B72, T22, TP2, TP13, TP38, TP44",None,226,244,Forbidden,Forbidden,D,"40, 52",,
,"Methyl isopropenyl ketone, stabilized",3,UN1246,II,3,"IB2, T4, TP1",150,202,242,5 L,60 L,B,,,
,Methyl isothiocyanate,6.1,UN2477,I,"6.1, 3","2, B9, B14, B32, B74, T20, TP2, TP13, TP38, TP45",None,227,244,Forbidden,Forbidden,A,,,
,Methyl isovalerate,3,UN2400,II,3,"IB2, T4, TP1",150,202,242,5 L,60 L,B,,,
,"Methyl magnesium bromide, in ethyl ether",4.3,UN1928,I,"4.3, 3",,None,201,243,Forbidden,1 L,D,,,
,Methyl mercaptan,2.3,UN1064,,"2.3, 2.1","3, B7, B9, B14, N89, T50",None,304,"314, 315",Forbidden,Forbidden,D,40,,
,"Methyl mercaptopropionaldehyde, see 4-Thiapentanal",,,,,,,,,,,,,,
,"Methyl methacrylate monomer, stabilized",3,UN1247,II,3,"IB2, T4, TP1",150,202,242,5 L,60 L,B,40,,
,4-Methylmorpholine or n-methylmorpholine,3,UN2535,II,"3, 8","B6, IB2, T7, TP1",150,202,243,1 L,5 L,B,40,,
,Methyl nitramine (dry),Forbidden,,,,,,,,,,,,,
,Methyl nitrate,Forbidden,,,,,,,,,,,,,
,Methyl nitrite,Forbidden,,,,,,,,,,,,,
,"Methyl norbornene dicarboxylic anhydride, see Corrosive liquids, n.o.s.",,,,,,,,,,,,,,
,Methyl orthosilicate,6.1,UN2606,I,"6.1, 3","2, B9, B14, B32, B74, T20, TP2, TP13, TP38, TP45",None,227,244,Forbidden,Forbidden,E,40,,
,Methylpentadienes,3,UN2461,II,3,"IB2, T4, TP1",150,202,242,5 L,60 L,E,,,
,2-Methylpentan-2-ol,3,UN2560,III,3,"B1, IB3, T2, TP1",150,203,242,60 L,220 L,A,,,
,"Methylpentanes, see Hexanes",,,,,,,,,,,,,,
,Methylphenyldichlorosilane,8,UN2437,II,8,"IB2, T7, TP2, TP13",None,202,242,1 L,30 L,C,40,,
D ,Methyl phosphonic dichloride,6.1,NA9206,I,"6.1, 8","2, B9, B14, B32, B74, N34, N43, T20, TP4, TP12, TP13, TP38, TP45",None,227,244,Forbidden,Forbidden,C,,,
,"Methyl phosphonothioic dichloride, anhydrous, see Corrosive liquid, n.o.s.",,,,,,,,,,,,,,
D ,"Methyl phosphonous dichloride, pyrophoric liquid",6.1,NA2845,I,"6.1, 4.2","2, B9, B14, B16, B32, B74, T20, TP4, TP12, TP13, TP38, TP45",None,227,244,Forbidden,Forbidden,D,18,,
,Methyl picric acid (heavy metal salts of),Forbidden,,,,,,,,,,,,,
,1-Methylpiperidine,3,UN2399,II,"3, 8","IB2, T7, TP1",150,202,243,1 L,5 L,B,52,,
,Methyl propionate,3,UN1248,II,3,"IB2, T4, TP1",150,202,242,5 L,60 L,B,,,
,Methyl propyl ether,3,UN2612,II,3,"IB2, IP8, T7, TP2",150,202,242,5 L,60 L,E,40,,
,Methyl propyl ketone,3,UN1249,II,3,"IB2, T4, TP1",150,202,242,5 L,60 L,B,,,
,"Methyl sulfate, see Dimethyl sulfate",,,,,,,,,,,,,,
,"Methyl sulfide, see Dimethyl sulfide",,,,,,,,,,,,,,
,Methyl tert-butyl ether,3,UN2398,II,3,"IB2, T7, TP1",150,202,242,5 L,60 L,E,,,
,Methyltetrahydrofuran,3,UN2536,II,3,"IB2, T4, TP1",150,202,242,5 L,60 L,B,,,
,Methyl trichloroacetate,6.1,UN2533,III,6.1,"IB3, T4, TP1",153,203,241,60 L,220 L,A,,,
,Methyltrichlorosilane,3,UN1250,I,"3, 8","A7, B6, B77, N34, T11, TP2, TP13",None,201,243,Forbidden,2.5 L,B,40,,
,Methyl trimethylol methane trinitrate,Forbidden,,,,,,,,,,,,,
,alpha-Methylvaleraldehyde,3,UN2367,II,3,"B1, IB2, T4, TP1",150,202,242,5 L,60 L,B,,,
,"Methyl vinyl ketone, stabilized",6.1,UN1251,I,"6.1, 3, 8","1, B9, B14, B30, B72, T22, TP2, TP13, TP38, TP44",None,226,244,Forbidden,Forbidden,B,40,,
,"Mine rescue equipment containing carbon dioxide, see Carbon dioxide",,,,,,,,,,,,,,
,Mines with bursting charge,1.1F,UN0136,II,1.1F,,,62,None,Forbidden,Forbidden,8,,,
,Mines with bursting charge,1.1D,UN0137,II,1.1D,,,62,None,Forbidden,Forbidden,3,,,
,Mines with bursting charge,1.2D,UN0138,II,1.2D,,,62,None,Forbidden,Forbidden,3,,,
,Mines with bursting charge,1.2F,UN0294,II,1.2F,,,62,None,Forbidden,Forbidden,8,,,
,"Mixed acid, see Nitrating acid, mixtures etc",,,,,,,,,,,,,,
,"Mobility aids, see Battery powered equipment or Battery powered vehicle'",,,,,,,,,,,,,,
D ,Model rocket motor,1.4S,NA0323,II,1.4S,51,None,62,None,25 kg,100 kg,5,,,
D ,Model rocket motor,1.4C,NA0276,II,1.4C,51,None,62,None,Forbidden,75 kg,6,,,
,Molybdenum pentachloride,8,UN2508,III,8,"IB8, IP3, T1, TP33",154,213,240,25 kg,100 kg,C,40,,
,Monochloroacetone (unstabilized),Forbidden,,,,,,,,,,,,,
,"Monochloroethylene, see Vinyl chloride, stabilized",,,,,,,,,,,,,,
,"Monoethanolamine, see Ethanolamine, solutions",,,,,,,,,,,,,,
,"Monoethylamine, see Ethylamine",,,,,,,,,,,,,,
,Morpholine,8,UN2054,I,"8, 3","A6, T10, TP2",None,201,243,0.5 L,2.5 L,A,,,
,"Morpholine, aqueous, mixture, see Corrosive liquids, n.o.s.",,,,,,,,,,,,,,
,Motor fuel anti-knock compounds see Motor fuel anti-knock mixtures,,,,,,,,,,,,,,
+ ,Motor fuel anti-knock mixtures,6.1,UN1649,I,6.1,"14, 151, B9, B90, T14, TP2, TP13",None,201,244,Forbidden,30 L,D,"25, 40",,
,"Motor spirit, see Gasoline",,,,,,,,,,,,,,
,"Muriatic acid, see Hydrochloric acid",,,,,,,,,,,,,,
,"Musk xylene, see 5-tert-Butyl-2,4,6-trinitro-m-xylene",,,,,,,,,,,,,,
,"Naphthalene, crude or Naphthalene, refined",4.1,UN1334,III,4.1,"A1, IB8, IP3, T1, TP33",151,213,240,25 kg,100 kg,A,,,
,Naphthalene diozonide,Forbidden,,,,,,,,,,,,,
,"Naphthalene, molten",4.1,UN2304,III,4.1,"IB1, T1, TP3",151,213,241,Forbidden,Forbidden,C,,,
,Naphtha see Petroleum distillates n.o.s.,,,,,,,,,,,,,,
,alpha-Naphthylamine,6.1,UN2077,III,6.1,"IB8, IP3, T1, TP33",153,213,240,100 kg,200 kg,A,,,
,Naphthylamineperchlorate,Forbidden,,,,,,,,,,,,,
,"beta-Naphthylamine, solid",6.1,UN1650,II,6.1,"IB8, IP2, IP4, T3, TP33",153,212,242,25 kg,100 kg,A,,,
,beta-Naphthylamine solution,6.1,UN3411,II,6.1,"IB2, T7, TP2",153,202,243,5 L,60 L,A,,,
,beta-Naphthylamine solution,6.1,UN3411,III,6.1,"IB2, T7, TP2",153,203,241,60 L,220 L,A,,,
,Naphthylthiourea,6.1,UN1651,II,6.1,"IB8, IP2, IP4, T3, TP33",153,212,242,25 kg,100 kg,A,,,
,Naphthylurea,6.1,UN1652,II,6.1,"IB8, IP2, IP4, T3, TP33",153,212,242,25 kg,100 kg,A,,,
,"Natural gases (with high methane content), see Methane, etc. (UN 1971, UN 1972)",,,,,,,,,,,,,,
,"Neohexane, see Hexanes",,,,,,,,,,,,,,
,"Neon, compressed",2.2,UN1065,,2.2,,306,302,302,75 kg,150 kg,A,,,
,"Neon, refrigerated liquid (cryogenic liquid)",2.2,UN1913,,2.2,"T75, TP5",320,316,None,50 kg,500 kg,B,,,
,"New explosive or explosive device, see §§173.51 and 173.56",,,,,,,,,,,,,,
,Nickel carbonyl,6.1,UN1259,I,"6.1, 3",1,None,198,None,Forbidden,Forbidden,D,"18, 40",,
,Nickel cyanide,6.1,UN1653,II,6.1,"IB8, IP2, IP4, N74, N75, T3, TP33",153,212,242,25 kg,100 kg,A,52,,
,Nickel nitrate,5.1,UN2725,III,5.1,"A1, IB8, IP3, T1, TP33",152,213,240,25 kg,100 kg,A,,,
,Nickel nitrite,5.1,UN2726,III,5.1,"A1, IB8, IP3, T1, TP33",152,213,240,25 kg,100 kg,A,"56, 58",,
,Nickel picrate,Forbidden,,,,,,,,,,,,,
,Nicotine,6.1,UN1654,II,6.1,IB2,153,202,243,5 L,60 L,A,,,
,"Nicotine compounds, liquid, n.o.s. or Nicotine preparations, liquid, n.o.s.",6.1,UN3144,I,6.1,A4,None,201,243,1 L,30 L,B,40,,
,"Nicotine compounds, liquid, n.o.s. or Nicotine preparations, liquid, n.o.s.",6.1,UN3144,II,6.1,"IB2, T11, TP2, TP27",153,202,243,5 L,60 L,B,40,,
,"Nicotine compounds, liquid, n.o.s. or Nicotine preparations, liquid, n.o.s.",6.1,UN3144,III,6.1,"IB3, T7, TP1, TP28",153,203,241,60 L,220 L,B,40,,
,"Nicotine compounds, solid, n.o.s. or Nicotine preparations, solid, n.o.s.",6.1,UN1655,I,6.1,"IB7, IP1, T6, TP33",None,211,242,5 kg,50 kg,B,,,
,"Nicotine compounds, solid, n.o.s. or Nicotine preparations, solid, n.o.s.",6.1,UN1655,II,6.1,"IB8, IP2, IP4, T3, TP33",153,212,242,25 kg,100 kg,A,,,
,"Nicotine compounds, solid, n.o.s. or Nicotine preparations, solid, n.o.s.",6.1,UN1655,III,6.1,"IB8, IP3, T1, TP33",153,213,240,100 kg,200 kg,A,,,
,Nicotine hydrochloride liquid or solution,6.1,UN1656,II,6.1,IB2,153,202,243,5 L,60 L,A,,,
,Nicotine hydrochloride liquid or solution,6.1,UN1656,III,6.1,IB3,153,203,241,60 L,220 L,A,,,
,"Nicotine hydrochloride, solid",6.1,UN3444,II,6.1,"IB8, IP2, IP4, T3, TP33",153,212,242,25 kg,100 kg,A,,,
,Nicotine salicylate,6.1,UN1657,II,6.1,"IB8, IP2, IP4, T3, TP33",153,212,242,25 kg,100 kg,A,,,
,Nicotine sulfate solution,6.1,UN1658,II,6.1,"IB2, T7, TP2",153,202,243,5 L,60 L,A,,,
,Nicotine sulfate solution,6.1,UN1658,III,6.1,"IB3, T7, TP2",153,203,241,60 L,220 L,A,,,
,"Nicotine sulphate, solid",6.1,UN3445,II,6.1,"IB8, IP2, IP4, T3, TP33",153,212,242,25 kg,100 kg,A,,,
,Nicotine tartrate,6.1,UN1659,II,6.1,"IB8, IP2, IP4, T3, TP33",153,212,242,25 kg,100 kg,A,,,
,Nitrated paper (unstable),Forbidden,,,,,,,,,,,,,
,"Nitrates, inorganic, aqueous solution, n.o.s.",5.1,UN3218,II,5.1,"58, IB2, T4, TP1",152,202,242,1 L,5 L,B,"56, 58, 133",,
,"Nitrates, inorganic, aqueous solution, n.o.s.",5.1,UN3218,III,5.1,"58, IB2, T4, TP1",152,203,241,2.5 L,30 L,B,"56, 58, 133",,
,"Nitrates, inorganic, n.o.s.",5.1,UN1477,II,5.1,"IB8, IP2, IP4, T3, TP33",152,212,240,5 kg,25 kg,A,"56, 58",,
,"Nitrates, inorganic, n.o.s.",5.1,UN1477,III,5.1,"IB8, IP3, T1, TP33",152,213,240,25 kg,100 kg,A,"56, 58",,
,Nitrates of diazonium compounds,Forbidden,,,,,,,,,,,,,
,"Nitrating acid mixtures, spent with > 50% nitric acid",8,UN1826,I,"8, 5.1","A7, T10, TP2, TP12, TP13",None,158,243,Forbidden,2.5 L,D,"40, 66",,
,Nitrating acid mixtures spent with not > 50% nitric acid,8,UN1826,II,8,"A7, B2, IB2, T8, TP2, TP12",None,158,242,Forbidden,30 L,D,40,,
,Nitrating acid mixtures with > 50% nitric acid,8,UN1796,I,"8, 5.1","A7, T10, TP2, TP12, TP13",None,158,243,Forbidden,2.5 L,D,"40, 66",,
,Nitrating acid mixtures with not > 50% nitric acid,8,UN1796,II,8,"A7, B2, IB2, T8, TP2, TP12, TP13",None,158,242,Forbidden,30 L,D,40,,
,"Nitric acid other than red fuming, with > 70% nitric acid",8,UN2031,I,"8, 5.1","A3, B47, B53, T10, TP2, TP12, TP13",None,158,243,Forbidden,2.5 L,D,"44, 66, 89, 90, 110, 111",,
,"Nitric acid other than red fuming, with not > 20% nitric acid",8,UN2031,II,8,"A6, B2, B47, B53, IB2, T8, TP2, TP12",None,158,242,1 L,30 L,D,,,
,"Nitric acid other than red fuming, with not > 70% nitric acid",8,UN2031,II,8,"A6, B2, B47, B53, IB2, T8, TP2, TP12",None,158,242,Forbidden,30 L,D,"44, 66, 89, 90, 110, 111",,
+ ,"Nitric acid, red fuming",8,UN2032,I,"8, 5.1, 6.1","2, B9, B32, B74, T20, TP2, TP12, TP13, TP38, TP45",None,227,244,Forbidden,Forbidden,D,"40, 66, 74, 89, 90",,
,Nitric oxide and dinitrogen tetroxide mixtures or Nitric oxide and nitrogen dioxide mixtures,2.3,UN1975,,"2.3, 5.1, 8","1, B7, B9, B14, B45, B46, B61, B66, B67, B77",None,337,None,Forbidden,Forbidden,D,"40, 89, 90",,
,"Nitric oxide, compressed",2.3,UN1660,,"2.3, 5.1, 8","1, B37, B46, B50, B60, B77",None,337,None,Forbidden,Forbidden,D,"40, 89, 90",,
G ,"Nitriles, flammable, toxic, n.o.s.",3,UN3273,I,"3, 6.1","T14, TP2, TP13, TP27",None,201,243,Forbidden,30 L,E,"40, 52",,
G ,"Nitriles, flammable, toxic, n.o.s.",3,UN3273,II,"3, 6.1","IB2, T11, TP2, TP13, TP27",150,202,243,1 L,60 L,B,"40, 52",,
G ,"Nitriles, toxic, flammable, n.o.s.",6.1,UN3275,I,"6.1, 3","5, T14, TP2, TP13, TP27",None,201,243,1 L,30 L,B,"40, 52",,
G ,"Nitriles, toxic, flammable, n.o.s.",6.1,UN3275,II,"6.1, 3","IB2, T11, TP2, TP13, TP27",153,202,243,5 L,60 L,B,"40, 52",,
G ,"Nitriles, toxic, liquid, n.o.s.",6.1,UN3276,I,6.1,"5, T14, TP2, TP13, TP27",None,201,243,1 L,30 L,B,52,,
G ,"Nitriles, toxic, liquid, n.o.s.",6.1,UN3276,II,6.1,"IB2, T11, TP2, TP27",153,202,243,5 L,60 L,B,52,,
G ,"Nitriles, toxic, liquid, n.o.s.",6.1,UN3276,III,6.1,"IB3, T7, TP1, TP28",153,203,241,60 L,220 L,A,52,,
G ,"Nitriles, toxic, solid, n.o.s.",6.1,UN3439,III,6.1,"IB8, IP3, T1, TP33",153,213,240,100 kg,200 kg,A,52,,
G ,"Nitriles, toxic, solid, n.o.s.",6.1,UN3439,II,6.1,"IB8, IP2, IP4, T3, TP33",153,212,242,25 kg,100 kg,B,52,,
G ,"Nitriles, toxic, solid, n.o.s.",6.1,UN3439,I,6.1,"IB7, IP1, T6, TP33",None,211,242,5 kg,50 kg,D,52,,
,"Nitrites, inorganic, aqueous solution, n.o.s.",5.1,UN3219,II,5.1,"IB1, T4, TP1",152,202,242,1 L,5 L,B,"46, 56, 58, 133",,
,"Nitrites, inorganic, aqueous solution, n.o.s.",5.1,UN3219,III,5.1,"IB2, T4, TP1",152,203,241,2.5 L,30 L,B,"46, 56, 58, 133",,
,"Nitrites, inorganic, n.o.s.",5.1,UN2627,II,5.1,"33, IB8, IP4, T3, TP33",152,212,None,5 kg,25 kg,A,"46, 56, 58, 133",,
,2-Nitro-2-methylpropanol nitrate,Forbidden,,,,,,,,,,,,,
,3-Nitro-4-chlorobenzotrifluoride,6.1,UN2307,II,6.1,"IB2, T7, TP2",153,202,243,5 L,60 L,A,40,,
,6-Nitro-4-diazotoluene-3-sulfonic acid (dry),Forbidden,,,,,,,,,,,,,
,N-Nitroaniline,Forbidden,,,,,,,,,,,,,
+ ,Nitroanilines (o-, m-, p-,),6.1,UN1661,II,6.1,"IB8, IP2, IP4, T3, TP33",153,212,242,25 kg,100 kg,A
,"Nitroanisole, liquid",6.1,UN2730,III,6.1,"IB3, T4, TP1",153,203,241,60 L,220 L,A,,,
,"Nitroanisoles, solid",6.1,UN3458,III,6.1,"IB8, IP3, T1, TP33",153,213,240,100 kg,200 kg,A,,,
+ ,Nitrobenzene,6.1,UN1662,II,6.1,"IB2, T7, TP2",153,202,243,5 L,60 L,A,40,,
,m-Nitrobenzene diazonium perchlorate,Forbidden,,,,,,,,,,,,,
,Nitrobenzenesulfonic acid,8,UN2305,II,8,"B2, B4, IB8, IP2, IP4, T3, TP33",154,202,242,1 L,30 L,A,,,
,"Nitrobenzol, see Nitrobenzene",,,,,,,,,,,,,,
,5-Nitrobenzotriazol,1.1D,UN0385,II,1.1D,,None,62,None,Forbidden,Forbidden,10,,,
,"Nitrobenzotrifluorides, liquid",6.1,UN2306,II,6.1,"IB2, T7, TP2",153,202,243,5 L,60 L,A,40,,
,"Nitrobenzotrifluorides, solid",6.1,UN3431,II,6.1,"IB8, IP2, IP4, T3, TP33",153,212,242,25 kg,100 kg,A,40,,
,"Nitrobromobenzenes, liquid",6.1,UN2732,III,6.1,"IB3, T4, TP1",153,203,241,60 L,220 L,A,,,
,"Nitrobromobenzenes, solid",6.1,UN3459,III,6.1,"IB8, IP3, T1, TP33",153,213,240,100 kg,200 kg,A,,,
,"Nitrocellulose, dry or wetted with < 25% water (or alcohol), by mass",1.1D,UN0340,II,1.1D,,None,62,None,Forbidden,Forbidden,13,27E,,
,"Nitrocellulose membrane filters, with not > 12.6% nitrogen, by dry mass",4.1,UN3270,II,4.1,"43, A1",151,212,240,1 kg,15 kg,D,,,
,"Nitrocellulose, plasticized with not < 18% plasticizing substance, by mass",1.3C,UN0343,II,1.3C,,None,62,None,Forbidden,Forbidden,10,,,
,"Nitrocellulose, solution, flammable with not > 12.6% nitrogen, by mass, and not > 55% nitrocellulose",3,UN2059,I,3,"T11, TP1, TP8, TP27",None,201,243,1 L,30 L,E,,,
,"Nitrocellulose, solution, flammable with not > 12.6% nitrogen, by mass, and not > 55% nitrocellulose",3,UN2059,II,3,"IB2, T4, TP1, TP8",150,202,242,5 L,60 L,B,,,
,"Nitrocellulose, solution, flammable with not > 12.6% nitrogen, by mass, and not > 55% nitrocellulose",3,UN2059,III,3,"B1, IB3, T2, TP1",150,203,242,60 L,220 L,A,,,
,"Nitrocellulose, unmodified or plasticized with < 18% plasticizing substance, by mass",1.1D,UN0341,II,1.1D,,None,62,None,Forbidden,Forbidden,13,27E,,
,"Nitrocellulose, wetted with not < 25% alcohol, by mass",1.3C,UN0342,II,1.3C,,None,62,None,Forbidden,Forbidden,10,,,
,"Nitrocellulose with alcohol with not < 25% alcohol by mass, and with not > 12.6% nitrogen, by dry mass",4.1,UN2556,II,4.1,,151,212,None,1 kg,15 kg,D,28,,
,"Nitrocellulose, with not > 12.6%, by dry mass mixture with or without plasticizer, with or without pigment.",4.1,UN2557,II,4.1,44,151,212,None,1 kg,15 kg,D,28,,
,"Nitrocellulose with water with not < 25% water, by mass",4.1,UN2555,II,4.1,,151,212,None,15 kg,50 kg,E,28,,
,"Nitrochlorobenzene, see Chloronitrobenzenes etc",,,,,,,,,,,,,,
,"Nitrocresols, liquid",6.1,UN3434,III,6.1,"IB3, T4, TP1",153,203,241,60 L,220 L,A,,,
,"Nitrocresols, solid",6.1,UN2446,III,6.1,"IB8, TP3, T1, TP33",153,213,240,100 kg,200 kg,A,,,
,Nitroethane,3,UN2842,III,3,"B1, IB3, T2, TP1",150,203,242,60 L,220 L,A,,,
,Nitroethylene polymer,Forbidden,,,,,,,,,,,,,
,Nitroethyl nitrate,Forbidden,,,,,,,,,,,,,
,"Nitrogen, compressed",2.2,UN1066,,2.2,,"306, 307",302,"314, 315",75 kg,150 kg,A,,,
,"Nitrogen dioxide, see Dinitrogen tetroxide",,,,,,,,,,,,,,
,"Nitrogen fertilizer solution, see Fertilizer ammoniating solution etc",,,,,,,,,,,,,,
,"Nitrogen peroxide, see Dinitrogen tetroxide",,,,,,,,,,,,,,
,"Nitrogen, refrigerated liquid cryogenic liquid",2.2,UN1977,,2.2,"T75, TP5",320,316,318,50 kg,500 kg,D,,,
,"Nitrogen tetroxide and nitric oxide mixtures, see Nitric oxide and nitrogen tetroxide mixtures",,,,,,,,,,,,,,
,"Nitrogen tetroxide, see Dinitrogen tetroxide",,,,,,,,,,,,,,
,Nitrogen trichloride,Forbidden,,,,,,,,,,,,,
,Nitrogen trifluoride,2.2,UN2451,,"2.2, 5.1",,None,302,None,75 kg,150 kg,D,40,,
,Nitrogen triiodide,Forbidden,,,,,,,,,,,,,
,Nitrogen triiodide monoamine,Forbidden,,,,,,,,,,,,,
,Nitrogen trioxide,2.3,UN2421,,"2.3, 5.1, 8",1,None,336,245,Forbidden,Forbidden,D,"40, 89, 90",,
,"Nitroglycerin, desensitized with not < 40% non-volatile water insoluble phlegmatizer, by mass",1.1D,UN0143,II,"1.1D, 6.1",125,None,62,None,Forbidden,Forbidden,13,21E,,
,"Nitroglycerin, liquid, not desensitized",Forbidden,,,,,,,,,,,,,
,"Nitroglycerin mixture, desensitized, liquid, flammable, n.o.s. with not > 30% nitroglycerin, by mass",3,UN3343,,3,129,None,214,None,Forbidden,Forbidden,D,,,
,"Nitroglycerin mixture, desensitized, liquid, n.o.s. with not > 30% nitroglycerin, by mass",3,UN3357,II,3,142,None,202,243,5 L,60 L,E,,,
,"Nitroglycerin mixture, desensitized, solid, n.o.s. with > 2% but not > 10% nitroglycerin, by mass",4.1,UN3319,II,4.1,118,None,None,None,Forbidden,0.5 kg,E,,,
,"Nitroglycerin, solution in alcohol, with > 1% but not > 10% nitrogylcerin",1.1D,UN0144,II,1.1D,,None,62,None,Forbidden,Forbidden,10,21E,,
,"Nitroglycerin, solution in alcohol, with > 1% but not > 5% nitroglycerin",3,UN3064,II,3,N8,None,202,None,Forbidden,5 L,E,,,
,Nitroglycerin solution in alcohol with not > 1% nitroglycerin,3,UN1204,II,3,"IB2, N34",150,202,None,5 L,60 L,B,,,
,Nitroguanidine nitrate,Forbidden,,,,,,,,,,,,,
,"Nitroguanidine or Picrite, dry or wetted with < 20% water, by mass",1.1D,UN0282,II,1.1D,,None,62,None,Forbidden,Forbidden,10,,,
,"Nitroguanidine, wetted or Picrite, wetted with not < 20% water, by mass",4.1,UN1336,I,4.1,"23, A8, A19, A20, N41",None,211,None,1 kg,15 kg,E,28,,
,1-Nitrohydantoin,Forbidden,,,,,,,,,,,,,
,Nitrohydrochloric acid,8,UN1798,I,8,"A3, B10, N41, T10, TP2, TP12, TP13",None,201,243,Forbidden,2.5 L,D,"40, 66, 74, 89, 90",,
,Nitro isobutane triol trinitrate,Forbidden,,,,,,,,,,,,,
,Nitromannite (dry),Forbidden,,,,,,,,,,,,,
,"Nitromannite, wetted, see Mannitol hexanitrate, etc",,,,,,,,,,,,,,
,Nitromethane,3,UN1261,II,3,,150,202,None,Forbidden,60 L,A,,,
,"Nitromuriatic acid, see Nitrohydrochloric acid",,,,,,,,,,,,,,
,Nitronaphthalene,4.1,UN2538,III,4.1,"A1, IB8, IP3, T1, TP33",151,213,240,25 kg,100 kg,A,,,
,N-Nitro-N-methylglycolamide nitrate,Forbidden,,,,,,,,,,,,,
+ ,Nitrophenols (o-, m-, p-,),6.1,UN1663,III,6.1,"IB8, IP3, T1, TP33",153,213,240,100 kg,200 kg,A
,m-Nitrophenyldinitro methane,Forbidden,,,,,,,,,,,,,
,"4-Nitrophenylhydrazine, with not < 30% water, by mass",4.1,UN3376,I,4.1,"162, A8, A19, A20, N41",None,211,None,Forbidden,15 kg,E,36,,
,Nitropropanes,3,UN2608,III,3,"B1, IB3, T2, TP1",150,203,242,60 L,220 L,A,,,
,p-Nitrosodimethylaniline,4.2,UN1369,II,4.2,"A19, A20, IB6, IP2, N34, T3, TP33",None,212,241,15 kg,50 kg,D,34,,
,"Nitrostarch, dry or wetted with < 20% water, by mass",1.1D,UN0146,II,1.1D,,None,62,None,Forbidden,Forbidden,10,,,
,"Nitrostarch, wetted with not < 20% water, by mass",4.1,UN1337,I,4.1,"23, A8, A19, A20, N41",None,211,None,1 kg,15 kg,D,28,,
,Nitrosugars (dry),Forbidden,,,,,,,,,,,,,
,Nitrosyl chloride,2.3,UN1069,,"2.3, 8","3, B14",None,304,"314, 315",Forbidden,Forbidden,D,40,,
,"Nitrosylsulfuric acid, liquid",8,UN2308,II,8,"A3, A6, A7, B2, IB2, N34, T8, TP2, TP12",154,202,242,1 L,30 L,D,"40, 66, 74, 89, 90",,
,"Nitrosylsulphuric acid, solid",8,UN3456,II,8,"IB8, IP2, IP4, T3, TP33",154,212,240,15 kg,50 kg,D,"40, 66, 74, 89, 90",,
,"Nitrotoluenes, liquid",6.1,UN1664,II,6.1,"IB2, T7, TP2",153,202,243,5 L,60 L,A,,,
,"Nitrotoluenes, solid",6.1,UN3446,II,6.1,"IB8, IP2, IP4, T3, TP33",153,212,242,25 kg,100 kg,A,,,
,Nitrotoluidines (mono),6.1,UN2660,III,6.1,"IB8, IP3, T1, TP33",153,213,240,100 kg,200 kg,A,,,
,Nitrotriazolone or NTO,1.1D,UN0490,II,1.1D,,None,62,None,Forbidden,Forbidden,10,,,
,Nitro urea,1.1D,UN0147,II,1.1D,,None,62,None,Forbidden,Forbidden,10,,,
,Nitrous oxide,2.2,UN1070,,"2.2, 5.1",A14,306,304,"314, 315",75 kg,150 kg,A,40,,
,"Nitrous oxide and carbon dioxide mixtures, see Carbon dioxide and nitrous oxide mixtures",,,,,,,,,,,,,,
,"Nitrous oxide, refrigerated liquid",2.2,UN2201,,"2.2, 5.1","B6, T75, TP5, TP22",None,304,"314, 315",Forbidden,Forbidden,B,40,,
,"Nitroxylenes, liquid",6.1,UN1665,II,6.1,"IB2, T7, TP2",153,202,243,5 L,60 L,A,,,
,"Nitroxylenes, solid",6.1,UN3447,II,6.1,"IB8, IP2, IP4, T3, TP33",153,212,242,25 kg,100 kg,A,,,
,"Nitroxylol, see Nitroxylenes",,,,,,,,,,,,,,
,Nonanes,3,UN1920,III,3,"B1, IB3, T2, TP1",150,203,242,60 L,220 L,A,,,
,"Non-flammable gas, n.o.s., see Compressed gas, etc. or Liquefied gas, etc",,,,,,,,,,,,,,
,"Nonliquefied gases, see Compressed gases, etc",,,,,,,,,,,,,,
,"Nonliquefied hydrocarbon gas, see Hydrocarbon gas mixture, compressed, n.o.s.",,,,,,,,,,,,,,
,Nonyltrichlorosilane,8,UN1799,II,8,"A7, B2, B6, IB2, N34, T7, TP2, TP13",None,202,242,Forbidden,30 L,C,40,,
,"2,5-Norbornadiene, stabilized, see Bicyclo 2,2,1 hepta-2,5-diene, stabilized",,,,,,,,,,,,,,
,"Nordhausen acid, see Sulfuric acid, fuming etc",,,,,,,,,,,,,,
,Octadecyltrichlorosilane,8,UN1800,II,8,"A7, B2, B6, IB2, N34, T7, TP2, TP13",None,202,242,Forbidden,30 L,C,40,,
,Octadiene,3,UN2309,II,3,"B1, IB2, T4, TP1",150,202,242,5 L,60 L,B,,,
,"1,7-Octadine-3,5-diyne-1,8-dimethoxy-9-octadecynoic acid",Forbidden,,,,,,,,,,,,,
,Octafluorobut-2-ene or Refrigerant gas R 1318,2.2,UN2422,,2.2,,None,304,"314, 315",75 kg,150 kg,A,,,
,"Octafluorocyclobutane, or Refrigerant gas RC 318",2.2,UN1976,,2.2,T50,None,304,"314, 315",75 kg,150 kg,A,,,
,Octafluoropropaneor Refrigerant gas R 218,2.2,UN2424,,2.2,T50,None,304,"314, 315",75 kg,150 kg,A,,,
,Octanes,3,UN1262,II,3,"IB2, T4, TP1",150,202,242,5 L,60 L,B,,,
,"Octogen, etc. see Cyclotetramethylene tetranitramine, etc.",,,,,,,,,,,,,,
,"Octolite or Octol, dry or wetted with < 15% water, by mass",1.1D,UN0266,II,1.1D,,None,62,None,Forbidden,Forbidden,10,,,
,Octonal,1.1D,UN0496,,1.1D,,None,62,None,Forbidden,Forbidden,10,,,
,Octyl aldehydes,3,UN1191,III,3,"B1, IB3, T2, TP1",150,203,242,60 L,220 L,A,,,
,Octyltrichlorosilane,8,UN1801,II,8,"A7, B2, B6, IB2, N34, T7, TP2, TP13",None,202,242,Forbidden,30 L,C,40,,
,"Oil gas, compressed",2.3,UN1071,,"2.3, 2.1",6,None,304,"314, 315",Forbidden,25 kg,D,40,,
,"Oleum, see Sulfuric acid, fuming",,,,,,,,,,,,,,
,"Organic peroxide type A, liquid or solid",Forbidden,,,,,,,,,,,,,
G ,"Organic peroxide type B, liquid",5.2,UN3101,II,"5.2, 1",53,152,225,None,Forbidden,Forbidden,D,"12, 40, 52, 53",,
G ,"Organic peroxide type B, liquid, temperature controlled",5.2,UN3111,II,"5.2, 1",53,None,225,None,Forbidden,Forbidden,D,"2, 40, 52, 53",,
G ,"Organic peroxide type B, solid",5.2,UN3102,II,"5.2, 1",53,152,225,None,Forbidden,Forbidden,D,"12, 40, 52, 53",,
G ,"Organic peroxide type B, solid, temperature controlled",5.2,UN3112,II,"5.2, 1",53,None,225,None,Forbidden,Forbidden,D,"2, 40, 52, 53",,
G ,"Organic peroxide type C, liquid",5.2,UN3103,II,5.2,,152,225,None,5 L,10 L,D,"12, 40, 52, 53",,
G ,"Organic peroxide type C, liquid, temperature controlled",5.2,UN3113,II,5.2,,None,225,None,Forbidden,Forbidden,D,"2, 40, 52, 53",,
G ,"Organic peroxide type C, solid",5.2,UN3104,II,5.2,,152,225,None,5 kg,10 kg,D,"12, 40, 52, 53",,
G ,"Organic peroxide type C, solid, temperature controlled",5.2,UN3114,II,5.2,,None,225,None,Forbidden,Forbidden,D,"2, 40, 52, 53",,
G ,"Organic peroxide type D, liquid",5.2,UN3105,II,5.2,,152,225,None,5 L,10 L,D,"12, 40, 52, 53",,
G ,"Organic peroxide type D, liquid, temperature controlled",5.2,UN3115,II,5.2,,None,225,None,Forbidden,Forbidden,D,"2, 40, 52, 53",,
G ,"Organic peroxide type D, solid",5.2,UN3106,II,5.2,,152,225,None,5 kg,10 kg,D,"12, 40, 52, 53",,
G ,"Organic peroxide type D, solid, temperature controlled",5.2,UN3116,II,5.2,,None,225,None,Forbidden,Forbidden,D,"2, 40, 52, 53",,
G ,"Organic peroxide type E, liquid",5.2,UN3107,II,5.2,,152,225,None,10 L,25 L,D,"12, 40, 52, 53",,
G ,"Organic peroxide type E, liquid, temperature controlled",5.2,UN3117,II,5.2,,None,225,None,Forbidden,Forbidden,D,"2, 40, 52, 53",,
G ,"Organic peroxide type E, solid",5.2,UN3108,II,5.2,,152,225,None,10 kg,25 kg,D,"12, 40, 52, 53",,
G ,"Organic peroxide type E, solid, temperature controlled",5.2,UN3118,II,5.2,,None,225,None,Forbidden,Forbidden,D,"2, 40, 52, 53",,
G ,"Organic peroxide type F, liquid",5.2,UN3109,II,5.2,IP5,152,225,225,10 L,25 L,D,"12, 40, 52, 53",,
G ,"Organic peroxide type F, liquid, temperature controlled",5.2,UN3119,II,5.2,IP5,None,225,225,Forbidden,Forbidden,D,"2, 40, 52, 53",,
G ,"Organic peroxide type F, solid",5.2,UN3110,II,5.2,TP33,152,225,225,10 kg,25 kg,D,"12, 40, 52, 53",,
G ,"Organic peroxide type F, solid, temperature controlled",5.2,UN3120,II,5.2,TP33,None,225,225,Forbidden,Forbidden,D,"2, 52, 53",,
D ,"Organic phosphate, mixed with compressed gas or Organic phosphate compound, mixed with compressed gas or Organic phosphorus compound, mixed with compressed gas",2.3,NA1955,,2.3,3,None,334,None,Forbidden,Forbidden,D,40,,
,"Organic pigments, self-heating",4.2,UN3313,II,4.2,"IB8, IP2, IP4, T3, TP33",None,212,241,15 kg,50 kg,C,,,
,"Organic pigments, self-heating",4.2,UN3313,III,4.2,"IB8, IP3, T1, TP33",None,213,241,25 kg,100 kg,C,,,
G ,"Organoarsenic compound, liquid, n.o.s.",6.1,UN3280,I,6.1,"5, T14, TP2, TP13, TP27",None,201,242,1 L,30 L,B,,,
G ,"Organoarsenic compound, liquid, n.o.s.",6.1,UN3280,II,6.1,"IB2, T11, TP2, TP27",153,202,242,5 L,60 L,B,,,
G ,"Organoarsenic compound, liquid, n.o.s.",6.1,UN3280,III,6.1,"IB3, T7, TP1, TP28",153,203,241,60 L,220 L,A,,,
G ,"Organoarsenic compound, solid, n.o.s.",6.1,UN3465,I,6.1,"IB7, IP1, T6, TP33",None,211,242,5 kg,50 kg,B,,,
G ,"Organoarsenic compound, solid, n.o.s.",6.1,UN3465,II,6.1,"IB8, IP2, IP4, T3, TP33",153,212,242,25 kg,100 kg,B,,,
G ,"Organoarsenic compound, solid, n.o.s.",6.1,UN3465,III,6.1,"IB8, IP3, T1, TP33",153,213,240,100 kg,200 kg,A,,,
,"Organochlorine pesticides liquid, flammable, toxic, flash point < 23 degrees C",3,UN2762,I,"3, 6.1","T14, TP2, TP13, TP27",None,201,243,Forbidden,30 L,B,40,,
,"Organochlorine pesticides liquid, flammable, toxic, flash point < 23 degrees C",3,UN2762,II,"3, 6.1","IB2, T11, TP2, TP13, TP27",150,202,243,1 L,60 L,B,40,,
,"Organochlorine pesticides, liquid, toxic",6.1,UN2996,I,6.1,"T14, TP2, TP13, TP27",None,201,243,1 L,30 L,B,40,,
,"Organochlorine pesticides, liquid, toxic",6.1,UN2996,II,6.1,"IB2, T11, TP2, TP13, TP27",153,202,243,5 L,60 L,B,40,,
,"Organochlorine pesticides, liquid, toxic",6.1,UN2996,III,6.1,"IB3, T7, TP2, TP28",153,203,241,60 L,220 L,A,40,,
,"Organochlorine pesticides, liquid, toxic, flammable, flash point not < 23 degrees C",6.1,UN2995,I,"6.1, 3","T14, TP2, TP13, TP27",None,201,243,1 L,30 L,B,40,,
,"Organochlorine pesticides, liquid, toxic, flammable, flash point not < 23 degrees C",6.1,UN2995,II,"6.1, 3","IB2, T11, TP2, TP13, TP27",153,202,243,5 L,60 L,B,40,,
,"Organochlorine pesticides, liquid, toxic, flammable, flash point not < 23 degrees C",6.1,UN2995,III,"6.1, 3","B1, IB3, T7, TP2, TP28",153,203,242,60 L,220 L,A,40,,
,"Organochlorine pesticides, solid, toxic",6.1,UN2761,I,6.1,"IB7, IP1, T6, TP33",None,211,242,5 kg,50 kg,A,40,,
,"Organochlorine pesticides, solid, toxic",6.1,UN2761,II,6.1,"IB8, IP2, IP4, T3, TP33",153,212,242,25 kg,100 kg,A,40,,
,"Organochlorine pesticides, solid, toxic",6.1,UN2761,III,6.1,"IB8, IP3, T1, TP33",153,213,240,100 kg,200 kg,A,40,,
G ,"Organometallic compound, toxic, liquid, n.o.s.",6.1,UN3282,I,6.1,"T14, TP2, TP13, TP27",None,201,242,1 L,30 L,B,,,
G ,"Organometallic compound, toxic, liquid, n.o.s.",6.1,UN3282,II,6.1,"IB2, T11, TP2, TP27",153,202,242,5 L,60 L,B,,,
G ,"Organometallic compound, toxic, liquid, n.o.s.",6.1,UN3282,III,6.1,"IB3, T7, TP1, TP28",153,203,241,60 L,220 L,A,,,
G ,"Organometallic compound, toxic, solid, n.o.s.",6.1,UN3467,I,6.1,"IB7, IP1, T6, TP33",None,211,242,5 kg,50 kg,B,,,
G ,"Organometallic compound, toxic, solid, n.o.s.",6.1,UN3467,II,6.1,"IB8, IP2, IP4, T3, TP33",153,212,242,25 kg,100 kg,B,,,
G ,"Organometallic compound, toxic, solid, n.o.s.",6.1,UN3467,III,6.1,"IB8, IP3, T1, TP33",153,213,240,100 kg,200 kg,A,,,
G ,"Organometallic substance, liquid, pyrophoric",4.2,UN3392,I,4.2,"B11, T21, TP2, TP7",None,181,244,Forbidden,Forbidden,D,143,,
G ,"Organometallic substance, liquid, pyrophoric, water-reactive",4.2,UN3394,I,"4.2, 4.3","B11, T21, TP2, TP7",None,181,244,Forbidden,Forbidden,D,,,
G ,"Organometallic substance, liquid, water-reactive",4.3,UN3398,I,4.3,"T13, TP2, TP7",None,201,244,Forbidden,1 L,E,"40, 52",,
G ,"Organometallic substance, liquid, water-reactive",4.3,UN3398,II,4.3,"IB1, T7, TP2, TP7",None,202,243,1 L,5 L,E,"40, 52",,
G ,"Organometallic substance, liquid, water-reactive",4.3,UN3398,III,4.3,"IB2, T7, TP2, TP7",None,203,242,5 L,60 L,E,"40, 52",,
G ,"Organometallic substance, liquid, water-reactive, flammable",4.3,UN3399,I,"4.3, 3","T13, TP2, TP7",None,201,244,Forbidden,1 L,E,"40, 52",,
G ,"Organometallic substance, liquid, water-reactive, flammable",4.3,UN3399,II,"4.3, 3","IB1, IP2, T7, TP2, TP7",None,202,243,1 L,5 L,E,"40, 52",,
G ,"Organometallic substance, liquid, water-reactive, flammable",4.3,UN3399,III,"4.3, 3","IB2, IP4, T7, TP2, TP7",None,203,242,5 L,60 L,E,"40, 52",,
G ,"Organometallic substance, solid, pyrophoric",4.2,UN3391,I,4.2,"T21, TP7, TP33",None,187,244,Forbidden,Forbidden,D,,,
G ,"Organometallic substance, solid, pyrophoric, water-reactive",4.2,UN3393,I,"4.2, 4.3","B11, T21, TP7, TP33",None,187,244,Forbidden,Forbidden,D,52,,
G ,"Organometallic substance, solid, self-heating",4.2,UN3400,II,4.2,"IB6, T3, TP33",None,212,242,15 kg,50 kg,C,,,
G ,"Organometallic substance, solid, self-heating",4.2,UN3400,III,4.2,"IB8, T1, TP33",None,203,242,25 kg,100 kg,C,,,
G ,"Organometallic substance, solid, water-reactive",4.3,UN3395,I,4.3,"N40, T9, TP7, TP33",None,211,242,Forbidden,Forbidden,E,"40, 52",,
G ,"Organometallic substance, solid, water-reactive",4.3,UN3395,II,4.3,"IB4, T3, TP33",151,212,242,15 kg,50 kg,E,"40, 52",,
G ,"Organometallic substance, solid, water-reactive",4.3,UN3395,III,4.3,"IB6, T1, TP33",151,213,241,25 kg,100 kg,E,"40, 52",,
G ,"Organometallic substance, solid, water-reactive, flammable",4.3,UN3396,I,"4.3, 4.1","N40, T9, TP7, TP33",None,211,242,Forbidden,Forbidden,E,"40, 52",,
G ,"Organometallic substance, solid, water-reactive, flammable",4.3,UN3396,II,"4.3, 4.1","IB4, T3, TP33",151,212,242,15 kg,50 kg,E,"40, 52",,
G ,"Organometallic substance, solid, water-reactive, flammable",4.3,UN3396,III,"4.3, 4.1","IB6, T1, TP33",151,213,241,25 kg,100 kg,E,"40, 52",,
G ,"Organometallic substance, solid, water-reactive, self-heating",4.3,UN3397,I,"4.3, 4.2","N40, T9, TP7, TP33",None,211,242,Forbidden,Forbidden,E,"40, 52",,
G ,"Organometallic substance, solid, water-reactive, self-heating",4.3,UN3397,II,"4.3, 4.2","IB4, T3, TP33",None,212,242,15 kg,50 kg,E,"40, 52",,
G ,"Organometallic substance, solid, water-reactive, self-heating",4.3,UN3397,III,"4.3, 4.2","IB6, T1, TP33",None,213,241,25 kg,100 kg,E,"40, 52",,
,"Organophosphorus compound, toxic, flammable, n.o.s.",6.1,UN3279,I,"6.1, 3","5, T14, TP2, TP13, TP27",None,201,243,1 L,30 L,B,40,,
,"Organophosphorus compound, toxic, flammable, n.o.s.",6.1,UN3279,II,"6.1, 3","IB2, T11, TP2, TP13, TP27",153,202,243,5 L,60 L,B,40,,
G ,"Organophosphorus compound, toxic, liquid, n.o.s.",6.1,UN3278,I,6.1,"5, T14, TP2, TP13, TP27",None,201,243,1 L,30 L,B,,,
G ,"Organophosphorus compound, toxic, liquid, n.o.s.",6.1,UN3278,II,6.1,"IB2, T11, TP2, TP27",153,202,243,5 L,60 L,B,,,
G ,"Organophosphorus compound, toxic, liquid, n.o.s.",6.1,UN3278,III,6.1,"IB3, T7, TP1, TP28",153,203,241,60 L,220 L,A,,,
G ,"Organophosphorus compound, toxic, solid, n.o.s.",6.1,UN3464,I,6.1,"IB7, IP1, T6, TP33",None,211,242,5 kg,50 kg,B,,,
G ,"Organophosphorus compound, toxic, solid, n.o.s.",6.1,UN3464,II,6.1,"IB8, IP2, IP4, T3, TP33",153,212,242,25 kg,100 kg,B,,,
G ,"Organophosphorus compound, toxic, solid, n.o.s.",6.1,UN3464,III,6.1,"IB8, IP3, T1, TP33",153,213,240,100 kg,200 kg,A,,,
,"Organophosphorus pesticides, liquid, flammable, toxic, flash point < 23 degrees C",3,UN2784,I,"3, 6.1","T14, TP2, TP13, TP27",None,201,243,Forbidden,30 L,B,40,,
,"Organophosphorus pesticides, liquid, flammable, toxic, flash point < 23 degrees C",3,UN2784,II,"3, 6.1","IB2, T11, TP2, TP13, TP27",150,202,243,1 L,60 L,B,40,,
,"Organophosphorus pesticides, liquid, toxic",6.1,UN3018,I,6.1,"N76, T14, TP2, TP13, TP27",None,201,243,1 L,30 L,B,40,,
,"Organophosphorus pesticides, liquid, toxic",6.1,UN3018,II,6.1,"IB2, N76, T11, TP2, TP13, TP27",153,202,243,5 L,60 L,B,40,,
,"Organophosphorus pesticides, liquid, toxic",6.1,UN3018,III,6.1,"IB3, N76, T7, TP2, TP28",153,203,241,60 L,220 L,A,40,,
,"Organophosphorus pesticides, liquid, toxic, flammable, flash point not < 23 degrees C",6.1,UN3017,I,"6.1, 3","N76, T14, TP2, TP13, TP27",None,201,243,1 L,30 L,B,40,,
,"Organophosphorus pesticides, liquid, toxic, flammable, flash point not < 23 degrees C",6.1,UN3017,II,"6.1, 3","IB2, N76, T11, TP2, TP13, TP27",153,202,243,5 L,60 L,B,40,,
,"Organophosphorus pesticides, liquid, toxic, flammable, flash point not < 23 degrees C",6.1,UN3017,III,"6.1, 3","B1, IB3, N76, T7, TP2, TP28",153,203,242,60 L,220 L,A,40,,
,"Organophosphorus pesticides, solid, toxic",6.1,UN2783,I,6.1,"IB7, IP1, N77, T6, TP33",None,211,242,5 kg,50 kg,A,40,,
,"Organophosphorus pesticides, solid, toxic",6.1,UN2783,II,6.1,"IB8, IP2, IP4, N77, T3, TP33",153,212,242,25 kg,100 kg,A,40,,
,"Organophosphorus pesticides, solid, toxic",6.1,UN2783,III,6.1,"IB8, IP3, N77, T1, TP33",153,213,240,100 kg,200 kg,A,40,,
,"Organotin compounds, liquid, n.o.s.",6.1,UN2788,I,6.1,"A3, N33, N34, T14, TP2, TP13, TP27",None,201,243,1 L,30 L,B,40,,
,"Organotin compounds, liquid, n.o.s.",6.1,UN2788,II,6.1,"A3, IB2, N33, N34, T11, TP2, TP13, TP27",153,202,243,5 L,60 L,A,40,,
,"Organotin compounds, liquid, n.o.s.",6.1,UN2788,III,6.1,"IB3, T7, TP2, TP28",153,203,241,60 L,220 L,A,40,,
,"Organotin compounds, solid, n.o.s.",6.1,UN3146,I,6.1,"A5, IB7, IP1, T6, TP33",None,211,242,5 kg,50 kg,B,40,,
,"Organotin compounds, solid, n.o.s.",6.1,UN3146,II,6.1,"IB8, IP2, IP4, T3, TP33",153,212,242,25 kg,100 kg,A,40,,
,"Organotin compounds, solid, n.o.s.",6.1,UN3146,III,6.1,"IB8, IP3, T1, TP33",153,213,240,100 kg,200 kg,A,40,,
,"Organotin pesticides, liquid, flammable, toxic, flash point < 23 degrees C",3,UN2787,I,"3, 6.1","T14, TP2, TP13, TP27",None,201,243,Forbidden,30 L,B,40,,
,"Organotin pesticides, liquid, flammable, toxic, flash point < 23 degrees C",3,UN2787,II,"3, 6.1","IB2, T11, TP2, TP13, TP27",150,202,243,1 L,60 L,B,40,,
,"Organotin pesticides, liquid, toxic",6.1,UN3020,I,6.1,"T14, TP2, TP13, TP27",None,201,243,1 L,30 L,B,40,,
,"Organotin pesticides, liquid, toxic",6.1,UN3020,II,6.1,"IB2, T11, TP2, TP13, TP27",153,202,243,5 L,60 L,B,40,,
,"Organotin pesticides, liquid, toxic",6.1,UN3020,III,6.1,"IB3, T7, TP2, TP28",153,203,241,60 L,220 L,A,40,,
,"Organotin pesticides, liquid, toxic, flammable, flash point not < 23 degrees C",6.1,UN3019,I,"6.1, 3","T14, TP2, TP13, TP27",None,201,243,1 L,30 L,B,40,,
,"Organotin pesticides, liquid, toxic, flammable, flash point not < 23 degrees C",6.1,UN3019,II,"6.1, 3","IB2, T11, TP2, TP13, TP27",153,202,243,5 L,60 L,B,40,,
,"Organotin pesticides, liquid, toxic, flammable, flash point not < 23 degrees C",6.1,UN3019,III,"6.1, 3","B1, IB3, T7, TP2, TP28",153,203,242,60 L,220 L,A,40,,
,"Organotin pesticides, solid, toxic",6.1,UN2786,I,6.1,"IB7, IP1, T6, TP33",None,211,242,5 kg,50 kg,A,40,,
,"Organotin pesticides, solid, toxic",6.1,UN2786,II,6.1,"IB8, IP2, IP4, T3, TP33",153,212,242,25 kg,100 kg,A,40,,
,"Organotin pesticides, solid, toxic",6.1,UN2786,III,6.1,"IB8, IP3, T1, TP33",153,213,240,100 kg,200 kg,A,40,,
,"Orthonitroaniline, see Nitroanilines etc",,,,,,,,,,,,,,
,Osmium tetroxide,6.1,UN2471,I,6.1,"A8, IB7, IP1, N33, N34, T6, TP33",None,211,242,5 kg,50 kg,B,40,,
D G ,"Other regulated substances, liquid, n.o.s.",9,NA3082,III,9,"IB3, T2, TP1",155,203,241,No limit,No limit,A,,,
D G ,"Other regulated substances, solid, n.o.s.",9,NA3077,III,9,"B54, IB8, IP2, T1, TP33",155,213,240,No limit,No limit,A,,,
G ,"Oxidizing liquid, corrosive, n.o.s.",5.1,UN3098,I,"5.1, 8",A6,None,201,244,Forbidden,2.5 L,D,"13, 56, 58, 106, 138",,
G ,"Oxidizing liquid, corrosive, n.o.s.",5.1,UN3098,II,"5.1, 8",IB1,None,202,243,1 L,5 L,B,"34, 56, 58, 106, 138",,
G ,"Oxidizing liquid, corrosive, n.o.s.",5.1,UN3098,III,"5.1, 8",IB2,152,203,242,2.5 L,30 L,B,"34, 56, 58, 106, 138",,
G ,"Oxidizing liquid, n.o.s.",5.1,UN3139,I,5.1,"127, A2, A6",None,201,243,Forbidden,2.5 L,D,"56, 58, 106, 138",,
G ,"Oxidizing liquid, n.o.s.",5.1,UN3139,II,5.1,"127, A2, IB2",152,202,242,1 L,5 L,B,"56, 58, 106, 138",,
G ,"Oxidizing liquid, n.o.s.",5.1,UN3139,III,5.1,"127, A2, IB2",152,203,241,2.5 L,30 L,B,"56, 58, 106, 138",,
G ,"Oxidizing liquid, toxic, n.o.s.",5.1,UN3099,I,"5.1, 6.1",A6,None,201,244,Forbidden,2.5 L,D,"56, 58, 106, 138",,
G ,"Oxidizing liquid, toxic, n.o.s.",5.1,UN3099,II,"5.1, 6.1",IB1,152,202,243,1 L,5 L,B,"56, 58, 95, 106, 138",,
G ,"Oxidizing liquid, toxic, n.o.s.",5.1,UN3099,III,"5.1, 6.1",IB2,152,203,242,2.5 L,30 L,B,"56, 58, 95, 106, 138",,
G ,"Oxidizing solid, corrosive, n.o.s.",5.1,UN3085,I,"5.1, 8",,None,211,242,1 kg,15 kg,D,"13, 56, 58, 106, 138",,
G ,"Oxidizing solid, corrosive, n.o.s.",5.1,UN3085,II,"5.1, 8","IB6, IP2, T3, TP33",None,212,242,5 kg,25 kg,B,"13, 34, 56, 58, 106, 138",,
G ,"Oxidizing solid, corrosive, n.o.s.",5.1,UN3085,III,"5.1, 8","IB8, IP3, T1, TP33",152,213,240,25 kg,100 kg,B,"13, 34, 56, 58, 106, 138",,
G ,"Oxidizing solid, flammable, n.o.s.",5.1,UN3137,I,"5.1, 4.1",,None,214,214,Forbidden,Forbidden,,,,
G ,"Oxidizing solid, n.o.s.",5.1,UN1479,I,5.1,"IB5, IP1",None,211,242,1 kg,15 kg,D,"56, 58, 106, 138",,
G ,"Oxidizing solid, n.o.s.",5.1,UN1479,II,5.1,"IB8, IP2, IP4, T3, TP33",152,212,240,5 kg,25 kg,B,"56, 58, 106, 138",,
G ,"Oxidizing solid, n.o.s.",5.1,UN1479,III,5.1,"IB8, IP3, T1, TP33",152,213,240,25 kg,100 kg,B,"56, 58, 106, 138",,
G ,"Oxidizing solid, self-heating, n.o.s.",5.1,UN3100,I,"5.1, 4.2",,None,214,214,Forbidden,Forbidden,,,,
G ,"Oxidizing solid, self-heating, n.o.s.",5.1,UN3100,II,"5.1, 4.2",,None,214,214,Forbidden,Forbidden,,,,
G ,"Oxidizing solid, toxic, n.o.s.",5.1,UN3087,I,"5.1, 6.1",,None,211,242,1 kg,15 kg,D,"56, 58, 106, 138",,
G ,"Oxidizing solid, toxic, n.o.s.",5.1,UN3087,II,"5.1, 6.1","IB6, IP2, T3, TP33",152,212,242,5 kg,25 kg,B,"56, 58, 95, 106, 138",,
G ,"Oxidizing solid, toxic, n.o.s.",5.1,UN3087,III,"5.1, 6.1","IB8, IP3, T1, TP33",152,213,240,25 kg,100 kg,B,"56, 58, 95, 106, 138",,
G ,"Oxidizing solid, water-reactive, n.o.s.",5.1,UN3121,,"5.1, 4.3",,None,214,214,Forbidden,Forbidden,,,,
,"Oxygen and carbon dioxide mixtures, see Carbon dioxide and oxygen mixtures",,,,,,,,,,,,,,
,"Oxygen, compressed",2.2,UN1072,,"2.2, 5.1",A14,306,302,"314, 315",75 kg,150 kg,A,,,
,"Oxygen difluoride, compressed",2.3,UN2190,,"2.3, 5.1, 8","1, N86",None,304,None,Forbidden,Forbidden,D,"13, 40, 89, 90",,
,"Oxygen generator, chemical (including when contained in associated equipment, e.g., passenger service units (PSUs), portable breathing equipment (PBE), etc).",5.1,UN3356,II,5.1,,None,168,None,Forbidden,25 kg gross,D,"56, 58, 69, 106",,
+ ,"Oxygen generator, chemical, spent",9,NA3356,III,9,61,None,213,None,Forbidden,Forbidden,A,,,
,"Oxygen, refrigerated liquid (cryogenic liquid)",2.2,UN1073,,"2.2, 5.1","T75, TP5, TP22",320,316,318,Forbidden,Forbidden,D,,,
,"Paint, corrosive, flammable (including paint, lacquer, enamel, stain, shellac, varnish, polish, liquid filler and liquid lacqer base)",8,UN3470,II,"8, 3","IB2, T7, TP2, TP8, TP28",154,202,243,1 L,30 L,B,40,,
,"Paint, flammable, corrosive (including paint, lacquer, enamel, stain, shellac, varnish, polish, liquid filler and liquid lacquer base)",3,UN3469,I,"3, 8","T11, TP2, TP27",None,201,243,0.5 L,2.5 L,E,40,,
,"Paint, flammable, corrosive (including paint, lacquer, enamel, stain, shellac, varnish, polish, liquid filler and liquid lacquer base)",3,UN3469,II,"3, 8","IB2, T7, TP2, TP8, TP28",150,202,243,1 L,5 L,B,40,,
,"Paint, flammable, corrosive (including paint, lacquer, enamel, stain, shellac, varnish, polish, liquid filler and liquid lacquer base)",3,UN3469,III,"3, 8","IB3, T4, TP1, TP29",150,203,242,5 L,60 L,A,40,,
,"Paint including paint, lacquer, enamel, stain, shellac solutions, varnish, polish, liquid filler, and liquid lacquer base",3,UN1263,I,3,"T11, TP1, TP8, TP27",150,201,243,1 L,30 L,E,,,
,"Paint including paint, lacquer, enamel, stain, shellac solutions, varnish, polish, liquid filler, and liquid lacquer base",3,UN1263,II,3,"149, B52, IB2, T4, TP1, TP8, TP28",150,173,242,5 L,60 L,B,,,
,"Paint including paint, lacquer, enamel, stain, shellac solutions, varnish, polish, liquid filler, and liquid lacquer base",3,UN1263,III,3,"B1, B52, IB3, T2, TP1, TP29",150,173,242,60 L,220 L,A,,,
,Paint or Paint related material,8,UN3066,II,8,"B2, IB2, T7, TP2, TP28",154,173,242,1 L,30 L,A,,,
,Paint or Paint related material,8,UN3066,III,8,"B52, IB3, T4, TP1, TP29",154,173,241,5 L,60 L,A,,,
,"Paint related material corrosive, flammable (including paint thinning or reducing compound)",8,UN3470,II,"8, 3","IB2, T7, TP2, TP8, TP28",154,202,243,1 L,30 L,B,40,,
,"Paint related material, flammable, corrosive (including paint thinning or reducing compound)",3,UN3469,I,"3, 8","T11, TP2, TP27",None,201,243,0.5 L,2.5 L,E,40,,
,"Paint related material, flammable, corrosive (including paint thinning or reducing compound)",3,UN3469,II,"3, 8","IB2, T7, TP2, TP8, TP28",150,202,243,1 L,5 L,B,40,,
,"Paint related material, flammable, corrosive (including paint thinning or reducing compound)",3,UN3469,III,"3, 8","IB3, T4, TP1, TP29",150,203,242,5 L,60 L,A,40,,
,"Paint related material including paint thinning, drying, removing, or reducing compound",3,UN1263,I,3,"T11, TP1, TP8, TP27",150,201,243,1 L,30 L,E,,,
,"Paint related material including paint thinning, drying, removing, or reducing compound",3,UN1263,II,3,"149, B52, IB2, T4, TP1, TP8, TP28",150,173,242,5 L,60 L,B,,,
,"Paint related material including paint thinning, drying, removing, or reducing compound",3,UN1263,III,3,"B1, B52, IB3, T2, TP1, TP29",150,173,242,60 L,220 L,A,,,
,"Paper, unsaturated oil treated incompletely dried (including carbon paper)",4.2,UN1379,III,4.2,"IB8, IP3",None,213,241,Forbidden,Forbidden,A,,,
,Paraformaldehyde,4.1,UN2213,III,4.1,"A1, IB8, IP3, T1, TP33",151,213,240,25 kg,100 kg,A,,,
,Paraldehyde,3,UN1264,III,3,"B1, IB3, T2, TP1",150,203,242,60 L,220 L,A,,,
,"Paranitroaniline, solid, see Nitroanilines etc",,,,,,,,,,,,,,
D ,Parathion and compressed gas mixture,2.3,NA1967,,2.3,3,None,334,245,Forbidden,Forbidden,E,40,,
,"Paris green, solid, see Copper acetoarsenite",,,,,,,,,,,,,,
A W ,"PCB, see Polychlorinated biphenyls",,,,,,,,,,,,,,
+ ,Pentaborane,4.2,UN1380,I,"4.2, 6.1",1,None,205,245,Forbidden,Forbidden,D,,,
,Pentachloroethane,6.1,UN1669,II,6.1,"IB2, T7, TP2",153,202,243,5 L,60 L,A,40,,
,Pentachlorophenol,6.1,UN3155,II,6.1,"IB8, IP2, IP4, T3, TP33",153,212,242,25 kg,100 kg,A,,,
,Pentaerythrite tetranitrate (dry),Forbidden,,,,,,,,,,,,,
,"Pentaerythrite tetranitrate mixture, desensitized, solid, n.o.s. with > 10% but not > 20% PETN, by mass",4.1,UN3344,II,4.1,"118, N85",None,214,None,Forbidden,Forbidden,E,,,
,"Pentaerythrite tetranitrate or Pentaerythritol tetranitrate or PETN, with not < 7% wax by mass",1.1D,UN0411,II,1.1D,,None,62,None,Forbidden,Forbidden,10,,,
,"Pentaerythrite tetranitrate, wetted or Pentaerythritol tetranitrate, wetted, or PETN, wetted with not < 25% water, by mass, or Pentaerythrite tetranitrate, or Pentaerythritol tetranitrate or PETN, desensitized with not < 15% phlegmatizer by mass",1.1D,UN0150,II,1.1D,121,None,62,None,Forbidden,Forbidden,10,,,
,"Pentaerythritol tetranitrate, see Pentaerythrite tetranitrate, etc",,,,,,,,,,,,,,
,Pentafluoroethane or Refrigerant gas R 125,2.2,UN3220,,2.2,T50,306,304,"314, 315",75 kg,150 kg,A,,,
,Pentamethylheptane,3,UN2286,III,3,"B1, IB3, T2, TP1",150,203,242,60 L,220 L,A,,,
,"Pentane-2,4-dione",3,UN2310,III,"3, 6.1","B1, IB3, T4, TP1",150,203,242,60 L,220 L,A,,,
,Pentanes,3,UN1265,I,3,"T11, TP2",150,201,243,1 L,30 L,E,,,
,Pentanes,3,UN1265,II,3,"IB2, IP8, T4, TP1",150,202,242,5 L,60 L,E,,,
,Pentanitroaniline (dry),Forbidden,,,,,,,,,,,,,
,Pentanols,3,UN1105,III,3,"B1, B3, IB3, T2, TP1",150,203,242,60 L,220 L,A,,,
,Pentanols,3,UN1105,II,3,"IB2, T4, TP1, TP29",150,202,242,5 L,60 L,B,,,
,1-Pentene (n-amylene),3,UN1108,I,3,"T11, TP2",150,201,243,1 L,30 L,E,,,
,1-Pentol,8,UN2705,II,8,"B2, IB2, T7, TP2",154,202,242,1 L,30 L,B,"26, 27",,
,"Pentolite, dry or wetted with < 15% water, by mass",1.1D,UN0151,II,1.1D,,None,62,None,Forbidden,Forbidden,10,,,
,"Pepper spray, see Aerosols, etc. or Self-defense spray, non-pressurized",,,,,,,,,,,,,,
,"Perchlorates, inorganic, aqueous solution, n.o.s.",5.1,UN3211,II,5.1,"IB2, T4, TP1",152,202,242,1 L,5 L,B,"56, 58, 133",,
,"Perchlorates, inorganic, aqueous solution, n.o.s.",5.1,UN3211,III,5.1,"IB2, T4, TP1",152,202,241,2.5 L,30 L,B,"56, 58, 69, 133",,
,"Perchlorates, inorganic, n.o.s.",5.1,UN1481,II,5.1,"IB6, IP2, T3, TP33",152,212,242,5 kg,25 kg,A,"56, 58",,
,"Perchlorates, inorganic, n.o.s.",5.1,UN1481,III,5.1,"IB8, IP3, T1, TP33",152,213,240,25 kg,100 kg,A,"56, 58",,
,"Perchloric acid with > 50% but not > 72% acid, by mass",5.1,UN1873,I,"5.1, 8","A2, A3, N41, T10, TP1, TP12",None,201,243,Forbidden,2.5 L,D,66,,
,"Perchloric acid, with > 72% acid by mass",Forbidden,,,,,,,,,,,,,
,Perchloric acid with not > 50% acid by mass,8,UN1802,II,"8, 5.1","IB2, N41, T7, TP2",None,202,243,Forbidden,30 L,C,66,,
,"Perchloroethylene, see Tetrachloroethylene",,,,,,,,,,,,,,
,Perchloromethyl mercaptan,6.1,UN1670,I,6.1,"2, B9, B14, B32, B74, N34, T20, TP2, TP13, TP38, TP45",None,227,244,Forbidden,Forbidden,D,40,,
,Perchloryl fluoride,2.3,UN3083,,"2.3, 5.1","2, B9, B14",None,302,"314, 315",Forbidden,Forbidden,D,40,,
,"Percussion caps, see Primers, cap type",,,,,,,,,,,,,,
,"Perfluoro-2-butene, see Octafluorobut-2-ene",,,,,,,,,,,,,,
,Perfluoro(ethyl vinyl ether),2.1,UN3154,,2.1,,306,"302, 304, 305","314, 315",Forbidden,150 kg,E,40,,
,Perfluoro(methyl vinyl ether),2.1,UN3153,,2.1,T50,306,"302, 304, 305","314, 315",Forbidden,150 kg,E,40,,
,Perfumery products with flammable solvents,3,UN1266,II,3,"149, IB2, T4, TP1, TP8",150,202,242,15 L,60 L,B,,,
,Perfumery products with flammable solvents,3,UN1266,III,3,"B1, IB3, T2, TP1",150,203,242,60 L,220 L,A,,,
,"Permanganates, inorganic, aqueous solution, n.o.s.",5.1,UN3214,II,5.1,"26, IB2, T4, TP1",152,202,242,1 L,5 L,D,"56, 58, 133, 138",,
,"Permanganates, inorganic, n.o.s.",5.1,UN1482,II,5.1,"26, A30, IB6, IP2, T3, TP33",152,212,242,5 kg,25 kg,D,"56, 58, 138",,
,"Permanganates, inorganic, n.o.s.",5.1,UN1482,III,5.1,"26, A30, IB8, IP3, T1, TP33",152,213,240,25 kg,100 kg,D,"56, 58, 138",,
,"Peroxides, inorganic, n.o.s.",5.1,UN1483,II,5.1,"A7, A20, IB6, IP2, N34, T3, TP33",None,212,242,5 kg,25 kg,A,"13, 52, 66, 75",,
,"Peroxides, inorganic, n.o.s.",5.1,UN1483,III,5.1,"A7, A20, IB8, IP3, N34, T1, TP33",152,213,240,25 kg,100 kg,A,"13, 52, 66, 75",,
,"Peroxyacetic acid, with > 43% and with > 6% hydrogen peroxide",Forbidden,,,,,,,,,,,,,
,"Persulfates, inorganic, aqueous solution, n.o.s.",5.1,UN3216,III,5.1,"IB2, T4, TP1, TP29",152,203,241,2.5 L,30 L,A,"56, 133",,
,"Persulfates, inorganic, n.o.s.",5.1,UN3215,III,5.1,"IB8, IP3, T1, TP33",152,213,240,25 kg,100 kg,A,"56, 58",,
G ,"Pesticides, liquid, flammable, toxic, flash point < 23 degrees C",3,UN3021,I,"3, 6.1","B5, T14, TP2, TP13, TP27",None,201,243,Forbidden,30 L,B,,,
G ,"Pesticides, liquid, flammable, toxic, flash point < 23 degrees C",3,UN3021,II,"3, 6.1","IB2, T11, TP2, TP13, TP27",150,202,243,1 L,60 L,B,,,
G ,"Pesticides, liquid, toxic, flammable, n.o.s. flash point not < 23 degrees C",6.1,UN2903,I,"6.1, 3","T14, TP2, TP13, TP27",None,201,243,1 L,30 L,B,40,,
G ,"Pesticides, liquid, toxic, flammable, n.o.s. flash point not < 23 degrees C",6.1,UN2903,II,"6.1, 3","IB2, T11, TP2, TP13, TP27",153,202,243,5 L,60 L,B,40,,
G ,"Pesticides, liquid, toxic, flammable, n.o.s. flash point not < 23 degrees C",6.1,UN2903,III,"6.1, 3","B1, IB3, T7, TP2",153,203,242,60 L,220 L,A,40,,
G ,"Pesticides, liquid, toxic, n.o.s.",6.1,UN2902,I,6.1,"T14, TP2, TP13, TP27",None,201,243,1 L,30 L,B,40,,
G ,"Pesticides, liquid, toxic, n.o.s.",6.1,UN2902,II,6.1,"IB2, T11, TP2, TP13, TP27",153,202,243,5 L,60 L,B,40,,
G ,"Pesticides, liquid, toxic, n.o.s.",6.1,UN2902,III,6.1,"IB3, T7, TP2, TP28",153,203,241,60 L,220 L,A,40,,
G ,"Pesticides, solid, toxic, n.o.s.",6.1,UN2588,I,6.1,"IB7, T6, TP33",None,211,242,5 kg,50 kg,A,40,,
G ,"Pesticides, solid, toxic, n.o.s.",6.1,UN2588,II,6.1,"IB8, IP2, IP4, T3, TP33",153,212,242,25 kg,100 kg,A,40,,
G ,"Pesticides, solid, toxic, n.o.s.",6.1,UN2588,III,6.1,"IB8, IP3, T1, TP33",153,213,240,100 kg,200 kg,A,40,,
,"PETN/TNT, see Pentolite, etc",,,,,,,,,,,,,,
,"PETN, see Pentaerythrite tetranitrate",,,,,,,,,,,,,,
,Petroleum crude oil,3,UN1267,II,3,"144, IB2, T4, TP1, TP8",150,202,242,5 L,60 L,B,,,
,Petroleum crude oil,3,UN1267,III,3,"144, B1, IB3, T2, TP1",150,203,242,60 L,220 L,A,,,
,Petroleum crude oil,3,UN1267,I,3,"144, T11, TP1, TP8",150,201,243,1 L,30 L,E,,,
,"Petroleum distillates, n.o.s. or Petroleum products, n.o.s.",3,UN1268,I,3,"144, T11, TP1, TP8",150,201,243,1 L,30 L,E,,,
,"Petroleum distillates, n.o.s. or Petroleum products, n.o.s.",3,UN1268,II,3,"144, IB2, T7, TP1, TP8, TP28",150,202,242,5 L,60 L,B,,,
,"Petroleum distillates, n.o.s. or Petroleum products, n.o.s.",3,UN1268,III,3,"144, B1, IB3, T4, TP1, TP29",150,203,242,60 L,220 L,A,,,
,"Petroleum gases, liquefied or Liquefied petroleum gas",2.1,UN1075,,2.1,T50,306,304,"314, 315",Forbidden,150 kg,E,40,,
D ,Petroleum oil,3,NA1270,III,3,"144, B1, IB3, T4, TP1, TP29",150,203,242,60 L,220 L,A,,,
D ,Petroleum oil,3,NA1270,I,3,"144, T11, TP1",None,201,243,1 L,30 L,E,,,
D ,Petroleum oil,3,NA1270,II,3,"144, IB2, T7, TP1, TP8, TP28",150,202,242,5 L,60 L,B,,,
,"Petrol, see Gasoline",,,,,,,,,,,,,,
,Phenacyl bromide,6.1,UN2645,II,6.1,"IB8, IP2, IP4, T3, TP33",153,212,242,25 kg,100 kg,B,40,,
+ ,Phenetidines,6.1,UN2311,III,6.1,"IB3, T4, TP1",153,203,241,60 L,220 L,A,,,
,"Phenol, molten",6.1,UN2312,II,6.1,"B14, T7, TP3",None,202,243,Forbidden,Forbidden,B,40,,
+ ,"Phenol, solid",6.1,UN1671,II,6.1,"IB8, IP2, IP4, N78, T3, TP33",153,212,242,25 kg,100 kg,A,,,
,Phenol solutions,6.1,UN2821,II,6.1,"IB2, T7, TP2",153,202,243,5 L,60 L,A,,,
,Phenol solutions,6.1,UN2821,III,6.1,"IB3, T4, TP1",153,203,241,60 L,220 L,A,,,
,"Phenolsulfonic acid, liquid",8,UN1803,II,8,"B2, IB2, N41, T7, TP2",154,202,242,1 L,30 L,C,14,,
,"Phenoxyacetic acid derivative pesticide, liquid, flammable, toxic flash point < 23 degrees C",3,UN3346,I,"3, 6.1","T14, TP2, TP13, TP27",None,201,243,Forbidden,30 L,B,40,,
,"Phenoxyacetic acid derivative pesticide, liquid, flammable, toxic flash point < 23 degrees C",3,UN3346,II,"3, 6.1","IB2, T11, TP2, TP13, TP27",150,202,243,1 L,60 L,B,40,,
,"Phenoxyacetic acid derivative pesticide, liquid, toxic",6.1,UN3348,I,6.1,"T14, TP2, TP13, TP27",None,201,243,1 L,30 L,B,40,,
,"Phenoxyacetic acid derivative pesticide, liquid, toxic",6.1,UN3348,II,6.1,"IB2, T11, TP2, TP27",153,202,243,5 L,60 L,B,40,,
,"Phenoxyacetic acid derivative pesticide, liquid, toxic",6.1,UN3348,III,6.1,"IB3, T7, TP2, TP28",153,203,241,60 L,220 L,A,40,,
,"Phenoxyacetic acid derivative pesticide, liquid, toxic, flammable, flash point not < 23 degrees C",6.1,UN3347,I,"6.1, 3","T14, TP2, TP13, TP27",None,201,243,1 L,30 L,B,40,,
,"Phenoxyacetic acid derivative pesticide, liquid, toxic, flammable, flash point not < 23 degrees C",6.1,UN3347,II,"6.1, 3","IB2, T11, TP2, TP13, TP27",153,202,243,5 L,60 L,B,40,,
,"Phenoxyacetic acid derivative pesticide, liquid, toxic, flammable, flash point not < 23 degrees C",6.1,UN3347,III,"6.1, 3","IB3, T7, TP2, TP28",153,203,241,60 L,220 L,A,40,,
,"Phenoxyacetic acid derivative pesticide, solid, toxic",6.1,UN3345,I,6.1,"IB7, IP1, T6, TP33",None,211,242,5 kg,50 kg,A,40,,
,"Phenoxyacetic acid derivative pesticide, solid, toxic",6.1,UN3345,II,6.1,"IB8, IP2, IP4, T3, TP33",153,212,242,25 kg,100 kg,A,40,,
,"Phenoxyacetic acid derivative pesticide, solid, toxic",6.1,UN3345,III,6.1,"IB8, IP3, T1, TP33",153,213,240,100 kg,200 kg,A,40,,
,"Phenylacetonitrile, liquid",6.1,UN2470,III,6.1,"IB3, T4, TP1",153,203,241,60 L,220 L,A,52,,
,Phenylacetyl chloride,8,UN2577,II,8,"B2, IB2, T7, TP2",154,202,242,1 L,30 L,C,40,,
,Phenylcarbylamine chloride,6.1,UN1672,I,6.1,"2, B9, B14, B32, B74, T20, TP2, TP13, TP38, TP45",None,227,244,Forbidden,Forbidden,D,40,,
,Phenyl chloroformate,6.1,UN2746,II,"6.1, 8","IB2, T7, TP2, TP13",153,202,243,1 L,30 L,A,"12, 13, 21, 25, 40, 100",,
,m-Phenylene diaminediperchlorate (dry),Forbidden,,,,,,,,,,,,,
+ ,Phenylenediamines (o-, m-, p-,),6.1,UN1673,III,6.1,"IB8, IP3, T1, TP33",153,213,240,100 kg,200 kg,A
,Phenylhydrazine,6.1,UN2572,II,6.1,"IB2, T7, TP2",153,202,243,5 L,60 L,A,40,,
,Phenyl isocyanate,6.1,UN2487,I,"6.1, 3","2, B9, B14, B32, B74, B77, N33, N34, T20, TP2, TP13, TP38, TP45",None,227,244,Forbidden,Forbidden,D,40,,
,Phenyl mercaptan,6.1,UN2337,I,"6.1, 3","2, B9, B14, B32, B74, B77, T20, TP2, TP13, TP38, TP45",None,227,244,Forbidden,Forbidden,B,"40, 52",,
,Phenylmercuric acetate,6.1,UN1674,II,6.1,"IB8, IP2, IP4, T3, TP33",153,212,242,25 kg,100 kg,A,,,
,"Phenylmercuric compounds, n.o.s.",6.1,UN2026,I,6.1,"IB7, IP1, T6, TP33",None,211,242,5 kg,50 kg,A,,,
,"Phenylmercuric compounds, n.o.s.",6.1,UN2026,II,6.1,"IB8, IP2, IP4, T3, TP33",153,212,242,25 kg,100 kg,A,,,
,"Phenylmercuric compounds, n.o.s.",6.1,UN2026,III,6.1,"IB8, IP3, T1, TP33",153,213,240,100 kg,200 kg,A,,,
,Phenylmercuric hydroxide,6.1,UN1894,II,6.1,"IB8, IP2, IP4, T3, TP33",153,212,242,25 kg,100 kg,A,,,
,Phenylmercuric nitrate,6.1,UN1895,II,6.1,"IB8, IP2, IP4, T3, TP33",153,212,242,25 kg,100 kg,A,,,
,Phenyl phosphorus dichloride,8,UN2798,II,8,"B2, B15, IB2, T7, TP2",154,202,242,Forbidden,30 L,B,40,,
,Phenyl phosphorus thiodichloride,8,UN2799,II,8,"B2, B15, IB2, T7, TP2",154,202,242,Forbidden,30 L,B,40,,
,Phenyltrichlorosilane,8,UN1804,II,8,"A7, B6, IB2, N34, T7, TP2",None,202,242,Forbidden,30 L,C,40,,
,"Phenyl urea pesticides, liquid, toxic",6.1,UN3002,II,6.1,"T7, TP2",None,202,243,5 L,60 L,B,40,,
,"Phenyl urea pesticides, liquid, toxic",6.1,UN3002,III,6.1,"T4, TP1",153,203,241,60 L,220 L,B,40,,
,"Phenyl urea pesticides, liquid, toxic",6.1,UN3002,I,6.1,"T14, TP2, TP27",None,201,243,1 L,30 L,B,40,,
,Phosgene,2.3,UN1076,,"2.3, 8","1, B7, B46",None,192,314,Forbidden,Forbidden,D,40,,
,9-Phosphabicyclononanes or Cyclooctadiene phosphines,4.2,UN2940,II,4.2,"A19, IB6, IP2, T3, TP33",None,212,241,15 kg,50 kg,A,,,
,Phosphine,2.3,UN2199,,"2.3, 2.1",1,None,192,245,Forbidden,Forbidden,D,40,,
,"Phosphoric acid, solid",8,UN3453,III,8,"IB8, IP3, T1, TP33",154,213,240,25 kg,100 kg,A,,,
,Phosphoric acid solution,8,UN1805,III,8,"A7, IB3, N34, T4, TP1",154,203,241,5 L,60 L,A,,,
,"Phosphoric acid triethyleneimine, see Tris-(1-aziridiyl)phosphine oxide, solution",,,,,,,,,,,,,,
,"Phosphoric anhydride, see Phosphorus pentoxide",,,,,,,,,,,,,,
,Phosphorous acid,8,UN2834,III,8,"IB8, IP3, T1, TP33",154,213,240,25 kg,100 kg,A,48,,
,"Phosphorus, amorphous",4.1,UN1338,III,4.1,"A1, A19, B1, B9, B26, IB8, IP3, T1, TP33",None,213,243,25 kg,100 kg,A,74,,
,"Phosphorus bromide, see Phosphorus tribromide",,,,,,,,,,,,,,
,"Phosphorus chloride, see Phosphorus trichloride",,,,,,,,,,,,,,
,"Phosphorus heptasulfide, free from yellow or white phosphorus",4.1,UN1339,II,4.1,"A20, IB4, N34, T3, TP33",None,212,240,15 kg,50 kg,B,74,,
,Phosphorus oxybromide,8,UN1939,II,8,"B8, IB8, IP2, IP4, N41, N43, T3, TP33",None,212,240,Forbidden,50 kg,C,"12, 40",,
,"Phosphorus oxybromide, molten",8,UN2576,II,8,"B2, B8, IB1, N41, N43, T7, TP3, TP13",None,202,242,Forbidden,Forbidden,C,40,,
+ ,Phosphorus oxychloride,8,UN1810,II,"8, 6.1","2, B9, B14, B32, B74, B77, N34, T20, TP2, TP38, TP45",None,227,244,Forbidden,Forbidden,C,40,,
,Phosphorus pentabromide,8,UN2691,II,8,"A7, IB8, IP2, IP4, N34, T3, TP33",154,212,240,Forbidden,50 kg,B,"12, 40, 53, 55",,
,Phosphorus pentachloride,8,UN1806,II,8,"A7, IB8, IP2, IP4, N34, T3, TP33",None,212,240,Forbidden,50 kg,C,"40, 44, 89, 100, 141",,
,Phosphorus Pentafluoride,2.3,UN2198,,"2.3, 8","2, B9, B14",None,"302, 304","314, 315",Forbidden,Forbidden,D,40,,
,"Phosphorus pentasulfide, free from yellow or white phosphorus",4.3,UN1340,II,"4.3, 4.1","A20, B59, IB4, T3, TP33",151,212,242,15 kg,50 kg,B,74,,
,Phosphorus pentoxide,8,UN1807,II,8,"A7, IB8, IP2, IP4, N34, T3, TP33",154,212,240,15 kg,50 kg,A,,,
,"Phosphorus sesquisulfide, free from yellow or white phosphorus",4.1,UN1341,II,4.1,"A20, IB4, N34, T3, TP33",None,212,240,15 kg,50 kg,B,74,,
,Phosphorus tribromide,8,UN1808,II,8,"A3, A6, A7, B2, B25, IB2, N34, N43, T7, TP2",None,202,242,Forbidden,30 L,C,40,,
,Phosphorus trichloride,6.1,UN1809,I,"6.1, 8","2, B9, B14, B15, B32, B74, B77, N34, T20, TP2, TP13, TP38, TP45",None,227,244,Forbidden,Forbidden,C,40,,
,Phosphorus trioxide,8,UN2578,III,8,"IB8, IP3, T1, TP33",154,213,240,25 kg,100 kg,A,12,,
,"Phosphorus trisulfide, free from yellow or white phosphorus",4.1,UN1343,II,4.1,"A20, IB4, N34, T3, TP33",None,212,240,15 kg,50 kg,B,74,,
,"Phosphorus, white dry or Phosphorus, white, under water or Phosphorus white, in solution or Phosphorus, yellow dry or Phosphorus, yellow, under water or Phosphorus, yellow, in solution",4.2,UN1381,I,"4.2, 6.1","B9, B26, N34, T9, TP3, TP31",None,188,243,Forbidden,Forbidden,E,,,
,"Phosphorus white, molten",4.2,UN2447,I,"4.2, 6.1","B9, B26, N34, T21, TP3, TP7, TP26",None,188,243,Forbidden,Forbidden,D,,,
,"Phosphorus (white or red) and a chlorate, mixtures of",Forbidden,,,,,,,,,,,,,
,"Phosphoryl chloride, see Phosphorus oxychloride",,,,,,,,,,,,,,
,Phthalic anhydride with > .05% maleic anhydride,8,UN2214,III,8,"IB8, IP3, T1, TP33",154,213,240,25 kg,100 kg,A,,,
,Picolines,3,UN2313,III,3,"B1, IB3, T4, TP1",150,203,242,60 L,220 L,A,40,,
,"Picric acid, see Trinitrophenol, etc",,,,,,,,,,,,,,
,"Picrite, see Nitroguanidine, etc",,,,,,,,,,,,,,
,"Picryl chloride, see Trinitrochlorobenzene",,,,,,,,,,,,,,
,alpha-Pinene,3,UN2368,III,3,"B1, IB3, T2, TP1",150,203,242,60 L,220 L,A,,,
,Pine oil,3,UN1272,III,3,"B1, IB3, T2, TP1",150,203,242,60 L,220 L,A,,,
,Piperazine,8,UN2579,III,8,"IB8, IP3, T1, TP33",154,213,240,25 kg,100 kg,A,"12, 52",,
,Piperidine,8,UN2401,I,"8, 3","A10, T10, TP2",None,201,243,0.5 L,2.5 L,B,52,,
,"Pivaloyl chloride, see Trimethylacetyl chloride",,,,,,,,,,,,,,
,"Plastic molding compound in dough, sheet or extruded rope form evolving flammable vapor",9,UN3314,III,9,"32, IB8, IP3, IP7",155,221,221,100 kg,200 kg,E,"19, 21, 25, 87, 144",,
,"Plastics, nitrocellulose-based, self-heating, n.o.s.",4.2,UN2006,III,4.2,,None,213,None,Forbidden,Forbidden,C,,,
,"Plastic solvent, n.o.s., see Flammable liquids, n.o.s.",,,,,,,,,,,,,,
,"Poisonous gases, n.o.s., see Compressed or liquefied gases, flammable or toxic, n.o.s.",,,,,,,,,,,,,,
,"Polyalkylamines, n.o.s., see Amines, etc",,,,,,,,,,,,,,
,"Polychlorinated biphenyls, liquid",9,UN2315,II,9,"9, 81, 140, IB3, T4, TP1",155,202,241,100 L,220 L,A,95,,
,"Polychlorinated biphenyls, solid",9,UN3432,II,9,"9, 81, 140, IB8, T3, TP33",155,212,240,100 kg,200 kg,A,95,,
,Polyester resin kit,3,UN3269,,3,"40, 149",152,225,None,5 kg,5 kg,B,,,
,"Polyhalogenated biphenyls, liquid or Polyhalogenated terphenyls liquid",9,UN3151,II,9,IB2,155,204,241,100 L,220 L,A,95,,
,"Polyhalogenated biphenyls, solid or Polyhalogenated terphenyls, solid",9,UN3152,II,9,"IB8, IP2, IP4, T3, TP33",155,204,241,100 kg,200 kg,A,95,,
,"Polymeric beads, expandable, evolving flammable vapor",9,UN2211,III,9,"32, IB8, IP3, IP7, T1, TP33",155,221,221,100 kg,200 kg,E,"19, 21, 25, 87, 144",,
,Potassium,4.3,UN2257,I,4.3,"A7, A19, A20, B27, IB4, IP1, N6, N34, T9, TP7, TP33",None,211,244,Forbidden,15 kg,D,52,,
,Potassium arsenate,6.1,UN1677,II,6.1,"IB8, IP2, IP4, T3, TP33",153,212,242,25 kg,100 kg,A,,,
,Potassium arsenite,6.1,UN1678,II,6.1,"IB8, IP2, IP4, T3, TP33",153,212,242,25 kg,100 kg,A,,,
,"Potassium bisulfite solution, see Bisulfites, aqueous solutions, n.o.s.",,,,,,,,,,,,,,
,Potassium borohydride,4.3,UN1870,I,4.3,"A19, N40",None,211,242,Forbidden,15 kg,E,52,,
,Potassium bromate,5.1,UN1484,II,5.1,"IB8, IP4, T3, TP33",152,212,242,5 kg,25 kg,A,"56, 58",,
,Potassium carbonyl,Forbidden,,,,,,,,,,,,,
,Potassium chlorate,5.1,UN1485,II,5.1,"A9, IB8, IP4, N34, T3, TP33",152,212,242,5 kg,25 kg,A,"56, 58",,
,"Potassium chlorate, aqueous solution",5.1,UN2427,II,5.1,"A2, IB2, T4, TP1",152,202,241,1 L,5 L,B,"56, 58, 133",,
,"Potassium chlorate, aqueous solution",5.1,UN2427,III,5.1,"A2, IB2, T4, TP1",152,203,241,2.5 L,30 L,B,"56, 58, 69, 133",,
,"Potassium chlorate mixed with mineral oil, see Explosive, blasting, type C",,,,,,,,,,,,,,
,Potassium cuprocyanide,6.1,UN1679,II,6.1,"IB8, IP2, IP4, T3, TP33",153,212,242,25 kg,100 kg,A,52,,
,"Potassium cyanide, solid",6.1,UN1680,I,6.1,"B69, B77, IB7, IP1, N74, N75, T6, TP33",None,211,242,5 kg,50 kg,B,52,,
,Potassium cyanide solution,6.1,UN3413,I,6.1,"B69, B77, N74, N75, T14, TP2, TP13",None,201,243,1 L,30 L,B,52,,
,Potassium cyanide solution,6.1,UN3413,II,6.1,"B69, B77, IB2, N74, N75, T11, TP2, TP13, TP27",153,202,243,5 L,60 L,B,52,,
,Potassium cyanide solution,6.1,UN3413,III,6.1,"B69, B77, IB3, N74, N75, T7, TP2, TP13, TP28",153,203,241,60 L,220 L,A,52,,
,"Potassium dichloro isocyanurate or Potassium dichloro-s-triazinetrione, see Dichloroisocyanuric acid, dry or Dichloroisocyanuric acid salts etc",,,,,,,,,,,,,,
,Potassium dithionite or Potassium hydrosulfite,4.2,UN1929,II,4.2,"A8, A19, A20, IB6, IP2, T3, TP33",None,212,241,15 kg,50 kg,E,13,,
,"Potassium fluoride, solid",6.1,UN1812,III,6.1,"IB8, IP3, T1, TP33",153,213,240,100 kg,200 kg,A,52,,
,Potassium fluoride solution,6.1,UN3422,III,6.1,"IB3, T4, TP1",153,203,241,60 L,220 L,A,52,,
,Potassium fluoroacetate,6.1,UN2628,I,6.1,"IB7, IP1, T6, TP33",None,211,242,5 kg,50 kg,E,,,
,Potassium fluorosilicate,6.1,UN2655,III,6.1,"IB8, IP3, T1, TP33",153,213,240,100 kg,200 kg,A,52,,
,"Potassium hydrate, see Potassium hydroxide, solid",,,,,,,,,,,,,,
,Potassium hydrogendifluoride solid,8,UN1811,II,"8, 6.1","IB8, IP2, IP4, N3, N34, T3, TP33",154,212,240,15 kg,50 kg,A,"25, 40, 52",,
,Potassium hydrogendifluoride solution,8,UN3421,II,"8, 6.1","IB2, N3, N34, T7, TP2",154,202,243,1 L,30 L,A,"25, 40, 52",,
,Potassium hydrogendifluoride solution,8,UN3421,III,"8, 6.1","IB3, N3, N34, T4, TP1",154,203,241,5 L,60 L,A,"40, 52",,
,"Potassium hydrogen fluoride, see Potassium hydrogen difluoride",,,,,,,,,,,,,,
,"Potassium hydrogen fluoride solution, see Corrosive liquid, n.o.s.",,,,,,,,,,,,,,
,Potassium hydrogen sulfate,8,UN2509,II,8,"A7, IB8, IP2, IP4, N34, T3, TP33",154,212,240,15 kg,50 kg,A,,,
,"Potassium hydrosulfite, see Potassium dithionite",,,,,,,,,,,,,,
,"Potassium hydroxide, liquid, see Potassium hydroxide solution",,,,,,,,,,,,,,
,"Potassium hydroxide, solid",8,UN1813,II,8,"IB8, IP2, IP4, T3, TP33",154,212,240,15 kg,50 kg,A,52,,
,"Potassium hydroxide, solution",8,UN1814,II,8,"B2, IB2, T7, TP2",154,202,242,1 L,30 L,A,52,,
,"Potassium hydroxide, solution",8,UN1814,III,8,"IB3, T4, TP1",154,203,241,5 L,60 L,A,52,,
,"Potassium hypochlorite, solution, see Hypochlorite solutions, etc",,,,,,,,,,,,,,
,"Potassium, metal alloys, liquid",4.3,UN1420,I,4.3,"A7, A19, A20, B27",None,201,244,Forbidden,1 L,E,"40, 52",,
,"Potassium, metal alloys, solid",4.3,UN3403,I,4.3,"A19, A20, B27, IB4, IP1, T9, TP7, TP33",None,211,244,Forbidden,15 kg,D,,,
,Potassium metavanadate,6.1,UN2864,II,6.1,"IB8, IP2, IP4, T3, TP33",153,212,242,25 kg,100 kg,A,,,
,Potassium monoxide,8,UN2033,II,8,"IB8, IP2, IP4, T3, TP33",154,212,240,15 kg,50 kg,A,"29, 52",,
,Potassium nitrate,5.1,UN1486,III,5.1,"A1, A29, IB8, IP3, T1, TP33",152,213,240,25 kg,100 kg,A,,,
,Potassium nitrate and sodium nitrite mixtures,5.1,UN1487,II,5.1,"B78, IB8, IP4, T3, TP33",152,212,240,5 kg,25 kg,A,"56, 58",,
,Potassium nitrite,5.1,UN1488,II,5.1,"IB8, IP4, T3, TP33",152,212,242,5 kg,25 kg,A,"56, 58",,
,Potassium perchlorate,5.1,UN1489,II,5.1,"IB6, IP2, T3, TP33",152,212,242,5 kg,25 kg,A,"56, 58",,
,Potassium permanganate,5.1,UN1490,II,5.1,"IB8, IP4, T3, TP33",152,212,240,5 kg,25 kg,D,"56, 58, 138",,
,Potassium peroxide,5.1,UN1491,I,5.1,"A20, IB6, IP1, N34",None,211,None,Forbidden,15 kg,B,"13, 52, 66, 75",,
,Potassium persulfate,5.1,UN1492,III,5.1,"A1, A29, IB8, IP3, T1, TP33",152,213,240,25 kg,100 kg,A,"56, 58",,
,Potassium phosphide,4.3,UN2012,I,"4.3, 6.1","A19, N40",None,211,None,Forbidden,15 kg,E,"40, 52, 85",,
,"Potassium selenate, see Selenates or Selenites",,,,,,,,,,,,,,
,"Potassium selenite, see Selenates or Selenites",,,,,,,,,,,,,,
,"Potassium sodium alloys, liquid",4.3,UN1422,I,4.3,"A7, A19, B27, N34, N40, T9, TP3, TP7, TP31",None,201,244,Forbidden,1 L,E,"40, 52",,
,"Potassium sodium alloys, solid",4.3,UN3404,I,4.3,"A19, B27, N34, N40, T9, TP7, TP33",None,211,244,Forbidden,15 kg,D,52,,
,"Potassium sulfide, anhydrous or Potassium sulfide with < 30% water of crystallization",4.2,UN1382,II,4.2,"A19, A20, B16, IB6, IP2, N34, T3, TP33",None,212,241,15 kg,50 kg,A,52,,
,"Potassium sulfide, hydrated with not < 30% water of crystallization",8,UN1847,II,8,"IB8, IP2, IP4, T3, TP33",154,212,240,15 kg,50 kg,A,52,,
,Potassium superoxide,5.1,UN2466,I,5.1,"A20, IB6, IP1",None,211,None,Forbidden,15 kg,B,"13, 52, 66, 75",,
,"Powder cake, wetted or Powder paste, wetted with not < 17% alcohol by mass",1.1C,UN0433,II,1.1C,,None,62,None,Forbidden,Forbidden,10,,,
,"Powder cake, wetted or Powder paste, wetted with not < 25% water, by mass",1.3C,UN0159,II,1.3C,,None,62,None,Forbidden,Forbidden,10,,,
,"Powder paste, see Powder cake, etc",,,,,,,,,,,,,,
,"Powder, smokeless",1.1C,UN0160,II,1.1C,,None,62,None,Forbidden,Forbidden,,26E,,
,"Powder, smokeless",1.3C,UN0161,II,1.3C,,None,62,None,Forbidden,Forbidden,,26E,,
,"Power device, explosive, see Cartridges, power device",,,,,,,,,,,,,,
,"Primers, cap type",1.4S,UN0044,II,None,,None,62,None,25 kg,100 kg,5,,,
,"Primers, cap type",1.4B,UN0378,II,1.4B,,None,62,None,Forbidden,75 kg,6,,,
,"Primers, cap type",1.1B,UN0377,II,1.1B,,None,62,None,Forbidden,Forbidden,11,,,
,"Primers, small arms, see Primers, cap type",,,,,,,,,,,,,,
,"Primers, tubular",1.3G,UN0319,II,1.3G,,None,62,None,Forbidden,Forbidden,7,,,
,"Primers, tubular",1.4G,UN0320,II,1.4G,,None,62,None,Forbidden,75 kg,6,,,
,"Primers, tubular",1.4S,UN0376,II,None,,None,62,None,25 kg,100 kg,5,,,
,"Printing ink, flammable or Printing ink related material (including printing ink thinning or reducing compound), flammable",3,UN1210,I,3,"T11, TP1, TP8",150,173,243,1 L,30 L,E,,,
,"Printing ink, flammable or Printing ink related material (including printing ink thinning or reducing compound), flammable",3,UN1210,II,3,"149, IB2, T4, TP1, TP8",150,173,242,5 L,60 L,B,,,
,"Printing ink, flammable or Printing ink related material (including printing ink thinning or reducing compound), flammable",3,UN1210,III,3,"B1, IB3, T2, TP1",150,173,242,60 L,220 L,A,,,
,"Projectiles, illuminating, see Ammunition, illuminating, etc",,,,,,,,,,,,,,
,"Projectiles, inert with tracer",1.4S,UN0345,II,1.4S,,,62,None,25 kg,100 kg,1,,,
,"Projectiles, inert, with tracer",1.3G,UN0424,II,1.3G,,,62,None,Forbidden,Forbidden,3,,,
,"Projectiles, inert, with tracer",1.4G,UN0425,II,1.4G,,,62,None,Forbidden,75 kg,2,,,
,"Projectiles, with burster or expelling charge",1.2D,UN0346,II,1.2D,,,62,None,Forbidden,Forbidden,3,,,
,"Projectiles, with burster or expelling charge",1.4D,UN0347,II,1.4D,,,62,None,Forbidden,75 kg,2,,,
,"Projectiles, with burster or expelling charge",1.2F,UN0426,II,1.2F,,,62,None,Forbidden,Forbidden,8,,,
,"Projectiles, with burster or expelling charge",1.4F,UN0427,II,1.4F,,,62,None,Forbidden,Forbidden,8,,,
,"Projectiles, with burster or expelling charge",1.2G,UN0434,II,1.2G,,,62,None,Forbidden,Forbidden,3,,,
,"Projectiles, with burster or expelling charge",1.4G,UN0435,II,1.4G,,,62,None,Forbidden,75 kg,2,,,
,"Projectiles, with bursting charge",1.1F,UN0167,II,1.1F,,,62,None,Forbidden,Forbidden,8,,,
,"Projectiles, with bursting charge",1.1D,UN0168,II,1.1D,,,62,None,Forbidden,Forbidden,3,,,
,"Projectiles, with bursting charge",1.2D,UN0169,II,1.2D,,,62,None,Forbidden,Forbidden,3,,,
,"Projectiles, with bursting charge",1.2F,UN0324,II,1.2F,,,62,None,Forbidden,Forbidden,8,,,
,"Projectiles, with bursting charge",1.4D,UN0344,II,1.4D,,,62,None,Forbidden,75 kg,2,,,
,"Propadiene mixed with methyl acetylene, see Methyl acetylene and propadiene mixtures, stabilized",,,,,,,,,,,,,,
,"Propadiene, stabilized",2.1,UN2200,,2.1,,None,304,"314, 315",Forbidden,150 kg,B,40,,
,"Propane see also Petroleum gases, liquefied",2.1,UN1978,,2.1,"19, T50",306,304,"314, 315",Forbidden,150 kg,E,40,,
,Propanethiols,3,UN2402,II,3,"A6, IB2, T4, TP1, TP13",150,202,242,5 L,60 L,E,"95, 102",,
,"n-Propanol or Propyl alcohol, normal",3,UN1274,II,3,"B1, IB2, T4, TP1",150,202,242,5 L,60 L,B,,,
,"n-Propanol or Propyl alcohol, normal",3,UN1274,III,3,"B1, IB3, T2, TP1",150,203,242,60 L,220 L,A,,,
,"Propellant, liquid",1.1C,UN0497,II,1.1C,37,None,62,None,Forbidden,Forbidden,10,,,
,"Propellant, liquid",1.3C,UN0495,II,1.3C,37,None,62,None,Forbidden,Forbidden,10,,,
,"Propellant, solid",1.4C,UN0501,,1.4C,,None,62,None,Forbidden,Forbidden,A,24E,,
,"Propellant, solid",1.1C,UN0498,II,1.1C,,None,62,None,Forbidden,Forbidden,,26E,,
,"Propellant, solid",1.3C,UN0499,II,1.3C,,None,62,None,Forbidden,Forbidden,,26E,,
,Propionaldehyde,3,UN1275,II,3,"IB2, T7, TP1",150,202,242,5 L,60 L,E,,,
,Propionic acid with not < 10% and < 90% acid by mass,8,UN1848,III,8,"IB3, T4, TP1",154,203,241,5 L,60 L,A,,,
,Propionic acid with not < 90% acid by mass,8,UN3463,II,"8, 3","IB2, T7, TP2",154,202,243,1 L,30 L,A,,,
,Propionic anhydride,8,UN2496,III,8,"IB3, T4, TP1",154,203,241,5 L,60 L,A,,,
,Propionitrile,3,UN2404,II,"3, 6.1","IB2, T7, TP1, TP13",None,202,243,Forbidden,60 L,E,40,,
,Propionyl chloride,3,UN1815,II,"3, 8","IB1, T7, TP1",150,202,243,1 L,5 L,B,40,,
,n-Propyl acetate,3,UN1276,II,3,"IB2, T4, TP1",150,202,242,5 L,60 L,B,,,
,"Propyl alcohol, see Propanol",,,,,,,,,,,,,,
,Propylamine,3,UN1277,II,"3, 8","A7, IB2, N34, T7, TP1",150,202,243,1 L,5 L,E,40,,
,n-Propyl benzene,3,UN2364,III,3,"B1, IB3, T2, TP1",150,203,242,60 L,220 L,A,,,
,Propyl chloride see 1-Chloropropane,,,,,,,,,,,,,,
,n-Propyl chloroformate,6.1,UN2740,I,"6.1, 3, 8","2, B9, B14, B32, B74, B77, N34, T20, TP2, TP13, TP38, TP44",None,227,244,Forbidden,Forbidden,B,"21, 40, 100",,
,Propylene chlorohydrin,6.1,UN2611,II,"6.1, 3","IB2, T7, TP2, TP13",153,202,243,5 L,60 L,A,"12, 40, 48",,
,"1,2-Propylenediamine",8,UN2258,II,"8, 3","A3, A6, IB2, N34, T7, TP2",None,202,243,1 L,30 L,A,40,,
,"Propyleneimine, stabilized",3,UN1921,I,"3, 6.1","A3, N34, T14, TP2, TP13",None,201,243,1 L,30 L,B,40,,
,Propylene oxide,3,UN1280,I,3,"A3, N34, T11, TP2, TP7",None,201,243,1 L,30 L,E,40,,
,"Propylene see also Petroleum gases, liquefied",2.1,UN1077,,2.1,"19, T50",306,304,"314, 315",Forbidden,150 kg,E,40,,
,Propylene tetramer,3,UN2850,III,3,"B1, IB3, T2, TP1",150,203,242,60 L,220 L,A,,,
,Propyl formates,3,UN1281,II,3,"IB2, T4, TP1",150,202,242,5 L,60 L,B,,,
,n-Propyl isocyanate,6.1,UN2482,I,"6.1, 3","1, B9, B14, B30, B72, T22, TP2, TP13, TP38, TP44",None,226,244,Forbidden,Forbidden,D,40,,
,"Propyl mercaptan, see Propanethiols",,,,,,,,,,,,,,
,n-Propyl nitrate,3,UN1865,II,3,IB9,150,202,None,5 L,60 L,D,"44, 89, 90, 100",,
,Propyltrichlorosilane,8,UN1816,II,"8, 3","A7, B2, B6, IB2, N34, T7, TP2, TP13",None,202,243,Forbidden,30 L,C,40,,
,"Prussic acid, see Hydrogen cyanide",,,,,,,,,,,,,,
,"Pyrethroid pesticide, liquid, flammable, toxic, flash point < 23 degrees C",3,UN3350,I,"3, 6.1","T14, TP2, TP13, TP27",None,201,243,Forbidden,30 L,B,40,,
,"Pyrethroid pesticide, liquid, flammable, toxic, flash point < 23 degrees C",3,UN3350,II,"3, 6.1","IB2, T11, TP2, TP13, TP27",150,202,243,1 L,60 L,B,40,,
,"Pyrethroid pesticide, liquid toxic",6.1,UN3352,I,6.1,"T14, TP2, TP13, TP27",None,211,242,1 L,30 L,A,40,,
,"Pyrethroid pesticide, liquid toxic",6.1,UN3352,II,6.1,"IB2, T11, TP2, TP27",153,212,242,5 L,60 L,A,40,,
,"Pyrethroid pesticide, liquid toxic",6.1,UN3352,III,6.1,"IB3, T7, TP2, TP28",153,213,240,60 L,220 L,A,40,,
,"Pyrethroid pesticide, liquid, toxic, flammable, flash point not < 23 degrees C",6.1,UN3351,I,"6.1, 3","T14, TP2, TP13, TP27",None,201,243,1 L,30 L,B,40,,
,"Pyrethroid pesticide, liquid, toxic, flammable, flash point not < 23 degrees C",6.1,UN3351,II,"6.1, 3","IB2, T11, TP2, TP13, TP27",153,202,243,5 L,60 L,B,40,,
,"Pyrethroid pesticide, liquid, toxic, flammable, flash point not < 23 degrees C",6.1,UN3351,III,"6.1, 3","IB3, T7, TP2, TP28",153,203,241,60 L,220 L,B,40,,
,"Pyrethroid pesticide, solid, toxic",6.1,UN3349,I,6.1,"IB7, IP1, T6, TP33",None,211,242,5 kg,50 kg,A,40,,
,"Pyrethroid pesticide, solid, toxic",6.1,UN3349,II,6.1,"IB8, IP2, IP4, T3, TP33",153,212,242,25 kg,100 kg,A,40,,
,"Pyrethroid pesticide, solid, toxic",6.1,UN3349,III,6.1,"IB8, IP3, T1, TP33",153,213,240,100 kg,200 kg,A,40,,
,Pyridine,3,UN1282,II,3,"IB2, T4, TP2",None,202,242,5 L,60 L,B,"21, 100",,
,Pyridine perchlorate,Forbidden,,,,,,,,,,,,,
G ,"Pyrophoric liquid, inorganic, n.o.s.",4.2,UN3194,I,4.2,,None,181,244,Forbidden,Forbidden,D,18,,
G ,"Pyrophoric liquids, organic, n.o.s.",4.2,UN2845,I,4.2,"B11, T22, TP2, TP7",None,181,244,Forbidden,Forbidden,D,18,,
G ,"Pyrophoric metals, n.o.s., or Pyrophoric alloys, n.o.s.",4.2,UN1383,I,4.2,"B11, T21, TP7, TP33",None,187,242,Forbidden,Forbidden,D,,,
G ,"Pyrophoric solid, inorganic, n.o.s.",4.2,UN3200,I,4.2,"T21, TP7, TP33",None,187,242,Forbidden,Forbidden,D,,,
G ,"Pyrophoric solids, organic, n.o.s.",4.2,UN2846,I,4.2,,None,187,242,Forbidden,Forbidden,D,,,
,Pyrosulfuryl chloride,8,UN1817,II,8,"B2, IB2, T8, TP2, TP12",154,202,242,1 L,30 L,C,40,,
,"Pyroxylin solution or solvent, see Nitrocellulose",,,,,,,,,,,,,,
,Pyrrolidine,3,UN1922,II,"3, 8","IB2, T7, TP1",150,202,243,1 L,5 L,B,"40, 52",,
,Quebrachitol pentanitrate,Forbidden,,,,,,,,,,,,,
,"Quicklime, see Calcium oxide",,,,,,,,,,,,,,
,Quinoline,6.1,UN2656,III,6.1,"IB3, T4, TP1",153,203,241,60 L,220 L,A,12,,
,"R 114, see Dichlorotetrafluoroethane",,,,,,,,,,,,,,
,"R 115, see Chloropentafluoroethane",,,,,,,,,,,,,,
,"R 116, see Hexafluoroethane",,,,,,,,,,,,,,
,"R 124, see Chlorotetrafluoroethane",,,,,,,,,,,,,,
,"R 12B1, see Chlorodifluorobromomethane",,,,,,,,,,,,,,
,"R 12, see Dichlorodifluoromethane",,,,,,,,,,,,,,
,"R 133a, see Chlorotrifluoroethane",,,,,,,,,,,,,,
,"R 13B1, see Bromotrifluoromethane",,,,,,,,,,,,,,
,"R 13, see Chlorotrifluoromethane",,,,,,,,,,,,,,
,"R 14, see Tetrafluoromethane",,,,,,,,,,,,,,
,"R 152a, see Difluoroethane",,,,,,,,,,,,,,
,"R 21, see Dichlorofluoromethane",,,,,,,,,,,,,,
,"R 22, see Chlorodifluoromethane",,,,,,,,,,,,,,
,"R 500, see Dichlorodifluoromethane and difluorethane, etc",,,,,,,,,,,,,,
,"R 502, see Chlorodifluoromethane and chloropentafluoroethane mixture, etc",,,,,,,,,,,,,,
,"R 503, see Chlorotrifluoromethane and trifluoromethane, etc",,,,,,,,,,,,,,
,"Radioactive material, excepted package-articles manufactured from natural uranium or depleted uranium or natural thorium",7,UN2909,,None,,"422, 426","422, 426","422, 426",,,A,,,
,"Radioactive material, excepted package-empty packaging",7,UN2908,,Empty,,"422, 428","422, 428","422, 428",,,A,,,
,"Radioactive material, excepted package-instruments or articles",7,UN2911,,None,,"422, 424","422, 424",,,,A,,,
,"Radioactive material, excepted package-limited quantity of material",7,UN2910,,None,,"421, 422","421, 422","421, 422",,,A,,,
,"Radioactive material, low specific activity (LSA-III) non fissile or fissile excepted",7,UN3322,,7,"A56, T5, TP4, W7","421, 422, 428",427,427,,,A,"95, 129",,
,"Radioactive material, low specific activity (LSA-II) non fissile or fissile-excepted",7,UN3321,,7,"A56, T5, TP4, W7","421, 422, 428",427,427,,,A,"95, 129",,
,"Radioactive material, low specific activity (LSA-I) non fissile or fissile-excepted",7,UN2912,,7,"A56, T5, TP4, W7","421, 422, 428",427,427,,,A,"95, 129",,
,"Radioactive material, surface contaminated objects (SCO-I or SCO-II) non fissile or fissile-excepted",7,UN2913,,7,A56,"421, 422, 428",427,427,,,A,95,,
,"Radioactive material, transported under special arrangement, fissile",7,UN3331,,7,"A56, 139",,,,,,A,"95, 105",,
,"Radioactive material, transported under special arrangement, non fissile or fissile excepted",7,UN2919,,7,"A56, 139",,,,,,A,"95, 105",,
,"Radioactive material, Type A package, fissile non-special form",7,UN3327,,7,"A56, W7, W8",453,417,417,,,A,"95, 105, 131",,
,"Radioactive material, Type A package non-special form, non fissile or fissile-excepted",7,UN2915,,7,"A56, W7, W8",,"415, 418","415, 419",,,A,"95, 130",,
,"Radioactive material, Type A package, special form, fissile",7,UN3333,,7,"A56, W7, W8",453,"417, 476","417, 476",,,A,"95, 105",,
,"Radioactive material, Type A package, special form non fissile or fissile-excepted",7,UN3332,,7,"A56, W7, W8",,"415, 476","415, 476",,,A,95,,
,"Radioactive material, Type B(M) package, fissile",7,UN3329,,7,A56,453,417,417,,,A,"95, 105",,
,"Radioactive material, Type B(M) package non fissile or fissile-excepted",7,UN2917,,7,A56,,416,416,,,A,"95, 105",,
,"Radioactive material, Type B(U) package, fissile",7,UN3328,,7,A56,453,417,417,,,A,"95, 105",,
,"Radioactive material, Type B(U) package non fissile or fissile-excepted",7,UN2916,,7,A56,,416,416,,,A,"95, 105",,
,"Radioactive material, uranium hexafluoride, fissile",7,UN2977,,"7, 8",,453,"417, 420","417, 420",,,A,"95, 132",,
,"Radioactive material, uranium hexafluoride non fissile or fissile-excepted",7,UN2978,,"7, 8",,423,"420, 427","420, 427",,,A,"95, 132",,
A W ,"Rags, oily",4.2,UN1856,III,4.2,,151,213,240,Forbidden,Forbidden,A,,,
,"Railway torpedo, see Signals, railway track, explosive",,,,,,,,,,,,,,
,"RC 318, see Octafluorocyclobutane",,,,,,,,,,,,,,
,"RDX and cyclotetramethylenetetranitramine, wetted or desensitized see RDX and HMX mixtures, wetted or desensitized",,,,,,,,,,,,,,
,"RDX and HMX mixtures, wetted with not < 15% water by mass or RDX and HMX mixtures, desensitized with not < 10% phlegmatizer by mass",1.1D,UN0391,II,1.1D,,None,62,None,Forbidden,Forbidden,10,,,
,"RDX and Octogen mixtures, wetted or desensitized see RDX and HMX mixtures, wetted or desensitized etc",,,,,,,,,,,,,,
,"RDX, see Cyclotrimethylene trinitramine, etc",,,,,,,,,,,,,,
,"Receptacles, small, containing gas (gas cartridges) flammable, without release device, not refillable and not exceeding 1 L capacity",2.1,UN2037,,2.1,,306,304,None,1 kg,15 kg,B,40,,
,"Receptacles, small, containing gas (gas cartridges) non-flammable, without release device, not refillable and not exceeding 1 L capacity",2.2,UN2037,,"2.2, 5.1",A14,306,304,None,1 kg,15 kg,B,40,,
,"Red phosphorus, see Phosphorus, amorphous",,,,,,,,,,,,,,
G ,"Refrigerant gases, n.o.s.",2.2,UN1078,,2.2,T50,306,304,"314, 315",75 kg,150 kg,A,,,
D ,"Refrigerant gases, n.o.s. or Dispersant gases, n.o.s.",2.1,NA1954,,2.1,T50,306,304,"314, 315",Forbidden,150 kg,D,40,,
,Refrigerant gas R 404A,2.2,UN3337,,2.2,T50,306,304,"314, 315",75 kg,150 kg,A,,,
,Refrigerant gas R 407A,2.2,UN3338,,2.2,T50,306,304,"314, 315",75 kg,150 kg,A,,,
,Refrigerant gas R 407B,2.2,UN3339,,2.2,T50,306,304,"314, 315",75 kg,150 kg,A,,,
,Refrigerant gas R 407C,2.2,UN3340,,2.2,T50,306,304,"314, 315",75 kg,150 kg,A,,,
,"Refrigerating machines, containing flammable, non-toxic, liquefied gas",2.1,UN3358,,2.1,,"306, 307",306,306,Forbidden,Forbidden,D,40,,
,"Refrigerating machines, containing non-flammable, non-toxic, or ammonia solutions (UN2672)",2.2,UN2857,,2.2,A53,"306, 307",306,"306, 307",450 kg,450 kg,A,,,
,"Regulated medical waste, n.o.s. or Clinical waste, unspecified n.o.s. or (BIO) Medical waste, n.o.s.",6.2,UN3291,II,6.2,A13,134,197,197,No limit,No limit,B,40,,
,"Release devices, explosive",1.4S,UN0173,II,1.4S,,None,62,None,25 kg,100 kg,5,,,
,"Resin solution, flammable",3,UN1866,I,3,"B52, T11, TP1, TP8, TP28",150,201,243,1 L,30 L,E,,,
,"Resin solution, flammable",3,UN1866,II,3,"149, B52, IB2, T4, TP1, TP8",150,173,242,5 L,60 L,B,,,
,"Resin solution, flammable",3,UN1866,III,3,"B1, B52, IB3, T2, TP1",150,173,242,60 L,220 L,A,,,
,Resorcinol,6.1,UN2876,III,6.1,"IB8, IP3, T1, TP33",153,213,240,100 kg,200 kg,A,,,
,"Rifle grenade, see Grenades, hand or rifle, etc",,,,,,,,,,,,,,
,"Rifle powder, see Powder, smokeless (UN 0160)",,,,,,,,,,,,,,
,"Rivets, explosive",1.4S,UN0174,II,1.4S,,None,62,None,25 kg,100 kg,5,,,
,"Road asphalt or tar liquid, see Tars, liquid, etc",,,,,,,,,,,,,,
,Rocket motors,1.3C,UN0186,II,1.3C,109,None,62,None,Forbidden,220 kg,3,,,
,Rocket motors,1.1C,UN0280,II,1.1C,109,None,62,None,Forbidden,Forbidden,3,,,
,Rocket motors,1.2C,UN0281,II,1.2C,109,None,62,None,Forbidden,Forbidden,3,,,
,"Rocket motors, liquid fueled",1.2J,UN0395,II,1.2J,109,None,62,None,Forbidden,Forbidden,4,23E,,
,"Rocket motors, liquid fueled",1.3J,UN0396,II,1.3J,109,None,62,None,Forbidden,Forbidden,4,23E,,
,Rocket motors with hypergolic liquids with or without an expelling charge,1.3L,UN0250,II,1.3L,109,None,62,None,Forbidden,Forbidden,8,"8E, 14E, 15E",,
,Rocket motors with hypergolic liquids with or without an expelling charge,1.2L,UN0322,II,1.2L,109,None,62,None,Forbidden,Forbidden,8,"8E, 14E, 15E",,
,"Rockets, line-throwing",1.2G,UN0238,II,1.2G,,None,62,None,Forbidden,Forbidden,7,,,
,"Rockets, line-throwing",1.3G,UN0240,II,1.3G,,None,62,None,Forbidden,75 kg,7,,,
,"Rockets, line-throwing",1.4G,UN0453,II,1.4G,,None,62,None,Forbidden,75 kg,6,,,
,"Rockets, liquid fueled with bursting charge",1.1J,UN0397,II,1.1J,,None,62,None,Forbidden,Forbidden,4,23E,,
,"Rockets, liquid fueled with bursting charge",1.2J,UN0398,II,1.2J,,None,62,None,Forbidden,Forbidden,4,23E,,
,"Rockets, with bursting charge",1.1F,UN0180,II,1.1F,,None,62,None,Forbidden,Forbidden,8,,,
,"Rockets, with bursting charge",1.2E,UN0182,II,1.2E,,None,62,None,Forbidden,Forbidden,3,,,
,"Rockets, with bursting charge",1.2F,UN0295,II,1.2F,,None,62,None,Forbidden,Forbidden,8,,,
,"Rockets, with bursting charge",1.1E,UN0181,II,1.1E,,None,62,None,Forbidden,Forbidden,3,,,
,"Rockets, with expelling charge",1.2C,UN0436,II,1.2C,,None,62,None,Forbidden,Forbidden,3,,,
,"Rockets, with expelling charge",1.3C,UN0437,II,1.3C,,None,62,None,Forbidden,Forbidden,3,,,
,"Rockets, with expelling charge",1.4C,UN0438,II,1.4C,,None,62,None,Forbidden,75 kg,2,,,
,"Rockets, with inert head",1.3C,UN0183,II,1.3C,,None,62,None,Forbidden,Forbidden,3,,,
,"Rockets, with inert head",1.2C,UN0502,,1.2C,,None,62,None,Forbidden,Forbidden,B,"1E, 5E",,
,Rosin oil,3,UN1286,III,3,"B1, IB3, T2, TP1",150,203,242,60 L,220 L,A,,,
,Rosin oil,3,UN1286,II,3,"IB2, T4, TP1",150,202,242,5 L,60 L,B,,,
,"Rubber scrap or shoddy, powdered or granulated, not exceeding 840 microns and rubber contend exceeding 45%",4.1,UN1345,II,4.1,"IB8, IP2, IP4, T3, TP33",151,212,240,15 kg,50 kg,A,,,
,Rubber solution,3,UN1287,III,3,"B1, IB3, T2, TP1",150,203,242,60 L,220 L,A,,,
,Rubber solution,3,UN1287,II,3,"149, IB2, T4, TP1, TP8",150,202,242,5 L,60 L,B,,,
,Rubidium,4.3,UN1423,I,4.3,"22, A7, A19, IB4, IP1, N34, N40, N45",None,211,242,Forbidden,15 kg,D,52,,
,Rubidium hydroxide,8,UN2678,II,8,"IB8, IP2, IP4, T3, TP33",154,212,240,15 kg,50 kg,A,"29, 52",,
,Rubidium hydroxide solution,8,UN2677,II,8,"B2, IB2, T7, TP2",154,202,242,1 L,30 L,A,"29, 52",,
,Rubidium hydroxide solution,8,UN2677,III,8,"IB3, T4, TP1",154,203,241,5 L,60 L,A,"29, 52",,
,"Safety fuse, see Fuse, safety",,,,,,,,,,,,,,
G ,"Samples, explosive, other than initiating explosives",,UN0190,II,,113,None,62,None,Forbidden,Forbidden,14,,,
,"Sand acid, see Fluorosilicic acid",,,,,,,,,,,,,,
,"Seed cake, containing vegetable oil solvent extractions and expelled seeds, with not > 10% of oil and when the amount of moisture is higher than 11%, with not > 20% of oil and moisture combined",4.2,UN1386,III,None,"IB8, IP3, IP7, N7",None,213,241,Forbidden,Forbidden,A,13,,
I ,Seed cake with > 1.5% oil and not > 11% moisture,4.2,UN1386,III,None,"IB8, IP3, IP7, N7",None,213,241,Forbidden,Forbidden,E,13,,
I ,Seed cake with not > 1.5% oil and not > 11% moisture,4.2,UN2217,III,None,"IB8, IP3, IP7, N7",None,213,241,Forbidden,Forbidden,A,13,,
,Selenates or Selenites,6.1,UN2630,I,6.1,"IB7, IP1, T6, TP33",None,211,242,5 kg,50 kg,E,,,
,Selenic acid,8,UN1905,I,8,"IB7, IP1, N34, T6, TP33",None,211,242,Forbidden,25 kg,A,,,
,"Selenium compound, liquid, n.o.s.",6.1,UN3440,I,6.1,"T14, TP2, TP27",None,201,243,1 L,30 L,B,,,
,"Selenium compound, liquid, n.o.s.",6.1,UN3440,II,6.1,"IB2, T11, TP2, TP27",153,202,243,5 L,60 L,B,,,
,"Selenium compound, liquid, n.o.s.",6.1,UN3440,III,6.1,"IB3, T7, TP1, TP28",153,203,241,60 L,220 L,A,,,
,"Selenium compound, solid, n.o.s.",6.1,UN3283,III,6.1,"IB8, IP3, T1, TP33",153,213,240,100 kg,200 kg,A,,,
,"Selenium compound, solid, n.o.s.",6.1,UN3283,II,6.1,"IB8, IP2, IP4, T3, TP33",153,212,242,25 kg,100 kg,B,,,
,"Selenium compound, solid, n.o.s.",6.1,UN3283,I,6.1,"IB7, IP1, T6, TP33",None,211,242,5 kg,50 kg,B,,,
,Selenium disulfide,6.1,UN2657,II,6.1,"IB8, IP2, IP4, T3, TP33",153,212,242,25 kg,100 kg,A,,,
,Selenium hexafluoride,2.3,UN2194,,"2.3, 8",1,None,302,None,Forbidden,Forbidden,D,40,,
,Selenium nitride,Forbidden,,,,,,,,,,,,,
,Selenium oxychloride,8,UN2879,I,"8, 6.1","A3, A6, A7, N34, T10, TP2, TP12, TP13",None,201,243,0.5 L,2.5 L,E,40,,
,"Self-defense spray, aerosol, see Aerosols, etc",,,,,,,,,,,,,,
+ A D ,"Self-defense spray, non-pressurized",9,NA3334,III,9,A37,155,203,None,No limit,No limit,A,,,
G ,"Self-heating liquid, corrosive, inorganic, n.o.s.",4.2,UN3188,II,"4.2, 8",IB2,None,202,243,1 L,5 L,C,,,
G ,"Self-heating liquid, corrosive, inorganic, n.o.s.",4.2,UN3188,III,"4.2, 8",IB2,None,203,241,5 L,60 L,C,,,
G ,"Self-heating liquid, corrosive, organic, n.o.s.",4.2,UN3185,II,"4.2, 8",IB2,None,202,243,1 L,5 L,C,,,
G ,"Self-heating liquid, corrosive, organic, n.o.s.",4.2,UN3185,III,"4.2, 8",IB2,None,203,241,5 L,60 L,C,,,
G ,"Self-heating liquid, inorganic, n.o.s.",4.2,UN3186,II,4.2,IB2,None,202,242,1 L,5 L,C,,,
G ,"Self-heating liquid, inorganic, n.o.s.",4.2,UN3186,III,4.2,IB2,None,203,241,5 L,60 L,C,,,
G ,"Self-heating liquid, organic, n.o.s.",4.2,UN3183,II,4.2,IB2,None,202,242,1 L,5 L,C,,,
G ,"Self-heating liquid, organic, n.o.s.",4.2,UN3183,III,4.2,IB2,None,203,241,5 L,60 L,C,,,
G ,"Self-heating liquid, toxic, inorganic, n.o.s.",4.2,UN3187,II,"4.2, 6.1",IB2,None,202,243,1 L,5 L,C,,,
G ,"Self-heating liquid, toxic, inorganic, n.o.s.",4.2,UN3187,III,"4.2, 6.1",IB2,None,203,241,5 L,60 L,C,,,
G ,"Self-heating liquid, toxic, organic, n.o.s.",4.2,UN3184,II,"4.2, 6.1",IB2,None,202,243,1 L,5 L,C,,,
G ,"Self-heating liquid, toxic, organic, n.o.s.",4.2,UN3184,III,"4.2, 6.1",IB2,None,203,241,5 L,60 L,C,,,
G ,"Self-heating solid, corrosive, inorganic, n.o.s.",4.2,UN3192,II,"4.2, 8","IB5, IP2, T3, TP33",None,212,242,15 kg,50 kg,C,,,
G ,"Self-heating solid, corrosive, inorganic, n.o.s.",4.2,UN3192,III,"4.2, 8","IB8, IP3, T1, TP33",None,213,242,25 kg,100 kg,C,,,
G ,"Self-heating, solid, corrosive, organic, n.o.s.",4.2,UN3126,II,"4.2, 8","IB5, IP2, T3, TP33",None,212,242,15 kg,50 kg,C,,,
G ,"Self-heating, solid, corrosive, organic, n.o.s.",4.2,UN3126,III,"4.2, 8","IB8, IP3, T1, TP33",None,213,242,25 kg,100 kg,C,,,
G ,"Self-heating solid, inorganic, n.o.s.",4.2,UN3190,II,4.2,"IB6, IP2, T3, TP33",None,212,241,15 kg,50 kg,C,,,
G ,"Self-heating solid, inorganic, n.o.s.",4.2,UN3190,III,4.2,"IB8, IP3, T1, TP33",None,213,241,25 kg,100 kg,C,,,
G ,"Self-heating, solid, organic, n.o.s.",4.2,UN3088,II,4.2,"IB6, IP2, T3, TP33",None,212,241,15 kg,50 kg,C,,,
G ,"Self-heating, solid, organic, n.o.s.",4.2,UN3088,III,4.2,"IB8, IP3, T1, TP33",None,213,241,25 kg,100 kg,C,,,
G ,"Self-heating, solid, oxidizing, n.o.s.",4.2,UN3127,,"4.2, 5.1",,None,214,214,Forbidden,Forbidden,,,,
G ,"Self-heating solid, toxic, inorganic, n.o.s.",4.2,UN3191,II,"4.2, 6.1","IB5, IP2, T3, TP33",None,212,242,15 kg,50 kg,C,,,
G ,"Self-heating solid, toxic, inorganic, n.o.s.",4.2,UN3191,III,"4.2, 6.1","IB8, IP3, T1, TP33",None,213,242,25 kg,100 kg,C,,,
G ,"Self-heating, solid, toxic, organic, n.o.s.",4.2,UN3128,II,"4.2, 6.1","IB5, IP2, T3, TP33",None,212,242,15 kg,50 kg,C,,,
G ,"Self-heating, solid, toxic, organic, n.o.s.",4.2,UN3128,III,"4.2, 6.1","IB8, IP3, T1, TP33",None,213,242,25 kg,100 kg,C,,,
,"Self-propelled vehicle, see Engines or Batteries etc",,,,,,,,,,,,,,
G ,Self-reactive liquid type B,4.1,UN3221,II,4.1,53,None,224,None,Forbidden,Forbidden,D,"52, 53",,
G ,"Self-reactive liquid type B, temperature controlled",4.1,UN3231,II,4.1,53,None,224,None,Forbidden,Forbidden,D,"2, 52, 53",,
G ,Self-reactive liquid type C,4.1,UN3223,II,4.1,,None,224,None,5 L,10 L,D,"52, 53",,
G ,"Self-reactive liquid type C, temperature controlled",4.1,UN3233,II,4.1,,None,224,None,Forbidden,Forbidden,D,"2, 52, 53",,
G ,Self-reactive liquid type D,4.1,UN3225,II,4.1,,None,224,None,5 L,10 L,D,"52, 53",,
G ,"Self-reactive liquid type D, temperature controlled",4.1,UN3235,II,4.1,,None,224,None,Forbidden,Forbidden,D,"2, 52, 53",,
G ,Self-reactive liquid type E,4.1,UN3227,II,4.1,,None,224,None,10 L,25 L,D,"52, 53",,
G ,"Self-reactive liquid type E, temperature controlled",4.1,UN3237,II,4.1,,None,224,None,Forbidden,Forbidden,D,"2, 52, 53",,
G ,Self-reactive liquid type F,4.1,UN3229,II,4.1,,None,224,None,10 L,25 L,D,"52, 53",,
G ,"Self-reactive liquid type F, temperature controlled",4.1,UN3239,II,4.1,,None,224,None,Forbidden,Forbidden,D,"2, 52, 53",,
G ,Self-reactive solid type B,4.1,UN3222,II,4.1,53,None,224,None,Forbidden,Forbidden,D,"52, 53",,
G ,"Self-reactive solid type B, temperature controlled",4.1,UN3232,II,4.1,53,None,224,None,Forbidden,Forbidden,D,"2, 52, 53",,
G ,Self-reactive solid type C,4.1,UN3224,II,4.1,,None,224,None,5 kg,10 kg,D,"52, 53",,
G ,"Self-reactive solid type C, temperature controlled",4.1,UN3234,II,4.1,,None,224,None,Forbidden,Forbidden,D,"2, 52, 53",,
G ,Self-reactive solid type D,4.1,UN3226,II,4.1,,None,224,None,5 kg,10 kg,D,"52, 53",,
G ,"Self-reactive solid type D, temperature controlled",4.1,UN3236,II,4.1,,None,224,None,Forbidden,Forbidden,D,"2, 52, 53",,
G ,Self-reactive solid type E,4.1,UN3228,II,4.1,,None,224,None,10 kg,25 kg,D,"52, 53",,
G ,"Self-reactive solid type E, temperature controlled",4.1,UN3238,II,4.1,,None,224,None,Forbidden,Forbidden,D,"2, 52, 53",,
G ,Self-reactive solid type F,4.1,UN3230,II,4.1,,None,224,None,10 kg,25 kg,D,"52, 53",,
G ,"Self-reactive solid type F, temperature controlled",4.1,UN3240,II,4.1,,None,224,None,Forbidden,Forbidden,D,"2, 52, 53",,
,Shale oil,3,UN1288,I,3,"T11, TP1, TP8, TP27",None,201,243,1 L,30 L,B,,,
,Shale oil,3,UN1288,III,3,"B1, IB3, T2, TP1",150,203,242,60 L,220 L,A,,,
,Shale oil,3,UN1288,II,3,"IB2, T4, TP1, TP8",150,202,242,5 L,60 L,B,,,
,"Shaped charges, see Charges, shaped, etc",,,,,,,,,,,,,,
,"Signal devices, hand",1.4G,UN0191,II,1.4G,,None,62,None,Forbidden,75 kg,6,,,
,"Signal devices, hand",1.4S,UN0373,II,1.4S,,None,62,None,25 kg,100 kg,5,,,
,"Signals, distress, ship",1.1G,UN0194,II,1.1G,,None,62,None,Forbidden,Forbidden,7,,,
,"Signals, distress, ship",1.3G,UN0195,II,1.3G,,None,62,None,Forbidden,75 kg,7,,,
,"Signals, highway, see Signal devices, hand",,,,,,,,,,,,,,
,"Signals, railway track, explosive",1.1G,UN0192,II,1.1G,,None,62,None,Forbidden,Forbidden,7,,,
,"Signals, railway track, explosive",1.4S,UN0193,II,1.4S,,None,62,None,25 kg,100 kg,5,,,
,"Signals, railway track, explosive",1.3G,UN0492,,1.3G,,None,62,None,Forbidden,Forbidden,7,,,
,"Signals, railway track, explosive",1.4G,UN0493,,1.4G,,None,62,None,Forbidden,75 kg,6,,,
,"Signals, ship distress, water-activated, see Contrivances, water-activated, etc",,,,,,,,,,,,,,
,"Signals, smoke",1.1G,UN0196,II,1.1G,,None,62,None,Forbidden,Forbidden,7,,,
,"Signals, smoke",1.2G,UN0313,II,1.2G,,None,62,None,Forbidden,Forbidden,7,,,
,"Signals, smoke",1.3G,UN0487,II,1.3G,,None,62,None,Forbidden,Forbidden,7,,,
,"Signals, smoke",1.4G,UN0197,II,1.4G,,None,62,None,Forbidden,75 kg,6,,,
,Silane,2.1,UN2203,,2.1,,None,302,None,Forbidden,Forbidden,E,"40, 57, 104",,
,"Silicofluoric acid, see Fluorosilicic acid",,,,,,,,,,,,,,
,"Silicon chloride, see Silicon tetrachloride",,,,,,,,,,,,,,
,"Silicon powder, amorphous",4.1,UN1346,III,4.1,"A1, IB8, IP3, T1, TP33",None,213,240,25 kg,100 kg,A,74,,
,Silicon tetrachloride,8,UN1818,II,8,"A3, A6, B2, B6, IB2, T7, TP2, TP7",154,202,242,1 L,30 L,C,40,,
,Silicon tetrafluoride,2.3,UN1859,,"2.3, 8",2,None,302,None,Forbidden,Forbidden,D,40,,
,Silver acetylide (dry),Forbidden,,,,,,,,,,,,,
,Silver arsenite,6.1,UN1683,II,6.1,"IB8, IP2, IP4, T3, TP33",153,212,242,25 kg,100 kg,A,,,
,Silver azide (dry),Forbidden,,,,,,,,,,,,,
,Silver chlorite (dry),Forbidden,,,,,,,,,,,,,
,Silver cyanide,6.1,UN1684,II,6.1,"IB8, IP2, IP4, T3, TP33",153,212,242,25 kg,100 kg,A,"40, 52",,
,Silver fulminate (dry),Forbidden,,,,,,,,,,,,,
,Silver nitrate,5.1,UN1493,II,5.1,"IB8, IP4, T3, TP33",152,212,242,5 kg,25 kg,A,,,
,Silver oxalate (dry),Forbidden,,,,,,,,,,,,,
,Silver picrate (dry),Forbidden,,,,,,,,,,,,,
,"Silver picrate, wetted with not < 30% water, by mass",4.1,UN1347,I,4.1,23,None,211,None,Forbidden,Forbidden,D,"28, 36",,
,"Sludge, acid",8,UN1906,II,8,"A3, A7, B2, IB2, N34, T8, TP2, TP12, TP28",None,202,242,Forbidden,30 L,C,14,,
D ,Smokeless powder for small arms (100 pounds or less),4.1,NA3178,I,4.1,16,None,171,None,Forbidden,7.3 kg,A,,,
,Soda lime with > 4% sodium hydroxide,8,UN1907,III,8,"IB8, IP3, T1, TP33",154,213,240,25 kg,100 kg,A,52,,
,Sodium,4.3,UN1428,I,4.3,"A7, A8, A19, A20, B9, B48, B68, IB4, IP1, N34, T9, TP7, TP33, TP46",None,211,244,Forbidden,15 kg,D,52,,
,"Sodium aluminate, solid",8,UN2812,III,8,"IB8, IP3, T1, TP33",154,213,240,25 kg,100 kg,A,,,
,"Sodium aluminate, solution",8,UN1819,II,8,"B2, IB2, T7, TP2",154,202,242,1 L,30 L,A,52,,
,"Sodium aluminate, solution",8,UN1819,III,8,"IB3, T4, TP1",154,203,241,5 L,60 L,A,52,,
,Sodium aluminum hydride,4.3,UN2835,II,4.3,"A8, A19, A20, IB4, T3, TP33",151,212,242,Forbidden,50 kg,E,52,,
,Sodium ammonium vanadate,6.1,UN2863,II,6.1,"IB8, IP2, IP4, T3, TP33",153,212,242,25 kg,100 kg,A,,,
,Sodium arsanilate,6.1,UN2473,III,6.1,"IB8, IP3, T1, TP33",153,213,240,100 kg,200 kg,A,,,
,Sodium arsenate,6.1,UN1685,II,6.1,"IB8, IP2, IP4, T3, TP33",153,212,242,25 kg,100 kg,A,,,
,"Sodium arsenite, aqueous solutions",6.1,UN1686,II,6.1,"IB2, T7, TP2",153,202,243,5 L,60 L,A,,,
,"Sodium arsenite, aqueous solutions",6.1,UN1686,III,6.1,"IB3, T4, TP2",153,203,241,60 L,220 L,A,,,
,"Sodium arsenite, solid",6.1,UN2027,II,6.1,"IB8, IP2, IP4, T3, TP33",153,212,242,25 kg,100 kg,A,,,
,Sodium azide,6.1,UN1687,II,6.1,"IB8, IP2, IP4",153,212,242,25 kg,100 kg,A,"36, 52, 91",,
,"Sodium bifluoride, see Sodium hydrogendifluoride",,,,,,,,,,,,,,
,"Sodium bisulfite, solution, see Bisulfites, aqueous solutions, n.o.s.",,,,,,,,,,,,,,
,Sodium borohydride,4.3,UN1426,I,4.3,N40,None,211,242,Forbidden,15 kg,E,52,,
,"Sodium borohydride and sodium hydroxide solution, with not > 12% sodium borohydride and not > 40% sodium hydroxide by mass",8,UN3320,II,8,"B2, IB2, N34, T7, TP2",154,202,242,1 L,30 L,A,52,,
,"Sodium borohydride and sodium hydroxide solution, with not > 12% sodium borohydride and not > 40% sodium hydroxide by mass",8,UN3320,III,8,"B2, IB3, N34, T4, TP2",154,203,241,5 L,60 L,A,52,,
,Sodium bromate,5.1,UN1494,II,5.1,"IB8, IP4, T3, TP33",152,212,242,5 kg,25 kg,A,"56, 58",,
,Sodium cacodylate,6.1,UN1688,II,6.1,"IB8, IP2, IP4, T3, TP33",153,212,242,25 kg,100 kg,A,52,,
,Sodium carbonate peroxyhydrate,5.1,UN3378,II,5.1,"IB8, IP2, IP4, T3, TP33",152,212,240,5 kg,25 kg,A,"13, 48, 75",,
,Sodium carbonate peroxyhydrate,5.1,UN3378,III,5.1,"IB8, IP3, T1, TP33",152,213,240,25 kg,100 kg,A,"13, 48, 75",,
,Sodium chlorate,5.1,UN1495,II,5.1,"A9, IB8, IP4, N34, T3, TP33",152,212,240,5 kg,25 kg,A,"56, 58",,
,"Sodium chlorate, aqueous solution",5.1,UN2428,II,5.1,"A2, IB2, T4, TP1",152,202,241,1 L,5 L,B,"56, 58, 133",,
,"Sodium chlorate, aqueous solution",5.1,UN2428,III,5.1,"A2, IB2, T4, TP1",152,203,241,2.5 L,30 L,B,"56, 58, 69, 133",,
,"Sodium chlorate mixed with dinitrotoluene, see Explosive blasting, type C",,,,,,,,,,,,,,
,Sodium chlorite,5.1,UN1496,II,5.1,"A9, IB8, IP2, IP4, N34, T3, TP33",None,212,242,5 kg,25 kg,A,"56, 58",,
,Sodium chloroacetate,6.1,UN2659,III,6.1,"IB8, IP3, T1, TP33",153,213,240,100 kg,200 kg,A,,,
,"Sodium cuprocyanide, solid",6.1,UN2316,I,6.1,"IB7, IP1, T6, TP33",None,211,242,5 kg,50 kg,A,52,,
,"Sodium cuprocyanide, solution",6.1,UN2317,I,6.1,"T14, TP2, TP13",None,201,243,1 L,30 L,B,"40, 52",,
,"Sodium cyanide, solid",6.1,UN1689,I,6.1,"B69, B77, IB7, N74, N75, T6, TP33",None,211,242,5 kg,50 kg,B,52,,
,Sodium cyanide solution,6.1,UN3414,I,6.1,"B69, B77, N74, N75, T14, TP2, TP13",None,201,243,1 L,30 L,B,52,,
,Sodium cyanide solution,6.1,UN3414,II,6.1,"B69, B77, IB2, N74, N75, T11, TP2, TP13, TP27",153,202,243,5 L,60 L,B,52,,
,Sodium cyanide solution,6.1,UN3414,III,6.1,"B69, B77, IB3, N74, N75, T7, TP2, TP13, TP28",153,203,241,60 L,220 L,A,52,,
,"Sodium dichloroisocyanurate or Sodium dichloro-s-triazinetrione, see Dichloroisocyanuric acid etc",,,,,,,,,,,,,,
,"Sodium dinitro-o-cresolate, dry or wetted with < 15% water, by mass",1.3C,UN0234,II,1.3C,,None,62,None,Forbidden,Forbidden,10,5E,,
,"Sodium dinitro-o-cresolate, wetted with not < 10% water, by mass",4.1,UN3369,I,4.1,"162, A8, A19, N41, N84",None,211,None,0.5 kg,0.5 kg,E,36,,
,"Sodium dinitro-o-cresolate, wetted with not < 15% water, by mass",4.1,UN1348,I,"4.1, 6.1","23, A8, A19, A20, N41",None,211,None,1 kg,15 kg,E,"28, 36",,
,Sodium dithionite or Sodium hydrosulfite,4.2,UN1384,II,4.2,"A19, A20, IB6, IP2, T3, TP33",None,212,241,15 kg,50 kg,E,13,,
,"Sodium fluoride, solid",6.1,UN1690,III,6.1,"IB8, IP3, T1, TP33",153,213,240,100 kg,200 kg,A,52,,
,Sodium fluoride solution,6.1,UN3415,III,6.1,"IB3, T4, TP1",153,203,241,60 L,220 L,A,52,,
,Sodium fluoroacetate,6.1,UN2629,I,6.1,"IB7, IP1, T6, TP33",None,211,242,5 kg,50 kg,E,,,
,Sodium fluorosilicate,6.1,UN2674,III,6.1,"IB8, IP3, T1, TP33",153,213,240,100 kg,200 kg,A,52,,
,"Sodium hydrate, see Sodium hydroxide, solid",,,,,,,,,,,,,,
,Sodium hydride,4.3,UN1427,I,4.3,"A19, N40",None,211,242,Forbidden,15 kg,E,52,,
,Sodium hydrogendifluoride,8,UN2439,II,8,"IB8, IP2, IP4, N3, N34, T3, TP33",154,212,240,15 kg,50 kg,A,"12, 25, 40, 52",,
,"Sodium hydrosulfide, with < 25% water of crystallization",4.2,UN2318,II,4.2,"A7, A19, A20, IB6, IP2, T3, TP33",None,212,241,15 kg,50 kg,A,52,,
,Sodium hydrosulfide with not < 25% water of crystallization,8,UN2949,II,8,"A7, IB8, IP2, IP4, T7, TP2",154,212,240,15 kg,50 kg,A,52,,
,"Sodium hydrosulfite, see Sodium dithionite",,,,,,,,,,,,,,
,"Sodium hydroxide, solid",8,UN1823,II,8,"IB8, IP2, IP4, T3, TP33",154,212,240,15 kg,50 kg,A,52,,
,Sodium hydroxide solution,8,UN1824,II,8,"B2, IB2, N34, T7, TP2",154,202,242,1 L,30 L,A,52,,
,Sodium hydroxide solution,8,UN1824,III,8,"IB3, N34, T4, TP1",154,203,241,5 L,60 L,A,52,,
,"Sodium hypochlorite, solution, see Hypochlorite solutions etc",,,,,,,,,,,,,,
,"Sodium metal, liquid alloy, see Alkali metal alloys, liquid, n.o.s.",,,,,,,,,,,,,,
,Sodium methylate,4.2,UN1431,II,"4.2, 8","A7, A19, IB5, IP2, T3, TP33",None,212,242,15 kg,50 kg,B,,,
,Sodium methylate solutions in alcohol,3,UN1289,II,"3, 8","IB2, T7, TP1, TP8",150,202,243,1 L,5 L,B,,,
,Sodium methylate solutions in alcohol,3,UN1289,III,"3, 8","B1, IB3, T4, TP1",150,203,242,5 L,60 L,A,,,
,Sodium monoxide,8,UN1825,II,8,"IB8, IP2, IP4, T3, TP33",154,212,240,15 kg,50 kg,A,52,,
,Sodium nitrate,5.1,UN1498,III,5.1,"A1, A29, IB8, IP3, T1, TP33",152,213,240,25 kg,100 kg,A,,,
,Sodium nitrate and potassium nitrate mixtures,5.1,UN1499,III,5.1,"A1, A29, IB8, IP3, T1, TP33",152,213,240,25 kg,100 kg,A,,,
,Sodium nitrite,5.1,UN1500,III,"5.1, 6.1","A1, A29, IB8, IP3, T1, TP33",152,213,240,25 kg,100 kg,A,"56, 58",,
,Sodium pentachlorophenate,6.1,UN2567,II,6.1,"IB8, IP2, IP4, T3, TP33",153,212,242,25 kg,100 kg,A,,,
,Sodium perborate monohydrate,5.1,UN3377,III,5.1,"IB8, IP3, T1, TP33",152,213,240,25 kg,100 kg,A,"13, 48, 75",,
,Sodium perchlorate,5.1,UN1502,II,5.1,"IB6, IP2, T3, TP33",152,212,242,5 kg,25 kg,A,"56, 58",,
,Sodium permanganate,5.1,UN1503,II,5.1,"IB6, IP2, T3, TP33",152,212,242,5 kg,25 kg,D,"56, 58, 138",,
,Sodium peroxide,5.1,UN1504,I,5.1,"A20, IB5, IP1, N34",None,211,None,Forbidden,15 kg,B,"13, 52, 66, 75",,
,"Sodium peroxoborate, anhydrous",5.1,UN3247,II,5.1,"IB8, IP4, T3, TP33",152,212,240,5 kg,25 kg,A,"13, 25",,
,Sodium persulfate,5.1,UN1505,III,5.1,"A1, IB8, IP3, T1, TP33",152,213,240,25 kg,100 kg,A,"56, 58",,
,Sodium phosphide,4.3,UN1432,I,"4.3, 6.1","A19, N40",None,211,None,Forbidden,15 kg,E,"40, 52, 85",,
,"Sodium picramate, dry or wetted with < 20% water, by mass",1.3C,UN0235,II,1.3C,,None,62,None,Forbidden,Forbidden,10,5E,,
,"Sodium picramate, wetted with not < 20% water, by mass",4.1,UN1349,I,4.1,"23, A8, A19, N41",None,211,None,Forbidden,15 kg,E,"28, 36",,
,Sodium picryl peroxide,Forbidden,,,,,,,,,,,,,
,"Sodium potassium alloys, see Potassium sodium alloys",,,,,,,,,,,,,,
,"Sodium selenate, see Selenates or Selenites",,,,,,,,,,,,,,
,"Sodium sulfide, anhydrous or Sodium sulfide with < 30% water of crystallization",4.2,UN1385,II,4.2,"A19, A20, IB6, IP2, N34, T3, TP33",None,212,241,15 kg,50 kg,A,52,,
,"Sodium sulfide, hydrated with not < 30% water",8,UN1849,II,8,"IB8, IP2, IP4, T3, TP33",154,212,240,15 kg,50 kg,A,52,,
,Sodium superoxide,5.1,UN2547,I,5.1,"A20, IB6, IP1, N34",None,211,None,Forbidden,15 kg,E,"13, 52, 66, 75",,
,Sodium tetranitride,Forbidden,,,,,,,,,,,,,
G ,"Solids containing corrosive liquid, n.o.s.",8,UN3244,II,8,"49, IB5, T3, TP33",154,212,240,15 kg,50 kg,B,40,,
G ,"Solids containing flammable liquid, n.o.s.",4.1,UN3175,II,4.1,"47, IB6, IP2, T3, TP33",151,212,240,15 kg,50 kg,B,,,
G ,"Solids containing toxic liquid, n.o.s.",6.1,UN3243,II,6.1,"48, IB2, T2, TP33",153,212,240,25 kg,100 kg,B,40,,
,"Sounding devices, explosive",1.2F,UN0204,II,1.2F,,None,62,None,Forbidden,Forbidden,8,,,
,"Sounding devices, explosive",1.1F,UN0296,II,1.1F,,None,62,None,Forbidden,Forbidden,8,,,
,"Sounding devices, explosive",1.1D,UN0374,II,1.1D,,None,62,None,Forbidden,Forbidden,7,,,
,"Sounding devices, explosive",1.2D,UN0375,II,1.2D,,None,62,None,Forbidden,Forbidden,7,,,
,"Spirits of salt, see Hydrochloric acid",,,,,,,,,,,,,,
,"Squibs, see Igniters etc",,,,,,,,,,,,,,
,"Stannic chloride, anhydrous",8,UN1827,II,8,"B2, IB2, T7, TP2",154,202,242,1 L,30 L,C,,,
,Stannic chloride pentahydrate,8,UN2440,III,8,"IB8, IP3, T1, TP33",154,213,240,25 kg,100 kg,A,,,
,Stannic phosphide,4.3,UN1433,I,"4.3, 6.1","A19, N40",None,211,242,Forbidden,15 kg,E,"40, 52, 85",,
,"Steel swarf, see Ferrous metal borings, etc",,,,,,,,,,,,,,
,Stibine,2.3,UN2676,,"2.3, 2.1",1,None,304,None,Forbidden,Forbidden,D,40,,
,"Storage batteries, wet, see Batteries, wet etc",,,,,,,,,,,,,,
,Strontium arsenite,6.1,UN1691,II,6.1,"IB8, IP2, IP4, T3, TP33",153,212,242,25 kg,100 kg,A,,,
,Strontium chlorate,5.1,UN1506,II,5.1,"A1, A9, IB8, IP2, IP4, N34, T3, TP33",152,212,242,5 kg,25 kg,A,"56, 58",,
,Strontium nitrate,5.1,UN1507,III,5.1,"A1, A29, IB8, IP3, T1, TP33",152,213,240,25 kg,100 kg,A,,,
,Strontium perchlorate,5.1,UN1508,II,5.1,"IB6, IP2, T3, TP33",152,212,242,5 kg,25 kg,A,"56, 58",,
,Strontium peroxide,5.1,UN1509,II,5.1,"IB6, IP2, T3, TP33",152,212,242,5 kg,25 kg,A,"13, 52, 66, 75",,
,Strontium phosphide,4.3,UN2013,I,"4.3, 6.1","A19, N40",None,211,None,Forbidden,15 kg,E,"40, 52, 85",,
,Strychnine or Strychnine salts,6.1,UN1692,I,6.1,"IB7, IP1, T6, TP33",None,211,242,5 kg,50 kg,A,40,,
,"Styphnic acid, see Trinitroresorcinol, etc",,,,,,,,,,,,,,
,"Styrene monomer, stabilized",3,UN2055,III,3,"B1, IB3, T2, TP1",150,203,242,60 L,220 L,A,,,
G ,"Substances, explosive, n.o.s.",1.1L,UN0357,II,1.1L,,None,62,None,Forbidden,Forbidden,,"8E, 14E, 15E, 17E",,
G ,"Substances, explosive, n.o.s.",1.2L,UN0358,II,1.2L,,None,62,None,Forbidden,Forbidden,,"8E, 14E, 15E, 17E",,
G ,"Substances, explosive, n.o.s.",1.3L,UN0359,II,1.3L,,None,62,None,Forbidden,Forbidden,,"8E, 14E, 15E, 17E",,
G ,"Substances, explosive, n.o.s.",1.1A,UN0473,II,1.1A,111,None,62,None,Forbidden,Forbidden,12,,,
G ,"Substances, explosive, n.o.s.",1.1C,UN0474,II,1.1C,,None,62,None,Forbidden,Forbidden,10,,,
G ,"Substances, explosive, n.o.s.",1.1D,UN0475,II,1.1D,,None,62,None,Forbidden,Forbidden,10,,,
G ,"Substances, explosive, n.o.s.",1.1G,UN0476,II,1.1G,,None,62,None,Forbidden,Forbidden,8,,,
G ,"Substances, explosive, n.o.s.",1.3C,UN0477,II,1.3C,,None,62,None,Forbidden,Forbidden,10,,,
G ,"Substances, explosive, n.o.s.",1.3G,UN0478,II,1.3G,,None,62,None,Forbidden,Forbidden,8,,,
G ,"Substances, explosive, n.o.s.",1.4C,UN0479,II,1.4C,,None,62,None,Forbidden,75 kg,9,,,
G ,"Substances, explosive, n.o.s.",1.4D,UN0480,II,1.4D,,None,62,None,Forbidden,75 kg,9,,,
G ,"Substances, explosive, n.o.s.",1.4S,UN0481,II,1.4S,,None,62,None,25 kg,75 kg,5,,,
G ,"Substances, explosive, n.o.s.",1.4G,UN0485,II,1.4G,,None,62,None,Forbidden,75 kg,8,,,
G ,"Substances, explosive, very insensitive, n.o.s., or Substances, EVI, n.o.s.",1.5D,UN0482,II,1.5D,,None,62,None,Forbidden,Forbidden,10,,,
,"Substituted nitrophenol pesticides, liquid, flammable, toxic, flash point < 23 degrees C",3,UN2780,I,"3, 6.1","T14, TP2, TP13, TP27",None,201,243,Forbidden,30 L,B,40,,
,"Substituted nitrophenol pesticides, liquid, flammable, toxic, flash point < 23 degrees C",3,UN2780,II,"3, 6.1","IB2, T11, TP2, TP13, TP27",150,202,243,1 L,60 L,B,40,,
,"Substituted nitrophenol pesticides, liquid, toxic",6.1,UN3014,I,6.1,"T14, TP2, TP13, TP27",None,201,243,1 L,30 L,B,40,,
,"Substituted nitrophenol pesticides, liquid, toxic",6.1,UN3014,II,6.1,"IB2, T11, TP2, TP13, TP27",153,202,243,5 L,60 L,B,40,,
,"Substituted nitrophenol pesticides, liquid, toxic",6.1,UN3014,III,6.1,"IB3, T7, TP2, TP28",153,203,241,60 L,220 L,A,40,,
,"Substituted nitrophenol pesticides, liquid, toxic, flammable, flash point not < 23 degrees C",6.1,UN3013,I,"6.1, 3","T14, TP2, TP13, TP27",None,201,243,1 L,30 L,B,40,,
,"Substituted nitrophenol pesticides, liquid, toxic, flammable, flash point not < 23 degrees C",6.1,UN3013,II,"6.1, 3","IB2, T11, TP2, TP13, TP27",153,202,243,5 L,60 L,B,40,,
,"Substituted nitrophenol pesticides, liquid, toxic, flammable, flash point not < 23 degrees C",6.1,UN3013,III,"6.1, 3","B1, IB3, T7, TP2, TP28",153,203,242,60 L,220 L,A,40,,
,"Substituted nitrophenol pesticides, solid, toxic",6.1,UN2779,I,6.1,"IB7, IP1, T6, TP33",None,211,242,5 kg,50 kg,A,40,,
,"Substituted nitrophenol pesticides, solid, toxic",6.1,UN2779,II,6.1,"IB8, IP2, IP4, T3, TP33",153,212,242,25 kg,100 kg,A,40,,
,"Substituted nitrophenol pesticides, solid, toxic",6.1,UN2779,III,6.1,"IB8, IP3, T1, TP33",153,213,240,100 kg,200 kg,A,40,,
,Sucrose octanitrate (dry),Forbidden,,,,,,,,,,,,,
,Sulfamic acid,8,UN2967,III,8,"IB8, IP3, T1, TP33",154,213,240,25 kg,100 kg,A,,,
I ,Sulfur,4.1,UN1350,III,4.1,"30, IB8, IP3, T1, TP33",None,None,240,25 kg,100 kg,A,"19, 74",,
D ,Sulfur,9,NA1350,III,9,"30, IB8, IP2",None,None,240,No limit,No limit,A,"19, 74",,
,"Sulfur and chlorate, loose mixtures of",Forbidden,,,,,,,,,,,,,
,Sulfur chlorides,8,UN1828,I,8,"5, A3, A7, A10, B10, B77, N34, T20, TP2, TP12",None,201,243,Forbidden,2.5 L,C,40,,
,"Sulfur dichloride, see Sulfur chlorides",,,,,,,,,,,,,,
,Sulfur dioxide,2.3,UN1079,,"2.3, 8","3, B14, T50, TP19",None,304,"314, 315",Forbidden,Forbidden,D,40,,
,"Sulfur dioxide solution, see Sulfurous acid",,,,,,,,,,,,,,
,"Sulfuretted hydrogen, see Hydrogen sulfide",,,,,,,,,,,,,,
,Sulfur hexafluoride,2.2,UN1080,,2.2,,306,304,"314, 315",75 kg,150 kg,A,,,
+ ,"Sulfuric acid, fuming with 30% or more free sulfur trioxide",8,UN1831,I,"8, 6.1","2, B9, B14, B32, B74, B77, B84, N34, T20, TP2, TP12, TP13",None,227,244,Forbidden,Forbidden,C,"14, 40",,
,"Sulfuric acid, fuming with < 30% free sulfur trioxide",8,UN1831,I,8,"A3, A7, B84, N34, T20, TP2, TP12, TP13",None,201,243,Forbidden,2.5 L,C,"14, 40",,
,"Sulfuric acid, spent",8,UN1832,II,8,"A3, A7, B2, B83, B84, IB2, N34, T8, TP2, TP12",None,202,242,Forbidden,30 L,C,14,,
,Sulfuric acid with > 51% acid,8,UN1830,II,8,"A3, A7, B3, B83, B84, IB2, N34, T8, TP2, TP12",154,202,242,1 L,30 L,C,14,,
,Sulfuric acid with not > 51% acid,8,UN2796,II,8,"A3, A7, B2, B15, IB2, N6, N34, T8, TP2, TP12",154,202,242,1 L,30 L,B,,,
,"Sulfuric and hydrofluoric acid mixtures, see Hydrofluoric and sulfuric acid mixtures",,,,,,,,,,,,,,
,"Sulfuric anhydride, see Sulfur trioxide, stabilized",,,,,,,,,,,,,,
I ,"Sulfur, molten",4.1,UN2448,III,4.1,"30, IB1, T1, TP3",None,213,247,Forbidden,Forbidden,C,74,,
D ,"Sulfur, molten",9,NA2448,III,9,"30, IB3, T1, TP3",None,213,247,Forbidden,Forbidden,C,61,,
,Sulfurous acid,8,UN1833,II,8,"B3, IB2, T7, TP2",154,202,242,1 L,30 L,B,40,,
,Sulfur tetrafluoride,2.3,UN2418,,"2.3, 8",1,None,302,245,Forbidden,Forbidden,D,"40, 52",,
+ ,"Sulfur trioxide, stabilized",8,UN1829,I,"8, 6.1","2, B9, B14, B32, B49, B74, B77, N34, T20, TP4, TP12, TP13, TP25, TP26, TP38, TP45",None,227,244,Forbidden,Forbidden,A,40,,
+ ,Sulfuryl chloride,8,UN1834,I,"8, 6.1","1, B6, B9, B10, B14, B30, B74, B77, N34, T22, TP2, TP12, TP38, TP44",None,226,244,Forbidden,Forbidden,C,40,,
,Sulfuryl fluoride,2.3,UN2191,,2.3,4,None,304,"314, 315",Forbidden,Forbidden,D,40,,
,"Tars, liquid including road asphalt and oils, bitumen and cut backs",3,UN1999,II,3,"149, B13, IB2, T3, TP3, TP29",150,202,242,5 L,60 L,B,,,
,"Tars, liquid including road asphalt and oils, bitumen and cut backs",3,UN1999,III,3,"B1, B13, IB3, T1, TP3",150,203,242,60 L,220 L,A,,,
,Tear gas candles,6.1,UN1700,II,"6.1, 4.1",,None,340,None,Forbidden,50 kg,D,40,,
,"Tear gas cartridges, see Ammunition, tear-producing, etc",,,,,,,,,,,,,,
D ,"Tear gas devices with > 2% tear gas substances, by mass",6.1,NA1693,I,6.1,,None,340,None,Forbidden,Forbidden,D,40,,
D ,"Tear gas devices with > 2% tear gas substances, by mass",6.1,NA1693,II,6.1,,None,340,None,Forbidden,Forbidden,D,40,,
,"Tear gas devices, with not > 2% tear gas substances, by mass, see Aerosols, etc",,,,,,,,,,,,,,
,"Tear gas grenades, see Tear gas candles",,,,,,,,,,,,,,
G ,"Tear gas substances, liquid, n.o.s.",6.1,UN1693,I,6.1,,None,201,None,Forbidden,Forbidden,D,40,,
G ,"Tear gas substances, liquid, n.o.s.",6.1,UN1693,II,6.1,IB2,None,202,None,Forbidden,5 L,D,40,,
G ,"Tear gas substance, solid, n.o.s.",6.1,UN3448,I,6.1,"T6, TP33",None,211,242,Forbidden,Forbidden,D,40,,
G ,"Tear gas substance, solid, n.o.s.",6.1,UN3448,II,6.1,"IB8, IP2, IP4, T3, TP33",None,212,242,Forbidden,25 kg,D,40,,
,"Tellurium compound, n.o.s.",6.1,UN3284,I,6.1,"IB7, IP1, T6, TP33",None,211,242,5 kg,50 kg,B,,,
,"Tellurium compound, n.o.s.",6.1,UN3284,II,6.1,"IB8, IP2, IP4, T3, TP33",153,212,242,25 kg,100 kg,B,,,
,"Tellurium compound, n.o.s.",6.1,UN3284,III,6.1,"IB8, IP3, T1, TP33",153,213,240,100 kg,200 kg,A,,,
,Tellurium hexafluoride,2.3,UN2195,,"2.3, 8",1,None,302,None,Forbidden,Forbidden,D,40,,
,"Terpene hydrocarbons, n.o.s.",3,UN2319,III,3,"B1, IB3, T4, TP1, TP29",150,203,242,60 L,220 L,A,,,
,Terpinolene,3,UN2541,III,3,"B1, IB3, T2, TP1",150,203,242,60 L,220 L,A,,,
,Tetraazido benzene quinone,Forbidden,,,,,,,,,,,,,
,Tetrabromoethane,6.1,UN2504,III,6.1,"IB3, T4, TP1",153,203,241,60 L,220 L,A,,,
,"1,1,2,2-Tetrachloroethane",6.1,UN1702,II,6.1,"IB2, N36, T7, TP2",153,202,243,5 L,60 L,A,40,,
,Tetrachloroethylene,6.1,UN1897,III,6.1,"IB3, N36, T4, TP1",153,203,241,60 L,220 L,A,40,,
,Tetraethylammonium perchlorate (dry),Forbidden,,,,,,,,,,,,,
,Tetraethyl dithiopyrophosphate,6.1,UN1704,II,6.1,"IB2, T7, TP2",153,212,242,25 kg,100 kg,D,40,,
,Tetraethylenepentamine,8,UN2320,III,8,"IB3, T4, TP1",154,203,241,5 L,60 L,A,52,,
,Tetraethyl silicate,3,UN1292,III,3,"B1, IB3, T2, TP1",150,203,242,60 L,220 L,A,,,
,"1,1,1,2-Tetrafluoroethane or Refrigerant gas R 134a",2.2,UN3159,,2.2,T50,306,304,"314, 315",75 kg,150 kg,A,,,
,"Tetrafluoroethylene, stabilized",2.1,UN1081,,2.1,,306,304,None,Forbidden,150 kg,E,40,,
,Tetrafluoromethane or Refrigerant gas R 14,2.2,UN1982,,2.2,,None,302,None,75 kg,150 kg,A,,,
,"1,2,3,6-Tetrahydrobenzaldehyde",3,UN2498,III,3,"B1, IB3, T2, TP1",150,203,242,60 L,220 L,A,,,
,Tetrahydrofuran,3,UN2056,II,3,"IB2, T4, TP1",None,202,242,5 L,60 L,B,,,
,Tetrahydrofurfurylamine,3,UN2943,III,3,"B1, IB3, T2, TP1",150,203,242,60 L,220 L,A,,,
,Tetrahydrophthalic anhydrides with > 0.05% of maleic anhydride,8,UN2698,III,8,"IB8, IP3, T1, TP33",154,213,240,25 kg,100 kg,A,,,
,"1,2,3,6-Tetrahydropyridine",3,UN2410,II,3,"IB2, T4, TP1",150,202,242,5 L,60 L,B,,,
,Tetrahydrothiophene,3,UN2412,II,3,"IB2, T4, TP1",150,202,242,5 L,60 L,B,,,
,"Tetramethylammonium hydroxide, solid",8,UN3423,II,8,"B2, IB8, IP2, IP4, T3, TP33",154,213,240,15 kg,50 kg,A,52,,
,Tetramethylammonium hydroxide solution,8,UN1835,II,8,"B2, IB2, T7, TP2",154,202,242,1 L,30 L,A,52,,
,Tetramethylammonium hydroxide solution,8,UN1835,III,8,"B2, IB3, T7, TP2",154,203,241,5 L,60 L,A,52,,
,Tetramethylene diperoxide dicarbamide,Forbidden,,,,,,,,,,,,,
,Tetramethylsilane,3,UN2749,I,3,"A7, T14, TP2",None,201,243,Forbidden,30 L,D,,,
,Tetranitroaniline,1.1D,UN0207,II,1.1D,,None,62,None,Forbidden,Forbidden,10,,,
,Tetranitro diglycerin,Forbidden,,,,,,,,,,,,,
+ ,Tetranitromethane,5.1,UN1510,I,"5.1, 6.1","2, B9, B14, B32, B74, T20, TP2, TP13, TP38, TP44",None,227,None,Forbidden,Forbidden,D,"40, 66",,
,"2,3,4,6-Tetranitrophenol",Forbidden,,,,,,,,,,,,,
,"2,3,4,6-Tetranitrophenyl methyl nitramine",Forbidden,,,,,,,,,,,,,
,"2,3,4,6-Tetranitrophenylnitramine",Forbidden,,,,,,,,,,,,,
,Tetranitroresorcinol (dry),Forbidden,,,,,,,,,,,,,
,"2,3,5,6-Tetranitroso-1,4-dinitrobenzene",Forbidden,,,,,,,,,,,,,
,"2,3,5,6-Tetranitroso nitrobenzene (dry)",Forbidden,,,,,,,,,,,,,
,Tetrapropylorthotitanate,3,UN2413,III,3,"B1, IB3, T4, TP1",150,203,242,60 L,220 L,A,,,
,"Tetrazene, see Guanyl nitrosaminoguanyltetrazene",,,,,,,,,,,,,,
,Tetrazine (dry),Forbidden,,,,,,,,,,,,,
,Tetrazol-1-acetic acid,1.4C,UN0407,II,1.4C,,None,62,None,Forbidden,75 kg,9,,,
,1H-Tetrazole,1.1D,UN0504,,1.1D,,None,62,None,Forbidden,Forbidden,B,"1E, 5E",,
,Tetrazolyl azide (dry),Forbidden,,,,,,,,,,,,,
,"Tetryl, see Trinitrophenylmethylnitramine",,,,,,,,,,,,,,
A I W ,"Textile waste, wet",4.2,UN1857,III,4.2,,151,213,240,Forbidden,Forbidden,A,,,
,Thallium chlorate,5.1,UN2573,II,"5.1, 6.1","IB6, IP2, T3, TP33",152,212,242,5 kg,25 kg,A,"56, 58",,
,"Thallium compounds, n.o.s.",6.1,UN1707,II,6.1,"IB8, IP2, IP4, T3, TP33",153,212,242,25 kg,100 kg,A,,,
,Thallium nitrate,6.1,UN2727,II,"6.1, 5.1","IB6, IP2, T3, TP33",153,212,242,5 kg,25 kg,A,,,
,4-Thiapentanal,6.1,UN2785,III,6.1,"IB3, T4, TP1",153,203,241,60 L,220 L,D,"25, 49",,
,Thioacetic acid,3,UN2436,II,3,"IB2, T4, TP1",150,202,242,5 L,60 L,B,,,
,"Thiocarbamate pesticide, liquid, flammable, toxic, flash point < 23 degrees C",3,UN2772,I,"3, 6.1","T14, TP2, TP13, TP27",None,201,243,Forbidden,30 L,B,40,,
,"Thiocarbamate pesticide, liquid, flammable, toxic, flash point < 23 degrees C",3,UN2772,II,"3, 6.1","IB2, T11, TP13, TP27",150,202,243,1 L,60 L,B,40,,
,"Thiocarbamate pesticide, liquid, toxic",6.1,UN3006,I,6.1,"T14, TP2, TP13",None,201,243,1 L,30 L,B,40,,
,"Thiocarbamate pesticide, liquid, toxic",6.1,UN3006,II,6.1,"IB2, T11, TP2, TP13, TP27",153,202,243,5 L,60 L,B,40,,
,"Thiocarbamate pesticide, liquid, toxic",6.1,UN3006,III,6.1,"IB3, T7, TP2, TP28",153,203,241,60 L,220 L,A,40,,
,"Thiocarbamate pesticide, liquid, toxic, flammable, flash point not < 23 degrees C",6.1,UN3005,III,"6.1, 3","IB3, T7, TP2, TP28",153,203,242,60 L,220 L,A,40,,
,"Thiocarbamate pesticide, liquid, toxic, flammable, flash point not < 23 degrees C",6.1,UN3005,I,"6.1, 3","T14, TP2, TP13",None,201,243,1 L,30 L,B,40,,
,"Thiocarbamate pesticide, liquid, toxic, flammable, flash point not < 23 degrees C",6.1,UN3005,II,"6.1, 3","IB2, T11, TP2, TP13, TP27",153,202,243,5 L,60 L,B,40,,
,"Thiocarbamate pesticides, solid, toxic",6.1,UN2771,I,6.1,"IB7, IP1, T6, TP33",None,211,242,5 kg,50 kg,A,40,,
,"Thiocarbamate pesticides, solid, toxic",6.1,UN2771,II,6.1,"IB8, IP2, IP4, T3, TP33",153,212,242,25 kg,100 kg,A,40,,
,"Thiocarbamate pesticides, solid, toxic",6.1,UN2771,III,6.1,"IB8, IP3, T1, TP33",153,213,240,100 kg,200 kg,A,40,,
,"Thiocarbonylchloride, see Thiophosgene",,,,,,,,,,,,,,
,Thioglycol,6.1,UN2966,II,6.1,"IB2, T7, TP2",153,202,243,5 L,60 L,A,,,
,Thioglycolic acid,8,UN1940,II,8,"A7, B2, IB2, N34, T7, TP2",154,202,242,1 L,30 L,A,,,
,Thiolactic acid,6.1,UN2936,II,6.1,"IB2, T7, TP2",153,202,243,5 L,60 L,A,,,
,Thionyl chloride,8,UN1836,I,8,"B6, B10, N34, T10, TP2, TP12, TP13",None,201,243,Forbidden,Forbidden,C,40,,
,Thiophene,3,UN2414,II,3,"IB2, T4, TP1",150,202,242,5 L,60 L,B,40,,
+ ,Thiophosgene,6.1,UN2474,II,6.1,"2, B9, B14, B32, B74, N33, N34, T20, TP2, TP38, TP45",None,227,244,Forbidden,Forbidden,B,"40, 52",,
,Thiophosphoryl chloride,8,UN1837,II,8,"A3, A7, B2, B8, B25, IB2, N34, T7, TP2",None,202,242,Forbidden,30 L,C,40,,
,Thiourea dioxide,4.2,UN3341,II,4.2,"IB6, IP2, T3, TP33",None,212,241,15 kg,50 kg,D,,,
,Thiourea dioxide,4.2,UN3341,III,4.2,"IB8, IP3, T1, TP33",None,213,241,25 kg,100 kg,D,,,
,"Tin chloride, fuming, see Stannic chloride, anhydrous",,,,,,,,,,,,,,
,"Tinctures, medicinal",3,UN1293,II,3,"IB2, T4, TP1, TP8",150,202,242,5 L,60 L,B,,,
,"Tinctures, medicinal",3,UN1293,III,3,"B1, IB3, T2, TP1",150,203,242,60 L,220 L,A,,,
,"Tinning flux, see Zinc chloride",,,,,,,,,,,,,,
,"Tin perchloride or Tin tetrachloride, see Stannic chloride, anhydrous",,,,,,,,,,,,,,
,"Tires and tire assemblies, see Air, compressed or Nitrogen, compressed",,,,,,,,,,,,,,
,Titanium disulphide,4.2,UN3174,III,4.2,"IB8, IP3, T1, TP33",None,213,241,25 kg,100 kg,A,,,
,Titanium hydride,4.1,UN1871,II,4.1,"A19, A20, IB4, N34, T3, TP33",None,212,241,15 kg,50 kg,E,,,
,"Titanium powder, dry",4.2,UN2546,II,4.2,"A19, A20, IB6, IP2, N5, N34, T3, TP33",None,212,241,15 kg,50 kg,D,,,
,"Titanium powder, dry",4.2,UN2546,III,4.2,"IB8, IP3, T1, TP33",None,213,241,25 kg,100 kg,D,,,
,"Titanium powder, dry",4.2,UN2546,I,4.2,,None,211,242,Forbidden,Forbidden,D,,,
,"Titanium powder, wetted with not < 25% water (a visible excess of water must be present) (a) mechanically produced, particle size < 53 microns; (b) chemically produced, particle size < 840 microns",4.1,UN1352,II,4.1,"A19, A20, IB6, IP2, N34, T3, TP33",None,212,240,15 kg,50 kg,E,74,,
,Titanium sponge granules or Titanium sponge powders,4.1,UN2878,III,4.1,"A1, IB8, IP3, T1, TP33",None,213,240,25 kg,100 kg,D,74,,
+ ,Titanium tetrachloride,8,UN1838,II,"8, 6.1","2, B7, B9, B14, B32, B74, B77, T20, TP2, TP13, TP38, TP45",None,227,244,Forbidden,Forbidden,C,40,,
,Titanium trichloride mixtures,8,UN2869,II,8,"A7, IB8, IP2, IP4, N34, T3, TP33",154,212,240,15 kg,50 kg,A,40,,
,Titanium trichloride mixtures,8,UN2869,III,8,"A7, IB8, IP3, N34, T1, TP33",154,213,240,25 kg,100 kg,A,40,,
,"Titanium trichloride, pyrophoric or Titanium trichloride mixtures, pyrophoric",4.2,UN2441,I,"4.2, 8",N34,None,181,244,Forbidden,Forbidden,D,40,,
,"TNT mixed with aluminum, see Tritonal",,,,,,,,,,,,,,
,"TNT, see Trinitrotoluene, etc",,,,,,,,,,,,,,
,Toluene,3,UN1294,II,3,"IB2, T4, TP1",150,202,242,5 L,60 L,B,,,
+ ,Toluene diisocyanate,6.1,UN2078,II,6.1,"IB2, T7, TP2, TP13",153,202,243,5 L,60 L,D,"25, 40",,
,"Toluene sulfonic acid, see Alkyl, or Aryl sulfonic acid etc",,,,,,,,,,,,,,
+ ,"Toluidines, liquid",6.1,UN1708,II,6.1,"IB2, T7, TP2",153,202,243,5 L,60 L,A,,,
,"Toluidines, solid",6.1,UN3451,II,6.1,"IB8, IP2, IP4, T3, TP33",153,212,242,25 kg,100 kg,A,,,
,"2,4-Toluylenediamine, solid or 2,4-Toluenediamine, solid",6.1,UN1709,III,6.1,"IB8, IP3, T1, TP33",153,213,240,100 kg,200 kg,A,,,
,"2,4-Toluylenediamine solution or 2,4-Toluenediamine solution",6.1,UN3418,III,6.1,"IB3, T4, TP1",153,203,241,60 L,220 L,A,,,
,"Torpedoes, liquid fueled, with inert head",1.3J,UN0450,II,1.3J,,,62,None,Forbidden,Forbidden,4,23E,,
,"Torpedoes, liquid fueled, with or without bursting charge",1.1J,UN0449,II,1.1J,,,62,None,Forbidden,Forbidden,4,23E,,
,Torpedoes with bursting charge,1.1E,UN0329,II,1.1E,,,62,None,Forbidden,Forbidden,3,,,
,Torpedoes with bursting charge,1.1F,UN0330,II,1.1F,,,62,None,Forbidden,Forbidden,8,,,
,Torpedoes with bursting charge,1.1D,UN0451,II,1.1D,,,62,None,Forbidden,Forbidden,3,,,
G ,"Toxic by inhalation liquid, corrosive, n.o.s. with an inhalation toxicity lower than or equal to 1000 ml/m3 and saturated vapor concentration greater than or equal to 10 LC50",6.1,UN3390,I,"6.1, 8","2, B9, B14, B32, B74, T20, TP2, TP13, TP27, TP38, TP45",None,227,244,Forbidden,Forbidden,D,40,,
G ,"Toxic by inhalation liquid, corrosive, n.o.s. with an inhalation toxicity lower than or equal to 200 ml/m3 and saturated vapor concentration greater than or equal to 500 LC50",6.1,UN3389,I,"6.1, 8","1, B9, B14, B30, B72, T22, TP2, TP13, TP27, TP38, TP44",None,226,244,Forbidden,Forbidden,D,40,,
G ,"Toxic by inhalation liquid, flammable, n.o.s. with an inhalation toxicity lower than or equal to 1000 ml/m3 and saturated vapor concentration greater than or equal to 10 LC50",6.1,UN3384,I,"6.1, 3","2, B9, B14, B32, B74, T20, TP2, TP13, TP27, TP38, TP45",None,227,244,Forbidden,Forbidden,D,40,,
G ,"Toxic by inhalation liquid, flammable, n.o.s. with an inhalation toxicity lower than or equal to 200 ml/m3 and saturated vapor concentration greater than or equal to 500 LC50",6.1,UN3383,I,"6.1, 3","1, B9, B14, B30, B72, T22, TP2, TP13, TP27, TP38, TP44",None,226,244,Forbidden,Forbidden,D,40,,
G ,"Toxic by inhalation liquid, n.o.s. with an inhalation toxicity lower than or equal to 1000 ml/m3 and saturated vapor concentration greater than or equal to 10 LC50",6.1,UN3382,I,6.1,"2, B9, B14, B32, B74, T20, TP2, TP13, TP27, TP38, TP45",None,227,244,Forbidden,Forbidden,D,40,,
G ,"Toxic by inhalation liquid, n.o.s. with an inhalation toxicity lower than or equal to 200 ml/m3 and saturated vapor concentration greater than or equal to 500 LC50",6.1,UN3381,I,6.1,"1, B9, B14, B30, B72, T22, TP2, TP13, TP27, TP38, TP44",None,226,244,Forbidden,Forbidden,D,40,,
G ,"Toxic by inhalation liquid, oxidizing, n.o.s. with an inhalation toxicity lower than or equal to 1000 ml/m3 and saturated vapor concentration greater than or equal to 10 LC50",6.1,UN3388,I,"6.1, 5.1","2, B9, B14, B32, T20, TP2, TP13, TP38, TP44",None,227,244,Forbidden,Forbidden,D,40,,
G ,"Toxic by inhalation liquid, oxidizing, n.o.s. with an inhalation toxicity lower than or equal to 200 ml/m3 and saturated vapor concentration greater than or equal to 500 LC50",6.1,UN3387,I,"6.1, 5.1","1, B9, B14, B30, B72, T22, TP2, TP13, TP38, TP44",None,226,244,Forbidden,Forbidden,D,40,,
G ,"Toxic by inhalation liquid, water-reactive, n.o.s. with an inhalation toxicity lower than or equal to 1000 ml/m3 and saturated vapor concentration greater than or equal to 10 LC50",6.1,UN3386,I,"6.1, 4.3","2, B9, B14, B32, B74, T20, TP2, TP13, TP38, TP44",None,227,244,Forbidden,Forbidden,D,40,,
G ,"Toxic by inhalation liquid, water-reactive, n.o.s. with an inhalation toxicity lower than or equal to 200 ml/m3 and saturated vapor concentration greater than or equal to 500 LC50",6.1,UN3385,I,"6.1, 4.3","1, B9, B14, B30, B72, T22, TP2, TP13, TP38, TP44",None,226,244,Forbidden,Forbidden,D,40,,
G ,"Toxic liquid, corrosive, inorganic, n.o.s.",6.1,UN3289,I,"6.1, 8","T14, TP2, TP13, TP27",None,201,243,0.5 L,2.5 L,A,,,
G ,"Toxic liquid, corrosive, inorganic, n.o.s.",6.1,UN3289,II,"6.1, 8","IB2, T11, TP2, TP27",153,202,243,1 L,30 L,A,,,
G ,"Toxic liquid, inorganic, n.o.s.",6.1,UN3287,I,6.1,"T14, TP2, TP13, TP27",None,201,243,1 L,30 L,A,,,
G ,"Toxic liquid, inorganic, n.o.s.",6.1,UN3287,II,6.1,"IB2, T11, TP2, TP27",153,202,243,5 L,60 L,A,,,
G ,"Toxic liquid, inorganic, n.o.s.",6.1,UN3287,III,6.1,"IB3, T7, TP1, TP28",153,203,241,60 L,220 L,A,,,
G ,"Toxic liquids, corrosive, organic, n.o.s.",6.1,UN2927,I,"6.1, 8","T14, TP2, TP13, TP27",None,201,243,0.5 L,2.5 L,B,40,,
G ,"Toxic liquids, corrosive, organic, n.o.s.",6.1,UN2927,II,"6.1, 8","IB2, T11, TP2, TP27",153,202,243,1 L,30 L,B,40,,
G ,"Toxic liquids, flammable, organic, n.o.s.",6.1,UN2929,I,"6.1, 3","T14, TP2, TP13, TP27",None,201,243,1 L,30 L,B,40,,
G ,"Toxic liquids, flammable, organic, n.o.s.",6.1,UN2929,II,"6.1, 3","IB2, T11, TP2, TP13, TP27",153,202,243,5 L,60 L,B,40,,
G ,"Toxic, liquids, organic, n.o.s.",6.1,UN2810,I,6.1,"T14, TP2, TP13, TP27",None,201,243,1 L,30 L,B,40,,
G ,"Toxic, liquids, organic, n.o.s.",6.1,UN2810,II,6.1,"IB2, T11, TP2, TP13, TP27",153,202,243,5 L,60 L,B,40,,
G ,"Toxic, liquids, organic, n.o.s.",6.1,UN2810,III,6.1,"IB3, T7, TP1, TP28",153,203,241,60 L,220 L,A,40,,
G ,"Toxic liquids, oxidizing, n.o.s.",6.1,UN3122,I,"6.1, 5.1",A4,None,201,243,Forbidden,2.5 L,C,,,
G ,"Toxic liquids, oxidizing, n.o.s.",6.1,UN3122,II,"6.1, 5.1",IB2,153,202,243,1 L,5 L,C,,,
G ,"Toxic liquids, water-reactive, n.o.s.",6.1,UN3123,I,"6.1, 4.3",A4,None,201,243,Forbidden,1 L,E,40,,
G ,"Toxic liquids, water-reactive, n.o.s.",6.1,UN3123,II,"6.1, 4.3",IB2,None,202,243,1 L,5 L,E,40,,
G ,"Toxic solid, corrosive, inorganic, n.o.s.",6.1,UN3290,I,"6.1, 8","IB7, T6, TP33",None,211,242,1 kg,25 kg,A,,,
G ,"Toxic solid, corrosive, inorganic, n.o.s.",6.1,UN3290,II,"6.1, 8","IB6, IP2, T3, TP33",153,212,242,15 kg,50 kg,A,,,
G ,"Toxic solid, inorganic, n.o.s.",6.1,UN3288,I,6.1,"IB7, T6, TP33",None,211,242,5 kg,50 kg,A,,,
G ,"Toxic solid, inorganic, n.o.s.",6.1,UN3288,II,6.1,"IB8, IP2, IP4, T3, TP33",153,212,242,25 kg,100 kg,A,,,
G ,"Toxic solid, inorganic, n.o.s.",6.1,UN3288,III,6.1,"IB8, IP3, T1, TP33",153,213,240,100 kg,200 kg,A,,,
G ,"Toxic solids, corrosive, organic, n.o.s.",6.1,UN2928,I,"6.1, 8","IB7, T6, TP33",None,211,242,1 kg,25 kg,B,40,,
G ,"Toxic solids, corrosive, organic, n.o.s.",6.1,UN2928,II,"6.1, 8","IB6, IP2, T3, TP33",153,212,242,15 kg,50 kg,B,40,,
G ,"Toxic solids, flammable, organic, n.o.s.",6.1,UN2930,I,"6.1, 4.1","IB6, T6, TP33",None,211,242,1 kg,15 kg,B,,,
G ,"Toxic solids, flammable, organic, n.o.s.",6.1,UN2930,II,"6.1, 4.1","IB8, IP2, IP4, T3, TP33",153,212,242,15 kg,50 kg,B,,,
G ,"Toxic solids, organic, n.o.s.",6.1,UN2811,I,6.1,"IB7, T6, TP33",None,211,242,5 kg,50 kg,B,,,
G ,"Toxic solids, organic, n.o.s.",6.1,UN2811,II,6.1,"IB8, IP2, IP4, T3, TP33",153,212,242,25 kg,100 kg,B,,,
G ,"Toxic solids, organic, n.o.s.",6.1,UN2811,III,6.1,"IB8, IP3, T1, TP33",153,213,240,100 kg,200 kg,A,,,
G ,"Toxic solids, oxidizing, n.o.s.",6.1,UN3086,I,"6.1, 5.1","T6, TP33",None,211,242,1 kg,15 kg,C,,,
G ,"Toxic solids, oxidizing, n.o.s.",6.1,UN3086,II,"6.1, 5.1","IB6, IP2, T3, TP33",153,212,242,15 kg,50 kg,C,,,
G ,"Toxic solids, self-heating, n.o.s.",6.1,UN3124,I,"6.1, 4.2","A5, T6, TP33",None,211,242,5 kg,15 kg,D,40,,
G ,"Toxic solids, self-heating, n.o.s.",6.1,UN3124,II,"6.1, 4.2","IB6, IP2, T3, TP33",None,212,242,15 kg,50 kg,D,40,,
G ,"Toxic solids, water-reactive, n.o.s.",6.1,UN3125,I,"6.1, 4.3","A5, T6, TP33",None,211,242,5 kg,15 kg,D,40,,
G ,"Toxic solids, water-reactive, n.o.s.",6.1,UN3125,II,"6.1, 4.3","IB6, IP2, T3, TP33",153,212,242,15 kg,50 kg,D,40,,
G ,"Toxins, extracted from living sources, liquid, n.o.s.",6.1,UN3172,I,6.1,141,None,201,243,1 L,30 L,B,40,,
G ,"Toxins, extracted from living sources, liquid, n.o.s.",6.1,UN3172,II,6.1,"141, IB2",None,202,243,5 L,60 L,B,40,,
G ,"Toxins, extracted from living sources, liquid, n.o.s.",6.1,UN3172,III,6.1,"141, IB3",153,203,241,60 L,220 L,B,40,,
G ,"Toxins, extracted from living sources, solid, n.o.s.",6.1,UN3462,I,6.1,"141, IB7, IP1, T6, TP33",None,211,243,5 kg,50 kg,B,,,
G ,"Toxins, extracted from living sources, solid, n.o.s.",6.1,UN3462,II,6.1,"141, IB8, IP2, IP4, T3, TP33",None,212,243,25 kg,100 kg,B,,,
G ,"Toxins, extracted from living sources, solid, n.o.s.",6.1,UN3462,III,6.1,"141, IB8, IP3, T1, TP33",153,213,241,100 kg,200 kg,A,,,
D ,Toy Caps,1.4S,NA0337,II,1.4S,,None,62,None,25 kg,100 kg,5,,,
,Tracers for ammunition,1.3G,UN0212,II,1.3G,,None,62,None,Forbidden,Forbidden,7,,,
,Tracers for ammunition,1.4G,UN0306,II,1.4G,,None,62,None,Forbidden,75 kg,6,,,
,"Tractors, see Vehicle, etc",,,,,,,,,,,,,,
,Triallylamine,3,UN2610,III,"3, 8","B1, IB3, T4, TP1",None,203,242,5 L,60 L,A,40,,
,Triallyl borate,6.1,UN2609,III,6.1,IB3,153,203,241,60 L,220 L,A,13,,
,"Triazine pesticides, liquid, flammable, toxic, flash point < 23 degrees C",3,UN2764,I,"3, 6.1","T14, TP2, TP13, TP27",None,201,243,Forbidden,30 L,B,40,,
,"Triazine pesticides, liquid, flammable, toxic, flash point < 23 degrees C",3,UN2764,II,"3, 6.1","IB2, T11, TP2, TP13, TP27",150,202,243,1 L,60 L,B,40,,
,"Triazine pesticides, liquid, toxic",6.1,UN2998,I,6.1,"T14, TP2, TP13, TP27",None,201,243,1 L,30 L,B,40,,
,"Triazine pesticides, liquid, toxic",6.1,UN2998,II,6.1,"IB2, T11, TP2, TP13, TP27",153,202,243,5 L,60 L,B,40,,
,"Triazine pesticides, liquid, toxic",6.1,UN2998,III,6.1,"IB3, T7, TP2, TP28",153,203,241,60 L,220 L,A,40,,
,"Triazine pesticides, liquid, toxic, flammable, flash point not < 23 degrees C",6.1,UN2997,I,"6.1, 3","T14, TP2, TP13, TP27",None,201,243,1 L,30 L,B,40,,
,"Triazine pesticides, liquid, toxic, flammable, flash point not < 23 degrees C",6.1,UN2997,II,"6.1, 3","IB2, T11, TP2, TP13, TP27",153,202,243,5 L,60 L,B,40,,
,"Triazine pesticides, liquid, toxic, flammable, flash point not < 23 degrees C",6.1,UN2997,III,"6.1, 3","IB3, T7, TP2, TP28",153,203,242,60 L,220 L,A,40,,
,"Triazine pesticides, solid, toxic",6.1,UN2763,I,6.1,"IB7, IP1, T6, TP33",None,211,242,5 kg,50 kg,A,40,,
,"Triazine pesticides, solid, toxic",6.1,UN2763,II,6.1,"IB8, IP2, IP4, T3, TP33",153,212,242,25 kg,100 kg,A,40,,
,"Triazine pesticides, solid, toxic",6.1,UN2763,III,6.1,"IB8, IP3, T1, TP33",153,213,240,100 kg,200 kg,A,40,,
,Tri-(b-nitroxyethyl) ammonium nitrate,Forbidden,,,,,,,,,,,,,
,Tributylamine,6.1,UN2542,II,6.1,"IB2, T7, TP2",153,202,243,5 L,60 L,A,,,
,Tributylphosphane,4.2,UN3254,I,4.2,"T21, TP7, TP33",None,211,242,Forbidden,Forbidden,D,136,,
,Trichloroacetic acid,8,UN1839,II,8,"A7, IB8, IP2, IP4, N34, T3, TP33",154,212,240,15 kg,50 kg,A,,,
,"Trichloroacetic acid, solution",8,UN2564,II,8,"A3, A6, A7, B2, IB2, N34, T7, TP2",154,202,242,1 L,30 L,B,,,
,"Trichloroacetic acid, solution",8,UN2564,III,8,"A3, A6, A7, IB3, N34, T4, TP1",154,203,241,5 L,60 L,B,8,,
+ ,Trichloroacetyl chloride,8,UN2442,II,"8, 6.1","2, B9, B14, B32, B74, N34, T20, TP2, TP38, TP45",None,227,244,Forbidden,Forbidden,D,40,,
,"Trichlorobenzenes, liquid",6.1,UN2321,III,6.1,"IB3, T4, TP1",153,203,241,60 L,220 L,A,,,
,Trichlorobutene,6.1,UN2322,II,6.1,"IB2, T7, TP2",153,202,243,5 L,60 L,A,"25, 40",,
,"1,1,1-Trichloroethane",6.1,UN2831,III,6.1,"IB3, N36, T4, TP1",153,203,241,60 L,220 L,A,40,,
,Trichloroethylene,6.1,UN1710,III,6.1,"IB3, N36, T4, TP1",153,203,241,60 L,220 L,A,40,,
,"Trichloroisocyanuric acid, dry",5.1,UN2468,II,5.1,"IB8, IP4, T3, TP33",152,212,240,5 kg,25 kg,A,13,,
,Trichloromethyl perchlorate,Forbidden,,,,,,,,,,,,,
,Trichlorosilane,4.3,UN1295,I,"4.3, 3, 8","N34, T14, TP2, TP7, TP13",None,201,244,Forbidden,Forbidden,D,"21, 28, 40, 49, 100",,
,"Trichloro-s-triazinetrione dry, with > 39% available chlorine, see Trichloroisocyanuric acid, dry",,,,,,,,,,,,,,
,Tricresyl phosphate with > 3% ortho isomer,6.1,UN2574,II,6.1,"A3, IB2, N33, N34, T7, TP2",153,202,243,5 L,60 L,A,,,
,Triethylamine,3,UN1296,II,"3, 8","IB2, T7, TP1",150,202,243,1 L,5 L,B,40,,
,Triethylenetetramine,8,UN2259,II,8,"B2, IB2, T7, TP2",154,202,242,1 L,30 L,B,"40, 52",,
,Triethyl phosphite,3,UN2323,III,3,"B1, IB3, T2, TP1",150,203,242,60 L,220 L,A,,,
,Trifluoroacetic acid,8,UN2699,I,8,"A3, A6, A7, B4, N3, N34, N36, T10, TP2, TP12",None,201,243,0.5 L,2.5 L,B,"12, 40",,
,Trifluoroacetyl chloride,2.3,UN3057,,"2.3, 8","2, B7, B9, B14, T50, TP21",None,304,"314, 315",Forbidden,Forbidden,D,40,,
,"Trifluorochloroethylene, stabilized",2.3,UN1082,,"2.3, 2.1","3, B14, T50",None,304,"314, 315",Forbidden,Forbidden,D,40,,
,"1,1,1-Trifluoroethane or Refrigerant gas, R 143a",2.1,UN2035,,2.1,T50,306,304,"314, 315",Forbidden,150 kg,B,40,,
,Trifluoromethane or Refrigerant gas R 23,2.2,UN1984,,2.2,,306,304,"314, 315",75 kg,150 kg,A,,,
,"Trifluoromethane, refrigerated liquid",2.2,UN3136,,2.2,"T75, TP5",306,None,"314, 315",50 kg,500 kg,D,,,
,3-Trifluoromethylaniline,6.1,UN2948,II,6.1,"IB2, T7, TP2",153,202,243,5 L,60 L,A,40,,
,2-Trifluoromethylaniline,6.1,UN2942,III,6.1,IB3,153,203,241,60 L,220 L,A,,,
,Triformoxime trinitrate,Forbidden,,,,,,,,,,,,,
,Triisobutylene,3,UN2324,III,3,"B1, IB3, T4, TP1",150,203,242,60 L,220 L,A,,,
,Triisopropyl borate,3,UN2616,II,3,"IB2, T4, TP1",150,202,242,5 L,60 L,A,,,
,Triisopropyl borate,3,UN2616,III,3,"B1, IB3, T2, TP1",150,203,242,60 L,220 L,A,,,
D ,Trimethoxysilane,6.1,NA9269,I,"6.1, 3","2, B9, B14, B32, B74, T20, TP4, TP12, TP13, TP38, TP45",None,227,244,Forbidden,Forbidden,E,40,,
,"1,3,5-Trimethyl-2,4,6-trinitrobenzene",Forbidden,,,,,,,,,,,,,
,Trimethylacetyl chloride,6.1,UN2438,I,"6.1, 8, 3","2, B3, B9, B14, B32, B74, N34, T20, TP2, TP13, TP38, TP45",None,227,244,Forbidden,Forbidden,D,"25, 40",,
,"Trimethylamine, anhydrous",2.1,UN1083,,2.1,"N87, T50",306,304,"314, 315",Forbidden,150 kg,B,40,,
,"Trimethylamine, aqueous solutions with not > 50% trimethylamine by mass",3,UN1297,I,"3, 8","T11, TP1",None,201,243,0.5 L,2.5 L,D,"40, 135",,
,"Trimethylamine, aqueous solutions with not > 50% trimethylamine by mass",3,UN1297,II,"3, 8","B1, IB2, T7, TP1",150,202,243,1 L,5 L,B,"40, 41",,
,"Trimethylamine, aqueous solutions with not > 50% trimethylamine by mass",3,UN1297,III,"3, 8","B1, IB3, T7, TP1",150,203,242,5 L,60 L,A,"40, 41",,
,"1,3,5-Trimethylbenzene",3,UN2325,III,3,"B1, IB3, T2, TP1",150,203,242,60 L,220 L,A,,,
,Trimethyl borate,3,UN2416,II,3,"IB2, T7, TP1",150,202,242,5 L,60 L,B,,,
,Trimethylchlorosilane,3,UN1298,II,"3, 8","A3, A7, B77, IB2, N34, T7, TP2, TP13",None,202,243,1 L,5 L,E,40,,
,Trimethylcyclohexylamine,8,UN2326,III,8,"IB3, T4, TP1",154,203,241,5 L,60 L,A,,,
,Trimethylene glycol diperchlorate,Forbidden,,,,,,,,,,,,,
,Trimethylhexamethylenediamines,8,UN2327,III,8,"IB3, T4, TP1",154,203,241,5 L,60 L,A,,,
,Trimethylhexamethylene diisocyanate,6.1,UN2328,III,6.1,"IB3, T4, TP2, TP13",153,203,241,60 L,220 L,B,,,
,Trimethylol nitromethane trinitrate,Forbidden,,,,,,,,,,,,,
,Trimethyl phosphite,3,UN2329,III,3,"B1, IB3, T2, TP1",150,203,242,60 L,220 L,A,,,
,"2,4,6-Trinitro-1,3,5-triazido benzene (dry)",Forbidden,,,,,,,,,,,,,
,"2,4,6-Trinitro-1,3-diazobenzene",Forbidden,,,,,,,,,,,,,
,Trinitroacetic acid,Forbidden,,,,,,,,,,,,,
,Trinitroacetonitrile,Forbidden,,,,,,,,,,,,,
,Trinitroamine cobalt,Forbidden,,,,,,,,,,,,,
,Trinitroaniline or Picramide,1.1D,UN0153,II,1.1D,,None,62,None,Forbidden,Forbidden,10,,,
,Trinitroanisole,1.1D,UN0213,II,1.1D,,None,62,None,Forbidden,Forbidden,10,,,
,"Trinitrobenzene, dry or wetted with < 30% water, by mass",1.1D,UN0214,II,1.1D,,None,62,None,Forbidden,Forbidden,10,,,
,Trinitrobenzenesulfonic acid,1.1D,UN0386,II,1.1D,,None,62,None,Forbidden,Forbidden,10,5E,,
,"Trinitrobenzene, wetted, with not < 10% water, by mass",4.1,UN3367,I,4.1,"162, A8, A19, N41, N84",None,211,None,0.5 kg,0.5 kg,E,36,,
,"Trinitrobenzene, wetted with not < 30% water, by mass",4.1,UN1354,I,4.1,"23, A2, A8, A19, N41",None,211,None,0.5 kg,0.5 kg,E,28,,
,"Trinitrobenzoic acid, dry or wetted with < 30% water, by mass",1.1D,UN0215,II,1.1D,,None,62,None,Forbidden,Forbidden,10,,,
,"Trinitrobenzoic acid, wetted with not < 10% water by mass",4.1,UN3368,I,4.1,"162, A8, A19, N41, N84",None,211,None,0.5 kg,0.5 kg,E,36,,
,"Trinitrobenzoic acid, wetted with not < 30% water, by mass",4.1,UN1355,I,4.1,"23, A2, A8, A19, N41",None,211,None,0.5 kg,0.5 kg,E,28,,
,Trinitrochlorobenzene or Picryl chloride,1.1D,UN0155,II,1.1D,,None,62,None,Forbidden,Forbidden,10,,,
,"Trinitrochlorobenzene (picryl chloride), wetted, with not < 10% water by mass",4.1,UN3365,I,4.1,"162, A8, A19, N41, N84",None,211,None,0.5 kg,0.5 kg,E,36,,
,Trinitroethanol,Forbidden,,,,,,,,,,,,,
,Trinitroethylnitrate,Forbidden,,,,,,,,,,,,,
,Trinitrofluorenone,1.1D,UN0387,II,1.1D,,None,62,None,Forbidden,Forbidden,10,,,
,Trinitro-meta-cresol,1.1D,UN0216,II,1.1D,,None,62,None,Forbidden,Forbidden,10,5E,,
,Trinitromethane,Forbidden,,,,,,,,,,,,,
,Trinitronaphthalene,1.1D,UN0217,II,1.1D,,None,62,None,Forbidden,Forbidden,10,,,
,"1,3,5-Trinitronaphthalene",Forbidden,,,,,,,,,,,,,
,Trinitrophenetole,1.1D,UN0218,II,1.1D,,None,62,None,Forbidden,Forbidden,10,,,
,"Trinitrophenol or Picric acid, dry or wetted with < 30% water, by mass",1.1D,UN0154,II,1.1D,,None,62,None,Forbidden,Forbidden,10,5E,,
,"Trinitrophenol (picric acid), wetted, with not < 10% water by mass",4.1,UN3364,I,4.1,"162, A8, A19, N41, N84",None,211,None,0.5 kg,0.5 kg,E,36,,
,"Trinitrophenol, wetted with not < 30% water, by mass",4.1,UN1344,I,4.1,"23, A8, A19, N41",None,211,None,1 kg,15 kg,E,"28, 36",,
,"2,4,6-Trinitrophenyl guanidine (dry)",Forbidden,,,,,,,,,,,,,
,Trinitrophenylmethylnitramine or Tetryl,1.1D,UN0208,II,1.1D,,None,62,None,Forbidden,Forbidden,10,,,
,"2,4,6-Trinitrophenyl nitramine",Forbidden,,,,,,,,,,,,,
,"2,4,6-Trinitrophenyl trimethylol methyl nitramine trinitrate (dry)",Forbidden,,,,,,,,,,,,,
,"Trinitroresorcinol or Styphnic acid, dry or wetted with < 20% water, or mixture of alcohol and water, by mass",1.1D,UN0219,II,1.1D,,None,62,None,Forbidden,Forbidden,10,5E,,
,"Trinitroresorcinol, wetted or Styphnic acid, wetted with not < 20% water, or mixture of alcohol and water by mass",1.1D,UN0394,II,1.1D,,None,62,None,Forbidden,Forbidden,10,5E,,
,"2,4,6-Trinitroso-3-methyl nitraminoanisole",Forbidden,,,,,,,,,,,,,
,Trinitrotetramine cobalt nitrate,Forbidden,,,,,,,,,,,,,
,Trinitrotoluene and Trinitrobenzene mixtures or TNT and trinitrobenzene mixtures or TNT and hexanitrostilbene mixtures or Trinitrotoluene and hexanitrostilnene mixtures,1.1D,UN0388,II,1.1D,,None,62,None,Forbidden,Forbidden,10,,,
,Trinitrotoluene mixtures containing Trinitrobenzene and Hexanitrostilbene or TNT mixtures containing trinitrobenzene and hexanitrostilbene,1.1D,UN0389,II,1.1D,,None,62,None,Forbidden,Forbidden,10,,,
,"Trinitrotoluene or TNT, dry or wetted with < 30% water, by mass",1.1D,UN0209,II,1.1D,,None,62,None,Forbidden,Forbidden,10,,,
,"Trinitrotoluene (TNT), wetted, with not < 10% water by mass",4.1,UN3366,I,4.1,"162, A8, A19, N41, N84",None,211,None,0.5 kg,0.5 kg,E,36,,
,"Trinitrotoluene, wetted with not < 30% water, by mass",4.1,UN1356,I,4.1,"23, A2, A8, A19, N41",None,211,None,0.5 kg,0.5 kg,E,28,,
,Tripropylamine,3,UN2260,III,"3, 8","B1, IB3, T4, TP1",150,203,242,5 L,60 L,A,40,,
,Tripropylene,3,UN2057,III,3,"B1, IB3, T2, TP1",150,203,242,60 L,220 L,A,,,
,Tripropylene,3,UN2057,II,3,"IB2, T4, TP1",150,202,242,5 L,60 L,B,,,
,"Tris-(1-aziridinyl)phosphine oxide, solution",6.1,UN2501,II,6.1,"IB2, T7, TP2",153,202,243,5 L,60 L,A,,,
,"Tris-(1-aziridinyl)phosphine oxide, solution",6.1,UN2501,III,6.1,"IB3, T4, TP1",153,203,241,60 L,220 L,A,,,
,"Tris, bis-bifluoroamino diethoxy propane (TVOPA)",Forbidden,,,,,,,,,,,,,
,Tritonal,1.1D,UN0390,II,1.1D,,None,62,None,Forbidden,Forbidden,10,,,
,Tungsten hexafluoride,2.3,UN2196,,"2.3, 8","2, N86",None,338,None,Forbidden,Forbidden,D,40,,
,Turpentine,3,UN1299,III,3,"B1, IB3, T2, TP1",150,203,242,60 L,220 L,A,,,
,Turpentine substitute,3,UN1300,I,3,"T11, TP1, TP8, TP27",None,201,243,1 L,30 L,B,,,
,Turpentine substitute,3,UN1300,II,3,"IB2, T4, TP1",150,202,242,5 L,60 L,B,,,
,Turpentine substitute,3,UN1300,III,3,"B1, IB3, T2, TP1",150,203,242,60 L,220 L,A,,,
,Undecane,3,UN2330,III,3,"B1, IB3, T2, TP1",150,203,242,60 L,220 L,A,,,
,Urea hydrogen peroxide,5.1,UN1511,III,"5.1, 8","A1, A7, A29, IB8, IP3, T1, TP33",152,213,240,25 kg,100 kg,A,13,,
,"Urea nitrate, dry or wetted with < 20% water, by mass",1.1D,UN0220,II,1.1D,119,None,62,None,Forbidden,Forbidden,10,,,
,"Urea nitrate, wetted, with not < 10% water by mass",4.1,UN3370,I,4.1,"162, A8, A19, N41, N84",None,211,None,0.5 kg,0.5 kg,E,36,,
,"Urea nitrate, wetted with not < 20% water, by mass",4.1,UN1357,I,4.1,"23, 39, A8, A19, N41",None,211,None,1 kg,15 kg,E,"28, 36",,
,"Urea peroxide, see Urea hydrogen peroxide",,,,,,,,,,,,,,
,Valeraldehyde,3,UN2058,II,3,"IB2, T4, TP1",150,202,242,5 L,60 L,B,,,
,"Valeric acid, see Corrosive liquids, n.o.s.",,,,,,,,,,,,,,
,Valeryl chloride,8,UN2502,II,"8, 3","A3, A6, A7, B2, IB2, N34, T7, TP2",154,202,243,1 L,30 L,C,40,,
,"Vanadium compound, n.o.s.",6.1,UN3285,I,6.1,"IB7, IP1, T6, TP33",None,211,242,5 kg,50 kg,B,,,
,"Vanadium compound, n.o.s.",6.1,UN3285,III,6.1,"IB8, IP3, T1, TP33",153,213,240,100 kg,200 kg,A,,,
,"Vanadium compound, n.o.s.",6.1,UN3285,II,6.1,"IB8, IP2, IP4, T3, TP33",153,212,242,25 kg,100 kg,B,,,
,Vanadium oxytrichloride,8,UN2443,II,8,"A3, A6, A7, B2, B16, IB2, N34, T7, TP2",154,202,242,Forbidden,30 L,C,40,,
,"Vanadium pentoxide, non-fused form",6.1,UN2862,III,6.1,"IB8, IP3, T1, TP33",153,213,240,100 kg,200 kg,A,40,,
,Vanadium tetrachloride,8,UN2444,I,8,"A3, A6, A7, B4, N34, T10, TP2",None,201,243,Forbidden,2.5 L,C,40,,
,Vanadium trichloride,8,UN2475,III,8,"IB8, IP3, T1, TP33",154,213,240,25 kg,100 kg,A,40,,
,Vanadyl sulfate,6.1,UN2931,II,6.1,"IB8, IP2, IP4, T3, TP33",153,212,242,25 kg,100 kg,A,,,
,"Vehicle, flammable gas powered",9,UN3166,,9,"135, 157",220,220,220,Forbidden,No limit,A,,,
,"Vehicle, flammable liquid powered",9,UN3166,,9,"135, 157",220,220,220,No limit,No limit,A,,,
,"Very signal cartridge, see Cartridges, signal",,,,,,,,,,,,,,
,"Vinyl acetate, stabilized",3,UN1301,II,3,"IB2, T4, TP1",150,202,242,5 L,60 L,B,,,
,"Vinyl bromide, stabilized",2.1,UN1085,,2.1,"N86, T50",306,304,"314, 315",Forbidden,150 kg,B,40,,
,"Vinyl butyrate, stabilized",3,UN2838,II,3,"IB2, T4, TP1",150,202,242,5 L,60 L,B,,,
,"Vinyl chloride, stabilized",2.1,UN1086,,2.1,"21, B44, N86, T50",306,304,"314, 315",Forbidden,150 kg,B,40,,
,Vinyl chloroacetate,6.1,UN2589,II,"6.1, 3","IB2, T7, TP2",153,202,243,5 L,60 L,A,,,
,"Vinyl ethyl ether, stabilized",3,UN1302,I,3,"A3, T11, TP2",None,201,243,1 L,30 L,D,,,
,"Vinyl fluoride, stabilized",2.1,UN1860,,2.1,N86,306,304,"314, 315",Forbidden,150 kg,E,40,,
,"Vinylidene chloride, stabilized",3,UN1303,I,3,"T12, TP2, TP7",150,201,243,1 L,30 L,E,40,,
,"Vinyl isobutyl ether, stabilized",3,UN1304,II,3,"IB2, T4, TP1",150,202,242,5 L,60 L,B,,,
,"Vinyl methyl ether, stabilized",2.1,UN1087,,2.1,"B44, T50",306,304,"314, 315",Forbidden,150 kg,B,40,,
,Vinyl nitrate polymer,Forbidden,,,,,,,,,,,,,
,"Vinylpyridines, stabilized",6.1,UN3073,II,"6.1, 3, 8","IB1, T7, TP2, TP13",153,202,243,1 L,30 L,B,"21, 40, 52",,
,"Vinyltoluenes, stabilized",3,UN2618,III,3,"B1, IB3, T2, TP1",150,203,242,60 L,220 L,A,,,
,"Vinyltrichlorosilane, stabilized",3,UN1305,I,"3, 8","A3, A7, B6, N34, T11, TP2, TP13",None,201,243,Forbidden,2.5 L,B,40,,
,"Warheads, rocket with burster or expelling charge",1.4D,UN0370,II,1.4D,,None,62,None,Forbidden,75 kg,2,,,
,"Warheads, rocket with burster or expelling charge",1.4F,UN0371,II,1.4F,,None,62,None,Forbidden,Forbidden,8,,,
,"Warheads, rocket with bursting charge",1.1D,UN0286,II,1.1D,,None,62,None,Forbidden,Forbidden,3,,,
,"Warheads, rocket with bursting charge",1.2D,UN0287,II,1.2D,,None,62,None,Forbidden,Forbidden,3,,,
,"Warheads, rocket with bursting charge",1.1F,UN0369,II,1.1F,,None,62,None,Forbidden,Forbidden,8,,,
,"Warheads, torpedo with bursting charge",1.1D,UN0221,II,1.1D,,None,62,None,Forbidden,Forbidden,3,,,
G ,"Water-reactive liquid, corrosive, n.o.s.",4.3,UN3129,I,"4.3, 8",,None,201,243,Forbidden,1 L,D,,,
G ,"Water-reactive liquid, corrosive, n.o.s.",4.3,UN3129,II,"4.3, 8",IB1,None,202,243,1 L,5 L,E,85,,
G ,"Water-reactive liquid, corrosive, n.o.s.",4.3,UN3129,III,"4.3, 8",IB2,None,203,242,5 L,60 L,E,,,
G ,"Water-reactive liquid, n.o.s.",4.3,UN3148,I,4.3,,None,201,244,Forbidden,1 L,E,40,,
G ,"Water-reactive liquid, n.o.s.",4.3,UN3148,II,4.3,IB1,None,202,243,1 L,5 L,E,40,,
G ,"Water-reactive liquid, n.o.s.",4.3,UN3148,III,4.3,IB2,None,203,242,5 L,60 L,E,40,,
G ,"Water-reactive liquid, toxic, n.o.s.",4.3,UN3130,I,"4.3, 6.1",A4,None,201,243,Forbidden,1 L,D,,,
G ,"Water-reactive liquid, toxic, n.o.s.",4.3,UN3130,II,"4.3, 6.1",IB1,None,202,243,1 L,5 L,E,85,,
G ,"Water-reactive liquid, toxic, n.o.s.",4.3,UN3130,III,"4.3, 6.1",IB2,None,203,242,5 L,60 L,E,85,,
G ,"Water-reactive solid, corrosive, n.o.s.",4.3,UN3131,I,"4.3, 8","IB4, IP1, N40",None,211,242,Forbidden,15 kg,D,,,
G ,"Water-reactive solid, corrosive, n.o.s.",4.3,UN3131,II,"4.3, 8","IB6, IP2, T3, TP33",151,212,242,15 kg,50 kg,E,85,,
G ,"Water-reactive solid, corrosive, n.o.s.",4.3,UN3131,III,"4.3, 8","IB8, IP4, T1, TP33",151,213,241,25 kg,100 kg,E,85,,
G ,"Water-reactive solid, flammable, n.o.s.",4.3,UN3132,I,"4.3, 4.1","IB4, N40",None,211,242,Forbidden,15 kg,D,,,
G ,"Water-reactive solid, flammable, n.o.s.",4.3,UN3132,II,"4.3, 4.1","IB4, T3, TP33",151,212,242,15 kg,50 kg,E,,,
G ,"Water-reactive solid, flammable, n.o.s.",4.3,UN3132,III,"4.3, 4.1","IB6, T1, TP33",151,213,241,25 kg,100 kg,E,,,
G ,"Water-reactive solid, n.o.s.",4.3,UN2813,I,4.3,"IB4, N40",None,211,242,Forbidden,15 kg,E,40,,
G ,"Water-reactive solid, n.o.s.",4.3,UN2813,II,4.3,"IB7, IP2, T3, TP33",151,212,242,15 kg,50 kg,E,40,,
G ,"Water-reactive solid, n.o.s.",4.3,UN2813,III,4.3,"IB8, IP4, T1, TP33",151,213,241,25 kg,100 kg,E,40,,
G ,"Water-reactive, solid, oxidizing, n.o.s.",4.3,UN3133,II,"4.3, 5.1",,None,214,214,Forbidden,Forbidden,E,40,,
G ,"Water-reactive, solid, oxidizing, n.o.s.",4.3,UN3133,III,"4.3, 5.1",,None,214,214,Forbidden,Forbidden,E,40,,
G ,"Water-reactive solid, self-heating, n.o.s.",4.3,UN3135,I,"4.3, 4.2",N40,None,211,242,Forbidden,15 kg,E,,,
G ,"Water-reactive solid, self-heating, n.o.s.",4.3,UN3135,II,"4.3, 4.2","IB5, IP2, T3, TP33",None,212,242,15 kg,50 kg,E,,,
G ,"Water-reactive solid, self-heating, n.o.s.",4.3,UN3135,III,"4.3, 4.2","IB8, IP4, T1, TP33",None,213,241,25 kg,100 kg,E,,,
G ,"Water-reactive solid, toxic, n.o.s.",4.3,UN3134,I,"4.3, 6.1","A8, IB4, IP1, N40",None,211,242,Forbidden,15 kg,D,,,
G ,"Water-reactive solid, toxic, n.o.s.",4.3,UN3134,II,"4.3, 6.1","IB5, IP2, T3, TP33",151,212,242,15 kg,50 kg,E,85,,
G ,"Water-reactive solid, toxic, n.o.s.",4.3,UN3134,III,"4.3, 6.1","IB8, IP4, T1, TP33",151,213,241,25 kg,100 kg,E,85,,
,"Wheel chair, electric, see Battery powered vehicle or Battery powered equipment",,,,,,,,,,,,,,
,"White acid, see Hydrofluoric acid",,,,,,,,,,,,,,
I ,"White asbestos (chrysotile, actinolite, anthophyllite, tremolite)",9,UN2590,III,9,"156, IB8, IP2, IP3, T1, TP33",155,216,240,200 kg,200 kg,A,"34, 40",,
,"Wood preservatives, liquid",3,UN1306,II,3,"149, IB2, T4, TP1, TP8",150,202,242,5 L,60 L,B,,,
,"Wood preservatives, liquid",3,UN1306,III,3,"B1, IB3, T2, TP1",150,203,242,60 L,220 L,A,40,,
A I W ,"Wool waste, wet",4.2,UN1387,III,4.2,,151,213,240,Forbidden,Forbidden,A,,,
,Xanthates,4.2,UN3342,II,4.2,"IB6, IP2, T3, TP33",None,212,241,15 kg,50 kg,D,40,,
,Xanthates,4.2,UN3342,III,4.2,"IB8, IP3, T1, TP33",None,213,241,25 kg,100 kg,D,40,,
,Xenon,2.2,UN2036,,2.2,,306,302,None,75 kg,150 kg,A,,,
,"Xenon, refrigerated liquid (cryogenic liquids)",2.2,UN2591,,2.2,"T75, TP5",320,None,None,50 kg,500 kg,B,,,
,Xylenes,3,UN1307,II,3,"IB2, T4, TP1",150,202,242,5 L,60 L,B,,,
,Xylenes,3,UN1307,III,3,"B1, IB3, T2, TP1",150,203,242,60 L,220 L,A,,,
,"Xylenols, liquid",6.1,UN3430,II,6.1,"IB2, T7, TP2",153,202,243,5 L,60 L,A,,,
,"Xylenols, solid",6.1,UN2261,II,6.1,"IB8, IP2, IP4, T3, TP33",153,212,242,25 kg,100 kg,A,,,
,"Xylidines, liquid",6.1,UN1711,II,6.1,"IB2, T7, TP2",153,202,243,5 L,60 L,A,,,
,"Xylidines, solid",6.1,UN3452,II,6.1,"IB8, IP2, IP4, T3, TP33",153,212,242,25 kg,100 kg,A,,,
,"Xylyl bromide, liquid",6.1,UN1701,II,6.1,"A3, A6, A7, IB2, N33, T7, TP2, TP13",None,340,None,Forbidden,60 L,D,40,,
,"Xylyl bromide, solid",6.1,UN3417,II,6.1,"A3, A6, A7, IB8, IP2, IP4, N33, T3, TP33",None,340,None,25 kg,100 kg,B,40,,
,p-Xylyl diazide,Forbidden,,,,,,,,,,,,,
,Zinc ammonium nitrite,5.1,UN1512,II,5.1,"IB8, IP4, T3, TP33",None,212,242,5 kg,25 kg,E,,,
,Zinc arsenate or Zinc arsenite or Zinc arsenate and zinc arsenite mixtures,6.1,UN1712,II,6.1,"IB8, IP2, IP4, T3, TP33",153,212,242,25 kg,100 kg,A,,,
,Zinc ashes,4.3,UN1435,III,4.3,"A1, A19, IB8, IP4, T1, TP33",151,213,241,25 kg,100 kg,A,,,
,"Zinc bisulfite solution, see Bisulfites, aqueous solutions, n.o.s.",,,,,,,,,,,,,,
,Zinc bromate,5.1,UN2469,III,5.1,"A1, A29, IB8, IP3, T1, TP33",152,213,240,25 kg,100 kg,A,"56, 58",,
,Zinc chlorate,5.1,UN1513,II,5.1,"A9, IB8, IP2, IP4, N34, T3, TP33",152,212,242,5 kg,25 kg,A,"56, 58",,
,"Zinc chloride, anhydrous",8,UN2331,III,8,"IB8, IP3, T1, TP33",None,213,240,25 kg,100 kg,A,,,
,"Zinc chloride, solution",8,UN1840,III,8,"IB3, T4, TP1",154,203,241,5 L,60 L,A,,,
,Zinc cyanide,6.1,UN1713,I,6.1,"IB7, IP1, T6, TP33",None,211,242,5 kg,50 kg,A,52,,
,Zinc dithionite or Zinc hydrosulfite,9,UN1931,III,None,"IB8, IP3, T1, TP33",155,204,240,100 kg,200 kg,A,49,,
,"Zinc ethyl, see Diethylzinc",,,,,,,,,,,,,,
,Zinc fluorosilicate,6.1,UN2855,III,6.1,"IB8, IP3, T1, TP33",153,213,240,100 kg,200 kg,A,52,,
,"Zinc hydrosulfite, see Zinc dithionite",,,,,,,,,,,,,,
,"Zinc muriate solution, see Zinc chloride, solution",,,,,,,,,,,,,,
,Zinc nitrate,5.1,UN1514,II,5.1,"IB8, IP4, T3, TP33",152,212,240,5 kg,25 kg,A,,,
,Zinc permanganate,5.1,UN1515,II,5.1,"IB6, IP2, T3, TP33",152,212,242,5 kg,25 kg,D,"56, 58, 138",,
,Zinc peroxide,5.1,UN1516,II,5.1,"IB6, IP2, T3, TP33",152,212,242,5 kg,25 kg,A,"13, 52, 66, 75",,
,Zinc phosphide,4.3,UN1714,I,"4.3, 6.1","A19, N40",None,211,None,Forbidden,15 kg,E,"40, 52, 85",,
,Zinc powder or Zinc dust,4.3,UN1436,I,"4.3, 4.2","A19, IB4, IP1, N40",None,211,242,Forbidden,15 kg,A,"52, 53",,
,Zinc powder or Zinc dust,4.3,UN1436,II,"4.3, 4.2","A19, IB7, IP2, T3, TP33",None,212,242,15 kg,50 kg,A,"52, 53",,
,Zinc powder or Zinc dust,4.3,UN1436,III,"4.3, 4.2","IB8, IP4, T1, TP33",None,213,242,25 kg,100 kg,A,"52, 53",,
,Zinc resinate,4.1,UN2714,III,4.1,"A1, IB6, T1, TP33",151,213,240,25 kg,100 kg,A,,,
,"Zinc selenate, see Selenates or Selenites",,,,,,,,,,,,,,
,"Zinc selenite, see Selenates or Selenites",,,,,,,,,,,,,,
,"Zinc silicofluoride, see Zinc fluorosilicate",,,,,,,,,,,,,,
,"Zirconium, dry, coiled wire, finished metal sheets, strip (thinner than 254 microns but not thinner than 18 microns)",4.1,UN2858,III,4.1,A1,151,213,240,25 kg,100 kg,A,,,
,"Zirconium, dry, finished sheets, strip or coiled wire",4.2,UN2009,III,4.2,"A1, A19",None,213,240,25 kg,100 kg,D,,,
,Zirconium hydride,4.1,UN1437,II,4.1,"A19, A20, IB4, N34, T3, TP33",None,212,240,15 kg,50 kg,E,,,
,Zirconium nitrate,5.1,UN2728,III,5.1,"A1, A29, IB8, IP3, T1, TP33",152,213,240,25 kg,100 kg,A,,,
,"Zirconium picramate, dry or wetted with < 20% water, by mass",1.3C,UN0236,II,1.3C,,None,62,None,Forbidden,Forbidden,10,5E,,
,"Zirconium picramate, wetted with not < 20% water, by mass",4.1,UN1517,I,4.1,"23, N41",None,211,None,1 kg,15 kg,D,"28, 36",,
,"Zirconium powder, dry",4.2,UN2008,II,4.2,"A19, A20, IB6, IP2, N5, N34, T3, TP33",None,212,241,15 kg,50 kg,D,,,
,"Zirconium powder, dry",4.2,UN2008,III,4.2,"IB8, IP3, T1, TP33",None,213,241,25 kg,100 kg,D,,,
,"Zirconium powder, dry",4.2,UN2008,I,4.2,"T21, TP7, TP33",None,211,242,Forbidden,Forbidden,D,,,
,"Zirconium powder, wetted with not < 25% water (a visible excess of water must be present) (a) mechanically produced, particle size < 53 microns; (b) chemically produced, particle size < 840 microns",4.1,UN1358,II,4.1,"A19, A20, IB6, IP2, N34, T3, TP33",None,212,241,15 kg,50 kg,E,74,,
,Zirconium scrap,4.2,UN1932,III,4.2,"IB8, IP3, N34, T1, TP33",None,213,240,Forbidden,Forbidden,D,,,
,Zirconium suspended in a liquid,3,UN1308,III,3,"B1, IB2",150,203,242,60 L,220 L,B,,,
,Zirconium suspended in a liquid,3,UN1308,I,3,,None,201,243,Forbidden,Forbidden,B,,,
,Zirconium suspended in a liquid,3,UN1308,II,3,IB2,None,202,242,5 L,60 L,B,,,
,Zirconium tetrachloride,8,UN2503,III,8,"IB8, IP3, T1, TP33",154,213,240,25 kg,100 kg,A,,,
