,CHEMICAL NAME,1,2,3,4,5,6,7,8,9,10,11,12,13,14,15,16,17,18,19,20,21,22,23,24,25,26,27,28,29,30,31,32,33,34,35,36,37,38,39,40,41,42,43,44,45,46,47,48,49,50,51,52,53,54,55,56,57,58,59,60,61,62,63,64,65,66,67,68,69,70,71,72,73,74,75,76,77,78,79,80,81,82,83,84,85,86,87,88,89,90,91,92,93,94,95,96,97,98,99,100,101,102,103,104,105,106,107,108,109,110,111,112,113,114,115,116,117,118,119,120,121,122,123,124,125,126,127,128,129,130,131,132,133,134,135,136,137,138,139,140,141,142,143,144,145,146,147,148,149,150,151,152,153,154,155,156,157,158,159,160,161,162,163,164,165,166,167,168,169,170,171,172,173,174,175,176,177,178,179,180,181,182,183,184,185,186,187,188,189,190,191,192,193,194,195,196,197,198,199,200,201,202,203,204,205,206,207,208,209,210,211,212,213,214,215,216,217,218,219,220,221,222,223,224,225,226,227,228,229,230,231,232,233,234,235,236,237,238,239,240,241,242,243,244,245,246,247,248,249,250,251,252,253,254,255,256,257,258,259,260,261,262,263,264,265,266,267,268,269,270,271,272,273,274,275,276,277,278,279,280,281,282,283,284,285,286,287,288,289,290,291,292,293,294,295,296,297,298,299,300,301,302,303,304,305,306,307,308,309,310,311,312,313,314,315,316,317,318,319,320,321,322,323,324,325,326,327,328,329,330,331,332,333,334,335,336,337,338,339,340,341,342,343,344,345,346,347,348,349,350,351,352,353,354,355,356,357,358,359,360,361,362,363,364,365,366,367,368,369,370,371,372,373,374,375,376,377,378,379,380,381,382,383,384,385,386,387,388,389,390,391,392,393,394,395,396,397,398,399,400,401,402,403,404,405,406,407,408,409,410,411,412,413,414,415,416,417,418,419,420,421,422,423,424,425,426,427,428,429,430,431
1,ACETIC ACID,X+,FA+,FA,FA,FA,FA,FA,FA,FA,FA,FA,FA,FA,FA,FA,FA,FA,FA,FA,FA,FA,FA,FA,FA,FA,FA,FA,FA,FA,FA,FA,FA,FA,FA,FA,FA,FA,FA,FA,FA,FA,FA-,FA,FA,FA,FA,FA,FA,FA,FA,FA,FA-,FA,FA,FA,FA,FA,FA,FA,FA-,FA-,FA,FA,FA,FA,FA,FA,FA,FA,FA,FA,FA,FA,FA,FA,FA,FA,FA,FA,FA,FA,FA,FA,FA,FA,FA,FA,FA,FA,FA,FA,FA,FA,FA,FA,FA,FA,FA,FA,FA,FA,FA,FA,FA,FA,FA,FA,FA,FA,FA,FA,FA,FA,FA,FA,FA,FA,FA,FA,FA+,FA,FA,FA,FA,FA,FA,FA,FA,FA,FA,FA,FA,FA,FA,FA,FA,FA,FA,FA+,FA,FA,FA,FA,FA,FA,FA,FA,FA,FA,FA,FA,FA,FA,FA,FA,FA,FA,FA,FA,FA,FA-,FA-,FA-,FA,FA,FA,FA,FA,FA,FA,FA,FA,FA,FA,FA,FA,FA,FA,FA,FA+,FA,FA,FA,FA,FA+,FA,FA,FA,FA,FA,FA,FA,FA,FA,FA,FA,FA,FA,FA,FA,FA,FA,FA,FA,FA,FA,FA,FA,FA,FA,FA,FA,FA,FA,FA,FA,FA,FA,FA,FA,FA,FA,FA,FA,FA,FA,FA,FA,FA,FA+,FA,FA,FA,FA,FA,FA,FA,FA,FA,FA,FA,FA,FA,FA,FA,FA,FA,FA,FA,FA,FA,FA,FA,FA,FA,FA,FA,FA,FA,FA,FA,FA,FA,FA,FA,FA,FA,FA,FA,FA,FA,FA,FA,FA,FA,FA,FA,FA,FA,FA,FA,FA,FA,FA+,FA,FA,FA,FA,FA,FA,FA,FA,FA,FA,FA+,FA,FA,FA,FA,FA,FA,FA,FA,FA,FA,FA,FA,FA,FA,FA,FA,FA,FA,FA,FA,FA,FA,FA,FA,FA,FA,FA,FA,FA,FA,FA,FA,FA,FA,FA,FA,FA,FA,FA,FA,FA,FA,FA,FA,FA,FA,FA,FA,FA,FA,FA,FA,FA,FA,FA,FA,FA,FA,FA,FA,FA,FA,FA,FA,FA,FA,FA,FA,FA,FA,FA,FA,FA,FA,FA,FA,FA,FA,FA,FA,FA,FA,FA,FA,FA,FA,FA,FA,FA,FA,FA,FA,FA,FA,FA,FA,FA,FA,FA,FA,FA,FA,FA,FA,FA,FA,FA,FA,FA,FA,FA,FA,FA,FA,FA,FA,FA,FA,FA,FA,FA,FA,FA-,FA,FA,FA,FA,FA,FA,FA,FA,FA,FA-,FA,FA,FA
2,ACETIC ACID ANHYDRIDE,BA+,X+,BA,BA,BA,BA,BA,BA,BA,BA,BA,BA,BA,BA,BA,BA,BA,BA,BA,BA,BA,BA,BA,BA,BA,BA,BA,BA,BA,BA,BA,BA,BA,BA,BA,BA,BA,BA,BA,BA,BA,BA-,BA,BA,BA,BA,BA,BA,BA,BA,BA,BA-,BA,BA,BA,BA,BA,BA,BA,BA-,BA-,BA,BA,BA,BA,BA,BA,BA,BA,BA,BA,BA,BA,BA,BA,BA,BA,BA,BA,BA,BA,BA,BA,BA,BA,BA,BA,BA,BA,BA,BA,BA,BA,BA,BA,BA,BA,BA,BA,BA,BA,BA,BA,BA,BA,BA,BA,BA,BA,BA,BA,BA,BA,BA,BA,BA,BA,BA,BA,BA+,BA,BA,BA,BA,BA,BA,BA,BA,BA,BA,BA,BA,BA,BA,BA,BA,BA,BA,BA+,BA,BA,BA,BA,BA,BA,BA,BA,BA,BA,BA,BA,BA,BA,BA,BA,BA,BA,BA,BA,BA,BA-,BA-,BA-,BA,BA,BA,BA,BA,BA,BA,BA,BA,BA,BA,BA,BA,BA,BA,BA,BA+,BA,BA,BA,BA,BA+,BA,BA,BA,BA,BA,BA,BA,BA,BA,BA,BA,BA,BA,BA,BA,BA,BA,BA,BA,BA,BA,BA,BA,BA,BA,BA,BA,BA,BA,BA,BA,BA,BA,BA,BA,BA,BA,BA,BA,BA,BA,BA,BA,BA,BA+,BA,BA,BA,BA,BA,BA,BA,BA,BA,BA,BA,BA,BA,BA,BA,BA,BA,BA,BA,BA,BA,BA,BA,BA,BA,BA,BA,BA,BA,BA,BA,BA,BA,BA,BA,BA,BA,BA,BA,BA,BA,BA,BA,BA,BA,BA,BA,BA,BA,BA,BA,BA,BA,BA+,BA,BA,BA,BA,BA,BA,BA,BA,BA,BA,BA+,BA,BA,BA,BA,BA,BA,BA,BA,BA,BA,BA,BA,BA,BA,BA,BA,BA,BA,BA,BA,BA,BA,BA,BA,BA,BA,BA,BA,BA,BA,BA,BA,BA,BA,BA,BA,BA,BA,BA,BA,BA,BA,BA,BA,BA,BA,BA,BA,BA,BA,BA,BA,BA,BA,BA,BA,BA,BA,BA,BA,BA,BA,BA,BA,BA,BA,BA,BA,BA,BA,BA,BA,BA,BA,BA,BA,BA,BA,BA,BA,BA,BA,BA,BA,BA,BA,BA,BA,BA,BA,BA,BA,BA,BA,BA,BA,BA,BA,BA,BA,BA,BA,BA,BA,BA,BA,BA,BA,BA,BA,BA,BA,BA,BA,BA,BA,BA,BA,BA,BA,BA,BA,BA-,BA,BA,BA,BA,BA,BA,BA,BA,BA,BA-,BA,BA,BA
3,ACETONE,AB+,AB+,X,AB,AB,AB,AB,AB,AB,AB,AB,AB,AB,AB,AB,AB,AB,AB,AB,AB,AB,AB,AB,AB,AB,AB,AB,AB,AB,AB,AB,AB,AB,AB,AB,AB,AB,AB,AB,AB,AB,AB-,AB,AB,AB,AB,AB,AB,AB,AB,AB,AB-,AB,AB,AB,AB,AB,AB,AB,AB-,AB-,AB,AB,AB,AB,AB,AB,AB,AB,AB,AB,AB,AB,AB,AB,AB,AB,AB,AB,AB,AB,AB,AB,AB,AB,AB,AB,AB,AB,AB,AB,AB,AB,AB,AB,AB,AB,AB,AB,AB,AB,AB,AB,AB,AB,AB,AB,AB,AB,AB,AB,AB,AB,AB,AB,AB,AB,AB,AB,AB+,AB,AB,AB,AB,AB,AB,AB,AB,AB,AB,AB,AB,AB,AB,AB,AB,AB,AB,AB+,AB,AB,AB,AB,AB,AB,AB,AB,AB,AB,AB,AB,AB,AB,AB,AB,AB,AB,AB,AB,AB,AB-,AB-,AB-,AB,AB,AB,AB,AB,AB,AB,AB,AB,AB,AB,AB,AB,AB,AB,AB,AB+,AB,AB,AB,AB,AB+,AB,AB,AB,AB,AB,AB,AB,AB,AB,AB,AB,AB,AB,AB,AB,AB,AB,AB,AB,AB,AB,AB,AB,AB,AB,AB,AB,AB,AB,AB,AB,AB,AB,AB,AB,AB,AB,AB,AB,AB,AB,AB,AB,AB,AB+,AB,AB,AB,AB,AB,AB,AB,AB,AB,AB,AB,AB,AB,AB,AB,AB,AB,AB,AB,AB,AB,AB,AB,AB,AB,AB,AB,AB,AB,AB,AB,AB,AB,AB,AB,AB,AB,AB,AB,AB,AB,AB,AB,AB,AB,AB,AB,AB,AB,AB,AB,AB,AB,AB+,AB,AB,AB,AB,AB,AB,AB,AB,AB,AB,AB+,AB,AB,AB,AB,AB,AB,AB,AB,AB,AB,AB,AB,AB,AB,AB,AB,AB,AB,AB,AB,AB,AB,AB,AB,AB,AB,AB,AB,AB,AB,AB,AB,AB,AB,AB,AB,AB,AB,AB,AB,AB,AB,AB,AB,AB,AB,AB,AB,AB,AB,AB,AB,AB,AB,AB,AB,AB,AB,AB,AB,AB,AB,AB,AB,AB,AB,AB,AB,AB,AB,AB,AB,AB,AB,AB,AB,AB,AB,AB,AB,AB,AB,AB,AB,AB,AB,AB,AB,AB,AB,AB,AB,AB,AB,AB,AB,AB,AB,AB,AB,AB,AB,AB,AB,AB,AB,AB,AB,AB,AB,AB,AB,AB,AB,AB,AB,AB,AB,AB,AB,AB,AB,AB-,AB,AB,AB,AB,AB,AB,AB,AB,AB,AB-,AB,AB,AB
4,ACETONE CYANOHYDRIN,BB+,BB+,BB,X,BB,BB,BB,BB,BB,BB,BB,BB,BB,BB,BB,BB,BB,BB,BB,BB,BB,BB,BB,BB,BB,BB,BB,BB,BB,BB,BB,BB,BB,BB,BB,BB,BB,BB,BB,BB,BB,BB-,BB,BB,BB,BB,BB,BB,BB,BB,BB,BB-,BB,BB,BB,BB,BB,BB,BB,BB-,BB-,BB,BB,BB,BB,BB,BB,BB,BB,BB,BB,BB,BB,BB,BB,BB,BB,BB,BB,BB,BB,BB,BB,BB,BB,BB,BB,BB,BB,BB,BB,BB,BB,BB,BB,BB,BB,BB,BB,BB,BB,BB,BB,BB,BB,BB,BB,BB,BB,BB,BB,BB,BB,BB,BB,BB,BB,BB,BB,BB+,BB,BB,BB,BB,BB,BB,BB,BB,BB,BB,BB,BB,BB,BB,BB,BB,BB,BB,BB+,BB,BB,BB,BB,BB,BB,BB,BB,BB,BB,BB,BB,BB,BB,BB,BB,BB,BB,BB,BB,BB,BB-,BB-,BB-,BB,BB,BB,BB,BB,BB,BB,BB,BB,BB,BB,BB,BB,BB,BB,BB,BB+,BB,BB,BB,BB,BB+,BB,BB,BB,BB,BB,BB,BB,BB,BB,BB,BB,BB,BB,BB,BB,BB,BB,BB,BB,BB,BB,BB,BB,BB,BB,BB,BB,BB,BB,BB,BB,BB,BB,BB,BB,BB,BB,BB,BB,BB,BB,BB,BB,BB,BB+,BB,BB,BB,BB,BB,BB,BB,BB,BB,BB,BB,BB,BB,BB,BB,BB,BB,BB,BB,BB,BB,BB,BB,BB,BB,BB,BB,BB,BB,BB,BB,BB,BB,BB,BB,BB,BB,BB,BB,BB,BB,BB,BB,BB,BB,BB,BB,BB,BB,BB,BB,BB,BB,BB+,BB,BB,BB,BB,BB,BB,BB,BB,BB,BB,BB+,BB,BB,BB,BB,BB,BB,BB,BB,BB,BB,BB,BB,BB,BB,BB,BB,BB,BB,BB,BB,BB,BB,BB,BB,BB,BB,BB,BB,BB,BB,BB,BB,BB,BB,BB,BB,BB,BB,BB,BB,BB,BB,BB,BB,BB,BB,BB,BB,BB,BB,BB,BB,BB,BB,BB,BB,BB,BB,BB,BB,BB,BB,BB,BB,BB,BB,BB,BB,BB,BB,BB,BB,BB,BB,BB,BB,BB,BB,BB,BB,BB,BB,BB,BB,BB,BB,BB,BB,BB,BB,BB,BB,BB,BB,BB,BB,BB,BB,BB,BB,BB,BB,BB,BB,BB,BB,BB,BB,BB,BB,BB,BB,BB,BB,BB,BB,BB,BB,BB,BB,BB,BB,BB-,BB,BB,BB,BB,BB,BB,BB,BB,BB,BB-,BB,BB,BB
5,ACETONITRILE,BB+,BB+,BB,BB,X,BB,BB,BB,BB,BB,BB,BB,BB,BB,BB,BB,BB,BB,BB,BB,BB,BB,BB,BB,BB,BB,BB,BB,BB,BB,BB,BB,BB,BB,BB,BB,BB,BB,BB,BB,BB,BB-,BB,BB,BB,BB,BB,BB,BB,BB,BB,BB-,BB,BB,BB,BB,BB,BB,BB,BB-,BB-,BB,BB,BB,BB,BB,BB,BB,BB,BB,BB,BB,BB,BB,BB,BB,BB,BB,BB,BB,BB,BB,BB,BB,BB,BB,BB,BB,BB,BB,BB,BB,BB,BB,BB,BB,BB,BB,BB,BB,BB,BB,BB,BB,BB,BB,BB,BB,BB,BB,BB,BB,BB,BB,BB,BB,BB,BB,BB,BB+,BB,BB,BB,BB,BB,BB,BB,BB,BB,BB,BB,BB,BB,BB,BB,BB,BB,BB,BB+,BB,BB,BB,BB,BB,BB,BB,BB,BB,BB,BB,BB,BB,BB,BB,BB,BB,BB,BB,BB,BB,BB-,BB-,BB-,BB,BB,BB,BB,BB,BB,BB,BB,BB,BB,BB,BB,BB,BB,BB,BB,BB+,BB,BB,BB,BB,BB+,BB,BB,BB,BB,BB,BB,BB,BB,BB,BB,BB,BB,BB,BB,BB,BB,BB,BB,BB,BB,BB,BB,BB,BB,BB,BB,BB,BB,BB,BB,BB,BB,BB,BB,BB,BB,BB,BB,BB,BB,BB,BB,BB,BB,BB+,BB,BB,BB,BB,BB,BB,BB,BB,BB,BB,BB,BB,BB,BB,BB,BB,BB,BB,BB,BB,BB,BB,BB,BB,BB,BB,BB,BB,BB,BB,BB,BB,BB,BB,BB,BB,BB,BB,BB,BB,BB,BB,BB,BB,BB,BB,BB,BB,BB,BB,BB,BB,BB,BB+,BB,BB,BB,BB,BB,BB,BB,BB,BB,BB,BB+,BB,BB,BB,BB,BB,BB,BB,BB,BB,BB,BB,BB,BB,BB,BB,BB,BB,BB,BB,BB,BB,BB,BB,BB,BB,BB,BB,BB,BB,BB,BB,BB,BB,BB,BB,BB,BB,BB,BB,BB,BB,BB,BB,BB,BB,BB,BB,BB,BB,BB,BB,BB,BB,BB,BB,BB,BB,BB,BB,BB,BB,BB,BB,BB,BB,BB,BB,BB,BB,BB,BB,BB,BB,BB,BB,BB,BB,BB,BB,BB,BB,BB,BB,BB,BB,BB,BB,BB,BB,BB,BB,BB,BB,BB,BB,BB,BB,BB,BB,BB,BB,BB,BB,BB,BB,BB,BB,BB,BB,BB,BB,BB,BB,BB,BB,BB,BB,BB,BB,BB,BB,BB,BB-,BB,BB,BB,BB,BB,BB,BB,BB,BB,BB-,BB,BB,BB
6,"ACID OIL MIXTURE FROM SOYABEAN, CORN (MAIZE) AND SUNFLOWER OIL REFINING",PB+,PB+,PB,PB,PB,X,PB,PB,PB,PB,PB,PB,PB,PB,PB,PB,PB,PB,PB,PB,HY,HY,HY,PB,PB,PB,PB,PB,PB,PB,PB,PB,PB,PB,PB,PB,PB,PB,PB,PB,PB,PB-,PB,PB,PB,PB,PB,PB,PB,PB,PB,PB-,PB,PB,PB,PB,PB,PB,PB,PB-,PB-,PB,PB,PB,PB,PB,PB,PB,PB,PB,PB,PB,PB,PB,PB,PB,PB,PB,PB,PB,PB,PB,PB,PB,PB,PB,PB,PB,PB,PB,PB,PB,PB,PB,PB,PB,PB,PB,PB,PB,PB,PB,PB,PB,PB,PB,PB,PB,PB,PB,PB,PB,PB,PB,PB,PB,PB,PB,PB,PB+,PB,PB,PB,PB,PB,PB,PB,PB,PB,PB,PB,PB,PB,PB,PB,PB,PB,PB,PB+,PB,PB,PB,PB,PB,PB,PB,PB,PB,PB,PB,PB,PB,PB,PB,PB,PB,PB,PB,PB,PB,PB-,PB-,PB-,PB,PB,PB,PB,PB,PB,PB,PB,PB,PB,PB,PB,PB,PB,PB,PB,PB+,PB,PB,PB,PB,PB+,PB,PB,PB,PB,PB,PB,PB,PB,PB,PB,PB,PB,PB,PB,PB,PB,PB,PB,PB,PB,PB,PB,PB,PB,HY,PB,PB,PB,PB,PB,PB,PB,PB,PB,PB,PB,PB,PB,PB,PB,PB,PB,PB,PB,PB+,PB,PB,PB,PB,PB,PB,PB,PB,PB,PB,PB,PB,PB,PB,PB,PB,PB,PB,PB,PB,PB,PB,PB,PB,PB,PB,PB,PB,PB,PB,PB,PB,PB,PB,PB,PB,PB,PB,PB,PB,PB,PB,PB,PB,PB,PB,PB,PB,PB,PB,PB,PB,PB,PB+,PB,PB,PB,PB,PB,PB,PB,PB,PB,PB,PB+,PB,PB,PB,PB,PB,PB,PB,PB,PB,PB,PB,PB,PB,PB,PB,PB,PB,PB,PB,PB,PB,PB,PB,PB,PB,PB,PB,PB,PB,PB,PB,PB,PB,PB,PB,PB,PB,PB,PB,PB,PB,PB,PB,PB,PB,PB,PB,PB,PB,PB,PB,PB,PB,PB,PB,PB,PB,PB,PB,PB,PB,PB,PB,PB,PB,PB,PB,PB,PB,PB,PB,PB,PB,PB,PB,PB,PB,PB,PB,PB,PB,PB,PB,PB,PB,PB,PB,PB,PB,PB,PB,PB,PB,PB,PB,PB,PB,PB,PB,PB,PB,PB,PB,PB,PB,PB,PB,PB,PB,PB,PB,PB,PB,PB,PB,PB,PB,PB,PB,PB,PB,PB,PB-,PB,PB,PB,PB,PB,PB,PB,PB,PB,PB-,PB,PB,PB
7,ACRYLIC ACID,FA+,FA+,FA,FA,FA,FA,X,FA,FA,FA,FA,FA,FA,FA,FA,FA,FA,FA,FA,FA,FA,FA,FA,FA,FA,FA,FA,FA,FA,FA,FA,FA,FA,FA,FA,FA,FA,FA,FA,FA,FA,FA-,FA,FA,FA,FA,FA,FA,FA,FA,FA,FA-,FA,FA,FA,FA,FA,FA,FA,FA-,FA-,FA,FA,FA,FA,FA,FA,FA,FA,FA,FA,FA,FA,FA,FA,FA,FA,FA,FA,FA,FA,FA,FA,FA,FA,FA,FA,FA,FA,FA,FA,FA,FA,FA,FA,FA,FA,FA,FA,FA,FA,FA,FA,FA,FA,FA,FA,FA,FA,FA,FA,FA,FA,FA,FA,FA,FA,FA,FA,FA+,FA,FA,FA,FA,FA,FA,FA,FA,FA,FA,FA,FA,FA,FA,FA,FA,FA,FA,FA+,FA,FA,FA,FA,FA,FA,FA,FA,FA,FA,FA,FA,FA,FA,FA,FA,FA,FA,FA,FA,FA,FA-,FA-,FA-,FA,FA,FA,FA,FA,FA,FA,FA,FA,FA,FA,FA,FA,FA,FA,FA,FA+,FA,FA,FA,FA,FA+,FA,FA,FA,FA,FA,FA,FA,FA,FA,FA,FA,FA,FA,FA,FA,FA,FA,FA,FA,FA,FA,FA,FA,FA,FA,FA,FA,FA,FA,FA,FA,FA,FA,FA,FA,FA,FA,FA,FA,FA,FA,FA,FA,FA,FA+,FA,FA,FA,FA,FA,FA,FA,FA,FA,FA,FA,FA,FA,FA,FA,FA,FA,FA,FA,FA,FA,FA,FA,FA,FA,FA,FA,FA,FA,FA,FA,FA,FA,FA,FA,FA,FA,FA,FA,FA,FA,FA,FA,FA,FA,FA,FA,FA,FA,FA,FA,FA,FA,FA+,FA,FA,FA,FA,FA,FA,FA,FA,FA,FA,FA+,FA,FA,FA,FA,FA,FA,FA,FA,FA,FA,FA,FA,FA,FA,FA,FA,FA,FA,FA,FA,FA,FA,FA,FA,FA,FA,FA,FA,FA,FA,FA,FA,FA,FA,FA,FA,FA,FA,FA,FA,FA,FA,FA,FA,FA,FA,FA,FA,FA,FA,FA,FA,FA,FA,FA,FA,FA,FA,FA,FA,FA,FA,FA,FA,FA,FA,FA,FA,FA,FA,FA,FA,FA,FA,FA,FA,FA,FA,FA,FA,FA,FA,FA,FA,FA,FA,FA,FA,FA,FA,FA,FA,FA,FA,FA,FA,FA,FA,FA,FA,FA,FA,FA,FA,FA,FA,FA,FA,FA,FA,FA,FA,FA,FA,FA,FA,FA,FA,FA,FA,FA,FA,FA-,FA,FA,FA,FA,FA,FA,FA,FA,FA,FA-,FA,FA,FA
8,ACRYLONITRILE,BD+,BD+,BD,BD,BD,BD,BD,X,BD,BD,BD,BD,BD,BD,BD,BD,BD,BD,BD,BD,BD,BD,BD,BD,BD,BD,BD,BD,BD,BD,BD,BD,BD,BD,BD,BD,BD,BD,BD,BD,BD,BB-,BD,BD,BD,BD,BD,BD,BD,BD,BD,BB-,BD,BD,BD,BD,BB,BD,BD,BB-,BB-,BD,BB,BD,BD,BD,BD,BD,BD,BD,BD,BD,BD,BD,BD,BD,BD,BD,BD,BD,BD,BD,BD,BD,BD,BD,BD,BD,BD,BD,BD,BD,BD,BD,BD,BD,BD,BD,BD,BD,BD,BD,BD,BD,BD,BD,BD,BD,BD,BD,BD,BD,BD,BD,BD,BD,BD,BD,BD,BD+,BD,BD,BD,BD,BD,BD,BD,BD,BD,BD,BD,BD,BD,BD,BD,BD,BD,BD,BD+,BD,BD,BD,BD,BD,BD,BD,BD,BD,BD,BD,BD,BD,BD,BD,BD,BD,BD,BD,BD,BD,BB-,BB-,BB-,BD,BD,BD,BD,BD,BD,BD,BD,BD,BD,BD,BD,BD,BD,BD,BD,BD+,BD,BD,BD,BD,BD+,BD,BD,BD,BD,BD,BD,BD,BD,BD,BD,BD,BD,BD,BD,BD,BD,BD,BD,BD,BD,BD,BD,BD,BD,BD,BD,BD,BD,BD,BD,BD,BD,BD,BB,BD,BD,BD,BD,BD,BD,BD,BD,BD,BD,BD+,BD,BD,BD,BD,BD,BD,BD,BD,BD,BD,BD,BD,BD,BD,BD,BD,BD,BD,BD,BD,BD,BD,BD,BD,BD,BD,BD,BD,BD,BD,BD,BD,BD,BD,BD,BD,BD,BD,BD,BD,BD,BD,BD,BD,BD,BD,BD,BD,BD,BD,BD,BD,BD,BD+,BD,BD,BD,BD,BD,BD,BD,BD,BD,BD,BD+,BD,BD,BD,BD,BD,BD,BD,BD,BD,BD,BD,BD,BD,BD,BD,BD,BD,BD,BD,BD,BD,BD,BD,BD,BD,BD,BD,BD,BD,BD,BD,BD,BD,BD,BD,BD,BD,BD,BD,BD,BD,BD,BD,BD,BD,BD,BD,BD,BD,BD,BD,BD,BD,BD,BD,BD,BD,BD,BD,BD,BD,BB,BD,BD,BD,BD,BD,BD,BD,BD,BD,BD,BD,BD,BD,BD,BD,BD,BD,BD,BD,BD,BD,BD,BD,BD,BD,BD,BD,BD,BD,BD,BD,BD,BD,BD,BD,BD,BD,BD,BD,BD,BD,BD,BD,BD,BD,BD,BD,BD,BD,BD,BD,BD,BD,BB,BD,BD,BD,BD,BD,BD,BB-,BD,BD,BD,BD,BB,BD,BD,BD,BD,BB-,BD,BD,BD
9,ADIPONITRILE,DF+,DF+,DF,DF,DF,DF,DF,DF,X,DF,DF,DF,DF,DF,DF,DF,DF,DF,DF,DF,DF,DF,DF,DF,DF,DF,DF,DF,DF,DF,DF,DF,DF,DF,DF,DF,DF,DF,DF,DF,DF,DF-,DF,DF,DF,DF,DF,DF,DF,DF,DF,DF-,DF,DF,DF,DF,DF,DF,DF,DF-,DF-,DF,DF,DF,DF,DF,DF,DF,DF,DF,DF,DF,DF,DF,DF,DF,DF,DF,DF,DF,DF,DF,DF,DF,DF,DF,DF,DF,DF,DF,DF,DF,DF,DF,DF,DF,DF,DF,DF,DF,DF,DF,DF,DF,DF,DF,DF,DF,DF,DF,DF,DF,DF,DF,DF,DF,DF,DF,DF,DF+,DF,DF,DF,DF,DF,DF,DF,DF,DF,DF,DF,DF,DF,DF,DF,DF,DF,DF,DF+,DF,DF,DF,DF,DF,DF,DF,DF,DF,DF,DF,DF,DF,DF,DF,DF,DF,DF,DF,DF,DF,DF-,DF-,DF-,DF,DF,DF,DF,DF,DF,DF,DF,DF,DF,DF,DF,DF,DF,DF,DF,DF+,DF,DF,DF,DF,DF+,DF,DF,DF,DF,DF,DF,DF,DF,DF,DF,DF,DF,DF,DF,DF,DF,DF,DF,DF,DF,DF,DF,DF,DF,DF,DF,DF,DF,DF,DF,DF,DF,DF,DF,DF,DF,DF,DF,DF,DF,DF,DF,DF,DF,DF+,DF,DF,DF,DF,DF,DF,DF,DF,DF,DF,DF,DF,DF,DF,DF,DF,DF,DF,DF,DF,DF,DF,DF,DF,DF,DF,DF,DF,DF,DF,DF,DF,DF,DF,DF,DF,DF,DF,DF,DF,DF,DF,DF,DF,DF,DF,DF,DF,DF,DF,DF,DF,DF,DF+,DF,DF,DF,DF,DF,DF,DF,DF,DF,DF,DF+,DF,DF,DF,DF,DF,DF,DF,DF,DF,DF,DF,DF,DF,DF,DF,DF,DF,DF,DF,DF,DF,DF,DF,DF,DF,DF,DF,DF,DF,DF,DF,DF,DF,DF,DF,DF,DF,DF,DF,DF,DF,DF,DF,DF,DF,DF,DF,DF,DF,DF,DF,DF,DF,DF,DF,DF,DF,DF,DF,DF,DF,DF,DF,DF,DF,DF,DF,DF,DF,DF,DF,DF,DF,DF,DF,DF,DF,DF,DF,DF,DF,DF,DF,DF,DF,DF,DF,DF,DF,DF,DF,DF,DF,DF,DF,DF,DF,DF,DF,DF,DF,DF,DF,DF,DF,DF,DF,DF,DF,DF,DF,DF,DF,DF,DF,DF,DF,DF,DF,DF,DF,DF,DF-,DF,DF,DF,DF,DF,DF,DF,DF,DF,DF-,DF,DF,DF
10,ALCOHOL ETHOXYLATES,DD+,DD+,DD,DD,DD,DD,DD,DD,DD,X,DD,DD,DD,DD,DD,DD,DD,DD,DD,DD,DD,DD,DD,DD,DD,DD,DD,DD,DD,DD,DD,DD,DD,DD,DD,DD,DD,DD,DD,DD,DD,DD-,DD,DD,DD,DD,DD,DD,DD,DD,DD,DD-,DD,DD,DD,DD,DD,DD,DD,DD-,DD-,DD,DD,DD,DD,DD,DD,DD,DD,DD,DD,DD,DD,DD,DD,DD,DD,DD,DD,DD,DD,DD,DD,DD,DD,DD,DD,DD,DD,DD,DD,DD,DD,DD,DD,DD,DD,DD,DD,DD,DD,DD,DD,DD,DD,DD,DD,DD,DD,DD,DD,DD,DD,DD,DD,DD,DD,DD,DD,DD+,DD,DD,DD,DD,DD,DD,DD,DD,DD,DD,DD,DD,DD,DD,DD,DD,DD,DD,DD+,DD,DD,DD,DD,DD,DD,DD,DD,DD,DD,DD,DD,DD,DD,DD,DD,DD,DD,DD,DD,DD,DD-,DD-,DD-,DD,DD,DD,DD,DD,DD,DD,DD,DD,DD,DD,DD,DD,DD,DD,DD,DD+,DD,DD,DD,DD,DD+,DD,DD,DD,DD,DD,DD,DD,DD,DD,DD,DD,DD,DD,DD,DD,DD,DD,DD,DD,DD,DD,DD,DD,DD,DD,DD,DD,DD,DD,DD,DD,DD,DD,DD,DD,DD,DD,DD,DD,DD,DD,DD,DD,DD,DD+,DD,DD,DD,DD,DD,DD,DD,DD,DD,DD,DD,DD,DD,DD,DD,DD,DD,DD,DD,DD,DD,DD,DD,DD,DD,DD,DD,DD,DD,DD,DD,DD,DD,DD,DD,DD,DD,DD,DD,DD,DD,DD,DD,DD,DD,DD,DD,DD,DD,DD,DD,DD,DD,DD+,DD,DD,DD,DD,DD,DD,DD,DD,DD,DD,DD+,DD,DD,DD,DD,DD,DD,DD,DD,DD,DD,DD,DD,DD,DD,DD,DD,DD,DD,DD,DD,DD,DD,DD,DD,DD,DD,DD,DD,DD,DD,DD,DD,DD,DD,DD,DD,DD,DD,DD,DD,DD,DD,DD,DD,DD,DD,DD,DD,DD,DD,DD,DD,DD,DD,DD,DD,DD,DD,DD,DD,DD,DD,DD,DD,DD,DD,DD,DD,DD,DD,DD,DD,DD,DD,DD,DD,DD,DD,DD,DD,DD,DD,DD,DD,DD,DD,DD,DD,DD,DD,DD,DD,DD,DD,DD,DD,DD,DD,DD,DD,DD,DD,DD,DD,DD,DD,DD,DD,DD,DD,DD,DD,DD,DD,DD,DD,DD,DD,DD,DD,DD,DD,DD-,DD,DD,DD,DD,DD,DD,DD,DD,DD,DD-,DD,DD,DD
11,ALCOHOL MIXTURES (C13 AND ABOVE),IB+,IB+,IB,IB,IB,IB,IB,IB,IB,IB,X,IB,IB,IB,IB,IB,IB,IB,IB,DD,IB,IB,IB,IB,IB,IB,IB,IB,DD,DD,DD,DD,IB,IB,IB,IB,IB,IB,IB,IB,IB,DD-,IB,DD,IB,IB,IB,IB,IB,IB,IB,DD-,DD,DD,DD,IB,DD,IB,IB,DD-,DD-,IB,DD,IB,IB,IB,IB,IB,IB,IB,IB,IB,IB,IB,IB,IB,IB,IB,IB,IB,DD,IB,IB,IB,IB,IB,IB,IB,IB,IB,IB,IB,IB,IB,IB,IB,IB,IB,IB,IB,IB,IB,IB,IB,IB,IB,IB,IB,IB,IB,IB,IB,IB,IB,IB,IB,IB,IB,IB,IB+,IB,IB,IB,IB,IB,IB,IB,IB,IB,IB,IB,IB,IB,IB,IB,IB,IB,IB,IB+,IB,IB,IB,IB,IB,IB,IB,IB,IB,IB,IB,IB,IB,DD,DD,DD,IB,IB,IB,IB,IB,DD-,DD-,DD-,IB,IB,DD,DD,DD,DD,DD,DD,IB,IB,IB,IB,DD,DD,IB,IB,IB+,IB,IB,IB,IB,IB+,IB,IB,DD,DD,DD,IB,IB,IB,IB,IB,IB,DD,IB,IB,IB,IB,IB,IB,IB,IB,IB,IB,IB,IB,IB,DD,DD,IB,IB,DD,IB,DD,IB,DD,IB,DD,DD,DD,DD,IB,IB,IB,IB,IB,IB+,IB,IB,IB,IB,IB,IB,IB,IB,IB,IB,IB,IB,IB,IB,IB,IB,IB,IB,IB,IB,IB,IB,IB,IB,DD,IB,DD,DD,IB,DD,DD,DD,IB,IB,IB,IB,IB,IB,IB,IB,IB,IB,IB,IB,IB,IB,IB,IB,IB,IB,IB,IB,IB,IB+,IB,IB,IB,IB,IB,IB,IB,IB,IB,IB,IB+,IB,DD,IB,IB,IB,IB,IB,DD,DD,DD,DD,DD,DD,DD,DD,DD,DD,DD,DD,DD,IB,IB,IB,IB,IB,IB,IB,IB,IB,IB,IB,IB,IB,IB,IB,IB,IB,IB,IB,DD,IB,IB,IB,IB,IB,IB,IB,IB,IB,IB,IB,IB,IB,IB,IB,DD,DD,DD,DD,DD,DD,DD,IB,IB,DD,DD,IB,DD,DD,IB,IB,IB,IB,IB,DD,IB,IB,IB,IB,DD,DD,DD,DD,IB,IB,IB,IB,IB,IB,IB,IB,IB,IB,IB,IB,IB,IB,IB,IB,IB,IB,IB,IB,IB,IB,IB,IB,IB,IB,IB,IB,IB,IB,DD,DD,DD,IB,DD,DD,DD,DD,DD,DD-,IB,IB,DD,DD,DD,IB,IB,IB,IB,DD-,IB,IB,IB
12,ALKYLBENZENESULPHONIC ACIDS,DD+,DD+,DD,DD,DD,DD,DD,DD,DD,DD,DD,X,DD,DD,DD,DD,DD,DD,DD,DD,DD,DD,DD,DD,DD,DD,DD,DD,DD,DD,DD,DD,DD,DD,DD,DD,DD,DD,DD,DD,DD,DD-,DD,DD,DD,DD,DD,DD,DD,DD,DD,DD-,DD,DD,DD,DD,DD,DD,DD,DD-,DD-,DD,DD,DD,DD,DD,DD,DD,DD,DD,DD,DD,DD,DD,DD,DD,DD,DD,DD,DD,DD,DD,DD,DD,DD,DD,DD,DD,DD,DD,DD,DD,DD,DD,DD,DD,DD,DD,DD,DD,DD,DD,DD,DD,DD,DD,DD,DD,DD,DD,DD,DD,DD,DD,DD,DD,DD,DD,DD,DD+,DD,DD,DD,DD,DD,DD,DD,DD,DD,DD,DD,DD,DD,DD,DD,DD,DD,DD,DD+,DD,DD,DD,DD,DD,DD,DD,DD,DD,DD,DD,DD,DD,DD,DD,DD,DD,DD,DD,DD,DD,DD-,DD-,DD-,DD,DD,DD,DD,DD,DD,DD,DD,DD,DD,DD,DD,DD,DD,DD,DD,DD+,DD,DD,DD,DD,DD+,DD,DD,DD,DD,DD,DD,DD,DD,DD,DD,DD,DD,DD,DD,DD,DD,DD,DD,DD,DD,DD,DD,DD,DD,DD,DD,DD,DD,DD,DD,DD,DD,DD,DD,DD,DD,DD,DD,DD,DD,DD,DD,DD,DD,DD+,DD,DD,DD,DD,DD,DD,DD,DD,DD,DD,DD,DD,DD,DD,DD,DD,DD,DD,DD,DD,DD,DD,DD,DD,DD,DD,DD,DD,DD,DD,DD,DD,DD,DD,DD,DD,DD,DD,DD,DD,DD,DD,DD,DD,DD,DD,DD,DD,DD,DD,DD,DD,DD,DD+,DD,DD,DD,DD,DD,DD,DD,DD,DD,DD,DD+,DD,DD,DD,DD,DD,DD,DD,DD,DD,DD,DD,DD,DD,DD,DD,DD,DD,DD,DD,DD,DD,DD,DD,DD,DD,DD,DD,DD,DD,DD,DD,DD,DD,DD,DD,DD,DD,DD,DD,DD,DD,DD,DD,DD,DD,DD,DD,DD,DD,DD,DD,DD,DD,DD,DD,DD,DD,DD,DD,DD,DD,DD,DD,DD,DD,DD,DD,DD,DD,DD,DD,DD,DD,DD,DD,DD,DD,DD,DD,DD,DD,DD,DD,DD,DD,DD,DD,DD,DD,DD,DD,DD,DD,DD,DD,DD,DD,DD,DD,DD,DD,DD,DD,DD,DD,DD,DD,DD,DD,DD,DD,DD,DD,DD,DD,DD,DD,DD,DD,DD,DD,DD,DD-,DD,DD,DD,DD,DD,DD,DD,DD,DD,DD-,DD,DD,DD
13,ALLYL ALCOHOL,C+,C+,C,C,C,C,C,C,C,C,C,C,X,C,C,C,C,C,C,C,C,C,C,C,C,C,C,C,C,C,C,C,C,C,C,C,C,C,C,C,C,C-,C,C,C,C,C,C,C,C,C,C-,C,C,C,C,C,C,C,C-,C-,C,C,C,C,C,C,C,C,C,C,C,C,C,C,C,C,C,C,C,C,C,C,C,C,C,C,C,C,C,C,C,C,C,C,C,C,C,C,C,C,C,C,C,C,C,C,C,C,C,C,C,C,C,C,C,C,C,C,C+,C,C,C,C,C,C,C,C,C,C,C,C,C,C,C,C,C,C,C+,C,C,C,C,C,C,C,C,C,C,C,C,C,C,C,C,C,C,C,C,C,C-,C-,C-,C,C,C,C,C,C,C,C,C,C,C,C,C,C,C,C,C+,C,C,C,C,C+,C,C,C,C,C,C,C,C,C,C,C,C,C,C,C,C,C,C,C,C,C,C,C,C,C,C,C,C,C,C,C,C,C,C,C,C,C,C,C,C,C,C,C,C,C+,C,C,C,C,C,C,C,C,C,C,C,C,C,C,C,C,C,C,C,C,C,C,C,C,C,C,C,C,C,C,C,C,C,C,C,C,C,C,C,C,C,C,C,C,C,C,C,C,C,C,C,C,C,C+,C,C,C,C,C,C,C,C,C,C,C+,C,C,C,C,C,C,C,C,C,C,C,C,C,C,C,C,C,C,C,C,C,C,C,C,C,C,C,C,C,C,C,C,C,C,C,C,C,C,C,C,C,C,C,C,C,C,C,C,C,C,C,C,C,C,C,C,C,C,C,C,C,C,C,C,C,C,C,C,C,C,C,C,C,C,C,C,C,C,C,C,C,C,C,C,C,C,C,C,C,C,C,C,C,C,C,C,C,C,C,C,C,C,C,C,C,C,C,C,C,C,C,C,C,C,C,C,C,C,C,C,C,C,C-,C,C,C,C,C,C,C,C,C,C-,C,C,C
14,ALLYL CHLORIDE,CA+,CA+,CA,CA,CA,CA,CA,CA,CA,CA,CA,CA,CA,X,CA,CA,CA,CA,CA,CA,CA,CA,CA,CA,CA,CA,CA,CA,CA,CA,CA,CA,CA,CA,CA,CA,CA,CA,CA,CA,CA,CA-,CA,CA,CA,CA,CA,CA,CA,CA,CA,CA-,CA,CA,CA,CA,CA,CA,CA,CA-,CA-,CA,CA,CA,CA,CA,CA,CA,CA,CA,CA,CA,CA,CA,CA,CA,CA,CA,CA,CA,CA,CA,CA,CA,CA,CA,CA,CA,CA,CA,CA,CA,CA,CA,CA,CA,CA,CA,CA,CA,CA,CA,CA,CA,CA,CA,CA,CA,CA,CA,CA,CA,CA,CA,CA,CA,CA,CA,CA,CA+,CA,CA,CA,CA,CA,CA,CA,CA,CA,CA,CA,CA,CA,CA,CA,CA,CA,CA,CA+,CA,CA,CA,CA,CA,CA,CA,CA,CA,CA,CA,CA,CA,CA,CA,CA,CA,CA,CA,CA,CA,CA-,CA-,CA-,CA,CA,CA,CA,CA,CA,CA,CA,CA,CA,CA,CA,CA,CA,CA,CA,CA+,CA,CA,CA,CA,CA+,CA,CA,CA,CA,CA,CA,CA,CA,CA,CA,CA,CA,CA,CA,CA,CA,CA,CA,CA,CA,CA,CA,CA,CA,CA,CA,CA,CA,CA,CA,CA,CA,CA,CA,CA,CA,CA,CA,CA,CA,CA,CA,CA,CA,CA+,CA,CA,CA,CA,CA,CA,CA,CA,CA,CA,CA,CA,CA,CA,CA,CA,CA,CA,CA,CA,CA,CA,CA,CA,CA,CA,CA,CA,CA,CA,CA,CA,CA,CA,CA,CA,CA,CA,CA,CA,CA,CA,CA,CA,CA,CA,CA,CA,CA,CA,CA,CA,CA,CA+,CA,CA,CA,CA,CA,CA,CA,CA,CA,CA,CA+,CA,CA,CA,CA,CA,CA,CA,CA,CA,CA,CA,CA,CA,CA,CA,CA,CA,CA,CA,CA,CA,CA,CA,CA,CA,CA,CA,CA,CA,CA,CA,CA,CA,CA,CA,CA,CA,CA,CA,CA,CA,CA,CA,CA,CA,CA,CA,CA,CA,CA,CA,CA,CA,CA,CA,CA,CA,CA,CA,CA,CA,CA,CA,CA,CA,CA,CA,CA,CA,CA,CA,CA,CA,CA,CA,CA,CA,CA,CA,CA,CA,CA,CA,CA,CA,CA,CA,CA,CA,CA,CA,CA,CA,CA,CA,CA,CA,CA,CA,CA,CA,CA,CA,CA,CA,CA,CA,CA,CA,CA,CA,CA,CA,CA,CA,CA,CA,CA,CA,CA,CA,CA,CA-,CA,CA,CA,CA,CA,CA,CA,CA,CA,CA-,CA,CA,CA
15,AMINOETHYL ETHANOLAMINE,GC+,GC+,GC,GC,GC,GC,GC,GC,GC,GC,GC,GC,GC,GC,X,GC,GC,GC,GC,GC,GC,GC,GC,GC,GC,GC,GC,GC,GC,GC,GC,GC,GC,GC,GC,GC,GC,GC,GC,GC,GC,GC-,GC,GC,GC,GC,GC,GC,GC,GC,GC,GC-,GC,GC,GC,GC,GC,GC,GC,GC-,GC-,GC,GC,GC,GC,GC,GC,GC,GC,GC,GC,GC,GC,GC,GC,GC,GC,GC,GC,GC,GC,GC,GC,GC,GC,GC,GC,GC,GC,GC,GC,GC,GC,GC,GC,GC,GC,GC,GC,GC,GC,GC,GC,GC,GC,GC,GC,GC,GC,GC,GC,GC,GC,GC,GC,GC,GC,GC,GC,GC+,GC,GC,GC,GC,GC,GC,GC,GC,GC,GC,GC,GC,GC,GC,GC,GC,GC,GC,GC+,GC,GC,GC,GC,GC,GC,GC,GC,GC,GC,GC,GC,GC,GC,GC,GC,GC,GC,GC,GC,GC,GC-,GC-,GC-,GC,GC,GC,GC,GC,GC,GC,GC,GC,GC,GC,GC,GC,GC,GC,GC,GC+,GC,GC,GC,GC,GC+,GC,GC,GC,GC,GC,GC,GC,GC,GC,GC,GC,GC,GC,GC,GC,GC,GC,GC,GC,GC,GC,GC,GC,GC,GC,GC,GC,GC,GC,GC,GC,GC,GC,GC,GC,GC,GC,GC,GC,GC,GC,GC,GC,GC,GC+,GC,GC,GC,GC,GC,GC,GC,GC,GC,GC,GC,GC,GC,GC,GC,GC,GC,GC,GC,GC,GC,GC,GC,GC,GC,GC,GC,GC,GC,GC,GC,GC,GC,GC,GC,GC,GC,GC,GC,GC,GC,GC,GC,GC,GC,GC,GC,GC,GC,GC,GC,GC,GC,GC+,GC,GC,GC,GC,GC,GC,GC,GC,GC,GC,GC+,GC,GC,GC,GC,GC,GC,GC,GC,GC,GC,GC,GC,GC,GC,GC,GC,GC,GC,GC,GC,GC,GC,GC,GC,GC,GC,GC,GC,GC,GC,GC,GC,GC,GC,GC,GC,GC,GC,GC,GC,GC,GC,GC,GC,GC,GC,GC,GC,GC,GC,GC,GC,GC,GC,GC,GC,GC,GC,GC,GC,GC,GC,GC,GC,GC,GC,GC,GC,GC,GC,GC,GC,GC,GC,GC,GC,GC,GC,GC,GC,GC,GC,GC,GC,GC,GC,GC,GC,GC,GC,GC,GC,GC,GC,GC,GC,GC,GC,GC,GC,GC,GC,GC,GC,GC,GC,GC,GC,GC,GC,GC,GC,GC,GC,GC,GC,GC,GC,GC,GC,GC,GC,GC-,GC,GC,GC,GC,GC,GC,GC,GC,GC,GC-,GC,GC,GC
16,AMMONIA AQUEOUS (28% OR LESS),BA+,BA+,BA,BA,BA,BA,BA,BA,BA,BA,BA,BA,BA,BA,BA,X,BA,BA,BA,BA,BA,BA,BA,BA,BA,BA,BA,BA,BA,BA,BA,BA,BA,BA,BA,BA,BA,BA,BA,BA,BA,BA-,BA,BA,BA,BA,BA,BA,BA,BA,BA,BA-,BA,BA,BA,BA,BA,BA,BA,BA-,BA-,BA,BA,BA,BA,BA,BA,BA,BA,BA,BA,BA,BA,BA,BA,BA,BA,BA,BA,BA,BA,BA,BA,BA,BA,BA,BA,BA,BA,BA,BA,BA,BA,BA,BA,BA,BA,BA,BA,BA,BA,BA,BA,BA,BA,BA,BA,BA,BA,BA,BA,BA,BA,BA,BA,BA,BA,BA,BA,BA+,BA,BA,BA,BA,BA,BA,BA,BA,BA,BA,BA,BA,BA,BA,BA,BA,BA,BA,BA+,BA,BA,BA,BA,BA,BA,BA,BA,BA,BA,BA,BA,BA,BA,BA,BA,BA,BA,BA,BA,BA,BA-,BA-,BA-,BA,BA,BA,BA,BA,BA,BA,BA,BA,BA,BA,BA,BA,BA,BA,BA,BA+,BA,BA,BA,BA,BA+,BA,BA,BA,BA,BA,BA,BA,BA,BA,BA,BA,BA,BA,BA,BA,BA,BA,BA,BA,BA,BA,BA,BA,BA,BA,BA,BA,BA,BA,BA,BA,BA,BA,BA,BA,BA,BA,BA,BA,BA,BA,BA,BA,BA,BA+,BA,BA,BA,BA,BA,BA,BA,BA,BA,BA,BA,BA,BA,BA,BA,BA,BA,BA,BA,BA,BA,BA,BA,BA,BA,BA,BA,BA,BA,BA,BA,BA,BA,BA,BA,BA,BA,BA,BA,BA,BA,BA,BA,BA,BA,BA,BA,BA,BA,BA,BA,BA,BA,BA+,BA,BA,BA,BA,BA,BA,BA,BA,BA,BA,BA+,BA,BA,BA,BA,BA,BA,BA,BA,BA,BA,BA,BA,BA,BA,BA,BA,BA,BA,BA,BA,BA,BA,BA,BA,BA,BA,BA,BA,BA,BA,BA,BA,BA,BA,BA,BA,BA,BA,BA,BA,BA,BA,BA,BA,BA,BA,BA,BA,BA,BA,BA,BA,BA,BA,BA,BA,BA,BA,BA,BA,BA,BA,BA,BA,BA,BA,BA,BA,BA,BA,BA,BA,BA,BA,BA,BA,BA,BA,BA,BA,BA,BA,BA,BA,BA,BA,BA,BA,BA,BA,BA,BA,BA,BA,BA,BA,BA,BA,BA,BA,BA,BA,BA,BA,BA,BA,BA,BA,BA,BA,BA,BA,BA,BA,BA,BA,BA,BA,BA,BA,BA,BA,BA-,BA,BA,BA,BA,BA,BA,BA,BA,BA,BA-,BA,BA,BA
17,AMYL ACETATES (MIXED ISOMERS),C+,C+,C,C,C,C,C,C,C,C,C,C,C,C,C,C,X,C,C,C,C,C,C,C,C,C,C,C,C,C,C,C,C,C,C,C,C,C,C,C,C,C-,C,C,C,C,C,C,C,C,C,C-,C,C,C,C,C,C,C,C-,C-,C,C,C,C,C,C,C,C,C,C,C,C,C,C,C,C,C,C,C,C,C,C,C,C,C,C,C,C,C,C,C,C,C,C,C,C,C,C,C,C,C,C,C,C,C,C,C,C,C,C,C,C,C,C,C,C,C,C,C+,C,C,C,C,C,C,C,C,C,C,C,C,C,C,C,C,C,C,C+,C,C,C,C,C,C,C,C,C,C,C,C,C,C,C,C,C,C,C,C,C,C-,C-,C-,C,C,C,C,C,C,C,C,C,C,C,C,C,C,C,C,C+,C,C,C,C,C+,C,C,C,C,C,C,C,C,C,C,C,C,C,C,C,C,C,C,C,C,C,C,C,C,C,C,C,C,C,C,C,C,C,C,C,C,C,C,C,C,C,C,C,C,C+,C,C,C,C,C,C,C,C,C,C,C,C,C,C,C,C,C,C,C,C,C,C,C,C,C,C,C,C,C,C,C,C,C,C,C,C,C,C,C,C,C,C,C,C,C,C,C,C,C,C,C,C,C,C+,C,C,C,C,C,C,C,C,C,C,C+,C,C,C,C,C,C,C,C,C,C,C,C,C,C,C,C,C,C,C,C,C,C,C,C,C,C,C,C,C,C,C,C,C,C,C,C,C,C,C,C,C,C,C,C,C,C,C,C,C,C,C,C,C,C,C,C,C,C,C,C,C,C,C,C,C,C,C,C,C,C,C,C,C,C,C,C,C,C,C,C,C,C,C,C,C,C,C,C,C,C,C,C,C,C,C,C,C,C,C,C,C,C,C,C,C,C,C,C,C,C,C,C,C,C,C,C,C,C,C,C,C,C,C-,C,C,C,C,C,C,C,C,C,C-,C,C,C
18,AMYLALCOHOLS,C+,C+,C,C,C,C,C,C,C,C,C,C,C,C,C,C,C,X,C,C,C,C,C,C,C,C,C,C,C,C,C,C,C,C,C,C,C,C,C,C,C,C-,C,C,C,C,C,C,C,C,C,C-,C,C,C,C,C,C,C,C-,C-,C,C,C,C,C,C,C,C,C,C,C,C,C,C,C,C,C,C,C,C,C,C,C,C,C,C,C,C,C,C,C,C,C,C,C,C,C,C,C,C,C,C,C,C,C,C,C,C,C,C,C,C,C,C,C,C,C,C,C+,C,C,C,C,C,C,C,C,C,C,C,C,C,C,C,C,C,C,C+,C,C,C,C,C,C,C,C,C,C,C,C,C,C,C,C,C,C,C,C,C,C-,C-,C-,C,C,C,C,C,C,C,C,C,C,C,C,C,C,C,C,C+,C,C,C,C,C+,C,C,C,C,C,C,C,C,C,C,C,C,C,C,C,C,C,C,C,C,C,C,C,C,C,C,C,C,C,C,C,C,C,C,C,C,C,C,C,C,C,C,C,C,C+,C,C,C,C,C,C,C,C,C,C,C,C,C,C,C,C,C,C,C,C,C,C,C,C,C,C,C,C,C,C,C,C,C,C,C,C,C,C,C,C,C,C,C,C,C,C,C,C,C,C,C,C,C,C+,C,C,C,C,C,C,C,C,C,C,C+,C,C,C,C,C,C,C,C,C,C,C,C,C,C,C,C,C,C,C,C,C,C,C,C,C,C,C,C,C,C,C,C,C,C,C,C,C,C,C,C,C,C,C,C,C,C,C,C,C,C,C,C,C,C,C,C,C,C,C,C,C,C,C,C,C,C,C,C,C,C,C,C,C,C,C,C,C,C,C,C,C,C,C,C,C,C,C,C,C,C,C,C,C,C,C,C,C,C,C,C,C,C,C,C,C,C,C,C,C,C,C,C,C,C,C,C,C,C,C,C,C,C,C-,C,C,C,C,C,C,C,C,C,C-,C,C,C
19,ANILINE,D+,D+,D,D,D,D,D,D,D,D,D,D,D,D,D,D,D,D,X,D,D,D,D,D,D,D,D,D,D,D,D,D,D,D,D,D,D,D,D,D,D,D-,D,D,D,D,D,D,D,D,D,D-,D,D,D,D,D,D,D,D-,D-,D,D,D,D,D,D,D,D,D,D,D,D,D,D,D,D,D,D,D,D,D,D,D,D,D,D,D,D,D,D,D,D,D,D,D,D,D,D,D,D,D,D,D,D,D,D,D,D,D,D,D,D,D,D,D,D,D,D,D+,D,D,D,D,D,D,D,D,D,D,D,D,D,D,D,D,D,D,D+,D,D,D,D,D,D,D,D,D,D,D,D,D,D,D,D,D,D,D,D,D,D-,D-,D-,D,D,D,D,D,D,D,D,D,D,D,D,D,D,D,D,D+,D,D,D,D,D+,D,D,D,D,D,D,D,D,D,D,D,D,D,D,D,D,D,D,D,D,D,D,D,D,D,D,D,D,D,D,D,D,D,D,D,D,D,D,D,D,D,D,D,D,D+,D,D,D,D,D,D,D,D,D,D,D,D,D,D,D,D,D,D,D,D,D,D,D,D,D,D,D,D,D,D,D,D,D,D,D,D,D,D,D,D,D,D,D,D,D,D,D,D,D,D,D,D,D,D+,D,D,D,D,D,D,D,D,D,D,D+,D,D,D,D,D,D,D,D,D,D,D,D,D,D,D,D,D,D,D,D,D,D,D,D,D,D,D,D,D,D,D,D,D,D,D,D,D,D,D,D,D,D,D,D,D,D,D,D,D,D,D,D,D,D,D,D,D,D,D,D,D,D,D,D,D,D,D,D,D,D,D,D,D,D,D,D,D,D,D,D,D,D,D,D,D,D,D,D,D,D,D,D,D,D,D,D,D,D,D,D,D,D,D,D,D,D,D,D,D,D,D,D,D,D,D,D,D,D,D,D,D,D,D-,D,D,D,D,D,D,D,D,D,D-,D,D,D
20,AUTOMOTIVE GASOIL ULS,IJ+,IJ+,IJ,IJ,IJ,IJ,IJ,IJ,IJ,IJ,IJ,IJ,IJ,IJ,IJ,IJ,IJ,IJ,IJ,H,HH,H,H,IJ,IJ,IJ,IJ,IJ,HH,HH,HH,HH,IJ,IJ,IJ,IJ,IJ,IJ,IJ,IJ,IJ,DF-,IJ,IJ,IJ,IJ,IJ,IJ,IJ,IJ,IJ,DF-,DF,IJ,IJ,IJ,DF,IJ,IJ,H-,H-,IJ,H,IJ,IJ,IJ,IJ,IJ,IJ,IJ,IJ,IJ,IJ,IJ,IJ,IJ,IJ,IJ,IJ,IJ,H,IJ,IJ,IJ,IJ,IJ,IJ,IJ,IJ,IJ,IJ,IJ,IJ,IJ,IJ,IJ,IJ,IJ,IJ,IJ,IJ,IJ,IJ,IJ,IJ,IJ,IJ,IJ,IJ,IJ,IJ,IJ,IJ,IJ,IJ,IJ,IJ,IJ,IJ,IJ+,IJ,IJ,IJ,IJ,IJ,IJ,IJ,IJ,IJ,IJ,IJ,IJ,IJ,IJ,IJ,IJ,IJ,IJ,IJ+,IJ,IJ,IJ,IJ,IJ,IJ,IJ,IJ,IJ,IJ,IJ,IJ,IJ,DF,IJ,IJ,IJ,IJ,IJ,IJ,IJ,H-,H-,H-,IJ,IJ,H,H,H,H,H,H,IJ,IJ,IJ,IJ,IJ,HB,IJ,IJ,IJ+,IJ,IJ,IJ,IJ,IJ+,IJ,IJ,H,HB,H,IJ,IJ,IJ,IJ,IJ,IJ,H,IJ,IJ,IJ,IJ,IJ,IJ,IJ,IJ,IJ,IJ,IJ,IJ,H,H,H,IJ,IJ,IJ,IJ,IJ,IJ,H,IJ,IJ,DF,H,IJ,IJ,IJ,IJ,IJ,IJ,IJ+,IJ,IJ,IJ,IJ,IJ,IJ,IJ,IJ,IJ,IJ,IJ,IJ,IJ,IJ,IJ,IJ,IJ,IJ,IJ,IJ,IJ,IJ,IJ,IJ,IJ,IJ,H,IJ,IJ,HB,H,H,IJ,IJ,IJ,IJ,IJ,IJ,IJ,IJ,IJ,IJ,IJ,IJ,IJ,IJ,IJ,IJ,IJ,IJ,IJ,IJ,IJ,IJ+,IJ,IJ,IJ,IJ,IJ,IJ,IJ,IJ,IJ,IJ,IJ+,IJ,IJ,IJ,IJ,IJ,IJ,IJ,IJ,IJ,IJ,IJ,DF,IJ,IJ,IJ,IJ,IJ,IJ,IJ,IJ,IJ,IJ,IJ,IJ,IJ,IJ,IJ,IJ,IJ,IJ,IJ,IJ,IJ,IJ,IJ,IJ,IJ,IJ,IJ,IJ,IJ,IJ,IJ,IJ,IJ,IJ,IJ,IJ,IJ,IJ,IJ,IJ,IJ,IJ,IJ,DF,IJ,IJ,HB,H,HB,H,IJ,IJ,H,DF,IJ,DF,IJ,IJ,IJ,IJ,IJ,H,IJ,IJ,IJ,IJ,IJ,IJ,DF,DF,IJ,IJ,IJ,IJ,IJ,IJ,IJ,IJ,IJ,IJ,IJ,IJ,IJ,IJ,IJ,IJ,IJ,IJ,IJ,IJ,IJ,IJ,IJ,IJ,IJ,IJ,IJ,IJ,IJ,IJ,IJ,IJ,H,H,IJ,IJ,IJ,IJ,IJ,DF,H-,IJ,IJ,IJ,H,H,IJ,IJ,IJ,IJ,H-,H,H,IJ
21,AVIATION GASOLINE (LEADED),IE+,IE+,IE,IE,IE,IE,IE,IE,IE,IE,IE,IE,IE,IE,IE,IE,IE,IE,IE,HG,H,HH,HH,IE,IE,IE,IE,IE,HH,HH,HH,HH,IE,IE,IE,IE,IE,IE,IE,IE,IE,ID-,IE,IE,IE,IE,IE,IE,IE,IE,IE,ID-,ID,IE,IE,IE,ID,IE,IE,HA-,HA-,IE,HC,IE,IE,IE,IE,IE,IE,IE,IE,IE,IE,IE,IE,IE,IE,IE,IE,IE,HC,IE,IE,IE,IE,IE,IE,IE,IE,IE,IE,IE,IE,IE,IE,IE,IE,IE,IE,IE,IE,IE,IE,IE,IE,IE,IE,IE,IE,IE,IE,IE,IE,IE,IE,IE,IE,IE,IE,IE+,IE,IE,IE,IE,IE,IE,IE,IE,IE,IE,IE,IE,IE,IE,IE,IE,IE,IE,IE+,IE,IE,IE,IE,IE,IE,IE,IE,IE,IE,IE,IE,IE,ID,IE,IE,IE,IE,IE,IE,IE,HC-,HC-,HC-,IE,IE,HC,HC,HC,H,HA,HG,IE,IE,IE,IE,IE,HX,IE,IE,IE+,IE,IE,IE,IE,IE+,IE,IE,HG,HX,HG,IE,IE,IE,IE,IE,IE,HA,IE,IE,IE,IE,IE,IE,IE,IE,IE,IE,IE,IE,HH,HC,HC,IE,IE,IE,IE,IE,IE,HC,IE,IE,ID,HG,IE,IE,IE,IE,IE,IE,IE+,IE,IE,IE,IE,IE,IE,IE,IE,IE,IE,IE,IE,IE,IE,IE,IE,IE,IE,IE,IE,IE,IE,IE,IE,IE,IE,HA,IE,IE,HX,HX,HX,IE,IE,IE,IE,IE,IE,IE,IE,IE,IE,IE,IE,IE,IE,IE,IE,IE,IE,IE,IE,IE,IE+,IE,IE,IE,IE,IE,IE,IE,IE,IE,IE,IE+,IE,IE,IE,IE,IE,IE,IE,IE,IE,IE,IE,ID,IE,IE,IE,IE,IE,IE,IE,IE,IE,IE,IE,IE,IE,IE,IE,IE,IE,IE,IE,IE,IE,IE,IE,IE,IE,IE,IE,ID,IE,IE,IE,IE,IE,IE,IE,IE,IE,IE,IE,IE,IE,IE,IE,ID,IE,IE,HX,HG,HX,HC,IE,IE,HC,ID,IE,ID,ID,IE,IE,IE,IE,HH,IE,IE,IE,IE,IE,IE,ID,ID,IE,IE,IE,IE,IE,IE,IE,IE,IE,IE,IE,IE,IE,IE,IE,IE,IE,IE,IE,IE,IE,IE,IE,IE,IE,IE,IE,IE,IE,IE,IE,IE,HG,HC,IE,ID,ID,IE,IE,ID,HC-,IE,IE,IE,HG,HC,IE,IE,IE,IE,HC-,HH,HH,IE
22,AVIATION GASOLINE (UNLEADED),IA+,IA+,IA,IA,IA,IA,IA,IA,IA,IA,IA,IA,IA,IA,IA,IA,IA,IA,IA,HG,H,H,H,IA,IA,IA,IA,IA,HH,HH,HH,HH,IA,IA,IA,IA,IA,IA,IA,IA,IA,D-,IA,IA,IA,IA,IA,IA,IA,IA,IA,D-,D,IA,IA,IA,D,IA,IA,H-,H-,IA,H,IA,IA,IA,IA,IA,IA,IA,IA,IA,IA,IA,IA,IA,IA,IA,IA,IA,HC,IA,IA,IA,IA,IA,IA,IA,IA,IA,IA,IA,IA,IA,IA,IA,IA,IA,IA,IA,IA,IA,IA,IA,IA,IA,IA,IA,IA,IA,IA,IA,IA,IA,IA,IA,IA,IA,IA,IA+,IA,IA,IA,IA,IA,IA,IA,IA,IA,IA,IA,IA,IA,IA,IA,IA,IA,IA,IA+,IA,IA,IA,IA,IA,IA,IA,IA,IA,IA,IA,IA,IA,D,IA,IA,IA,IA,IA,IA,IA,H-,H-,H-,IA,IA,HC,HC,HC,H,H,HG,IA,IA,IA,IA,IA,H,IA,IA,IA+,IA,IA,IA,IA,IA+,IA,IA,HG,H,HG,IA,IA,IA,IA,IA,IA,H,IA,IA,IA,IA,IA,IA,IA,IA,IA,IA,IA,IA,H,HC,HC,IA,IA,IA,IA,IA,IA,H,IA,IA,D,HG,IA,IA,IA,IA,IA,IA,IA+,IA,IA,IA,IA,IA,IA,IA,IA,IA,IA,IA,IA,IA,IA,IA,IA,IA,IA,IA,IA,IA,IA,IA,IA,IA,IA,H,IA,IA,H,H,H,IA,IA,IA,IA,IA,IA,IA,IA,IA,IA,IA,IA,IA,IA,IA,IA,IA,IA,IA,IA,IA,IA+,IA,IA,IA,IA,IA,IA,IA,IA,IA,IA,IA+,IA,IA,IA,IA,IA,IA,IA,IA,IA,IA,IA,D,IA,IA,IA,IA,IA,IA,IA,IA,IA,IA,IA,IA,IA,IA,IA,IA,IA,IA,IA,IA,IA,IA,IA,IA,IA,IA,IA,D,IA,IA,IA,IA,IA,IA,IA,IA,IA,IA,IA,IA,IA,IA,IA,D,IA,IA,H,HG,H,H,IA,IA,HC,D,IA,D,D,IA,IA,IA,IA,HH,IA,IA,IA,IA,IA,IA,D,D,IA,IA,IA,IA,IA,IA,IA,IA,IA,IA,IA,IA,IA,IA,IA,IA,IA,IA,IA,IA,IA,IA,IA,IA,IA,IA,IA,IA,IA,IA,IA,IA,HG,H,IA,D,D,IA,IA,D,HC-,IA,IA,IA,HG,H,IA,IA,IA,IA,H-,HH,HH,IA
23,AVIATION TURBINE FUEL,IA+,IA+,IA,IA,IA,IA,IA,IA,IA,IA,IA,IA,IA,IA,IA,IA,IA,IA,IA,HG,HB,H,H,IA,IA,IA,IA,IA,HH,HH,HH,HH,IA,IA,IA,IA,IA,IA,IA,IA,IA,D-,IA,IA,IA,IA,IA,IA,IA,IA,IA,D-,D,IA,IA,IA,D,IA,IA,H-,H-,IA,H,IA,IA,IA,IA,IA,IA,IA,IA,IA,IA,IA,IA,IA,IA,IA,IA,IA,H,IA,IA,IA,IA,IA,IA,IA,IA,IA,IA,IA,IA,IA,IA,IA,IA,IA,IA,IA,IA,IA,IA,IA,IA,IA,IA,IA,IA,IA,IA,IA,IA,IA,IA,IA,IA,IA,IA,IA+,IA,IA,IA,IA,IA,IA,IA,IA,IA,IA,IA,IA,IA,IA,IA,IA,IA,IA,IA+,IA,IA,IA,IA,IA,IA,IA,IA,IA,IA,IA,IA,IA,D,IA,IA,IA,IA,IA,IA,IA,H-,H-,H-,IA,IA,H,H,H,H,H,HG,IA,IA,IA,IA,IA,H,IA,IA,IA+,IA,IA,IA,IA,IA+,IA,IA,HG,H,HG,IA,IA,IA,IA,IA,IA,H,IA,IA,IA,IA,IA,IA,IA,IA,IA,IA,IA,IA,H,H,H,IA,IA,IA,IA,IA,IA,H,IA,IA,D,H,IA,IA,IA,IA,IA,IA,IA+,IA,IA,IA,IA,IA,IA,IA,IA,IA,IA,IA,IA,IA,IA,IA,IA,IA,IA,IA,IA,IA,IA,IA,IA,IA,IA,H,IA,IA,H,H,H,IA,IA,IA,IA,IA,IA,IA,IA,IA,IA,IA,IA,IA,IA,IA,IA,IA,IA,IA,IA,IA,IA+,IA,IA,IA,IA,IA,IA,IA,IA,IA,IA,IA+,IA,IA,IA,IA,IA,IA,IA,IA,IA,IA,IA,D,IA,IA,IA,IA,IA,IA,IA,IA,IA,IA,IA,IA,IA,IA,IA,IA,IA,IA,IA,IA,IA,IA,IA,IA,IA,IA,IA,IA,IA,IA,IA,IA,IA,IA,IA,IA,IA,IA,IA,IA,IA,IA,IA,D,IA,IA,H,HG,H,H,IA,IA,H,D,IA,D,IA,IA,IA,IA,IA,H,IA,IA,IA,IA,IA,IA,D,D,IA,IA,IA,IA,IA,IA,IA,IA,IA,IA,IA,IA,IA,IA,IA,IA,IA,IA,IA,IA,IA,IA,IA,IA,IA,IA,IA,IA,IA,IA,IA,IA,HG,H,IA,IA,IA,IA,IA,D,H-,IA,IA,IA,HG,H,IA,IA,IA,IA,H-,H,H,IA
24,BENZENE,D+,D+,D,D,D,D,D,D,D,D,D,D,D,D,D,D,D,D,D,D,D,D,D,X,D,D,D,D,D,D,D,D,D,D,D,D,D,D,D,D,D,D-,D,D,D,D,D,D,D,D,D,D-,D,D,D,D,D,D,D,D-,D-,D,D,D,D,D,D,D,D,D,D,D,D,D,D,D,D,D,D,D,D,D,D,D,D,D,D,D,D,D,D,D,D,D,D,D,D,D,D,D,D,D,D,D,D,D,D,D,D,D,D,D,D,D,D,D,D,D,D,D+,D,D,D,D,D,D,D,D,D,D,D,D,D,D,D,D,D,D,D+,D,D,D,D,D,D,D,D,D,D,D,D,D,D,D,D,D,D,D,D,D,D-,D-,D-,D,D,D,D,D,D,D,D,D,D,D,D,D,D,D,D,D+,D,D,D,D,D+,D,D,D,D,D,D,D,D,D,D,D,D,D,D,D,D,D,D,D,D,D,D,D,D,D,D,D,D,D,D,D,D,D,D,D,D,D,D,D,D,D,D,D,D,D+,D,D,D,D,D,D,D,D,D,D,D,D,D,D,D,D,D,D,D,D,D,D,D,D,D,D,D,D,D,D,D,D,D,D,D,D,D,D,D,D,D,D,D,D,D,D,D,D,D,D,D,D,D,D+,D,D,D,D,D,D,D,D,D,D,D+,D,D,D,D,D,D,D,D,D,D,D,D,D,D,D,D,D,D,D,D,D,D,D,D,D,D,D,D,D,D,D,D,D,D,D,D,D,D,D,D,D,D,D,D,D,D,D,D,D,D,D,D,D,D,D,D,D,D,D,D,D,D,D,D,D,D,D,D,D,D,D,D,D,D,D,D,D,D,D,D,D,D,D,D,D,D,D,D,D,D,D,D,D,D,D,D,D,D,D,D,D,D,D,D,D,D,D,D,D,D,D,D,D,D,D,D,D,D,D,D,D,D,D-,D,D,D,D,D,D,D,D,D,D-,D,D,D
25,BENZYL ACETATE,D+,D+,D,D,D,D,D,D,D,D,D,D,D,D,D,D,D,D,D,D,D,D,D,D,X,D,D,D,D,D,D,D,D,D,D,D,D,D,D,D,D,D-,D,D,D,D,D,D,D,D,D,D-,D,D,D,D,D,D,D,D-,D-,D,D,D,D,D,D,D,D,D,D,D,D,D,D,D,D,D,D,D,D,D,D,D,D,D,D,D,D,D,D,D,D,D,D,D,D,D,D,D,D,D,D,D,D,D,D,D,D,D,D,D,D,D,D,D,D,D,D,D+,D,D,D,D,D,D,D,D,D,D,D,D,D,D,D,D,D,D,D+,D,D,D,D,D,D,D,D,D,D,D,D,D,D,D,D,D,D,D,D,D,D-,D-,D-,D,D,D,D,D,D,D,D,D,D,D,D,D,D,D,D,D+,D,D,D,D,D+,D,D,D,D,D,D,D,D,D,D,D,D,D,D,D,D,D,D,D,D,D,D,D,D,D,D,D,D,D,D,D,D,D,D,D,D,D,D,D,D,D,D,D,D,D+,D,D,D,D,D,D,D,D,D,D,D,D,D,D,D,D,D,D,D,D,D,D,D,D,D,D,D,D,D,D,D,D,D,D,D,D,D,D,D,D,D,D,D,D,D,D,D,D,D,D,D,D,D,D+,D,D,D,D,D,D,D,D,D,D,D+,D,D,D,D,D,D,D,D,D,D,D,D,D,D,D,D,D,D,D,D,D,D,D,D,D,D,D,D,D,D,D,D,D,D,D,D,D,D,D,D,D,D,D,D,D,D,D,D,D,D,D,D,D,D,D,D,D,D,D,D,D,D,D,D,D,D,D,D,D,D,D,D,D,D,D,D,D,D,D,D,D,D,D,D,D,D,D,D,D,D,D,D,D,D,D,D,D,D,D,D,D,D,D,D,D,D,D,D,D,D,D,D,D,D,D,D,D,D,D,D,D,D,D-,D,D,D,D,D,D,D,D,D,D-,D,D,D
26,BENZYL ALCOHOL,DA+,DA+,DA,DA,DA,DA,DA,DA,DA,DA,DA,DA,DA,DA,DA,DA,DA,DA,DA,DA,DA,DA,DA,DA,DA,X,DA,DA,DA,DA,DA,DA,DA,DA,DA,DA,DA,DA,DA,DA,DA,DA-,DA,DA,DA,DA,DA,DA,DA,DA,DA,DA-,DA,DA,DA,DA,DA,DA,DA,DA-,DA-,DA,DA,DA,DA,DA,DA,DA,DA,DA,DA,DA,DA,DA,DA,DA,DA,DA,DA,DA,DA,DA,DA,DA,DA,DA,DA,DA,DA,DA,DA,DA,DA,DA,DA,DA,DA,DA,DA,DA,DA,DA,DA,DA,DA,DA,DA,DA,DA,DA,DA,DA,DA,DA,DA,DA,DA,DA,DA,DA+,DA,DA,DA,DA,DA,DA,DA,DA,DA,DA,DA,DA,DA,DA,DA,DA,DA,DA,DA+,DA,DA,DA,DA,DA,DA,DA,DA,DA,DA,DA,DA,DA,DA,DA,DA,DA,DA,DA,DA,DA,DA-,DA-,DA-,DA,DA,DA,DA,DA,DA,DA,DA,DA,DA,DA,DA,DA,DA,DA,DA,DA+,DA,DA,DA,DA,DA+,DA,DA,DA,DA,DA,DA,DA,DA,DA,DA,DA,DA,DA,DA,DA,DA,DA,DA,DA,DA,DA,DA,DA,DA,DA,DA,DA,DA,DA,DA,DA,DA,DA,DA,DA,DA,DA,DA,DA,DA,DA,DA,DA,DA,DA+,DA,DA,DA,DA,DA,DA,DA,DA,DA,DA,DA,DA,DA,DA,DA,DA,DA,DA,DA,DA,DA,DA,DA,DA,DA,DA,DA,DA,DA,DA,DA,DA,DA,DA,DA,DA,DA,DA,DA,DA,DA,DA,DA,DA,DA,DA,DA,DA,DA,DA,DA,DA,DA,DA+,DA,DA,DA,DA,DA,DA,DA,DA,DA,DA,DA+,DA,DA,DA,DA,DA,DA,DA,DA,DA,DA,DA,DA,DA,DA,DA,DA,DA,DA,DA,DA,DA,DA,DA,DA,DA,DA,DA,DA,DA,DA,DA,DA,DA,DA,DA,DA,DA,DA,DA,DA,DA,DA,DA,DA,DA,DA,DA,DA,DA,DA,DA,DA,DA,DA,DA,DA,DA,DA,DA,DA,DA,DA,DA,DA,DA,DA,DA,DA,DA,DA,DA,DA,DA,DA,DA,DA,DA,DA,DA,DA,DA,DA,DA,DA,DA,DA,DA,DA,DA,DA,DA,DA,DA,DA,DA,DA,DA,DA,DA,DA,DA,DA,DA,DA,DA,DA,DA,DA,DA,DA,DA,DA,DA,DA,DA,DA,DA,DA,DA,DA,DA,DA,DA-,DA,DA,DA,DA,DA,DA,DA,DA,DA,DA-,DA,DA,DA
27,BENZYL CHLORIDE,DA+,DA+,DA,DA,DA,DA,DA,DA,DA,DA,DA,DA,DA,DA,DA,DA,DA,DA,DA,DA,DA,DA,DA,DA,DA,DA,X,DA,DA,DA,DA,DA,DA,DA,DA,DA,DA,DA,DA,DA,DA,DA-,DA,DA,DA,DA,DA,DA,DA,DA,DA,DA-,DA,DA,DA,DA,DA,DA,DA,DA-,DA-,DA,DA,DA,DA,DA,DA,DA,DA,DA,DA,DA,DA,DA,DA,DA,DA,DA,DA,DA,DA,DA,DA,DA,DA,DA,DA,DA,DA,DA,DA,DA,DA,DA,DA,DA,DA,DA,DA,DA,DA,DA,DA,DA,DA,DA,DA,DA,DA,DA,DA,DA,DA,DA,DA,DA,DA,DA,DA,DA+,DA,DA,DA,DA,DA,DA,DA,DA,DA,DA,DA,DA,DA,DA,DA,DA,DA,DA,DA+,DA,DA,DA,DA,DA,DA,DA,DA,DA,DA,DA,DA,DA,DA,DA,DA,DA,DA,DA,DA,DA,DA-,DA-,DA-,DA,DA,DA,DA,DA,DA,DA,DA,DA,DA,DA,DA,DA,DA,DA,DA,DA+,DA,DA,DA,DA,DA+,DA,DA,DA,DA,DA,DA,DA,DA,DA,DA,DA,DA,DA,DA,DA,DA,DA,DA,DA,DA,DA,DA,DA,DA,DA,DA,DA,DA,DA,DA,DA,DA,DA,DA,DA,DA,DA,DA,DA,DA,DA,DA,DA,DA,DA+,DA,DA,DA,DA,DA,DA,DA,DA,DA,DA,DA,DA,DA,DA,DA,DA,DA,DA,DA,DA,DA,DA,DA,DA,DA,DA,DA,DA,DA,DA,DA,DA,DA,DA,DA,DA,DA,DA,DA,DA,DA,DA,DA,DA,DA,DA,DA,DA,DA,DA,DA,DA,DA,DA+,DA,DA,DA,DA,DA,DA,DA,DA,DA,DA,DA+,DA,DA,DA,DA,DA,DA,DA,DA,DA,DA,DA,DA,DA,DA,DA,DA,DA,DA,DA,DA,DA,DA,DA,DA,DA,DA,DA,DA,DA,DA,DA,DA,DA,DA,DA,DA,DA,DA,DA,DA,DA,DA,DA,DA,DA,DA,DA,DA,DA,DA,DA,DA,DA,DA,DA,DA,DA,DA,DA,DA,DA,DA,DA,DA,DA,DA,DA,DA,DA,DA,DA,DA,DA,DA,DA,DA,DA,DA,DA,DA,DA,DA,DA,DA,DA,DA,DA,DA,DA,DA,DA,DA,DA,DA,DA,DA,DA,DA,DA,DA,DA,DA,DA,DA,DA,DA,DA,DA,DA,DA,DA,DA,DA,DA,DA,DA,DA,DA,DA,DA,DA,DA,DA-,DA,DA,DA,DA,DA,DA,DA,DA,DA,DA-,DA,DA,DA
28,BETA-PROPIOLACTONE,CA+,CA+,CA,CA,CA,CA,CA,CA,CA,CA,CA,CA,CA,CA,CA,CA,CA,CA,CA,CA,CA,CA,CA,CA,CA,CA,CA,X,CA,CA,CA,CA,CA,CA,CA,CA,CA,CA,CA,CA,CA,CA-,CA,CA,CA,CA,CA,CA,CA,CA,CA,CA-,CA,CA,CA,CA,CA,CA,CA,CA-,CA-,CA,CA,CA,CA,CA,CA,CA,CA,CA,CA,CA,CA,CA,CA,CA,CA,CA,CA,CA,CA,CA,CA,CA,CA,CA,CA,CA,CA,CA,CA,CA,CA,CA,CA,CA,CA,CA,CA,CA,CA,CA,CA,CA,CA,CA,CA,CA,CA,CA,CA,CA,CA,CA,CA,CA,CA,CA,CA,CA+,CA,CA,CA,CA,CA,CA,CA,CA,CA,CA,CA,CA,CA,CA,CA,CA,CA,CA,CA+,CA,CA,CA,CA,CA,CA,CA,CA,CA,CA,CA,CA,CA,CA,CA,CA,CA,CA,CA,CA,CA,CA-,CA-,CA-,CA,CA,CA,CA,CA,CA,CA,CA,CA,CA,CA,CA,CA,CA,CA,CA,CA+,CA,CA,CA,CA,CA+,CA,CA,CA,CA,CA,CA,CA,CA,CA,CA,CA,CA,CA,CA,CA,CA,CA,CA,CA,CA,CA,CA,CA,CA,CA,CA,CA,CA,CA,CA,CA,CA,CA,CA,CA,CA,CA,CA,CA,CA,CA,CA,CA,CA,CA+,CA,CA,CA,CA,CA,CA,CA,CA,CA,CA,CA,CA,CA,CA,CA,CA,CA,CA,CA,CA,CA,CA,CA,CA,CA,CA,CA,CA,CA,CA,CA,CA,CA,CA,CA,CA,CA,CA,CA,CA,CA,CA,CA,CA,CA,CA,CA,CA,CA,CA,CA,CA,CA,CA+,CA,CA,CA,CA,CA,CA,CA,CA,CA,CA,CA+,CA,CA,CA,CA,CA,CA,CA,CA,CA,CA,CA,CA,CA,CA,CA,CA,CA,CA,CA,CA,CA,CA,CA,CA,CA,CA,CA,CA,CA,CA,CA,CA,CA,CA,CA,CA,CA,CA,CA,CA,CA,CA,CA,CA,CA,CA,CA,CA,CA,CA,CA,CA,CA,CA,CA,CA,CA,CA,CA,CA,CA,CA,CA,CA,CA,CA,CA,CA,CA,CA,CA,CA,CA,CA,CA,CA,CA,CA,CA,CA,CA,CA,CA,CA,CA,CA,CA,CA,CA,CA,CA,CA,CA,CA,CA,CA,CA,CA,CA,CA,CA,CA,CA,CA,CA,CA,CA,CA,CA,CA,CA,CA,CA,CA,CA,CA,CA,CA,CA,CA,CA,CA,CA-,CA,CA,CA,CA,CA,CA,CA,CA,CA,CA-,CA,CA,CA
29,BIODIESEL B10,IJ+,IJ+,IJ,IJ,IJ,IJ,IJ,IJ,IJ,IJ,IJ,IJ,IJ,IJ,IJ,IJ,IJ,IJ,IJ,H,HO,HO,HO,IJ,IJ,IJ,IJ,IJ,H,H,H,H,IJ,IJ,IJ,IJ,IJ,IJ,IJ,IJ,IJ,DF-,IJ,IJ,IJ,IJ,IJ,IJ,IJ,IJ,IJ,DF-,DF,IJ,IJ,IJ,DF,IJ,IJ,H-,H-,IJ,H,IJ,IJ,IJ,IJ,IJ,IJ,IJ,IJ,IJ,IJ,IJ,IJ,IJ,IJ,IJ,IJ,IJ,H,IJ,IJ,IJ,IJ,IJ,IJ,IJ,IJ,IJ,IJ,IJ,IJ,IJ,IJ,IJ,IJ,IJ,IJ,IJ,IJ,IJ,IJ,IJ,IJ,IJ,IJ,IJ,IJ,IJ,IJ,IJ,IJ,IJ,IJ,IJ,IJ,IJ,IJ,IJ+,IJ,IJ,IJ,IJ,IJ,IJ,IJ,IJ,IJ,IJ,IJ,IJ,IJ,IJ,IJ,IJ,IJ,IJ,IJ+,IJ,IJ,IJ,IJ,IJ,IJ,IJ,IJ,IJ,IJ,IJ,IJ,IJ,DF,IJ,IJ,IJ,IJ,IJ,IJ,IJ,H-,H-,H-,IJ,IJ,H,H,H,H,H,H,IJ,IJ,IJ,IJ,IJ,HB,IJ,IJ,IJ+,IJ,IJ,IJ,IJ,IJ+,IJ,IJ,H,HB,H,IJ,IJ,IJ,IJ,IJ,IJ,H,IJ,IJ,IJ,IJ,IJ,IJ,IJ,IJ,IJ,IJ,IJ,IJ,HO,H,H,IJ,IJ,IJ,IJ,IJ,IJ,H,IJ,IJ,IJ,H,IJ,IJ,IJ,IJ,IJ,IJ,IJ+,IJ,IJ,IJ,IJ,IJ,IJ,IJ,IJ,IJ,IJ,IJ,IJ,IJ,IJ,IJ,IJ,IJ,IJ,IJ,IJ,IJ,IJ,IJ,IJ,IJ,IJ,H,IJ,IJ,HB,H,H,IJ,IJ,IJ,IJ,IJ,IJ,IJ,IJ,IJ,IJ,IJ,IJ,IJ,IJ,IJ,IJ,IJ,IJ,IJ,IJ,IJ,IJ+,IJ,IJ,IJ,IJ,IJ,IJ,IJ,IJ,IJ,IJ,IJ+,IJ,IJ,IJ,IJ,IJ,IJ,IJ,IJ,IJ,IJ,IJ,DF,IJ,IJ,IJ,IJ,IJ,IJ,IJ,IJ,IJ,IJ,IJ,IJ,IJ,IJ,IJ,IJ,IJ,IJ,IJ,IJ,IJ,IJ,IJ,IJ,IJ,IJ,IJ,IJ,IJ,IJ,IJ,IJ,IJ,IJ,IJ,IJ,IJ,IJ,IJ,IJ,IJ,IJ,IJ,IJ,IJ,IJ,HB,H,HB,H,IJ,IJ,H,DF,IJ,DF,IJ,IJ,IJ,IJ,IJ,H,IJ,IJ,IJ,IJ,IJ,IJ,DF,DF,IJ,IJ,IJ,IJ,IJ,IJ,IJ,IJ,IJ,IJ,IJ,IJ,IJ,IJ,IJ,IJ,IJ,IJ,IJ,IJ,IJ,IJ,IJ,IJ,IJ,IJ,IJ,IJ,IJ,IJ,IJ,IJ,H,H,IJ,IJ,IJ,IJ,IJ,DF,H-,IJ,IJ,IJ,H,H,IJ,IJ,IJ,IJ,H-,H,H,IJ
30,BIODIESEL B20,IJ+,IJ+,IJ,IJ,IJ,IJ,IJ,IJ,IJ,IJ,IJ,IJ,IJ,IJ,IJ,IJ,IJ,IJ,IJ,H,HY,HY,HY,IJ,IJ,IJ,IJ,IJ,H,H,H,H,IJ,IJ,IJ,IJ,IJ,IJ,IJ,IJ,IJ,DF-,IJ,IJ,IJ,IJ,IJ,IJ,IJ,IJ,IJ,DF-,DF,IJ,IJ,IJ,DF,IJ,IJ,H-,H-,IJ,H,IJ,IJ,IJ,IJ,IJ,IJ,IJ,IJ,IJ,IJ,IJ,IJ,IJ,IJ,IJ,IJ,IJ,HA,IJ,IJ,IJ,IJ,IJ,IJ,IJ,IJ,IJ,IJ,IJ,IJ,IJ,IJ,IJ,IJ,IJ,IJ,IJ,IJ,IJ,IJ,IJ,IJ,IJ,IJ,IJ,IJ,IJ,IJ,IJ,IJ,IJ,IJ,IJ,IJ,IJ,IJ,IJ+,IJ,IJ,IJ,IJ,IJ,IJ,IJ,IJ,IJ,IJ,IJ,IJ,IJ,IJ,IJ,IJ,IJ,IJ,IJ+,IJ,IJ,IJ,IJ,IJ,IJ,IJ,IJ,IJ,IJ,IJ,IJ,IJ,DF,IJ,IJ,IJ,IJ,IJ,IJ,IJ,H-,H-,H-,IJ,IJ,HA,HA,HA,HA,HA,HA,IJ,IJ,IJ,IJ,IJ,HB,IJ,IJ,IJ+,IJ,IJ,IJ,IJ,IJ+,IJ,IJ,H,HB,H,IJ,IJ,IJ,IJ,IJ,IJ,HA,IJ,IJ,IJ,IJ,IJ,IJ,IJ,IJ,IJ,IJ,IJ,IJ,HY,HA,HA,IJ,IJ,IJ,IJ,IJ,IJ,H,IJ,IJ,IJ,H,IJ,IJ,IJ,IJ,IJ,IJ,IJ+,IJ,IJ,IJ,IJ,IJ,IJ,IJ,IJ,IJ,IJ,IJ,IJ,IJ,IJ,IJ,IJ,IJ,IJ,IJ,IJ,IJ,IJ,IJ,IJ,IJ,IJ,HA,IJ,IJ,HB,HA,HA,IJ,IJ,IJ,IJ,IJ,IJ,IJ,IJ,IJ,IJ,IJ,IJ,IJ,IJ,IJ,IJ,IJ,IJ,IJ,IJ,IJ,IJ+,IJ,IJ,IJ,IJ,IJ,IJ,IJ,IJ,IJ,IJ,IJ+,IJ,IJ,IJ,IJ,IJ,IJ,IJ,IJ,IJ,IJ,IJ,DF,IJ,IJ,IJ,IJ,IJ,IJ,IJ,IJ,IJ,IJ,IJ,IJ,IJ,IJ,IJ,IJ,IJ,IJ,IJ,IJ,IJ,IJ,IJ,IJ,IJ,IJ,IJ,IJ,IJ,IJ,IJ,IJ,IJ,IJ,IJ,IJ,IJ,IJ,IJ,IJ,IJ,IJ,IJ,IJ,IJ,IJ,HB,H,HB,H,IJ,IJ,HA,DF,IJ,DF,IJ,IJ,IJ,IJ,IJ,H,IJ,IJ,IJ,IJ,IJ,IJ,DF,DF,IJ,IJ,IJ,IJ,IJ,IJ,IJ,IJ,IJ,IJ,IJ,IJ,IJ,IJ,IJ,IJ,IJ,IJ,IJ,IJ,IJ,IJ,IJ,IJ,IJ,IJ,IJ,IJ,IJ,IJ,IJ,IJ,H,H,IJ,IJ,IJ,IJ,IJ,DF,H-,IJ,IJ,IJ,H,H,IJ,IJ,IJ,IJ,H-,H,H,IJ
31,BIODIESEL B5,IJ+,IJ+,IJ,IJ,IJ,IJ,IJ,IJ,IJ,IJ,IJ,IJ,IJ,IJ,IJ,IJ,IJ,IJ,IJ,H,HO,HO,HO,IJ,IJ,IJ,IJ,IJ,H,H,H,H,IJ,IJ,IJ,IJ,IJ,IJ,IJ,IJ,IJ,DF-,IJ,IJ,IJ,IJ,IJ,IJ,IJ,IJ,IJ,DF-,DF,IJ,IJ,IJ,DF,IJ,IJ,HA-,HA-,IJ,H,IJ,IJ,IJ,IJ,IJ,IJ,IJ,IJ,IJ,IJ,IJ,IJ,IJ,IJ,IJ,IJ,IJ,H,IJ,IJ,IJ,IJ,IJ,IJ,IJ,IJ,IJ,IJ,IJ,IJ,IJ,IJ,IJ,IJ,IJ,IJ,IJ,IJ,IJ,IJ,IJ,IJ,IJ,IJ,IJ,IJ,IJ,IJ,IJ,IJ,IJ,IJ,IJ,IJ,IJ,IJ,IJ+,IJ,IJ,IJ,IJ,IJ,IJ,IJ,IJ,IJ,IJ,IJ,IJ,IJ,IJ,IJ,IJ,IJ,IJ,IJ+,IJ,IJ,IJ,IJ,IJ,IJ,IJ,IJ,IJ,IJ,IJ,IJ,IJ,DF,IJ,IJ,IJ,IJ,IJ,IJ,IJ,H-,H-,H-,IJ,IJ,H,H,H,H,H,H,IJ,IJ,IJ,IJ,IJ,HB,IJ,IJ,IJ+,IJ,IJ,IJ,IJ,IJ+,IJ,IJ,H,HB,H,IJ,IJ,IJ,IJ,IJ,IJ,H,IJ,IJ,IJ,IJ,IJ,IJ,IJ,IJ,IJ,IJ,IJ,IJ,HO,H,H,IJ,IJ,IJ,IJ,IJ,IJ,H,IJ,IJ,IJ,H,IJ,IJ,IJ,IJ,IJ,IJ,IJ+,IJ,IJ,IJ,IJ,IJ,IJ,IJ,IJ,IJ,IJ,IJ,IJ,IJ,IJ,IJ,IJ,IJ,IJ,IJ,IJ,IJ,IJ,IJ,IJ,IJ,IJ,H,IJ,IJ,HB,H,H,IJ,IJ,IJ,IJ,IJ,IJ,IJ,IJ,IJ,IJ,IJ,IJ,IJ,IJ,IJ,IJ,IJ,IJ,IJ,IJ,IJ,IJ+,IJ,IJ,IJ,IJ,IJ,IJ,IJ,IJ,IJ,IJ,IJ+,IJ,IJ,IJ,IJ,IJ,IJ,IJ,IJ,IJ,IJ,IJ,DF,IJ,IJ,IJ,IJ,IJ,IJ,IJ,IJ,IJ,IJ,IJ,IJ,IJ,IJ,IJ,IJ,IJ,IJ,IJ,IJ,IJ,IJ,IJ,IJ,IJ,IJ,IJ,IJ,IJ,IJ,IJ,IJ,IJ,IJ,IJ,IJ,IJ,IJ,IJ,IJ,IJ,IJ,IJ,IJ,IJ,IJ,HB,H,HB,H,IJ,IJ,H,DF,IJ,DF,IJ,IJ,IJ,IJ,IJ,H,IJ,IJ,IJ,IJ,IJ,IJ,DF,DF,IJ,IJ,IJ,IJ,IJ,IJ,IJ,IJ,IJ,IJ,IJ,IJ,IJ,IJ,IJ,IJ,IJ,IJ,IJ,IJ,IJ,IJ,IJ,IJ,IJ,IJ,IJ,IJ,IJ,IJ,IJ,IJ,H,H,IJ,IJ,IJ,IJ,IJ,DF,H-,IJ,IJ,IJ,H,H,IJ,IJ,IJ,IJ,H-,H,H,IJ
32,BIOFUEL BLEND OF DIESEL/GASOIL WITH FAME >25% AND <99%,IJ+,IJ+,IJ,IJ,IJ,IJ,IJ,IJ,IJ,IJ,IJ,IJ,IJ,IJ,IJ,IJ,IJ,IJ,IJ,H,HY,HY,HY,IJ,IJ,IJ,IJ,IJ,H,H,H,H,IJ,IJ,IJ,IJ,IJ,IJ,IJ,IJ,IJ,DF-,IJ,IJ,IJ,IJ,IJ,IJ,IJ,IJ,IJ,DF-,DF,IJ,IJ,IJ,DF,IJ,IJ,H-,H-,IJ,H,IJ,IJ,IJ,IJ,IJ,IJ,IJ,IJ,IJ,IJ,IJ,IJ,IJ,IJ,IJ,IJ,IJ,HA,IJ,IJ,IJ,IJ,IJ,IJ,IJ,IJ,IJ,IJ,IJ,IJ,IJ,IJ,IJ,IJ,IJ,IJ,IJ,IJ,IJ,IJ,IJ,IJ,IJ,IJ,IJ,IJ,IJ,IJ,IJ,IJ,IJ,IJ,IJ,IJ,IJ,IJ,IJ+,IJ,IJ,IJ,IJ,IJ,IJ,IJ,IJ,IJ,IJ,IJ,IJ,IJ,IJ,IJ,IJ,IJ,IJ,IJ+,IJ,IJ,IJ,IJ,IJ,IJ,IJ,IJ,IJ,IJ,IJ,IJ,IJ,DF,IJ,IJ,IJ,IJ,IJ,IJ,IJ,H-,H-,H-,IJ,IJ,HA,HA,HA,HA,HA,HA,IJ,IJ,IJ,IJ,IJ,HB,IJ,IJ,IJ+,IJ,IJ,IJ,IJ,IJ+,IJ,IJ,H,HB,H,IJ,IJ,IJ,IJ,IJ,IJ,HA,IJ,IJ,IJ,IJ,IJ,IJ,IJ,IJ,IJ,IJ,IJ,IJ,HY,HA,HA,IJ,IJ,IJ,IJ,IJ,IJ,H,IJ,IJ,IJ,H,IJ,IJ,IJ,IJ,IJ,IJ,IJ+,IJ,IJ,IJ,IJ,IJ,IJ,IJ,IJ,IJ,IJ,IJ,IJ,IJ,IJ,IJ,IJ,IJ,IJ,IJ,IJ,IJ,IJ,IJ,IJ,IJ,IJ,HA,IJ,IJ,HB,HA,HA,IJ,IJ,IJ,IJ,IJ,IJ,IJ,IJ,IJ,IJ,IJ,IJ,IJ,IJ,IJ,IJ,IJ,IJ,IJ,IJ,IJ,IJ+,IJ,IJ,IJ,IJ,IJ,IJ,IJ,IJ,IJ,IJ,IJ+,IJ,IJ,IJ,IJ,IJ,IJ,IJ,IJ,IJ,IJ,IJ,DF,IJ,IJ,IJ,IJ,IJ,IJ,IJ,IJ,IJ,IJ,IJ,IJ,IJ,IJ,IJ,IJ,IJ,IJ,IJ,IJ,IJ,IJ,IJ,IJ,IJ,IJ,IJ,IJ,IJ,IJ,IJ,IJ,IJ,IJ,IJ,IJ,IJ,IJ,IJ,IJ,IJ,IJ,IJ,IJ,IJ,IJ,HB,H,HB,H,IJ,IJ,HA,DF,IJ,DF,IJ,IJ,IJ,IJ,IJ,H,IJ,IJ,IJ,IJ,IJ,IJ,DF,DF,IJ,IJ,IJ,IJ,IJ,IJ,IJ,IJ,IJ,IJ,IJ,IJ,IJ,IJ,IJ,IJ,IJ,IJ,IJ,IJ,IJ,IJ,IJ,IJ,IJ,IJ,IJ,IJ,IJ,IJ,IJ,IJ,H,H,IJ,IJ,IJ,IJ,IJ,DF,H-,IJ,IJ,IJ,H,H,IJ,IJ,IJ,IJ,H-,H,H,IJ
33,"2,3-BUTANEDIOL",BC+,BC+,BC,BC,BC,BC,BC,BC,BC,BC,BC,BC,BC,BC,BC,BC,BC,BC,BC,BC,BC,BC,BC,BC,BC,BC,BC,BC,BC,BC,BC,BC,X,BC,BC,BC,BC,BC,BC,BC,BC,BC-,BC,BC,BC,BC,BC,BC,BC,BC,BC,BC-,BC,BC,BC,BC,BC,BC,BC,BC-,BC-,BC,BC,BC,BC,BC,BC,BC,BC,BC,BC,BC,BC,BC,BC,BC,BC,BC,BC,BC,BC,BC,BC,BC,BC,BC,BC,BC,BC,BC,BC,BC,BC,BC,BC,BC,BC,BC,BC,BC,BC,BC,BC,BC,BC,BC,BC,BC,BC,BC,BC,BC,BC,BC,BC,BC,BC,BC,BC,BC+,BC,BC,BC,BC,BC,BC,BC,BC,BC,BC,BC,BC,BC,BC,BC,BC,BC,BC,BC+,BC,BC,BC,BC,BC,BC,BC,BC,BC,BC,BC,BC,BC,BC,BC,BC,BC,BC,BC,BC,BC,BC-,BC-,BC-,BC,BC,BC,BC,BC,BC,BC,BC,BC,BC,BC,BC,BC,BC,BC,BC,BC+,BC,BC,BC,BC,BC+,BC,BC,BC,BC,BC,BC,BC,BC,BC,BC,BC,BC,BC,BC,BC,BC,BC,BC,BC,BC,BC,BC,BC,BC,BC,BC,BC,BC,BC,BC,BC,BC,BC,BC,BC,BC,BC,BC,BC,BC,BC,BC,BC,BC,BC+,BC,BC,BC,BC,BC,BC,BC,BC,BC,BC,BC,BC,BC,BC,BC,BC,BC,BC,BC,BC,BC,BC,BC,BC,BC,BC,BC,BC,BC,BC,BC,BC,BC,BC,BC,BC,BC,BC,BC,BC,BC,BC,BC,BC,BC,BC,BC,BC,BC,BC,BC,BC,BC,BC+,BC,BC,BC,BC,BC,BC,BC,BC,BC,BC,BC+,BC,BC,BC,BC,BC,BC,BC,BC,BC,BC,BC,BC,BC,BC,BC,BC,BC,BC,BC,BC,BC,BC,BC,BC,BC,BC,BC,BC,BC,BC,BC,BC,BC,BC,BC,BC,BC,BC,BC,BC,BC,BC,BC,BC,BC,BC,BC,BC,BC,BC,BC,BC,BC,BC,BC,BC,BC,BC,BC,BC,BC,BC,BC,BC,BC,BC,BC,BC,BC,BC,BC,BC,BC,BC,BC,BC,BC,BC,BC,BC,BC,BC,BC,BC,BC,BC,BC,BC,BC,BC,BC,BC,BC,BC,BC,BC,BC,BC,BC,BC,BC,BC,BC,BC,BC,BC,BC,BC,BC,BC,BC,BC,BC,BC,BC,BC,BC,BC,BC,BC,BC,BC,BC-,BC,BC,BC,BC,BC,BC,BC,BC,BC,BC-,BC,BC,BC
34,"1,3-BUTANEDIOL",BC+,BC+,BC,BC,BC,BC,BC,BC,BC,BC,BC,BC,BC,BC,BC,BC,BC,BC,BC,BC,BC,BC,BC,BC,BC,BC,BC,BC,BC,BC,BC,BC,BC,X,BC,BC,BC,BC,BC,BC,BC,BC-,BC,BC,BC,BC,BC,BC,BC,BC,BC,BC-,BC,BC,BC,BC,BC,BC,BC,BC-,BC-,BC,BC,BC,BC,BC,BC,BC,BC,BC,BC,BC,BC,BC,BC,BC,BC,BC,BC,BC,BC,BC,BC,BC,BC,BC,BC,BC,BC,BC,BC,BC,BC,BC,BC,BC,BC,BC,BC,BC,BC,BC,BC,BC,BC,BC,BC,BC,BC,BC,BC,BC,BC,BC,BC,BC,BC,BC,BC,BC+,BC,BC,BC,BC,BC,BC,BC,BC,BC,BC,BC,BC,BC,BC,BC,BC,BC,BC,BC+,BC,BC,BC,BC,BC,BC,BC,BC,BC,BC,BC,BC,BC,BC,BC,BC,BC,BC,BC,BC,BC,BC-,BC-,BC-,BC,BC,BC,BC,BC,BC,BC,BC,BC,BC,BC,BC,BC,BC,BC,BC,BC+,BC,BC,BC,BC,BC+,BC,BC,BC,BC,BC,BC,BC,BC,BC,BC,BC,BC,BC,BC,BC,BC,BC,BC,BC,BC,BC,BC,BC,BC,BC,BC,BC,BC,BC,BC,BC,BC,BC,BC,BC,BC,BC,BC,BC,BC,BC,BC,BC,BC,BC+,BC,BC,BC,BC,BC,BC,BC,BC,BC,BC,BC,BC,BC,BC,BC,BC,BC,BC,BC,BC,BC,BC,BC,BC,BC,BC,BC,BC,BC,BC,BC,BC,BC,BC,BC,BC,BC,BC,BC,BC,BC,BC,BC,BC,BC,BC,BC,BC,BC,BC,BC,BC,BC,BC+,BC,BC,BC,BC,BC,BC,BC,BC,BC,BC,BC+,BC,BC,BC,BC,BC,BC,BC,BC,BC,BC,BC,BC,BC,BC,BC,BC,BC,BC,BC,BC,BC,BC,BC,BC,BC,BC,BC,BC,BC,BC,BC,BC,BC,BC,BC,BC,BC,BC,BC,BC,BC,BC,BC,BC,BC,BC,BC,BC,BC,BC,BC,BC,BC,BC,BC,BC,BC,BC,BC,BC,BC,BC,BC,BC,BC,BC,BC,BC,BC,BC,BC,BC,BC,BC,BC,BC,BC,BC,BC,BC,BC,BC,BC,BC,BC,BC,BC,BC,BC,BC,BC,BC,BC,BC,BC,BC,BC,BC,BC,BC,BC,BC,BC,BC,BC,BC,BC,BC,BC,BC,BC,BC,BC,BC,BC,BC,BC,BC,BC,BC,BC,BC,BC-,BC,BC,BC,BC,BC,BC,BC,BC,BC,BC-,BC,BC,BC
35,"1,4-BUTANEDIOL",BC+,BC+,BC,BC,BC,BC,BC,BC,BC,BC,BC,BC,BC,BC,BC,BC,BC,BC,BC,BC,BC,BC,BC,BC,BC,BC,BC,BC,BC,BC,BC,BC,BC,BC,X,BC,BC,BC,BC,BC,BC,BC-,BC,BC,BC,BC,BC,BC,BC,BC,BC,BC-,BC,BC,BC,BC,BC,BC,BC,BC-,BC-,BC,BC,BC,BC,BC,BC,BC,BC,BC,BC,BC,BC,BC,BC,BC,BC,BC,BC,BC,BC,BC,BC,BC,BC,BC,BC,BC,BC,BC,BC,BC,BC,BC,BC,BC,BC,BC,BC,BC,BC,BC,BC,BC,BC,BC,BC,BC,BC,BC,BC,BC,BC,BC,BC,BC,BC,BC,BC,BC+,BC,BC,BC,BC,BC,BC,BC,BC,BC,BC,BC,BC,BC,BC,BC,BC,BC,BC,BC+,BC,BC,BC,BC,BC,BC,BC,BC,BC,BC,BC,BC,BC,BC,BC,BC,BC,BC,BC,BC,BC,BC-,BC-,BC-,BC,BC,BC,BC,BC,BC,BC,BC,BC,BC,BC,BC,BC,BC,BC,BC,BC+,BC,BC,BC,BC,BC+,BC,BC,BC,BC,BC,BC,BC,BC,BC,BC,BC,BC,BC,BC,BC,BC,BC,BC,BC,BC,BC,BC,BC,BC,BC,BC,BC,BC,BC,BC,BC,BC,BC,BC,BC,BC,BC,BC,BC,BC,BC,BC,BC,BC,BC+,BC,BC,BC,BC,BC,BC,BC,BC,BC,BC,BC,BC,BC,BC,BC,BC,BC,BC,BC,BC,BC,BC,BC,BC,BC,BC,BC,BC,BC,BC,BC,BC,BC,BC,BC,BC,BC,BC,BC,BC,BC,BC,BC,BC,BC,BC,BC,BC,BC,BC,BC,BC,BC,BC+,BC,BC,BC,BC,BC,BC,BC,BC,BC,BC,BC+,BC,BC,BC,BC,BC,BC,BC,BC,BC,BC,BC,BC,BC,BC,BC,BC,BC,BC,BC,BC,BC,BC,BC,BC,BC,BC,BC,BC,BC,BC,BC,BC,BC,BC,BC,BC,BC,BC,BC,BC,BC,BC,BC,BC,BC,BC,BC,BC,BC,BC,BC,BC,BC,BC,BC,BC,BC,BC,BC,BC,BC,BC,BC,BC,BC,BC,BC,BC,BC,BC,BC,BC,BC,BC,BC,BC,BC,BC,BC,BC,BC,BC,BC,BC,BC,BC,BC,BC,BC,BC,BC,BC,BC,BC,BC,BC,BC,BC,BC,BC,BC,BC,BC,BC,BC,BC,BC,BC,BC,BC,BC,BC,BC,BC,BC,BC,BC,BC,BC,BC,BC,BC,BC-,BC,BC,BC,BC,BC,BC,BC,BC,BC,BC-,BC,BC,BC
36,BUTYLACETATES,C+,C+,C,C,C,C,C,C,C,C,C,C,C,C,C,C,C,C,C,C,C,C,C,C,C,C,C,C,C,C,C,C,C,C,C,X,C,C,C,C,C,C-,C,C,C,C,C,C,C,C,C,C-,C,C,C,C,C,C,C,C-,C-,C,C,C,C,C,C,C,C,C,C,C,C,C,C,C,C,C,C,C,C,C,C,C,C,C,C,C,C,C,C,C,C,C,C,C,C,C,C,C,C,C,C,C,C,C,C,C,C,C,C,C,C,C,C,C,C,C,C,C+,C,C,C,C,C,C,C,C,C,C,C,C,C,C,C,C,C,C,C+,C,C,C,C,C,C,C,C,C,C,C,C,C,C,C,C,C,C,C,C,C,C-,C-,C-,C,C,C,C,C,C,C,C,C,C,C,C,C,C,C,C,C+,C,C,C,C,C+,C,C,C,C,C,C,C,C,C,C,C,C,C,C,C,C,C,C,C,C,C,C,C,C,C,C,C,C,C,C,C,C,C,C,C,C,C,C,C,C,C,C,C,C,C+,C,C,C,C,C,C,C,C,C,C,C,C,C,C,C,C,C,C,C,C,C,C,C,C,C,C,C,C,C,C,C,C,C,C,C,C,C,C,C,C,C,C,C,C,C,C,C,C,C,C,C,C,C,C+,C,C,C,C,C,C,C,C,C,C,C+,C,C,C,C,C,C,C,C,C,C,C,C,C,C,C,C,C,C,C,C,C,C,C,C,C,C,C,C,C,C,C,C,C,C,C,C,C,C,C,C,C,C,C,C,C,C,C,C,C,C,C,C,C,C,C,C,C,C,C,C,C,C,C,C,C,C,C,C,C,C,C,C,C,C,C,C,C,C,C,C,C,C,C,C,C,C,C,C,C,C,C,C,C,C,C,C,C,C,C,C,C,C,C,C,C,C,C,C,C,C,C,C,C,C,C,C,C,C,C,C,C,C,C-,C,C,C,C,C,C,C,C,C,C-,C,C,C
37,BUTYLBENZENES (MIXED ISOMERS),B+,B+,B,B,B,B,B,B,B,B,B,B,B,B,B,B,B,B,B,B,B,B,B,B,B,B,B,B,B,B,B,B,B,B,B,B,B,X,B,B,B,B-,B,B,B,B,B,B,B,B,B,B-,B,B,B,B,B,B,B,B-,B-,B,B,B,B,B,B,B,B,B,B,B,B,B,B,B,B,B,B,B,B,B,B,B,B,B,B,B,B,B,B,B,B,B,B,B,B,B,B,B,B,B,B,B,B,B,B,B,B,B,B,B,B,B,B,B,B,B,B,B+,B,B,B,B,B,B,B,B,B,B,B,B,B,B,B,B,B,B,B+,B,B,B,B,B,B,B,B,B,B,B,B,B,B,B,B,B,B,B,B,B,B-,B-,B-,B,B,B,B,B,B,B,B,B,B,B,B,B,B,B,B,B+,B,B,B,B,B+,B,B,B,B,B,B,B,B,B,B,B,B,B,B,B,B,B,B,B,B,B,B,B,B,B,B,B,B,B,B,B,B,B,B,B,B,B,B,B,B,B,B,B,B,B+,B,B,B,B,B,B,B,B,B,B,B,B,B,B,B,B,B,B,B,B,B,B,B,B,B,B,B,B,B,B,B,B,B,B,B,B,B,B,B,B,B,B,B,B,B,B,B,B,B,B,B,B,B,B+,B,B,B,B,B,B,B,B,B,B,B+,B,B,B,B,B,B,B,B,B,B,B,B,B,B,B,B,B,B,B,B,B,B,B,B,B,B,B,B,B,B,B,B,B,B,B,B,B,B,B,B,B,B,B,B,B,B,B,B,B,B,B,B,B,B,B,B,B,B,B,B,B,B,B,B,B,B,B,B,B,B,B,B,B,B,B,B,B,B,B,B,B,B,B,B,B,B,B,B,B,B,B,B,B,B,B,B,B,B,B,B,B,B,B,B,B,B,B,B,B,B,B,B,B,B,B,B,B,B,B,B,B,B,B-,B,B,B,B,B,B,B,B,B,B-,B,B,B
38,"1,2-BUTYLENE OXIDE",B+,B+,B,B,B,B,B,B,B,B,B,B,B,B,B,B,B,B,B,B,B,B,B,B,B,B,B,B,B,B,B,B,B,B,B,B,B,X,B,B,B,B-,B,B,B,B,B,B,B,B,B,B-,B,B,B,B,B,B,B,B-,B-,B,B,B,B,B,B,B,B,B,B,B,B,B,B,B,B,B,B,B,B,B,B,B,B,B,B,B,B,B,B,B,B,B,B,B,B,B,B,B,B,B,B,B,B,B,B,B,B,B,B,B,B,B,B,B,B,B,B,B+,B,B,B,B,B,B,B,B,B,B,B,B,B,B,B,B,B,B,B+,B,B,B,B,B,B,B,B,B,B,B,B,B,B,B,B,B,B,B,B,B,B-,B-,B-,B,B,B,B,B,B,B,B,B,B,B,B,B,B,B,B,B+,B,B,B,B,B+,B,B,B,B,B,B,B,B,B,B,B,B,B,B,B,B,B,B,B,B,B,B,B,B,B,B,B,B,B,B,B,B,B,B,B,B,B,B,B,B,B,B,B,B,B+,B,B,B,B,B,B,B,B,B,B,B,B,B,B,B,B,B,B,B,B,B,B,B,B,B,B,B,B,B,B,B,B,B,B,B,B,B,B,B,B,B,B,B,B,B,B,B,B,B,B,B,B,B,B+,B,B,B,B,B,B,B,B,B,B,B+,B,B,B,B,B,B,B,B,B,B,B,B,B,B,B,B,B,B,B,B,B,B,B,B,B,B,B,B,B,B,B,B,B,B,B,B,B,B,B,B,B,B,B,B,B,B,B,B,B,B,B,B,B,B,B,B,B,B,B,B,B,B,B,B,B,B,B,B,B,B,B,B,B,B,B,B,B,B,B,B,B,B,B,B,B,B,B,B,B,B,B,B,B,B,B,B,B,B,B,B,B,B,B,B,B,B,B,B,B,B,B,B,B,B,B,B,B,B,B,B,B,B,B-,B,B,B,B,B,B,B,B,B,B-,B,B,B
39,BUTYRIC ACID,NB+,NB+,NB,NB,NB,NB,NB,NB,NB,NB,NB,NB,NB,NB,NB,NB,NB,NB,NB,NB,NB,NB,NB,NB,NB,NB,NB,NB,NB,NB,NB,NB,NB,NB,NB,NB,NB,NB,X,NB,NB,NB-,NB,NB,NB,NB,NB,NB,NB,NB,NB,NB-,NB,NB,NB,NB,NB,NB,NB,NB-,NB-,NB,NB,NB,NB,NB,NB,NB,NB,NB,NB,NB,NB,NB,NB,NB,NB,NB,NB,NB,NB,NB,NB,NB,NB,NB,NB,NB,NB,NB,NB,NB,NB,NB,NB,NB,NB,NB,NB,NB,NB,NB,NB,NB,NB,NB,NB,NB,NB,NB,NB,NB,NB,NB,NB,NB,NB,NB,NB,NB+,NB,NB,NB,NB,NB,NB,NB,NB,NB,NB,NB,NB,NB,NB,NB,NB,NB,NB,NB+,NB,NB,NB,NB,NB,NB,NB,NB,NB,NB,NB,NB,NB,NB,NB,NB,NB,NB,NB,NB,NB,NB-,NB-,NB-,NB,NB,NB,NB,NB,NB,NB,NB,NB,NB,NB,NB,NB,NB,NB,NB,NB+,NB,NB,NB,NB,NB+,NB,NB,NB,NB,NB,NB,NB,NB,NB,NB,NB,NB,NB,NB,NB,NB,NB,NB,NB,NB,NB,NB,NB,NB,NB,NB,NB,NB,NB,NB,NB,NB,NB,NB,NB,NB,NB,NB,NB,NB,NB,NB,NB,NB,NB+,NB,NB,NB,NB,NB,NB,NB,NB,NB,NB,NB,NB,NB,NB,NB,NB,NB,NB,NB,NB,NB,NB,NB,NB,NB,NB,NB,NB,NB,NB,NB,NB,NB,NB,NB,NB,NB,NB,NB,NB,NB,NB,NB,NB,NB,NB,NB,NB,NB,NB,NB,NB,NB,NB+,NB,NB,NB,NB,NB,NB,NB,NB,NB,NB,NB+,NB,NB,NB,NB,NB,NB,NB,NB,NB,NB,NB,NB,NB,NB,NB,NB,NB,NB,NB,NB,NB,NB,NB,NB,NB,NB,NB,NB,NB,NB,NB,NB,NB,NB,NB,NB,NB,NB,NB,NB,NB,NB,NB,NB,NB,NB,NB,NB,NB,NB,NB,NB,NB,NB,NB,NB,NB,NB,NB,NB,NB,NB,NB,NB,NB,NB,NB,NB,NB,NB,NB,NB,NB,NB,NB,NB,NB,NB,NB,NB,NB,NB,NB,NB,NB,NB,NB,NB,NB,NB,NB,NB,NB,NB,NB,NB,NB,NB,NB,NB,NB,NB,NB,NB,NB,NB,NB,NB,NB,NB,NB,NB,NB,NB,NB,NB,NB,NB,NB,NB,NB,NB,NB-,NB,NB,NB,NB,NB,NB,NB,NB,NB,NB-,NB,NB,NB
40,CALCIUM LIGNOSULFONATE,DD+,DD+,DD,DD,DD,DD,DD,DD,DD,DD,DD,DD,DD,DD,DD,DD,DD,DD,DD,DD,DD,DD,DD,DD,DD,DD,DD,DD,DD,DD,DD,DD,DD,DD,DD,DD,DD,DD,DD,DD,DD,DD-,DD,DD,DD,DD,DD,DD,DD,DD,DD,DD-,DD,DD,DD,DD,DD,DD,DD,DD-,DD-,DD,DD,DD,DD,DD,DD,DD,DD,DD,DD,DD,DD,DD,DD,DD,DD,DD,DD,DD,DD,DD,DD,DD,DD,DD,DD,DD,DD,DD,DD,DD,DD,DD,DD,DD,DD,DD,DD,DD,DD,DD,DD,DD,DD,DD,DD,DD,DD,DD,DD,DD,DD,DD,DD,DD,DD,DD,DD,DD+,DD,DD,DD,DD,DD,DD,DD,DD,DD,DD,DD,DD,DD,DD,DD,DD,DD,DD,DD+,DD,DD,DD,DD,DD,DD,DD,DD,DD,DD,DD,DD,DD,DD,DD,DD,DD,DD,DD,DD,DD,DD-,DD-,DD-,DD,DD,DD,DD,DD,DD,DD,DD,DD,DD,DD,DD,DD,DD,DD,DD,DD+,DD,DD,DD,DD,DD+,DD,DD,DD,DD,DD,DD,DD,DD,DD,DD,DD,DD,DD,DD,DD,DD,DD,DD,DD,DD,DD,DD,DD,DD,DD,DD,DD,DD,DD,DD,DD,DD,DD,DD,DD,DD,DD,DD,DD,DD,DD,DD,DD,DD,DD+,DD,DD,DD,DD,DD,DD,DD,DD,DD,DD,DD,DD,DD,DD,DD,DD,DD,DD,DD,DD,DD,DD,DD,DD,DD,DD,DD,DD,DD,DD,DD,DD,DD,DD,DD,DD,DD,DD,DD,DD,DD,DD,DD,DD,DD,DD,DD,DD,DD,DD,DD,DD,DD,DD+,DD,DD,DD,DD,DD,DD,DD,DD,DD,DD,DD+,DD,DD,DD,DD,DD,DD,DD,DD,DD,DD,DD,DD,DD,DD,DD,DD,DD,DD,DD,DD,DD,DD,DD,DD,DD,DD,DD,DD,DD,DD,DD,DD,DD,DD,DD,DD,DD,DD,DD,DD,DD,DD,DD,DD,DD,DD,DD,DD,DD,DD,DD,DD,DD,DD,DD,DD,DD,DD,DD,DD,DD,DD,DD,DD,DD,DD,DD,DD,DD,DD,DD,DD,DD,DD,DD,DD,DD,DD,DD,DD,DD,DD,DD,DD,DD,DD,DD,DD,DD,DD,DD,DD,DD,DD,DD,DD,DD,DD,DD,DD,DD,DD,DD,DD,DD,DD,DD,DD,DD,DD,DD,DD,DD,DD,DD,DD,DD,DD,DD,DD,DD,DD,DD-,DD,DD,DD,DD,DD,DD,DD,DD,DD,DD-,DD,DD,DD
41,CAPROLACTAM,DE+,DE+,DE,DE,DE,DE,DE,DE,DE,DE,DE,DE,DE,DE,DE,DE,DE,DE,DE,DE,DE,DE,DE,DE,DE,DE,DE,DE,DE,DE,DE,DE,DE,DE,DE,DE,DE,DE,DE,DE,X,DE-,DE,DE,DE,DE,DE,DE,DE,DE,DE,DE-,DE,DE,DE,DE,DE,DE,DE,DE-,DE-,DE,DE,DE,DE,DE,DE,DE,DE,DE,DE,DE,DE,DE,DE,DE,DE,DE,DE,DE,DE,DE,DE,DE,DE,DE,DE,DE,DE,DE,DE,DE,DE,DE,DE,DE,DE,DE,DE,DE,DE,DE,DE,DE,DE,DE,DE,DE,DE,DE,DE,DE,DE,DE,DE,DE,DE,DE,DE,DE+,DE,DE,DE,DE,DE,DE,DE,DE,DE,DE,DE,DE,DE,DE,DE,DE,DE,DE,DE+,DE,DE,DE,DE,DE,DE,DE,DE,DE,DE,DE,DE,DE,DE,DE,DE,DE,DE,DE,DE,DE,DE-,DE-,DE-,DE,DE,DE,DE,DE,DE,DE,DE,DE,DE,DE,DE,DE,DE,DE,DE,DE+,DE,DE,DE,DE,DE+,DE,DE,DE,DE,DE,DE,DE,DE,DE,DE,DE,DE,DE,DE,DE,DE,DE,DE,DE,DE,DE,DE,DE,DE,DE,DE,DE,DE,DE,DE,DE,DE,DE,DE,DE,DE,DE,DE,DE,DE,DE,DE,DE,DE,DE+,DE,DE,DE,DE,DE,DE,DE,DE,DE,DE,DE,DE,DE,DE,DE,DE,DE,DE,DE,DE,DE,DE,DE,DE,DE,DE,DE,DE,DE,DE,DE,DE,DE,DE,DE,DE,DE,DE,DE,DE,DE,DE,DE,DE,DE,DE,DE,DE,DE,DE,DE,DE,DE,DE+,DE,DE,DE,DE,DE,DE,DE,DE,DE,DE,DE+,DE,DE,DE,DE,DE,DE,DE,DE,DE,DE,DE,DE,DE,DE,DE,DE,DE,DE,DE,DE,DE,DE,DE,DE,DE,DE,DE,DE,DE,DE,DE,DE,DE,DE,DE,DE,DE,DE,DE,DE,DE,DE,DE,DE,DE,DE,DE,DE,DE,DE,DE,DE,DE,DE,DE,DE,DE,DE,DE,DE,DE,DE,DE,DE,DE,DE,DE,DE,DE,DE,DE,DE,DE,DE,DE,DE,DE,DE,DE,DE,DE,DE,DE,DE,DE,DE,DE,DE,DE,DE,DE,DE,DE,DE,DE,DE,DE,DE,DE,DE,DE,DE,DE,DE,DE,DE,DE,DE,DE,DE,DE,DE,DE,DE,DE,DE,DE,DE,DE,DE,DE,DE,DE-,DE,DE,DE,DE,DE,DE,DE,DE,DE,DE-,DE,DE,DE
42,CARBON BLACK FEEDSTOCK,ZX+,ZX+,ZX,ZX,ZX,ZX,ZX,ZX,ZX,ZX,ZX,ZX,ZX,ZX,ZX,ZX,ZX,ZX,ZX,ZX,ZX,ZX,ZX,ZX,ZX,ZX,ZX,ZX,ZX,ZX,ZX,ZX,ZX,ZX,ZX,ZX,ZX,ZX,ZX,ZX,ZX,X-,ZX,ZX,ZX,ZX,ZX,ZX,ZX,ZX,ZX,ZA-,ZX,ZX,ZX,ZX,ZX,ZX,ZX,ZA-,ZA-,ZX,ZA,ZX,ZX,ZX,ZX,ZX,ZX,ZX,ZX,ZX,ZX,ZX,ZX,ZX,ZX,ZX,ZX,ZX,ZX,ZX,ZX,ZX,ZX,ZX,ZX,ZX,ZX,ZX,ZX,ZX,ZX,ZX,ZX,ZX,ZX,ZX,ZX,ZX,ZX,ZX,ZX,ZX,ZX,ZX,ZX,ZX,ZX,ZX,ZX,ZX,ZX,ZX,ZX,ZX,ZX,ZX,ZX,ZX+,ZX,ZX,ZX,ZX,ZX,ZX,ZX,ZX,ZX,ZX,ZX,ZX,ZX,ZX,ZX,ZX,ZX,ZX,ZX+,ZX,ZX,ZX,ZX,ZX,ZX,ZX,ZX,ZX,ZX,ZX,ZX,ZX,ZX,ZX,ZX,ZX,ZX,ZX,ZX,ZX,ZA-,ZA-,ZA-,ZX,ZX,ZX,ZX,ZX,ZX,ZX,ZX,ZX,ZX,ZX,ZX,ZX,ZX,ZX,ZX,ZX+,ZX,ZX,ZX,ZX,ZX+,ZX,ZX,ZX,ZX,ZX,ZX,ZX,ZX,ZX,ZX,ZX,ZX,ZX,ZX,ZX,ZX,ZX,ZX,ZX,ZX,ZX,ZX,ZX,ZX,ZX,ZX,ZX,ZX,ZX,ZX,ZX,ZX,ZX,ZA,ZX,ZX,ZX,ZX,ZX,ZX,ZX,ZX,ZX,ZX,ZX+,ZX,ZX,ZX,ZX,ZX,ZX,ZX,ZX,ZX,ZX,ZX,ZX,ZX,ZX,ZX,ZX,ZX,ZX,ZX,ZX,ZX,ZX,ZX,ZX,ZX,ZX,ZX,ZX,ZX,ZX,ZX,ZX,ZX,ZX,ZX,ZX,ZX,ZX,ZX,ZX,ZX,ZX,ZX,ZX,ZX,ZX,ZX,ZX,ZX,ZX,ZX,ZX,ZX,ZX+,ZX,ZX,ZX,ZX,ZX,ZX,ZX,ZX,ZX,ZX,ZX+,ZX,ZX,ZX,ZX,ZX,ZX,ZX,ZX,ZX,ZX,ZX,ZX,ZX,ZX,ZX,ZX,ZX,ZX,ZX,ZX,ZX,ZX,ZX,ZX,ZX,ZX,ZX,ZX,ZX,ZX,ZX,ZX,ZX,ZX,ZX,ZX,ZX,ZX,ZX,ZX,ZX,ZX,ZX,ZX,ZX,ZX,ZX,ZX,ZX,ZX,ZX,ZX,ZX,ZX,ZX,ZX,ZX,ZX,ZX,ZX,ZX,ZA,ZX,ZX,ZX,ZX,ZX,ZX,ZX,ZX,ZX,ZX,ZX,ZX,ZX,ZX,ZX,ZX,ZX,ZX,ZX,ZX,ZX,ZX,ZX,ZX,ZX,ZX,ZX,ZX,ZX,ZX,ZX,ZX,ZX,ZX,ZX,ZX,ZX,ZX,ZX,ZX,ZX,ZX,ZX,ZX,ZX,ZX,ZX,ZX,ZX,ZX,ZX,ZX,ZX,ZA,ZX,ZX,ZX,ZX,ZX,ZX,ZA-,ZX,ZX,ZX,ZX,ZA,ZX,ZX,ZX,ZX,ZA-,ZX,ZX,ZX
43,CARBON TETRACHLORIDE,C+,C+,C,C,C,C,C,C,C,C,C,C,C,C,C,C,C,C,C,C,C,C,C,C,C,C,C,C,C,C,C,C,C,C,C,C,C,C,C,C,C,C-,X,C,C,C,C,C,C,C,C,C-,C,C,C,C,C,C,C,C-,C-,C,C,C,C,C,C,C,C,C,C,C,C,C,C,C,C,C,C,C,C,C,C,C,C,C,C,C,C,C,C,C,C,C,C,C,C,C,C,C,C,C,C,C,C,C,C,C,C,C,C,C,C,C,C,C,C,C,C,C+,C,C,C,C,C,C,C,C,C,C,C,C,C,C,C,C,C,C,C+,C,C,C,C,C,C,C,C,C,C,C,C,C,C,C,C,C,C,C,C,C,C-,C-,C-,C,C,C,C,C,C,C,C,C,C,C,C,C,C,C,C,C+,C,C,C,C,C+,C,C,C,C,C,C,C,C,C,C,C,C,C,C,C,C,C,C,C,C,C,C,C,C,C,C,C,C,C,C,C,C,C,C,C,C,C,C,C,C,C,C,C,C,C+,C,C,C,C,C,C,C,C,C,C,C,C,C,C,C,C,C,C,C,C,C,C,C,C,C,C,C,C,C,C,C,C,C,C,C,C,C,C,C,C,C,C,C,C,C,C,C,C,C,C,C,C,C,C+,C,C,C,C,C,C,C,C,C,C,C+,C,C,C,C,C,C,C,C,C,C,C,C,C,C,C,C,C,C,C,C,C,C,C,C,C,C,C,C,C,C,C,C,C,C,C,C,C,C,C,C,C,C,C,C,C,C,C,C,C,C,C,C,C,C,C,C,C,C,C,C,C,C,C,C,C,C,C,C,C,C,C,C,C,C,C,C,C,C,C,C,C,C,C,C,C,C,C,C,C,C,C,C,C,C,C,C,C,C,C,C,C,C,C,C,C,C,C,C,C,C,C,C,C,C,C,C,C,C,C,C,C,C,C-,C,C,C,C,C,C,C,C,C,C-,C,C,C
44,CASHEW NUT SHELL OIL,PA+,PA+,PA,PA,PA,PA,PA,PA,PA,PA,PA,PA,PA,PA,PA,PA,PA,PA,PA,PA,HY,HY,HY,PA,PA,PA,PA,PA,PA,PA,PA,PA,PA,PA,PA,PA,PA,PA,PA,PA,PA,PA-,PA,X,PA,PA,PA,PA,PA,PA,PA,PA-,PA,PA,PA,PA,PA,PA,PA,PA-,PA-,PA,PA,PA,PA,PA,PA,PA,PA,PA,PA,PA,PA,PA,PA,PA,PA,PA,PA,PA,PA,PA,PA,PA,PA,PA,PA,PA,PA,PA,PA,PA,PA,PA,PA,PA,PA,PA,PA,PA,PA,PA,PA,PA,PA,PA,PA,PA,PA,PA,PA,PA,PA,PA,PA,PA,PA,PA,PA,PA+,PA,PA,PA,PA,PA,PA,PA,PA,PA,PA,PA,PA,PA,PA,PA,PA,PA,PA,PA+,PA,PA,PA,PA,PA,PA,PA,PA,PA,PA,PA,PA,PA,PA,PA,PA,PA,PA,PA,PA,PA,PA-,PA-,PA-,PA,PA,PA,PA,PA,PA,PA,PA,PA,PA,PA,PA,PA,PA,PA,PA,PA+,PA,PA,PA,PA,PA+,PA,PA,PA,PA,PA,PA,PA,PA,PA,PA,PA,PA,PA,PA,PA,PA,PA,PA,PA,PA,PA,PA,PA,PA,HY,PA,PA,PA,PA,PA,PA,PA,PA,PA,PA,PA,PA,PA,PA,PA,PA,PA,PA,PA,PA+,PA,PA,PA,PA,PA,PA,PA,PA,PA,PA,PA,PA,PA,PA,PA,PA,PA,PA,PA,PA,PA,PA,PA,PA,PA,PA,PA,PA,PA,PA,PA,PA,PA,PA,PA,PA,PA,PA,PA,PA,PA,PA,PA,PA,PA,PA,PA,PA,PA,PA,PA,PA,PA,PA+,PA,PA,PA,PA,PA,PA,PA,PA,PA,PA,PA+,PA,PA,PA,PA,PA,PA,PA,PA,PA,PA,PA,PA,PA,PA,PA,PA,PA,PA,PA,PA,PA,PA,PA,PA,PA,PA,PA,PA,PA,PA,PA,PA,PA,PA,PA,PA,PA,PA,PA,PA,PA,PA,PA,PA,PA,PA,PA,PA,PA,PA,PA,PA,PA,PA,PA,PA,PA,PA,PA,PA,PA,PA,PA,PA,PA,PA,PA,PA,PA,PA,PA,PA,PA,PA,PA,PA,PA,PA,PA,PA,PA,PA,PA,PA,PA,PA,PA,PA,PA,PA,PA,PA,PA,PA,PA,PA,PA,PA,PA,PA,PA,PA,PA,PA,PA,PA,PA,PA,PA,PA,PA,PA,PA,PA,PA,PA,PA,PA,PA,PA,PA,PA,PA-,PA,PA,PA,PA,PA,PA,PA,PA,PA,PA-,PA,PA,PA
45,CASTOR OIL,P+,P+,P,P,P,P,P,P,P,P,P,P,P,P,P,P,P,P,P,P,HY,HY,HY,P,P,P,P,P,P,P,P,P,P,P,P,P,P,P,P,P,P,P-,P,P,X,P,P,P,P,P,P,P-,P,P,P,P,P,P,P,P-,P-,P,P,P,P,P,P,P,P,P,P,P,P,P,P,P,P,P,P,P,P,P,P,P,P,P,P,P,P,P,P,P,P,P,P,P,P,P,P,P,P,P,P,P,P,P,P,P,P,P,P,P,P,P,P,P,P,P,P,P+,P,P,P,P,P,P,P,P,P,P,P,P,P,P,P,P,P,P,P+,P,P,P,P,P,P,P,P,P,P,P,P,P,P,P,P,P,P,P,P,P,P-,P-,P-,P,P,P,P,P,P,P,P,P,P,P,P,P,P,P,P,P+,P,P,P,P,P+,P,P,P,P,P,P,P,P,P,P,P,P,P,P,P,P,P,P,P,P,P,P,P,P,HY,P,P,P,P,P,P,P,P,P,P,P,P,P,P,P,P,P,P,P,P+,P,P,P,P,P,P,P,P,P,P,P,P,P,P,P,P,P,P,P,P,P,P,P,P,P,P,P,P,P,P,P,P,P,P,P,P,P,P,P,P,P,P,P,P,P,P,P,P,P,P,P,P,P,P+,P,P,P,P,P,P,P,P,P,P,P+,P,P,P,P,P,P,P,P,P,P,P,P,P,P,P,P,P,P,P,P,P,P,P,P,P,P,P,P,P,P,P,P,P,P,P,P,P,P,P,P,P,P,P,P,P,P,P,P,P,P,P,P,P,P,P,P,P,P,P,P,P,P,P,P,P,P,P,P,P,P,P,P,P,P,P,P,P,P,P,P,P,P,P,P,P,P,P,P,P,P,P,P,P,P,P,P,P,P,P,P,P,P,P,P,P,P,P,P,P,P,P,P,P,P,P,P,P,P,P,P,P,P,P-,P,P,P,P,P,P,P,P,P,P-,P,P,P
46,CHLOROACETIC ACID LIQUID (80% OR LESS),C+,C+,C,C,C,C,C,C,C,C,C,C,C,C,C,C,C,C,C,C,C,C,C,C,C,C,C,C,C,C,C,C,C,C,C,C,C,C,C,C,C,C-,C,C,C,X,C,C,C,C,C,C-,C,C,C,C,C,C,C,C-,C-,C,C,C,C,C,C,C,C,C,C,C,C,C,C,C,C,C,C,C,C,C,C,C,C,C,C,C,C,C,C,C,C,C,C,C,C,C,C,C,C,C,C,C,C,C,C,C,C,C,C,C,C,C,C,C,C,C,C,C+,C,C,C,C,C,C,C,C,C,C,C,C,C,C,C,C,C,C,C+,C,C,C,C,C,C,C,C,C,C,C,C,C,C,C,C,C,C,C,C,C,C-,C-,C-,C,C,C,C,C,C,C,C,C,C,C,C,C,C,C,C,C+,C,C,C,C,C+,C,C,C,C,C,C,C,C,C,C,C,C,C,C,C,C,C,C,C,C,C,C,C,C,C,C,C,C,C,C,C,C,C,C,C,C,C,C,C,C,C,C,C,C,C+,C,C,C,C,C,C,C,C,C,C,C,C,C,C,C,C,C,C,C,C,C,C,C,C,C,C,C,C,C,C,C,C,C,C,C,C,C,C,C,C,C,C,C,C,C,C,C,C,C,C,C,C,C,C+,C,C,C,C,C,C,C,C,C,C,C+,C,C,C,C,C,C,C,C,C,C,C,C,C,C,C,C,C,C,C,C,C,C,C,C,C,C,C,C,C,C,C,C,C,C,C,C,C,C,C,C,C,C,C,C,C,C,C,C,C,C,C,C,C,C,C,C,C,C,C,C,C,C,C,C,C,C,C,C,C,C,C,C,C,C,C,C,C,C,C,C,C,C,C,C,C,C,C,C,C,C,C,C,C,C,C,C,C,C,C,C,C,C,C,C,C,C,C,C,C,C,C,C,C,C,C,C,C,C,C,C,C,C,C-,C,C,C,C,C,C,C,C,C,C-,C,C,C
47,CHLOROBENZENE,CA+,CA+,CA,CA,CA,CA,CA,CA,CA,CA,CA,CA,CA,CA,CA,CA,CA,CA,CA,CA,CA,CA,CA,CA,CA,CA,CA,CA,CA,CA,CA,CA,CA,CA,CA,CA,CA,CA,CA,CA,CA,CA-,CA,CA,CA,CA,X,CA,CA,CA,CA,CA-,CA,CA,CA,CA,CA,CA,CA,CA-,CA-,CA,CA,CA,CA,CA,CA,CA,CA,CA,CA,CA,CA,CA,CA,CA,CA,CA,CA,CA,CA,CA,CA,CA,CA,CA,CA,CA,CA,CA,CA,CA,CA,CA,CA,CA,CA,CA,CA,CA,CA,CA,CA,CA,CA,CA,CA,CA,CA,CA,CA,CA,CA,CA,CA,CA,CA,CA,CA,CA+,CA,CA,CA,CA,CA,CA,CA,CA,CA,CA,CA,CA,CA,CA,CA,CA,CA,CA,CA+,CA,CA,CA,CA,CA,CA,CA,CA,CA,CA,CA,CA,CA,CA,CA,CA,CA,CA,CA,CA,CA,CA-,CA-,CA-,CA,CA,CA,CA,CA,CA,CA,CA,CA,CA,CA,CA,CA,CA,CA,CA,CA+,CA,CA,CA,CA,CA+,CA,CA,CA,CA,CA,CA,CA,CA,CA,CA,CA,CA,CA,CA,CA,CA,CA,CA,CA,CA,CA,CA,CA,CA,CA,CA,CA,CA,CA,CA,CA,CA,CA,CA,CA,CA,CA,CA,CA,CA,CA,CA,CA,CA,CA+,CA,CA,CA,CA,CA,CA,CA,CA,CA,CA,CA,CA,CA,CA,CA,CA,CA,CA,CA,CA,CA,CA,CA,CA,CA,CA,CA,CA,CA,CA,CA,CA,CA,CA,CA,CA,CA,CA,CA,CA,CA,CA,CA,CA,CA,CA,CA,CA,CA,CA,CA,CA,CA,CA+,CA,CA,CA,CA,CA,CA,CA,CA,CA,CA,CA+,CA,CA,CA,CA,CA,CA,CA,CA,CA,CA,CA,CA,CA,CA,CA,CA,CA,CA,CA,CA,CA,CA,CA,CA,CA,CA,CA,CA,CA,CA,CA,CA,CA,CA,CA,CA,CA,CA,CA,CA,CA,CA,CA,CA,CA,CA,CA,CA,CA,CA,CA,CA,CA,CA,CA,CA,CA,CA,CA,CA,CA,CA,CA,CA,CA,CA,CA,CA,CA,CA,CA,CA,CA,CA,CA,CA,CA,CA,CA,CA,CA,CA,CA,CA,CA,CA,CA,CA,CA,CA,CA,CA,CA,CA,CA,CA,CA,CA,CA,CA,CA,CA,CA,CA,CA,CA,CA,CA,CA,CA,CA,CA,CA,CA,CA,CA,CA,CA,CA,CA,CA,CA,CA-,CA,CA,CA,CA,CA,CA,CA,CA,CA,CA-,CA,CA,CA
48,CHLOROFORM,B+,B+,B,B,B,B,B,B,B,B,B,B,B,B,B,B,B,B,B,B,B,B,B,B,B,B,B,B,B,B,B,B,B,B,B,B,B,B,B,B,B,B-,B,B,B,B,B,X,B,B,B,B-,B,B,B,B,B,B,B,B-,B-,B,B,B,B,B,B,B,B,B,B,B,B,B,B,B,B,B,B,B,B,B,B,B,B,B,B,B,B,B,B,B,B,B,B,B,B,B,B,B,B,B,B,B,B,B,B,B,B,B,B,B,B,B,B,B,B,B,B,B+,B,B,B,B,B,B,B,B,B,B,B,B,B,B,B,B,B,B,B+,B,B,B,B,B,B,B,B,B,B,B,B,B,B,B,B,B,B,B,B,B,B-,B-,B-,B,B,B,B,B,B,B,B,B,B,B,B,B,B,B,B,B+,B,B,B,B,B+,B,B,B,B,B,B,B,B,B,B,B,B,B,B,B,B,B,B,B,B,B,B,B,B,B,B,B,B,B,B,B,B,B,B,B,B,B,B,B,B,B,B,B,B,B+,B,B,B,B,B,B,B,B,B,B,B,B,B,B,B,B,B,B,B,B,B,B,B,B,B,B,B,B,B,B,B,B,B,B,B,B,B,B,B,B,B,B,B,B,B,B,B,B,B,B,B,B,B,B+,B,B,B,B,B,B,B,B,B,B,B+,B,B,B,B,B,B,B,B,B,B,B,B,B,B,B,B,B,B,B,B,B,B,B,B,B,B,B,B,B,B,B,B,B,B,B,B,B,B,B,B,B,B,B,B,B,B,B,B,B,B,B,B,B,B,B,B,B,B,B,B,B,B,B,B,B,B,B,B,B,B,B,B,B,B,B,B,B,B,B,B,B,B,B,B,B,B,B,B,B,B,B,B,B,B,B,B,B,B,B,B,B,B,B,B,B,B,B,B,B,B,B,B,B,B,B,B,B,B,B,B,B,B,B-,B,B,B,B,B,B,B,B,B,B-,B,B,B
49,2-CHLOROPROPIONIC ACID,C+,C+,C,C,C,C,C,C,C,C,C,C,C,C,C,C,C,C,C,C,C,C,C,C,C,C,C,C,C,C,C,C,C,C,C,C,C,C,C,C,C,C-,C,C,C,C,C,C,X,C,C,C-,C,C,C,C,C,C,C,C-,C-,C,C,C,C,C,C,C,C,C,C,C,C,C,C,C,C,C,C,C,C,C,C,C,C,C,C,C,C,C,C,C,C,C,C,C,C,C,C,C,C,C,C,C,C,C,C,C,C,C,C,C,C,C,C,C,C,C,C,C+,C,C,C,C,C,C,C,C,C,C,C,C,C,C,C,C,C,C,C+,C,C,C,C,C,C,C,C,C,C,C,C,C,C,C,C,C,C,C,C,C,C-,C-,C-,C,C,C,C,C,C,C,C,C,C,C,C,C,C,C,C,C+,C,C,C,C,C+,C,C,C,C,C,C,C,C,C,C,C,C,C,C,C,C,C,C,C,C,C,C,C,C,C,C,C,C,C,C,C,C,C,C,C,C,C,C,C,C,C,C,C,C,C+,C,C,C,C,C,C,C,C,C,C,C,C,C,C,C,C,C,C,C,C,C,C,C,C,C,C,C,C,C,C,C,C,C,C,C,C,C,C,C,C,C,C,C,C,C,C,C,C,C,C,C,C,C,C+,C,C,C,C,C,C,C,C,C,C,C+,C,C,C,C,C,C,C,C,C,C,C,C,C,C,C,C,C,C,C,C,C,C,C,C,C,C,C,C,C,C,C,C,C,C,C,C,C,C,C,C,C,C,C,C,C,C,C,C,C,C,C,C,C,C,C,C,C,C,C,C,C,C,C,C,C,C,C,C,C,C,C,C,C,C,C,C,C,C,C,C,C,C,C,C,C,C,C,C,C,C,C,C,C,C,C,C,C,C,C,C,C,C,C,C,C,C,C,C,C,C,C,C,C,C,C,C,C,C,C,C,C,C,C-,C,C,C,C,C,C,C,C,C,C-,C,C,C
50,CHLOROTOLUENES,D+,D+,D,D,D,D,D,D,D,D,D,D,D,D,D,D,D,D,D,D,D,D,D,D,D,D,D,D,D,D,D,D,D,D,D,D,D,D,D,D,D,D-,D,D,D,D,D,D,D,X,D,D-,D,D,D,D,D,D,D,D-,D-,D,D,D,D,D,D,D,D,D,D,D,D,D,D,D,D,D,D,D,D,D,D,D,D,D,D,D,D,D,D,D,D,D,D,D,D,D,D,D,D,D,D,D,D,D,D,D,D,D,D,D,D,D,D,D,D,D,D,D+,D,D,D,D,D,D,D,D,D,D,D,D,D,D,D,D,D,D,D+,D,D,D,D,D,D,D,D,D,D,D,D,D,D,D,D,D,D,D,D,D,D-,D-,D-,D,D,D,D,D,D,D,D,D,D,D,D,D,D,D,D,D+,D,D,D,D,D+,D,D,D,D,D,D,D,D,D,D,D,D,D,D,D,D,D,D,D,D,D,D,D,D,D,D,D,D,D,D,D,D,D,D,D,D,D,D,D,D,D,D,D,D,D+,D,D,D,D,D,D,D,D,D,D,D,D,D,D,D,D,D,D,D,D,D,D,D,D,D,D,D,D,D,D,D,D,D,D,D,D,D,D,D,D,D,D,D,D,D,D,D,D,D,D,D,D,D,D+,D,D,D,D,D,D,D,D,D,D,D+,D,D,D,D,D,D,D,D,D,D,D,D,D,D,D,D,D,D,D,D,D,D,D,D,D,D,D,D,D,D,D,D,D,D,D,D,D,D,D,D,D,D,D,D,D,D,D,D,D,D,D,D,D,D,D,D,D,D,D,D,D,D,D,D,D,D,D,D,D,D,D,D,D,D,D,D,D,D,D,D,D,D,D,D,D,D,D,D,D,D,D,D,D,D,D,D,D,D,D,D,D,D,D,D,D,D,D,D,D,D,D,D,D,D,D,D,D,D,D,D,D,D,D-,D,D,D,D,D,D,D,D,D,D-,D,D,D
51,CITRIC ACID SOLUTION,BA+,BA+,BA,BA,BA,BA,BA,BA,BA,BA,BA,BA,BA,BA,BA,BA,BA,BA,BA,BA,BA,BA,BA,BA,BA,BA,BA,BA,BA,BA,BA,BA,BA,BA,BA,BA,BA,BA,BA,BA,BA,BA-,BA,BA,BA,BA,BA,BA,BA,BA,X,BA-,BA,BA,BA,BA,BA,BA,BA,BA-,BA-,BA,BA,BA,BA,BA,BA,BA,BA,BA,BA,BA,BA,BA,BA,BA,BA,BA,BA,BA,BA,BA,BA,BA,BA,BA,BA,BA,BA,BA,BA,BA,BA,BA,BA,BA,BA,BA,BA,BA,BA,BA,BA,BA,BA,BA,BA,BA,BA,BA,BA,BA,BA,BA,BA,BA,BA,BA,BA,BA+,BA,BA,BA,BA,BA,BA,BA,BA,BA,BA,BA,BA,BA,BA,BA,BA,BA,BA,BA+,BA,BA,BA,BA,BA,BA,BA,BA,BA,BA,BA,BA,BA,BA,BA,BA,BA,BA,BA,BA,BA,BA-,BA-,BA-,BA,BA,BA,BA,BA,BA,BA,BA,BA,BA,BA,BA,BA,BA,BA,BA,BA+,BA,BA,BA,BA,BA+,BA,BA,BA,BA,BA,BA,BA,BA,BA,BA,BA,BA,BA,BA,BA,BA,BA,BA,BA,BA,BA,BA,BA,BA,BA,BA,BA,BA,BA,BA,BA,BA,BA,BA,BA,BA,BA,BA,BA,BA,BA,BA,BA,BA,BA+,BA,BA,BA,BA,BA,BA,BA,BA,BA,BA,BA,BA,BA,BA,BA,BA,BA,BA,BA,BA,BA,BA,BA,BA,BA,BA,BA,BA,BA,BA,BA,BA,BA,BA,BA,BA,BA,BA,BA,BA,BA,BA,BA,BA,BA,BA,BA,BA,BA,BA,BA,BA,BA,BA+,BA,BA,BA,BA,BA,BA,BA,BA,BA,BA,BA+,BA,BA,BA,BA,BA,BA,BA,BA,BA,BA,BA,BA,BA,BA,BA,BA,BA,BA,BA,BA,BA,BA,BA,BA,BA,BA,BA,BA,BA,BA,BA,BA,BA,BA,BA,BA,BA,BA,BA,BA,BA,BA,BA,BA,BA,BA,BA,BA,BA,BA,BA,BA,BA,BA,BA,BA,BA,BA,BA,BA,BA,BA,BA,BA,BA,BA,BA,BA,BA,BA,BA,BA,BA,BA,BA,BA,BA,BA,BA,BA,BA,BA,BA,BA,BA,BA,BA,BA,BA,BA,BA,BA,BA,BA,BA,BA,BA,BA,BA,BA,BA,BA,BA,BA,BA,BA,BA,BA,BA,BA,BA,BA,BA,BA,BA,BA,BA,BA,BA,BA,BA,BA,BA-,BA,BA,BA,BA,BA,BA,BA,BA,BA,BA-,BA,BA,BA
52,COAL TAR,WX+,WX+,WX,WX,WX,WX,WX,WX,WX,WX,WX,WX,WX,WX,WX,WX,WX,WX,WX,WX,WX,WX,WX,WX,WX,WX,WX,WX,WX,WX,WX,WX,WX,WX,WX,WX,WX,WX,WX,WX,WX,WA-,WX,WX,WX,WX,WX,WX,WX,WX,WX,X-,WX,WX,WX,WX,W,WX,WX,WA-,WA-,WX,WA,WX,WX,WX,WX,WX,WX,WX,WX,WX,WX,WX,WX,WX,WX,WX,WX,WX,WX,WX,WX,WX,WX,WX,WX,WX,WX,WX,WX,WX,WX,WX,WX,WX,WX,WX,WX,WX,WX,WX,WX,WX,WX,WX,WX,WX,WX,WX,WX,WX,WX,WX,WX,WX,WX,WX,WX,WX+,WX,WX,WX,WX,WX,WX,WX,WX,WX,WX,WX,WX,WX,WX,WX,WX,WX,WX,WX+,WX,WX,WX,WX,WX,WX,WX,WX,WX,WX,WX,WX,WX,WX,WX,WX,WX,WX,WX,WX,WX,WA-,WA-,WA-,WX,WX,WX,WX,WX,WX,WX,WX,WX,WX,WX,WX,WX,WX,WX,WX,WX+,WX,WX,WX,WX,WX+,WX,WX,WX,WX,WX,WX,WX,WX,WX,WX,WX,WX,WX,WX,WX,WX,WX,WX,WX,WX,WX,WX,WX,WX,WX,WX,WX,WX,WX,WX,WX,WX,WX,WA,WX,WX,WX,WX,WX,WX,WX,WX,WX,WX,WX+,WX,WX,WX,WX,WX,WX,WX,WX,WX,WX,WX,WX,WX,WX,WX,WX,WX,WX,WX,WX,WX,WX,WX,WX,WX,WX,WX,WX,WX,WX,WX,WX,WX,WX,WX,WX,WX,WX,WX,WX,WX,WX,WX,WX,WX,WX,WX,WX,WX,WX,WX,WX,WX,WX+,WX,WX,WX,WX,WX,WX,WX,WX,WX,WX,WX+,WX,WX,WX,WX,WX,WX,WX,WX,WX,WX,WX,WX,WX,WX,WX,WX,WX,WX,WX,WX,WX,WX,WX,WX,WX,WX,WX,WX,WX,WX,WX,WX,WX,WX,WX,WX,WX,WX,WX,WX,WX,WX,WX,WX,WX,WX,WX,WX,WX,WX,WX,WX,WX,WX,WX,WX,WX,WX,WX,WX,WX,WA,WX,WX,WX,WX,WX,WX,WX,WX,WX,WX,WX,WX,WX,WX,WX,WX,WX,WX,WX,WX,WX,WX,WX,WX,WX,WX,WX,WX,WX,WX,WX,WX,WX,WX,WX,WX,WX,WX,WX,WX,WX,WX,WX,WX,WX,WX,WX,WX,WX,WX,WX,WX,WX,WA,WX,WX,WX,WX,WX,WX,WA-,WX,WX,WX,WX,WA,WX,WX,WX,WX,WA-,WX,WX,WX
53,COCONUT OIL FATTY ACID METHYL ESTER,IH+,IH+,IH,IH,IH,DF,IH,IH,IH,IH,IH,IH,IH,IH,IH,IH,IH,IH,IH,DF,HY,HY,HY,IH,IH,IH,IH,IH,DF,DF,DF,DF,IH,IH,IH,IH,IH,IH,IH,IH,IH,DF-,IH,DF,IH,IH,IH,IH,IH,IH,IH,DF-,X,DF,DF,DF,DF,IH,IH,DF-,DF-,IH,DF,IH,IH,IH,IH,IH,IH,IH,IH,IH,IH,IH,IH,IH,IH,IH,IH,IH,DF,IH,IH,IH,IH,IH,IH,IH,IH,IH,IH,IH,IH,IH,IH,IH,IH,IH,IH,IH,IH,IH,IH,IH,IH,IH,IH,IH,IH,IH,IH,IH,IH,IH,IH,IH,IH,IH,IH,IH+,IH,IH,IH,IH,IH,IH,IH,IH,IH,IH,IH,IH,IH,IH,IH,IH,IH,IH,IH+,IH,IH,IH,IH,IH,IH,IH,IH,IH,IH,IH,IH,IH,DF,DF,DF,IH,IH,IH,IH,IH,DF-,DF-,DF-,IH,IH,DF,DF,DF,DF,DF,DF,IH,IH,IH,IH,DF,IH,IH,IH,IH+,IH,IH,IH,IH,IH+,IH,IH,DF,IH,DF,IH,IH,IH,IH,IH,IH,DF,IH,IH,IH,IH,IH,IH,IH,IH,IH,IH,IH,IH,HY,DF,DF,IH,IH,DF,IH,DF,IH,DF,IH,DF,DF,IH,DF,IH,IH,IH,IH,IH,IH+,IH,IH,IH,IH,IH,IH,IH,IH,IH,IH,IH,IH,IH,IH,IH,IH,IH,IH,IH,IH,IH,IH,IH,IH,DF,IH,DF,DF,IH,IH,DF,DF,IH,IH,IH,IH,IH,IH,IH,IH,IH,IH,IH,IH,IH,IH,IH,IH,IH,IH,IH,IH,IH,IH+,IH,IH,IH,IH,IH,IH,IH,IH,IH,IH,IH+,IH,DF,IH,IH,IH,IH,IH,DF,DF,DF,DF,DF,DF,DF,DF,DF,DF,DF,DF,DF,IH,IH,IH,IH,IH,IH,IH,IH,IH,IH,IH,IH,IH,IH,IH,DF,IH,IH,IH,DF,IH,IH,IH,IH,IH,IH,IH,IH,IH,IH,IH,IH,IH,IH,IH,DF,DF,DF,IH,DF,IH,DF,DF,IH,DF,DF,IH,DF,DF,IH,IH,IH,IH,IH,DF,IH,IH,IH,DF,DF,DF,DF,DF,IH,IH,IH,IH,IH,IH,IH,IH,IH,IH,IH,IH,IH,IH,IH,IH,IH,IH,IH,IH,IH,IH,IH,IH,IH,IH,IH,IH,IH,IH,DF,DF,DF,IH,DF,DF,DF,DF,DF,DF-,IH,IH,DF,DF,DF,IH,IH,IH,IH,DF-,IH,IH,IH
54,COCONUT OIL FATTY ACID,PB+,PB+,PB,PB,PB,PB,PB,PB,PB,PB,PB,PB,PB,PB,PB,PB,PB,PB,PB,PB,HY,HY,HY,PB,PB,PB,PB,PB,PB,PB,PB,PB,PB,PB,PB,PB,PB,PB,PB,PB,PB,PB-,PB,PB,PB,PB,PB,PB,PB,PB,PB,PB-,PB,X,PB,PB,PB,PB,PB,PB-,PB-,PB,PB,PB,PB,PB,PB,PB,PB,PB,PB,PB,PB,PB,PB,PB,PB,PB,PB,PB,PB,PB,PB,PB,PB,PB,PB,PB,PB,PB,PB,PB,PB,PB,PB,PB,PB,PB,PB,PB,PB,PB,PB,PB,PB,PB,PB,PB,PB,PB,PB,PB,PB,PB,PB,PB,PB,PB,PB,PB+,PB,PB,PB,PB,PB,PB,PB,PB,PB,PB,PB,PB,PB,PB,PB,PB,PB,PB,PB+,PB,PB,PB,PB,PB,PB,PB,PB,PB,PB,PB,PB,PB,PB,PB,PB,PB,PB,PB,PB,PB,PB-,PB-,PB-,PB,PB,PB,PB,PB,PB,PB,PB,PB,PB,PB,PB,PB,PB,PB,PB,PB+,PB,PB,PB,PB,PB+,PB,PB,PB,PB,PB,PB,PB,PB,PB,PB,PB,PB,PB,PB,PB,PB,PB,PB,PB,PB,PB,PB,PB,PB,HY,PB,PB,PB,PB,PB,PB,PB,PB,PB,PB,PB,PB,PB,PB,PB,PB,PB,PB,PB,PB+,PB,PB,PB,PB,PB,PB,PB,PB,PB,PB,PB,PB,PB,PB,PB,PB,PB,PB,PB,PB,PB,PB,PB,PB,PB,PB,PB,PB,PB,PB,PB,PB,PB,PB,PB,PB,PB,PB,PB,PB,PB,PB,PB,PB,PB,PB,PB,PB,PB,PB,PB,PB,PB,PB+,PB,PB,PB,PB,PB,PB,PB,PB,PB,PB,PB+,PB,PB,PB,PB,PB,PB,PB,PB,PB,PB,PB,PB,PB,PB,PB,PB,PB,PB,PB,PB,PB,PB,PB,PB,PB,PB,PB,PB,PB,PB,PB,PB,PB,PB,PB,PB,PB,PB,PB,PB,PB,PB,PB,PB,PB,PB,PB,PB,PB,PB,PB,PB,PB,PB,PB,PB,PB,PB,PB,PB,PB,PB,PB,PB,PB,PB,PB,PB,PB,PB,PB,PB,PB,PB,PB,PB,PB,PB,PB,PB,PB,PB,PB,PB,PB,PB,PB,PB,PB,PB,PB,PB,PB,PB,PB,PB,PB,PB,PB,PB,PB,PB,PB,PB,PB,PB,PB,PB,PB,PB,PB,PB,PB,PB,PB,PB,PB,PB,PB,PB,PB,PB,PB-,PB,PB,PB,PB,PB,PB,PB,PB,PB,PB-,PB,PB,PB
55,COCONUT OIL,P+,P+,P,P,P,P,P,P,P,P,P,P,P,P,P,P,P,P,P,P,HY,HY,HY,P,P,P,P,P,P,P,P,P,P,P,P,P,P,P,P,P,P,P-,P,P,P,P,P,P,P,P,P,P-,P,P,X,P,P,P,P,P-,P-,P,P,P,P,P,P,P,P,P,P,P,P,P,P,P,P,P,P,P,P,P,P,P,P,P,P,P,P,P,P,P,P,P,P,P,P,P,P,P,P,P,P,P,P,P,P,P,P,P,P,P,P,P,P,P,P,P,P,P+,P,P,P,P,P,P,P,P,P,P,P,P,P,P,P,P,P,P,P+,P,P,P,P,P,P,P,P,P,P,P,P,P,P,P,P,P,P,P,P,P,P-,P-,P-,P,P,P,P,P,P,P,P,P,P,P,P,P,P,P,P,P+,P,P,P,P,P+,P,P,P,P,P,P,P,P,P,P,P,P,P,P,P,P,P,P,P,P,P,P,P,P,HY,P,P,P,P,P,P,P,P,P,P,P,P,P,P,P,P,P,P,P,P+,P,P,P,P,P,P,P,P,P,P,P,P,P,P,P,P,P,P,P,P,P,P,P,P,P,P,P,P,P,P,P,P,P,P,P,P,P,P,P,P,P,P,P,P,P,P,P,P,P,P,P,P,P,P+,P,P,P,P,P,P,P,P,P,P,P+,P,P,P,P,P,P,P,P,P,P,P,P,P,P,P,P,P,P,P,P,P,P,P,P,P,P,P,P,P,P,P,P,P,P,P,P,P,P,P,P,P,P,P,P,P,P,P,P,P,P,P,P,P,P,P,P,P,P,P,P,P,P,P,P,P,P,P,P,P,P,P,P,P,P,P,P,P,P,P,P,P,P,P,P,P,P,P,P,P,P,P,P,P,P,P,P,P,P,P,P,P,P,P,P,P,P,P,P,P,P,P,P,P,P,P,P,P,P,P,P,P,P,P-,P,P,P,P,P,P,P,P,P,P-,P,P,P
56,COTTONSEED OIL,PA+,PA+,PA,PA,PA,PA,PA,PA,PA,PA,PA,PA,PA,PA,PA,PA,PA,PA,PA,PA,HY,HY,HY,PA,PA,PA,PA,PA,PA,PA,PA,PA,PA,PA,PA,PA,PA,PA,PA,PA,PA,PA-,PA,PA,PA,PA,PA,PA,PA,PA,PA,PA-,PA,PA,PA,X,PA,PA,PA,PA-,PA-,PA,PA,PA,PA,PA,PA,PA,PA,PA,PA,PA,PA,PA,PA,PA,PA,PA,PA,PA,PA,PA,PA,PA,PA,PA,PA,PA,PA,PA,PA,PA,PA,PA,PA,PA,PA,PA,PA,PA,PA,PA,PA,PA,PA,PA,PA,PA,PA,PA,PA,PA,PA,PA,PA,PA,PA,PA,PA,PA+,PA,PA,PA,PA,PA,PA,PA,PA,PA,PA,PA,PA,PA,PA,PA,PA,PA,PA,PA+,PA,PA,PA,PA,PA,PA,PA,PA,PA,PA,PA,PA,PA,PA,PA,PA,PA,PA,PA,PA,PA,PA-,PA-,PA-,PA,PA,PA,PA,PA,PA,PA,PA,PA,PA,PA,PA,PA,PA,PA,PA,PA+,PA,PA,PA,PA,PA+,PA,PA,PA,PA,PA,PA,PA,PA,PA,PA,PA,PA,PA,PA,PA,PA,PA,PA,PA,PA,PA,PA,PA,PA,HY,PA,PA,PA,PA,PA,PA,PA,PA,PA,PA,PA,PA,PA,PA,PA,PA,PA,PA,PA,PA+,PA,PA,PA,PA,PA,PA,PA,PA,PA,PA,PA,PA,PA,PA,PA,PA,PA,PA,PA,PA,PA,PA,PA,PA,PA,PA,PA,PA,PA,PA,PA,PA,PA,PA,PA,PA,PA,PA,PA,PA,PA,PA,PA,PA,PA,PA,PA,PA,PA,PA,PA,PA,PA,PA+,PA,PA,PA,PA,PA,PA,PA,PA,PA,PA,PA+,PA,PA,PA,PA,PA,PA,PA,PA,PA,PA,PA,PA,PA,PA,PA,PA,PA,PA,PA,PA,PA,PA,PA,PA,PA,PA,PA,PA,PA,PA,PA,PA,PA,PA,PA,PA,PA,PA,PA,PA,PA,PA,PA,PA,PA,PA,PA,PA,PA,PA,PA,PA,PA,PA,PA,PA,PA,PA,PA,PA,PA,PA,PA,PA,PA,PA,PA,PA,PA,PA,PA,PA,PA,PA,PA,PA,PA,PA,PA,PA,PA,PA,PA,PA,PA,PA,PA,PA,PA,PA,PA,PA,PA,PA,PA,PA,PA,PA,PA,PA,PA,PA,PA,PA,PA,PA,PA,PA,PA,PA,PA,PA,PA,PA,PA,PA,PA,PA,PA,PA,PA,PA,PA-,PA,PA,PA,PA,PA,PA,PA,PA,PA,PA-,PA,PA,PA
57,CREOSOTE (COAL TAR),V+,V+,V,V,V,V,V,V,V,V,V,V,V,V,V,V,V,V,V,V,V,V,V,V,V,V,V,V,V,V,V,V,V,V,V,V,V,V,V,V,V,VA-,V,V,V,V,V,V,V,V,V,VB-,V,V,V,V,X,V,V,VA-,VA-,V,VA,V,V,V,V,V,V,V,V,V,V,V,V,V,V,V,V,V,V,V,V,V,V,V,V,V,V,V,V,V,V,V,V,V,V,V,V,V,V,V,V,V,V,V,V,V,V,V,V,V,V,V,V,V,V,V,V,V+,V,V,V,V,V,V,V,V,V,V,V,V,V,V,V,V,V,V,V+,V,V,V,V,V,V,V,V,V,V,V,V,V,V,V,V,V,V,V,V,V,VA-,VA-,VA-,V,V,V,V,V,V,V,V,V,V,V,V,V,V,V,V,V+,V,V,V,V,V+,V,V,V,V,V,V,V,V,V,V,V,V,V,V,V,V,V,V,V,V,V,V,V,V,V,V,V,V,V,V,V,V,V,V,V,V,V,V,V,V,V,V,V,V,V+,V,V,V,V,V,V,V,V,V,V,V,V,V,V,V,V,V,V,V,V,V,V,V,V,V,V,V,V,V,V,V,V,V,V,V,V,V,V,V,V,V,V,V,V,V,V,V,V,V,V,V,V,V,V+,V,V,V,V,V,V,V,V,V,V,V+,V,V,V,V,V,V,V,V,V,V,V,V,V,V,V,V,V,V,V,V,V,V,V,V,V,V,V,V,V,V,V,V,V,V,V,V,V,V,V,V,V,V,V,V,V,V,V,V,V,V,V,V,V,V,V,V,V,V,V,V,V,V,V,V,V,V,V,V,V,V,V,V,V,V,V,V,V,V,V,V,V,V,V,V,V,V,V,V,V,V,V,V,V,V,V,V,V,V,V,V,V,V,V,V,V,V,V,V,V,V,V,V,V,V,V,V,V,V,V,V,V,V,VA-,V,V,V,V,V,V,V,V,V,VA-,V,V,V
58,CRESOLS (MIXED ISOMERS),NC+,NC+,NC,NC,NC,NC,NC,NC,NC,NC,NC,NC,NC,NC,NC,NC,NC,NC,NC,DD,NC,NC,NC,NC,NC,NC,NC,NC,DD,DD,DD,DD,NC,NC,NC,NC,NC,NC,NC,NC,NC,DD-,NC,NC,NC,NC,NC,NC,NC,NC,NC,DD-,NC,NC,NC,NC,DD,X,NC,DD-,DD-,NC,DD,NC,NC,NC,NC,NC,NC,NC,NC,NC,NC,NC,NC,NC,NC,NC,NC,NC,DD,NC,NC,NC,NC,NC,NC,NC,NC,NC,NC,NC,NC,NC,NC,NC,NC,NC,NC,NC,NC,NC,NC,NC,NC,NC,NC,NC,NC,NC,NC,NC,NC,NC,NC,NC,NC,NC,NC,NC+,NC,NC,NC,NC,NC,NC,NC,NC,NC,NC,NC,NC,NC,NC,NC,NC,NC,NC,NC+,NC,NC,NC,NC,NC,NC,NC,NC,NC,NC,NC,NC,NC,NC,NC,NC,NC,NC,NC,NC,NC,DD-,DD-,DD-,NC,NC,DD,DD,DD,DD,DD,DD,NC,NC,NC,NC,NC,DD,NC,NC,NC+,NC,NC,NC,NC,NC+,NC,NC,DD,DD,DD,NC,NC,NC,NC,NC,NC,DD,NC,NC,NC,NC,NC,NC,NC,NC,NC,NC,NC,NC,NC,DD,DD,NC,NC,NC,NC,NC,NC,DD,NC,NC,NC,NC,NC,NC,NC,NC,NC,NC,NC+,NC,NC,NC,NC,NC,NC,NC,NC,NC,NC,NC,NC,NC,NC,NC,NC,NC,NC,NC,NC,NC,NC,NC,NC,NC,NC,DD,NC,NC,DD,DD,DD,NC,NC,NC,NC,NC,NC,NC,NC,NC,NC,NC,NC,NC,NC,NC,NC,NC,NC,NC,NC,NC,NC+,NC,NC,NC,NC,NC,NC,NC,NC,NC,NC,NC+,NC,NC,NC,NC,NC,NC,NC,NC,NC,NC,NC,NC,NC,NC,NC,NC,NC,NC,NC,NC,NC,NC,NC,NC,NC,NC,NC,NC,NC,NC,NC,NC,NC,NC,NC,NC,NC,NC,NC,NC,NC,NC,NC,NC,NC,NC,NC,NC,NC,NC,NC,NC,NC,NC,NC,DD,NC,NC,DD,DD,DD,DD,NC,NC,DD,NC,NC,NC,NC,NC,NC,NC,NC,NC,NC,NC,NC,NC,NC,NC,DD,DD,NC,NC,NC,NC,NC,NC,NC,NC,NC,NC,NC,NC,NC,NC,NC,NC,NC,NC,NC,NC,NC,NC,NC,NC,NC,NC,NC,NC,NC,NC,NC,NC,DD,DD,NC,NC,NC,NC,NC,NC,DD-,NC,NC,NC,DD,DD,NC,NC,NC,NC,DD-,NC,NC,NC
59,CROTONALDEHYDE,D+,D+,D,D,D,D,D,D,D,D,D,D,D,D,D,D,D,D,D,D,D,D,D,D,D,D,D,D,D,D,D,D,D,D,D,D,D,D,D,D,D,D-,D,D,D,D,D,D,D,D,D,D-,D,D,D,D,D,D,X,D-,D-,D,D,D,D,D,D,D,D,D,D,D,D,D,D,D,D,D,D,D,D,D,D,D,D,D,D,D,D,D,D,D,D,D,D,D,D,D,D,D,D,D,D,D,D,D,D,D,D,D,D,D,D,D,D,D,D,D,D,D+,D,D,D,D,D,D,D,D,D,D,D,D,D,D,D,D,D,D,D+,D,D,D,D,D,D,D,D,D,D,D,D,D,D,D,D,D,D,D,D,D,D-,D-,D-,D,D,D,D,D,D,D,D,D,D,D,D,D,D,D,D,D+,D,D,D,D,D+,D,D,D,D,D,D,D,D,D,D,D,D,D,D,D,D,D,D,D,D,D,D,D,D,D,D,D,D,D,D,D,D,D,D,D,D,D,D,D,D,D,D,D,D,D+,D,D,D,D,D,D,D,D,D,D,D,D,D,D,D,D,D,D,D,D,D,D,D,D,D,D,D,D,D,D,D,D,D,D,D,D,D,D,D,D,D,D,D,D,D,D,D,D,D,D,D,D,D,D+,D,D,D,D,D,D,D,D,D,D,D+,D,D,D,D,D,D,D,D,D,D,D,D,D,D,D,D,D,D,D,D,D,D,D,D,D,D,D,D,D,D,D,D,D,D,D,D,D,D,D,D,D,D,D,D,D,D,D,D,D,D,D,D,D,D,D,D,D,D,D,D,D,D,D,D,D,D,D,D,D,D,D,D,D,D,D,D,D,D,D,D,D,D,D,D,D,D,D,D,D,D,D,D,D,D,D,D,D,D,D,D,D,D,D,D,D,D,D,D,D,D,D,D,D,D,D,D,D,D,D,D,D,D,D-,D,D,D,D,D,D,D,D,D,D-,D,D,D
60,CRUDE CONDENSATE,YX+,YX+,YX,YX,YX,YX,YX,YX,YX,YX,YX,YX,YX,YX,YX,YX,YX,YX,YX,HX,HY,HY,HY,YX,YX,YX,YX,YX,HX,HX,HX,HX,YX,YX,YX,YX,YX,YX,YX,YX,YX,YA-,YX,YX,YX,YX,YX,YX,YX,YX,YX,YA-,YX,YX,YX,YX,YX,YX,YX,H-,H-,YX,HK,YX,YX,YX,YX,YX,YX,YX,YX,YX,YX,YX,YX,YX,YX,YX,YX,YX,HK,YX,YX,YX,YX,YX,YX,YX,YX,YX,YX,YX,YX,YX,YX,YX,YX,YX,YX,YX,YX,YX,YX,YX,YX,YX,YX,YX,YX,YX,YX,YX,YX,YX,YX,YX,YX,YX,YX,YX+,YX,YX,YX,YX,YX,YX,YX,YX,YX,YX,YX,YX,YX,YX,YX,YX,YX,YX,YX+,YX,YX,YX,YX,YX,YX,YX,YX,YX,YX,YX,YX,YX,YX,YX,YX,YX,YX,YX,YX,YX,HK-,HK-,HK-,YX,YX,Y,Y,Y,HX,HX,HX,YX,YX,YX,YX,YX,HX,YX,YX,YX+,YX,YX,YX,YX,YX+,YX,YX,HX,HX,HX,YX,YX,YX,YX,YX,YX,HX,YX,YX,YX,YX,YX,YX,YX,YX,YX,YX,YX,YX,HY,HX,HX,YX,YX,YX,YX,YX,YX,HK,YX,YX,YX,HX,YX,YX,YX,YX,YX,YX,YX+,YX,YX,YX,YX,YX,YX,YX,YX,YX,YX,YX,YX,YX,YX,YX,YX,YX,YX,YX,YX,YX,YX,YX,YX,YX,YX,HX,YX,YX,HX,HX,HX,YX,YX,YX,YX,YX,YX,YX,YX,YX,YX,YX,YX,YX,YX,YX,YX,YX,YX,YX,YX,YX,YX+,YX,YX,YX,YX,YX,YX,YX,YX,YX,YX,YX+,YX,YX,YX,YX,YX,YX,YX,YX,YX,YX,YX,YX,YX,YX,YX,YX,YX,YX,YX,YX,YX,YX,YX,YX,YX,YX,YX,YX,YX,YX,YX,YX,YX,YX,YX,YX,YX,YX,YX,YX,YX,YX,YX,YX,YX,YX,YX,YX,YX,YX,YX,YX,YX,YX,YX,YX,YX,YX,HX,HX,HX,HK,YX,YX,HX,YX,YX,YX,YX,YX,YX,YX,YX,HX,YX,YX,YX,YX,YX,YX,YX,YX,YX,YX,YX,YX,YX,YX,YX,YX,YX,YX,YX,YX,YX,YX,YX,YX,YX,YX,YX,YX,YX,YX,YX,YX,YX,YX,YX,YX,YX,YX,YX,YX,HX,HO,YX,YX,YX,YX,YX,YX,HL-,YX,YX,YX,HX,HO,YX,YX,YX,YX,HK-,HX,HX,YX
61,CRUDE OIL,YX+,YX+,YX,YX,YX,YX,YX,YX,YX,YX,YX,YX,YX,YX,YX,YX,YX,YX,YX,HX,HY,HY,HY,YX,YX,YX,YX,YX,HX,HX,HX,HX,YX,YX,YX,YX,YX,YX,YX,YX,YX,YA-,YX,YX,YX,YX,YX,YX,YX,YX,YX,YA-,YX,YX,YX,YX,YX,YX,YX,H-,H-,YX,HK,YX,YX,YX,YX,YX,YX,YX,YX,YX,YX,YX,YX,YX,YX,YX,YX,YX,HK,YX,YX,YX,YX,YX,YX,YX,YX,YX,YX,YX,YX,YX,YX,YX,YX,YX,YX,YX,YX,YX,YX,YX,YX,YX,YX,YX,YX,YX,YX,YX,YX,YX,YX,YX,YX,YX,YX,YX+,YX,YX,YX,YX,YX,YX,YX,YX,YX,YX,YX,YX,YX,YX,YX,YX,YX,YX,YX+,YX,YX,YX,YX,YX,YX,YX,YX,YX,YX,YX,YX,YX,YX,YX,YX,YX,YX,YX,YX,YX,HK-,HK-,HK-,YX,YX,Y,Y,Y,HX,HX,HX,YX,YX,YX,YX,YX,HX,YX,YX,YX+,YX,YX,YX,YX,YX+,YX,YX,HX,HX,HX,YX,YX,YX,YX,YX,YX,HX,YX,YX,YX,YX,YX,YX,YX,YX,YX,YX,YX,YX,HY,HX,HX,YX,YX,YX,YX,YX,YX,HK,YX,YX,YX,HX,YX,YX,YX,YX,YX,YX,YX+,YX,YX,YX,YX,YX,YX,YX,YX,YX,YX,YX,YX,YX,YX,YX,YX,YX,YX,YX,YX,YX,YX,YX,YX,YX,YX,HX,YX,YX,HX,HX,HX,YX,YX,YX,YX,YX,YX,YX,YX,YX,YX,YX,YX,YX,YX,YX,YX,YX,YX,YX,YX,YX,YX+,YX,YX,YX,YX,YX,YX,YX,YX,YX,YX,YX+,YX,YX,YX,YX,YX,YX,YX,YX,YX,YX,YX,YX,YX,YX,YX,YX,YX,YX,YX,YX,YX,YX,YX,YX,YX,YX,YX,YX,YX,YX,YX,YX,YX,YX,YX,YX,YX,YX,YX,YX,YX,YX,YX,YX,YX,YX,YX,YX,YX,YX,YX,YX,YX,YX,YX,YX,YX,YX,HX,HX,HX,HK,YX,YX,HX,YX,YX,YX,YX,YX,YX,YX,YX,HX,YX,YX,YX,YX,YX,YX,YX,YX,YX,YX,YX,YX,YX,YX,YX,YX,YX,YX,YX,YX,YX,YX,YX,YX,YX,YX,YX,YX,YX,YX,YX,YX,YX,YX,YX,YX,YX,YX,YX,YX,HX,HX,YX,YX,YX,YX,YX,YX,HL-,YX,YX,YX,HX,HX,YX,YX,YX,YX,HK-,HX,HX,YX
62,CUMENE,D+,D+,D,D,D,D,D,D,D,D,D,D,D,D,D,D,D,D,D,D,D,D,D,D,D,D,D,D,D,D,D,D,D,D,D,D,D,D,D,D,D,D-,D,D,D,D,D,D,D,D,D,D-,D,D,D,D,D,D,D,D-,D-,X,D,D,D,D,D,D,D,D,D,D,D,D,D,D,D,D,D,D,D,D,D,D,D,D,D,D,D,D,D,D,D,D,D,D,D,D,D,D,D,D,D,D,D,D,D,D,D,D,D,D,D,D,D,D,D,D,D,D+,D,D,D,D,D,D,D,D,D,D,D,D,D,D,D,D,D,D,D+,D,D,D,D,D,D,D,D,D,D,D,D,D,D,D,D,D,D,D,D,D,D-,D-,D-,D,D,D,D,D,D,D,D,D,D,D,D,D,D,D,D,D+,D,D,D,D,D+,D,D,D,D,D,D,D,D,D,D,D,D,D,D,D,D,D,D,D,D,D,D,D,D,D,D,D,D,D,D,D,D,D,D,D,D,D,D,D,D,D,D,D,D,D+,D,D,D,D,D,D,D,D,D,D,D,D,D,D,D,D,D,D,D,D,D,D,D,D,D,D,D,D,D,D,D,D,D,D,D,D,D,D,D,D,D,D,D,D,D,D,D,D,D,D,D,D,D,D+,D,D,D,D,D,D,D,D,D,D,D+,D,D,D,D,D,D,D,D,D,D,D,D,D,D,D,D,D,D,D,D,D,D,D,D,D,D,D,D,D,D,D,D,D,D,D,D,D,D,D,D,D,D,D,D,D,D,D,D,D,D,D,D,D,D,D,D,D,D,D,D,D,D,D,D,D,D,D,D,D,D,D,D,D,D,D,D,D,D,D,D,D,D,D,D,D,D,D,D,D,D,D,D,D,D,D,D,D,D,D,D,D,D,D,D,D,D,D,D,D,D,D,D,D,D,D,D,D,D,D,D,D,D,D-,D,D,D,D,D,D,D,D,D,D-,D,D,D
63,CUTTER STOCK,TX+,TX+,TX,TX,TX,TX,TX,TX,TX,TX,TX,TX,TX,TX,TX,TX,TX,TX,TX,HX,HY,HY,HY,TX,TX,TX,TX,TX,HX,HX,HX,HX,TX,TX,TX,TX,TX,TX,TX,TX,TX,TA-,TX,TX,TX,TX,TX,TX,TX,TX,TX,TA-,TX,TX,TX,TX,T,TX,TX,H-,H-,TX,H,TX,TX,TX,TX,TX,TX,TX,TX,TX,TX,TX,TX,TX,TX,TX,TX,TX,HX,TX,TX,TX,TX,TX,TX,TX,TX,TX,TX,TX,TX,TX,TX,TX,TX,TX,TX,TX,TX,TX,TX,TX,TX,TX,TX,TX,TX,TX,TX,TX,TX,TX,TX,TX,TX,TX,TX,TX+,TX,TX,TX,TX,TX,TX,TX,TX,TX,TX,TX,TX,TX,TX,TX,TX,TX,TX,TX+,TX,TX,TX,TX,TX,TX,TX,TX,TX,TX,TX,TX,TX,TX,TX,TX,TX,TX,TX,TX,TX,H-,H-,H-,TX,TX,T,T,T,HX,HX,HX,TX,TX,TX,TX,TX,HX,TX,TX,TX+,TX,TX,TX,TX,TX+,TX,TX,HX,HX,HX,TX,TX,TX,TX,TX,TX,HX,TX,TX,TX,TX,TX,TX,TX,TX,TX,TX,TX,TX,HY,HX,HX,TX,TX,TX,TX,TX,TX,HI,TX,TX,TX,HX,TX,TX,TX,TX,TX,TX,TX+,TX,TX,TX,TX,TX,TX,TX,TX,TX,TX,TX,TX,TX,TX,TX,TX,TX,TX,TX,TX,TX,TX,TX,TX,TX,TX,HX,TX,TX,HX,HX,HX,TX,TX,TX,TX,TX,TX,TX,TX,TX,TX,TX,TX,TX,TX,TX,TX,TX,TX,TX,TX,TX,TX+,TX,TX,TX,TX,TX,TX,TX,TX,TX,TX,TX+,TX,TX,TX,TX,TX,TX,TX,TX,TX,TX,TX,TX,TX,TX,TX,TX,TX,TX,TX,TX,TX,TX,TX,TX,TX,TX,TX,TX,TX,TX,TX,TX,TX,TX,TX,TX,TX,TX,TX,TX,TX,TX,TX,TX,TX,TX,TX,TX,TX,TX,TX,TX,TX,TX,TX,TX,TX,TX,HX,HX,HX,H,TX,TX,HX,TX,TX,TX,TX,TX,TX,TX,TX,HX,TX,TX,TX,TX,TX,TX,TX,TX,TX,TX,TX,TX,TX,TX,TX,TX,TX,TX,TX,TX,TX,TX,TX,TX,TX,TX,TX,TX,TX,TX,TX,TX,TX,TX,TX,TX,TX,TX,TX,TX,HX,H,TX,TX,TX,TX,TX,TX,H-,TX,TX,TX,HX,H,TX,TX,TX,TX,H-,HX,HX,TX
64,CYCLOHEPTANE,C+,C+,C,C,C,C,C,C,C,C,C,C,C,C,C,C,C,C,C,C,C,C,C,C,C,C,C,C,C,C,C,C,C,C,C,C,C,C,C,C,C,C-,C,C,C,C,C,C,C,C,C,C-,C,C,C,C,C,C,C,C-,C-,C,C,X,C,C,C,C,C,C,C,C,C,C,C,C,C,C,C,C,C,C,C,C,C,C,C,C,C,C,C,C,C,C,C,C,C,C,C,C,C,C,C,C,C,C,C,C,C,C,C,C,C,C,C,C,C,C,C,C+,C,C,C,C,C,C,C,C,C,C,C,C,C,C,C,C,C,C,C+,C,C,C,C,C,C,C,C,C,C,C,C,C,C,C,C,C,C,C,C,C,C-,C-,C-,C,C,C,C,C,C,C,C,C,C,C,C,C,C,C,C,C+,C,C,C,C,C+,C,C,C,C,C,C,C,C,C,C,C,C,C,C,C,C,C,C,C,C,C,C,C,C,C,C,C,C,C,C,C,C,C,C,C,C,C,C,C,C,C,C,C,C,C+,C,C,C,C,C,C,C,C,C,C,C,C,C,C,C,C,C,C,C,C,C,C,C,C,C,C,C,C,C,C,C,C,C,C,C,C,C,C,C,C,C,C,C,C,C,C,C,C,C,C,C,C,C,C+,C,C,C,C,C,C,C,C,C,C,C+,C,C,C,C,C,C,C,C,C,C,C,C,C,C,C,C,C,C,C,C,C,C,C,C,C,C,C,C,C,C,C,C,C,C,C,C,C,C,C,C,C,C,C,C,C,C,C,C,C,C,C,C,C,C,C,C,C,C,C,C,C,C,C,C,C,C,C,C,C,C,C,C,C,C,C,C,C,C,C,C,C,C,C,C,C,C,C,C,C,C,C,C,C,C,C,C,C,C,C,C,C,C,C,C,C,C,C,C,C,C,C,C,C,C,C,C,C,C,C,C,C,C,C-,C,C,C,C,C,C,C,C,C,C-,C,C,C
65,CYCLOHEXANE,C+,C+,C,C,C,C,C,C,C,C,C,C,C,C,C,C,C,C,C,C,C,C,C,C,C,C,C,C,C,C,C,C,C,C,C,C,C,C,C,C,C,C-,C,C,C,C,C,C,C,C,C,C-,C,C,C,C,C,C,C,C-,C-,C,C,C,X,C,C,C,C,C,C,C,C,C,C,C,C,C,C,C,C,C,C,C,C,C,C,C,C,C,C,C,C,C,C,C,C,C,C,C,C,C,C,C,C,C,C,C,C,C,C,C,C,C,C,C,C,C,C,C+,C,C,C,C,C,C,C,C,C,C,C,C,C,C,C,C,C,C,C+,C,C,C,C,C,C,C,C,C,C,C,C,C,C,C,C,C,C,C,C,C,C-,C-,C-,C,C,C,C,C,C,C,C,C,C,C,C,C,C,C,C,C+,C,C,C,C,C+,C,C,C,C,C,C,C,C,C,C,C,C,C,C,C,C,C,C,C,C,C,C,C,C,C,C,C,C,C,C,C,C,C,C,C,C,C,C,C,C,C,C,C,C,C+,C,C,C,C,C,C,C,C,C,C,C,C,C,C,C,C,C,C,C,C,C,C,C,C,C,C,C,C,C,C,C,C,C,C,C,C,C,C,C,C,C,C,C,C,C,C,C,C,C,C,C,C,C,C+,C,C,C,C,C,C,C,C,C,C,C+,C,C,C,C,C,C,C,C,C,C,C,C,C,C,C,C,C,C,C,C,C,C,C,C,C,C,C,C,C,C,C,C,C,C,C,C,C,C,C,C,C,C,C,C,C,C,C,C,C,C,C,C,C,C,C,C,C,C,C,C,C,C,C,C,C,C,C,C,C,C,C,C,C,C,C,C,C,C,C,C,C,C,C,C,C,C,C,C,C,C,C,C,C,C,C,C,C,C,C,C,C,C,C,C,C,C,C,C,C,C,C,C,C,C,C,C,C,C,C,C,C,C,C-,C,C,C,C,C,C,C,C,C,C-,C,C,C
66,CYCLOHEXANOL,DD+,DD+,DD,DD,DD,DD,DD,DD,DD,DD,DD,DD,DD,DD,DD,DD,DD,DD,DD,DD,DD,DD,DD,DD,DD,DD,DD,DD,DD,DD,DD,DD,DD,DD,DD,DD,DD,DD,DD,DD,DD,DD-,DD,DD,DD,DD,DD,DD,DD,DD,DD,DD-,DD,DD,DD,DD,DD,DD,DD,DD-,DD-,DD,DD,DD,DD,X,DD,DD,DD,DD,DD,DD,DD,DD,DD,DD,DD,DD,DD,DD,DD,DD,DD,DD,DD,DD,DD,DD,DD,DD,DD,DD,DD,DD,DD,DD,DD,DD,DD,DD,DD,DD,DD,DD,DD,DD,DD,DD,DD,DD,DD,DD,DD,DD,DD,DD,DD,DD,DD,DD+,DD,DD,DD,DD,DD,DD,DD,DD,DD,DD,DD,DD,DD,DD,DD,DD,DD,DD,DD+,DD,DD,DD,DD,DD,DD,DD,DD,DD,DD,DD,DD,DD,DD,DD,DD,DD,DD,DD,DD,DD,DD-,DD-,DD-,DD,DD,DD,DD,DD,DD,DD,DD,DD,DD,DD,DD,DD,DD,DD,DD,DD+,DD,DD,DD,DD,DD+,DD,DD,DD,DD,DD,DD,DD,DD,DD,DD,DD,DD,DD,DD,DD,DD,DD,DD,DD,DD,DD,DD,DD,DD,DD,DD,DD,DD,DD,DD,DD,DD,DD,DD,DD,DD,DD,DD,DD,DD,DD,DD,DD,DD,DD+,DD,DD,DD,DD,DD,DD,DD,DD,DD,DD,DD,DD,DD,DD,DD,DD,DD,DD,DD,DD,DD,DD,DD,DD,DD,DD,DD,DD,DD,DD,DD,DD,DD,DD,DD,DD,DD,DD,DD,DD,DD,DD,DD,DD,DD,DD,DD,DD,DD,DD,DD,DD,DD,DD+,DD,DD,DD,DD,DD,DD,DD,DD,DD,DD,DD+,DD,DD,DD,DD,DD,DD,DD,DD,DD,DD,DD,DD,DD,DD,DD,DD,DD,DD,DD,DD,DD,DD,DD,DD,DD,DD,DD,DD,DD,DD,DD,DD,DD,DD,DD,DD,DD,DD,DD,DD,DD,DD,DD,DD,DD,DD,DD,DD,DD,DD,DD,DD,DD,DD,DD,DD,DD,DD,DD,DD,DD,DD,DD,DD,DD,DD,DD,DD,DD,DD,DD,DD,DD,DD,DD,DD,DD,DD,DD,DD,DD,DD,DD,DD,DD,DD,DD,DD,DD,DD,DD,DD,DD,DD,DD,DD,DD,DD,DD,DD,DD,DD,DD,DD,DD,DD,DD,DD,DD,DD,DD,DD,DD,DD,DD,DD,DD,DD,DD,DD,DD,DD,DD-,DD,DD,DD,DD,DD,DD,DD,DD,DD,DD-,DD,DD,DD
67,CYCLOHEXANONE,C+,C+,C,C,C,C,C,C,C,C,C,C,C,C,C,C,C,C,C,C,C,C,C,C,C,C,C,C,C,C,C,C,C,C,C,C,C,C,C,C,C,C-,C,C,C,C,C,C,C,C,C,C-,C,C,C,C,C,C,C,C-,C-,C,C,C,C,C,X,C,C,C,C,C,C,C,C,C,C,C,C,C,C,C,C,C,C,C,C,C,C,C,C,C,C,C,C,C,C,C,C,C,C,C,C,C,C,C,C,C,C,C,C,C,C,C,C,C,C,C,C,C+,C,C,C,C,C,C,C,C,C,C,C,C,C,C,C,C,C,C,C+,C,C,C,C,C,C,C,C,C,C,C,C,C,C,C,C,C,C,C,C,C,C-,C-,C-,C,C,C,C,C,C,C,C,C,C,C,C,C,C,C,C,C+,C,C,C,C,C+,C,C,C,C,C,C,C,C,C,C,C,C,C,C,C,C,C,C,C,C,C,C,C,C,C,C,C,C,C,C,C,C,C,C,C,C,C,C,C,C,C,C,C,C,C+,C,C,C,C,C,C,C,C,C,C,C,C,C,C,C,C,C,C,C,C,C,C,C,C,C,C,C,C,C,C,C,C,C,C,C,C,C,C,C,C,C,C,C,C,C,C,C,C,C,C,C,C,C,C+,C,C,C,C,C,C,C,C,C,C,C+,C,C,C,C,C,C,C,C,C,C,C,C,C,C,C,C,C,C,C,C,C,C,C,C,C,C,C,C,C,C,C,C,C,C,C,C,C,C,C,C,C,C,C,C,C,C,C,C,C,C,C,C,C,C,C,C,C,C,C,C,C,C,C,C,C,C,C,C,C,C,C,C,C,C,C,C,C,C,C,C,C,C,C,C,C,C,C,C,C,C,C,C,C,C,C,C,C,C,C,C,C,C,C,C,C,C,C,C,C,C,C,C,C,C,C,C,C,C,C,C,C,C,C-,C,C,C,C,C,C,C,C,C,C-,C,C,C
68,CYCLOHEXYLAMINE,GC+,GC+,GC,GC,GC,GC,GC,GC,GC,GC,GC,GC,GC,GC,GC,GC,GC,GC,GC,GC,GC,GC,GC,GC,GC,GC,GC,GC,GC,GC,GC,GC,GC,GC,GC,GC,GC,GC,GC,GC,GC,GC-,GC,GC,GC,GC,GC,GC,GC,GC,GC,GC-,GC,GC,GC,GC,GC,GC,GC,GC-,GC-,GC,GC,GC,GC,GC,GC,X,GC,GC,GC,GC,GC,GC,GC,GC,GC,GC,GC,GC,GC,GC,GC,GC,GC,GC,GC,GC,GC,GC,GC,GC,GC,GC,GC,GC,GC,GC,GC,GC,GC,GC,GC,GC,GC,GC,GC,GC,GC,GC,GC,GC,GC,GC,GC,GC,GC,GC,GC,GC+,GC,GC,GC,GC,GC,GC,GC,GC,GC,GC,GC,GC,GC,GC,GC,GC,GC,GC,GC+,GC,GC,GC,GC,GC,GC,GC,GC,GC,GC,GC,GC,GC,GC,GC,GC,GC,GC,GC,GC,GC,GC-,GC-,GC-,GC,GC,GC,GC,GC,GC,GC,GC,GC,GC,GC,GC,GC,GC,GC,GC,GC+,GC,GC,GC,GC,GC+,GC,GC,GC,GC,GC,GC,GC,GC,GC,GC,GC,GC,GC,GC,GC,GC,GC,GC,GC,GC,GC,GC,GC,GC,GC,GC,GC,GC,GC,GC,GC,GC,GC,GC,GC,GC,GC,GC,GC,GC,GC,GC,GC,GC,GC+,GC,GC,GC,GC,GC,GC,GC,GC,GC,GC,GC,GC,GC,GC,GC,GC,GC,GC,GC,GC,GC,GC,GC,GC,GC,GC,GC,GC,GC,GC,GC,GC,GC,GC,GC,GC,GC,GC,GC,GC,GC,GC,GC,GC,GC,GC,GC,GC,GC,GC,GC,GC,GC,GC+,GC,GC,GC,GC,GC,GC,GC,GC,GC,GC,GC+,GC,GC,GC,GC,GC,GC,GC,GC,GC,GC,GC,GC,GC,GC,GC,GC,GC,GC,GC,GC,GC,GC,GC,GC,GC,GC,GC,GC,GC,GC,GC,GC,GC,GC,GC,GC,GC,GC,GC,GC,GC,GC,GC,GC,GC,GC,GC,GC,GC,GC,GC,GC,GC,GC,GC,GC,GC,GC,GC,GC,GC,GC,GC,GC,GC,GC,GC,GC,GC,GC,GC,GC,GC,GC,GC,GC,GC,GC,GC,GC,GC,GC,GC,GC,GC,GC,GC,GC,GC,GC,GC,GC,GC,GC,GC,GC,GC,GC,GC,GC,GC,GC,GC,GC,GC,GC,GC,GC,GC,GC,GC,GC,GC,GC,GC,GC,GC,GC,GC,GC,GC,GC,GC-,GC,GC,GC,GC,GC,GC,GC,GC,GC,GC-,GC,GC,GC
69,DECAHYDRONAPHTHALENE,DA+,DA+,DA,DA,DA,DA,DA,DA,DA,DA,DA,DA,DA,DA,DA,DA,DA,DA,DA,DA,DA,DA,DA,DA,DA,DA,DA,DA,DA,DA,DA,DA,DA,DA,DA,DA,DA,DA,DA,DA,DA,DA-,DA,DA,DA,DA,DA,DA,DA,DA,DA,DA-,DA,DA,DA,DA,DA,DA,DA,DA-,DA-,DA,DA,DA,DA,DA,DA,DA,X,DA,DA,DA,DA,DA,DA,DA,DA,DA,DA,DA,DA,DA,DA,DA,DA,DA,DA,DA,DA,DA,DA,DA,DA,DA,DA,DA,DA,DA,DA,DA,DA,DA,DA,DA,DA,DA,DA,DA,DA,DA,DA,DA,DA,DA,DA,DA,DA,DA,DA,DA+,DA,DA,DA,DA,DA,DA,DA,DA,DA,DA,DA,DA,DA,DA,DA,DA,DA,DA,DA+,DA,DA,DA,DA,DA,DA,DA,DA,DA,DA,DA,DA,DA,DA,DA,DA,DA,DA,DA,DA,DA,DA-,DA-,DA-,DA,DA,DA,DA,DA,DA,DA,DA,DA,DA,DA,DA,DA,DA,DA,DA,DA+,DA,DA,DA,DA,DA+,DA,DA,DA,DA,DA,DA,DA,DA,DA,DA,DA,DA,DA,DA,DA,DA,DA,DA,DA,DA,DA,DA,DA,DA,DA,DA,DA,DA,DA,DA,DA,DA,DA,DA,DA,DA,DA,DA,DA,DA,DA,DA,DA,DA,DA+,DA,DA,DA,DA,DA,DA,DA,DA,DA,DA,DA,DA,DA,DA,DA,DA,DA,DA,DA,DA,DA,DA,DA,DA,DA,DA,DA,DA,DA,DA,DA,DA,DA,DA,DA,DA,DA,DA,DA,DA,DA,DA,DA,DA,DA,DA,DA,DA,DA,DA,DA,DA,DA,DA+,DA,DA,DA,DA,DA,DA,DA,DA,DA,DA,DA+,DA,DA,DA,DA,DA,DA,DA,DA,DA,DA,DA,DA,DA,DA,DA,DA,DA,DA,DA,DA,DA,DA,DA,DA,DA,DA,DA,DA,DA,DA,DA,DA,DA,DA,DA,DA,DA,DA,DA,DA,DA,DA,DA,DA,DA,DA,DA,DA,DA,DA,DA,DA,DA,DA,DA,DA,DA,DA,DA,DA,DA,DA,DA,DA,DA,DA,DA,DA,DA,DA,DA,DA,DA,DA,DA,DA,DA,DA,DA,DA,DA,DA,DA,DA,DA,DA,DA,DA,DA,DA,DA,DA,DA,DA,DA,DA,DA,DA,DA,DA,DA,DA,DA,DA,DA,DA,DA,DA,DA,DA,DA,DA,DA,DA,DA,DA,DA,DA,DA,DA,DA,DA,DA-,DA,DA,DA,DA,DA,DA,DA,DA,DA,DA-,DA,DA,DA
70,DECANE,CF+,CF+,CF,CF,CF,CF,CF,CF,CF,CF,CF,CF,CF,CF,CF,CF,CF,CF,CF,CF,CF,CF,CF,CF,CF,CF,CF,CF,CF,CF,CF,CF,CF,CF,CF,CF,CF,CF,CF,CF,CF,CF-,CF,CF,CF,CF,CF,CF,CF,CF,CF,CF-,CF,CF,CF,CF,CF,CF,CF,CF-,CF-,CF,CF,CF,CF,CF,CF,CF,CF,X,CF,CF,CF,CF,CF,CF,CF,CF,CF,CF,CF,CF,CF,CF,CF,CF,CF,CF,CF,CF,CF,CF,CF,CF,CF,CF,CF,CF,CF,CF,CF,CF,CF,CF,CF,CF,CF,CF,CF,CF,CF,CF,CF,CF,CF,CF,CF,CF,CF,CF+,CF,CF,CF,CF,CF,CF,CF,CF,CF,CF,CF,CF,CF,CF,CF,CF,CF,CF,CF+,CF,CF,CF,CF,CF,CF,CF,CF,CF,CF,CF,CF,CF,CF,CF,CF,CF,CF,CF,CF,CF,CF-,CF-,CF-,CF,CF,CF,CF,CF,CF,CF,CF,CF,CF,CF,CF,CF,CF,CF,CF,CF+,CF,CF,CF,CF,CF+,CF,CF,CF,CF,CF,CF,CF,CF,CF,CF,CF,CF,CF,CF,CF,CF,CF,CF,CF,CF,CF,CF,CF,CF,CF,CF,CF,CF,CF,CF,CF,CF,CF,CF,CF,CF,CF,CF,CF,CF,CF,CF,CF,CF,CF+,CF,CF,CF,CF,CF,CF,CF,CF,CF,CF,CF,CF,CF,CF,CF,CF,CF,CF,CF,CF,CF,CF,CF,CF,CF,CF,CF,CF,CF,CF,CF,CF,CF,CF,CF,CF,CF,CF,CF,CF,CF,CF,CF,CF,CF,CF,CF,CF,CF,CF,CF,CF,CF,CF+,CF,CF,CF,CF,CF,CF,CF,CF,CF,CF,CF+,CF,CF,CF,CF,CF,CF,CF,CF,CF,CF,CF,CF,CF,CF,CF,CF,CF,CF,CF,CF,CF,CF,CF,CF,CF,CF,CF,CF,CF,CF,CF,CF,CF,CF,CF,CF,CF,CF,CF,CF,CF,CF,CF,CF,CF,CF,CF,CF,CF,CF,CF,CF,CF,CF,CF,CF,CF,CF,CF,CF,CF,CF,CF,CF,CF,CF,CF,CF,CF,CF,CF,CF,CF,CF,CF,CF,CF,CF,CF,CF,CF,CF,CF,CF,CF,CF,CF,CF,CF,CF,CF,CF,CF,CF,CF,CF,CF,CF,CF,CF,CF,CF,CF,CF,CF,CF,CF,CF,CF,CF,CF,CF,CF,CF,CF,CF,CF,CF,CF,CF,CF,CF,CF-,CF,CF,CF,CF,CF,CF,CF,CF,CF,CF-,CF,CF,CF
71,DECANOL,CE+,CE+,CE,CE,CE,CE,CE,CE,CE,CE,CE,CE,CE,CE,CE,CE,CE,CE,CE,CE,CE,CE,CE,CE,CE,CE,CE,CE,CE,CE,CE,CE,CE,CE,CE,CE,CE,CE,CE,CE,CE,CE-,CE,CE,CE,CE,CE,CE,CE,CE,CE,CE-,CE,CE,CE,CE,CE,CE,CE,CE-,CE-,CE,CE,CE,CE,CE,CE,CE,CE,CE,X,CE,CE,CE,CE,CE,CE,CE,CE,CE,CE,CE,CE,CE,CE,CE,CE,CE,CE,CE,CE,CE,CE,CE,CE,CE,CE,CE,CE,CE,CE,CE,CE,CE,CE,CE,CE,CE,CE,CE,CE,CE,CE,CE,CE,CE,CE,CE,CE,CE+,CE,CE,CE,CE,CE,CE,CE,CE,CE,CE,CE,CE,CE,CE,CE,CE,CE,CE,CE+,CE,CE,CE,CE,CE,CE,CE,CE,CE,CE,CE,CE,CE,CE,CE,CE,CE,CE,CE,CE,CE,CE-,CE-,CE-,CE,CE,CE,CE,CE,CE,CE,CE,CE,CE,CE,CE,CE,CE,CE,CE,CE+,CE,CE,CE,CE,CE+,CE,CE,CE,CE,CE,CE,CE,CE,CE,CE,CE,CE,CE,CE,CE,CE,CE,CE,CE,CE,CE,CE,CE,CE,CE,CE,CE,CE,CE,CE,CE,CE,CE,CE,CE,CE,CE,CE,CE,CE,CE,CE,CE,CE,CE+,CE,CE,CE,CE,CE,CE,CE,CE,CE,CE,CE,CE,CE,CE,CE,CE,CE,CE,CE,CE,CE,CE,CE,CE,CE,CE,CE,CE,CE,CE,CE,CE,CE,CE,CE,CE,CE,CE,CE,CE,CE,CE,CE,CE,CE,CE,CE,CE,CE,CE,CE,CE,CE,CE+,CE,CE,CE,CE,CE,CE,CE,CE,CE,CE,CE+,CE,CE,CE,CE,CE,CE,CE,CE,CE,CE,CE,CE,CE,CE,CE,CE,CE,CE,CE,CE,CE,CE,CE,CE,CE,CE,CE,CE,CE,CE,CE,CE,CE,CE,CE,CE,CE,CE,CE,CE,CE,CE,CE,CE,CE,CE,CE,CE,CE,CE,CE,CE,CE,CE,CE,CE,CE,CE,CE,CE,CE,CE,CE,CE,CE,CE,CE,CE,CE,CE,CE,CE,CE,CE,CE,CE,CE,CE,CE,CE,CE,CE,CE,CE,CE,CE,CE,CE,CE,CE,CE,CE,CE,CE,CE,CE,CE,CE,CE,CE,CE,CE,CE,CE,CE,CE,CE,CE,CE,CE,CE,CE,CE,CE,CE,CE,CE,CE,CE,CE,CE,CE,CE-,CE,CE,CE,CE,CE,CE,CE,CE,CE,CE-,CE,CE,CE
72,DI-(2-ETHYLHEXYL) PHOSPHORIC ACID,CA+,CA+,CA,CA,CA,CA,CA,CA,CA,CA,CA,CA,CA,CA,CA,CA,CA,CA,CA,CA,CA,CA,CA,CA,CA,CA,CA,CA,CA,CA,CA,CA,CA,CA,CA,CA,CA,CA,CA,CA,CA,CA-,CA,CA,CA,CA,CA,CA,CA,CA,CA,CA-,CA,CA,CA,CA,CA,CA,CA,CA-,CA-,CA,CA,CA,CA,CA,CA,CA,CA,CA,CA,X,CA,CA,CA,CA,CA,CA,CA,CA,CA,CA,CA,CA,CA,CA,CA,CA,CA,CA,CA,CA,CA,CA,CA,CA,CA,CA,CA,CA,CA,CA,CA,CA,CA,CA,CA,CA,CA,CA,CA,CA,CA,CA,CA,CA,CA,CA,CA,CA+,CA,CA,CA,CA,CA,CA,CA,CA,CA,CA,CA,CA,CA,CA,CA,CA,CA,CA,CA+,CA,CA,CA,CA,CA,CA,CA,CA,CA,CA,CA,CA,CA,CA,CA,CA,CA,CA,CA,CA,CA,CA-,CA-,CA-,CA,CA,CA,CA,CA,CA,CA,CA,CA,CA,CA,CA,CA,CA,CA,CA,CA+,CA,CA,CA,CA,CA+,CA,CA,CA,CA,CA,CA,CA,CA,CA,CA,CA,CA,CA,CA,CA,CA,CA,CA,CA,CA,CA,CA,CA,CA,CA,CA,CA,CA,CA,CA,CA,CA,CA,CA,CA,CA,CA,CA,CA,CA,CA,CA,CA,CA,CA+,CA,CA,CA,CA,CA,CA,CA,CA,CA,CA,CA,CA,CA,CA,CA,CA,CA,CA,CA,CA,CA,CA,CA,CA,CA,CA,CA,CA,CA,CA,CA,CA,CA,CA,CA,CA,CA,CA,CA,CA,CA,CA,CA,CA,CA,CA,CA,CA,CA,CA,CA,CA,CA,CA+,CA,CA,CA,CA,CA,CA,CA,CA,CA,CA,CA+,CA,CA,CA,CA,CA,CA,CA,CA,CA,CA,CA,CA,CA,CA,CA,CA,CA,CA,CA,CA,CA,CA,CA,CA,CA,CA,CA,CA,CA,CA,CA,CA,CA,CA,CA,CA,CA,CA,CA,CA,CA,CA,CA,CA,CA,CA,CA,CA,CA,CA,CA,CA,CA,CA,CA,CA,CA,CA,CA,CA,CA,CA,CA,CA,CA,CA,CA,CA,CA,CA,CA,CA,CA,CA,CA,CA,CA,CA,CA,CA,CA,CA,CA,CA,CA,CA,CA,CA,CA,CA,CA,CA,CA,CA,CA,CA,CA,CA,CA,CA,CA,CA,CA,CA,CA,CA,CA,CA,CA,CA,CA,CA,CA,CA,CA,CA,CA,CA,CA,CA,CA,CA,CA-,CA,CA,CA,CA,CA,CA,CA,CA,CA,CA-,CA,CA,CA
73,DI(N-BUTYL)AMINE,GC+,GC+,GC,GC,GC,GC,GC,GC,GC,GC,GC,GC,GC,GC,GC,GC,GC,GC,GC,GC,GC,GC,GC,GC,GC,GC,GC,GC,GC,GC,GC,GC,GC,GC,GC,GC,GC,GC,GC,GC,GC,GC-,GC,GC,GC,GC,GC,GC,GC,GC,GC,GC-,GC,GC,GC,GC,GC,GC,GC,GC-,GC-,GC,GC,GC,GC,GC,GC,GC,GC,GC,GC,GC,X,GC,GC,GC,GC,GC,GC,GC,GC,GC,GC,GC,GC,GC,GC,GC,GC,GC,GC,GC,GC,GC,GC,GC,GC,GC,GC,GC,GC,GC,GC,GC,GC,GC,GC,GC,GC,GC,GC,GC,GC,GC,GC,GC,GC,GC,GC,GC+,GC,GC,GC,GC,GC,GC,GC,GC,GC,GC,GC,GC,GC,GC,GC,GC,GC,GC,GC+,GC,GC,GC,GC,GC,GC,GC,GC,GC,GC,GC,GC,GC,GC,GC,GC,GC,GC,GC,GC,GC,GC-,GC-,GC-,GC,GC,GC,GC,GC,GC,GC,GC,GC,GC,GC,GC,GC,GC,GC,GC,GC+,GC,GC,GC,GC,GC+,GC,GC,GC,GC,GC,GC,GC,GC,GC,GC,GC,GC,GC,GC,GC,GC,GC,GC,GC,GC,GC,GC,GC,GC,GC,GC,GC,GC,GC,GC,GC,GC,GC,GC,GC,GC,GC,GC,GC,GC,GC,GC,GC,GC,GC+,GC,GC,GC,GC,GC,GC,GC,GC,GC,GC,GC,GC,GC,GC,GC,GC,GC,GC,GC,GC,GC,GC,GC,GC,GC,GC,GC,GC,GC,GC,GC,GC,GC,GC,GC,GC,GC,GC,GC,GC,GC,GC,GC,GC,GC,GC,GC,GC,GC,GC,GC,GC,GC,GC+,GC,GC,GC,GC,GC,GC,GC,GC,GC,GC,GC+,GC,GC,GC,GC,GC,GC,GC,GC,GC,GC,GC,GC,GC,GC,GC,GC,GC,GC,GC,GC,GC,GC,GC,GC,GC,GC,GC,GC,GC,GC,GC,GC,GC,GC,GC,GC,GC,GC,GC,GC,GC,GC,GC,GC,GC,GC,GC,GC,GC,GC,GC,GC,GC,GC,GC,GC,GC,GC,GC,GC,GC,GC,GC,GC,GC,GC,GC,GC,GC,GC,GC,GC,GC,GC,GC,GC,GC,GC,GC,GC,GC,GC,GC,GC,GC,GC,GC,GC,GC,GC,GC,GC,GC,GC,GC,GC,GC,GC,GC,GC,GC,GC,GC,GC,GC,GC,GC,GC,GC,GC,GC,GC,GC,GC,GC,GC,GC,GC,GC,GC,GC,GC,GC-,GC,GC,GC,GC,GC,GC,GC,GC,GC,GC-,GC,GC,GC
74,DIACETONE ALCOHOL,B+,B+,B,B,B,B,B,B,B,B,B,B,B,B,B,B,B,B,B,B,B,B,B,B,B,B,B,B,B,B,B,B,B,B,B,B,B,B,B,B,B,B-,B,B,B,B,B,B,B,B,B,B-,B,B,B,B,B,B,B,B-,B-,B,B,B,B,B,B,B,B,B,B,B,B,X,B,B,B,B,B,B,B,B,B,B,B,B,B,B,B,B,B,B,B,B,B,B,B,B,B,B,B,B,B,B,B,B,B,B,B,B,B,B,B,B,B,B,B,B,B,B+,B,B,B,B,B,B,B,B,B,B,B,B,B,B,B,B,B,B,B+,B,B,B,B,B,B,B,B,B,B,B,B,B,B,B,B,B,B,B,B,B,B-,B-,B-,B,B,B,B,B,B,B,B,B,B,B,B,B,B,B,B,B+,B,B,B,B,B+,B,B,B,B,B,B,B,B,B,B,B,B,B,B,B,B,B,B,B,B,B,B,B,B,B,B,B,B,B,B,B,B,B,B,B,B,B,B,B,B,B,B,B,B,B+,B,B,B,B,B,B,B,B,B,B,B,B,B,B,B,B,B,B,B,B,B,B,B,B,B,B,B,B,B,B,B,B,B,B,B,B,B,B,B,B,B,B,B,B,B,B,B,B,B,B,B,B,B,B+,B,B,B,B,B,B,B,B,B,B,B+,B,B,B,B,B,B,B,B,B,B,B,B,B,B,B,B,B,B,B,B,B,B,B,B,B,B,B,B,B,B,B,B,B,B,B,B,B,B,B,B,B,B,B,B,B,B,B,B,B,B,B,B,B,B,B,B,B,B,B,B,B,B,B,B,B,B,B,B,B,B,B,B,B,B,B,B,B,B,B,B,B,B,B,B,B,B,B,B,B,B,B,B,B,B,B,B,B,B,B,B,B,B,B,B,B,B,B,B,B,B,B,B,B,B,B,B,B,B,B,B,B,B,B-,B,B,B,B,B,B,B,B,B,B-,B,B,B
75,DIBROMOMETHANE,D+,D+,D,D,D,D,D,D,D,D,D,D,D,D,D,D,D,D,D,D,D,D,D,D,D,D,D,D,D,D,D,D,D,D,D,D,D,D,D,D,D,D-,D,D,D,D,D,D,D,D,D,D-,D,D,D,D,D,D,D,D-,D-,D,D,D,D,D,D,D,D,D,D,D,D,D,X,D,D,D,D,D,D,D,D,D,D,D,D,D,D,D,D,D,D,D,D,D,D,D,D,D,D,D,D,D,D,D,D,D,D,D,D,D,D,D,D,D,D,D,D,D+,D,D,D,D,D,D,D,D,D,D,D,D,D,D,D,D,D,D,D+,D,D,D,D,D,D,D,D,D,D,D,D,D,D,D,D,D,D,D,D,D,D-,D-,D-,D,D,D,D,D,D,D,D,D,D,D,D,D,D,D,D,D+,D,D,D,D,D+,D,D,D,D,D,D,D,D,D,D,D,D,D,D,D,D,D,D,D,D,D,D,D,D,D,D,D,D,D,D,D,D,D,D,D,D,D,D,D,D,D,D,D,D,D+,D,D,D,D,D,D,D,D,D,D,D,D,D,D,D,D,D,D,D,D,D,D,D,D,D,D,D,D,D,D,D,D,D,D,D,D,D,D,D,D,D,D,D,D,D,D,D,D,D,D,D,D,D,D+,D,D,D,D,D,D,D,D,D,D,D+,D,D,D,D,D,D,D,D,D,D,D,D,D,D,D,D,D,D,D,D,D,D,D,D,D,D,D,D,D,D,D,D,D,D,D,D,D,D,D,D,D,D,D,D,D,D,D,D,D,D,D,D,D,D,D,D,D,D,D,D,D,D,D,D,D,D,D,D,D,D,D,D,D,D,D,D,D,D,D,D,D,D,D,D,D,D,D,D,D,D,D,D,D,D,D,D,D,D,D,D,D,D,D,D,D,D,D,D,D,D,D,D,D,D,D,D,D,D,D,D,D,D,D-,D,D,D,D,D,D,D,D,D,D-,D,D,D
76,DICHLOROETHYL ETHER,DA+,DA+,DA,DA,DA,DA,DA,DA,DA,DA,DA,DA,DA,DA,DA,DA,DA,DA,DA,DA,DA,DA,DA,DA,DA,DA,DA,DA,DA,DA,DA,DA,DA,DA,DA,DA,DA,DA,DA,DA,DA,DA-,DA,DA,DA,DA,DA,DA,DA,DA,DA,DA-,DA,DA,DA,DA,DA,DA,DA,DA-,DA-,DA,DA,DA,DA,DA,DA,DA,DA,DA,DA,DA,DA,DA,DA,X,DA,DA,DA,DA,DA,DA,DA,DA,DA,DA,DA,DA,DA,DA,DA,DA,DA,DA,DA,DA,DA,DA,DA,DA,DA,DA,DA,DA,DA,DA,DA,DA,DA,DA,DA,DA,DA,DA,DA,DA,DA,DA,DA,DA+,DA,DA,DA,DA,DA,DA,DA,DA,DA,DA,DA,DA,DA,DA,DA,DA,DA,DA,DA+,DA,DA,DA,DA,DA,DA,DA,DA,DA,DA,DA,DA,DA,DA,DA,DA,DA,DA,DA,DA,DA,DA-,DA-,DA-,DA,DA,DA,DA,DA,DA,DA,DA,DA,DA,DA,DA,DA,DA,DA,DA,DA+,DA,DA,DA,DA,DA+,DA,DA,DA,DA,DA,DA,DA,DA,DA,DA,DA,DA,DA,DA,DA,DA,DA,DA,DA,DA,DA,DA,DA,DA,DA,DA,DA,DA,DA,DA,DA,DA,DA,DA,DA,DA,DA,DA,DA,DA,DA,DA,DA,DA,DA+,DA,DA,DA,DA,DA,DA,DA,DA,DA,DA,DA,DA,DA,DA,DA,DA,DA,DA,DA,DA,DA,DA,DA,DA,DA,DA,DA,DA,DA,DA,DA,DA,DA,DA,DA,DA,DA,DA,DA,DA,DA,DA,DA,DA,DA,DA,DA,DA,DA,DA,DA,DA,DA,DA+,DA,DA,DA,DA,DA,DA,DA,DA,DA,DA,DA+,DA,DA,DA,DA,DA,DA,DA,DA,DA,DA,DA,DA,DA,DA,DA,DA,DA,DA,DA,DA,DA,DA,DA,DA,DA,DA,DA,DA,DA,DA,DA,DA,DA,DA,DA,DA,DA,DA,DA,DA,DA,DA,DA,DA,DA,DA,DA,DA,DA,DA,DA,DA,DA,DA,DA,DA,DA,DA,DA,DA,DA,DA,DA,DA,DA,DA,DA,DA,DA,DA,DA,DA,DA,DA,DA,DA,DA,DA,DA,DA,DA,DA,DA,DA,DA,DA,DA,DA,DA,DA,DA,DA,DA,DA,DA,DA,DA,DA,DA,DA,DA,DA,DA,DA,DA,DA,DA,DA,DA,DA,DA,DA,DA,DA,DA,DA,DA,DA,DA,DA,DA,DA,DA-,DA,DA,DA,DA,DA,DA,DA,DA,DA,DA-,DA,DA,DA
77,DICHLOROISOPROPYL ETHER,D+,D+,D,D,D,D,D,D,D,D,D,D,D,D,D,D,D,D,D,D,D,D,D,D,D,D,D,D,D,D,D,D,D,D,D,D,D,D,D,D,D,D-,D,D,D,D,D,D,D,D,D,D-,D,D,D,D,D,D,D,D-,D-,D,D,D,D,D,D,D,D,D,D,D,D,D,D,D,X,D,D,D,D,D,D,D,D,D,D,D,D,D,D,D,D,D,D,D,D,D,D,D,D,D,D,D,D,D,D,D,D,D,D,D,D,D,D,D,D,D,D,D+,D,D,D,D,D,D,D,D,D,D,D,D,D,D,D,D,D,D,D+,D,D,D,D,D,D,D,D,D,D,D,D,D,D,D,D,D,D,D,D,D,D-,D-,D-,D,D,D,D,D,D,D,D,D,D,D,D,D,D,D,D,D+,D,D,D,D,D+,D,D,D,D,D,D,D,D,D,D,D,D,D,D,D,D,D,D,D,D,D,D,D,D,D,D,D,D,D,D,D,D,D,D,D,D,D,D,D,D,D,D,D,D,D+,D,D,D,D,D,D,D,D,D,D,D,D,D,D,D,D,D,D,D,D,D,D,D,D,D,D,D,D,D,D,D,D,D,D,D,D,D,D,D,D,D,D,D,D,D,D,D,D,D,D,D,D,D,D+,D,D,D,D,D,D,D,D,D,D,D+,D,D,D,D,D,D,D,D,D,D,D,D,D,D,D,D,D,D,D,D,D,D,D,D,D,D,D,D,D,D,D,D,D,D,D,D,D,D,D,D,D,D,D,D,D,D,D,D,D,D,D,D,D,D,D,D,D,D,D,D,D,D,D,D,D,D,D,D,D,D,D,D,D,D,D,D,D,D,D,D,D,D,D,D,D,D,D,D,D,D,D,D,D,D,D,D,D,D,D,D,D,D,D,D,D,D,D,D,D,D,D,D,D,D,D,D,D,D,D,D,D,D,D-,D,D,D,D,D,D,D,D,D,D-,D,D,D
78,"2,4-DICHLOROPHENOL",DE+,DE+,DE,DE,DE,DE,DE,DE,DE,DE,DE,DE,DE,DE,DE,DE,DE,DE,DE,DE,DE,DE,DE,DE,DE,DE,DE,DE,DE,DE,DE,DE,DE,DE,DE,DE,DE,DE,DE,DE,DE,DE-,DE,DE,DE,DE,DE,DE,DE,DE,DE,DE-,DE,DE,DE,DE,DE,DE,DE,DE-,DE-,DE,DE,DE,DE,DE,DE,DE,DE,DE,DE,DE,DE,DE,DE,DE,DE,X,DE,DE,DE,DE,DE,DE,DE,DE,DE,DE,DE,DE,DE,DE,DE,DE,DE,DE,DE,DE,DE,DE,DE,DE,DE,DE,DE,DE,DE,DE,DE,DE,DE,DE,DE,DE,DE,DE,DE,DE,DE,DE+,DE,DE,DE,DE,DE,DE,DE,DE,DE,DE,DE,DE,DE,DE,DE,DE,DE,DE,DE+,DE,DE,DE,DE,DE,DE,DE,DE,DE,DE,DE,DE,DE,DE,DE,DE,DE,DE,DE,DE,DE,DE-,DE-,DE-,DE,DE,DE,DE,DE,DE,DE,DE,DE,DE,DE,DE,DE,DE,DE,DE,DE+,DE,DE,DE,DE,DE+,DE,DE,DE,DE,DE,DE,DE,DE,DE,DE,DE,DE,DE,DE,DE,DE,DE,DE,DE,DE,DE,DE,DE,DE,DE,DE,DE,DE,DE,DE,DE,DE,DE,DE,DE,DE,DE,DE,DE,DE,DE,DE,DE,DE,DE+,DE,DE,DE,DE,DE,DE,DE,DE,DE,DE,DE,DE,DE,DE,DE,DE,DE,DE,DE,DE,DE,DE,DE,DE,DE,DE,DE,DE,DE,DE,DE,DE,DE,DE,DE,DE,DE,DE,DE,DE,DE,DE,DE,DE,DE,DE,DE,DE,DE,DE,DE,DE,DE,DE+,DE,DE,DE,DE,DE,DE,DE,DE,DE,DE,DE+,DE,DE,DE,DE,DE,DE,DE,DE,DE,DE,DE,DE,DE,DE,DE,DE,DE,DE,DE,DE,DE,DE,DE,DE,DE,DE,DE,DE,DE,DE,DE,DE,DE,DE,DE,DE,DE,DE,DE,DE,DE,DE,DE,DE,DE,DE,DE,DE,DE,DE,DE,DE,DE,DE,DE,DE,DE,DE,DE,DE,DE,DE,DE,DE,DE,DE,DE,DE,DE,DE,DE,DE,DE,DE,DE,DE,DE,DE,DE,DE,DE,DE,DE,DE,DE,DE,DE,DE,DE,DE,DE,DE,DE,DE,DE,DE,DE,DE,DE,DE,DE,DE,DE,DE,DE,DE,DE,DE,DE,DE,DE,DE,DE,DE,DE,DE,DE,DE,DE,DE,DE,DE,DE-,DE,DE,DE,DE,DE,DE,DE,DE,DE,DE-,DE,DE,DE
79,"2,2-DICHLOROPROPIONIC ACID",CE+,CE+,CE,CE,CE,CE,CE,CE,CE,CE,CE,CE,CE,CE,CE,CE,CE,CE,CE,CE,CE,CE,CE,CE,CE,CE,CE,CE,CE,CE,CE,CE,CE,CE,CE,CE,CE,CE,CE,CE,CE,CE-,CE,CE,CE,CE,CE,CE,CE,CE,CE,CE-,CE,CE,CE,CE,CE,CE,CE,CE-,CE-,CE,CE,CE,CE,CE,CE,CE,CE,CE,CE,CE,CE,CE,CE,CE,CE,CE,X,CE,CE,CE,CE,CE,CE,CE,CE,CE,CE,CE,CE,CE,CE,CE,CE,CE,CE,CE,CE,CE,CE,CE,CE,CE,CE,CE,CE,CE,CE,CE,CE,CE,CE,CE,CE,CE,CE,CE,CE,CE+,CE,CE,CE,CE,CE,CE,CE,CE,CE,CE,CE,CE,CE,CE,CE,CE,CE,CE,CE+,CE,CE,CE,CE,CE,CE,CE,CE,CE,CE,CE,CE,CE,CE,CE,CE,CE,CE,CE,CE,CE,CE-,CE-,CE-,CE,CE,CE,CE,CE,CE,CE,CE,CE,CE,CE,CE,CE,CE,CE,CE,CE+,CE,CE,CE,CE,CE+,CE,CE,CE,CE,CE,CE,CE,CE,CE,CE,CE,CE,CE,CE,CE,CE,CE,CE,CE,CE,CE,CE,CE,CE,CE,CE,CE,CE,CE,CE,CE,CE,CE,CE,CE,CE,CE,CE,CE,CE,CE,CE,CE,CE,CE+,CE,CE,CE,CE,CE,CE,CE,CE,CE,CE,CE,CE,CE,CE,CE,CE,CE,CE,CE,CE,CE,CE,CE,CE,CE,CE,CE,CE,CE,CE,CE,CE,CE,CE,CE,CE,CE,CE,CE,CE,CE,CE,CE,CE,CE,CE,CE,CE,CE,CE,CE,CE,CE,CE+,CE,CE,CE,CE,CE,CE,CE,CE,CE,CE,CE+,CE,CE,CE,CE,CE,CE,CE,CE,CE,CE,CE,CE,CE,CE,CE,CE,CE,CE,CE,CE,CE,CE,CE,CE,CE,CE,CE,CE,CE,CE,CE,CE,CE,CE,CE,CE,CE,CE,CE,CE,CE,CE,CE,CE,CE,CE,CE,CE,CE,CE,CE,CE,CE,CE,CE,CE,CE,CE,CE,CE,CE,CE,CE,CE,CE,CE,CE,CE,CE,CE,CE,CE,CE,CE,CE,CE,CE,CE,CE,CE,CE,CE,CE,CE,CE,CE,CE,CE,CE,CE,CE,CE,CE,CE,CE,CE,CE,CE,CE,CE,CE,CE,CE,CE,CE,CE,CE,CE,CE,CE,CE,CE,CE,CE,CE,CE,CE,CE,CE,CE,CE,CE,CE-,CE,CE,CE,CE,CE,CE,CE,CE,CE,CE-,CE,CE,CE
80,DICYCLOPENTADIENE,IB+,IB+,IB,IB,IB,DD,IB,IB,IB,IB,IB,IB,IB,IB,IB,IB,IB,IB,IB,DD,IB,IB,IB,IB,IB,IB,IB,IB,DD,DD,DD,DD,IB,IB,IB,IB,IB,IB,IB,IB,IB,DD-,IB,IB,IB,IB,IB,IB,IB,IB,IB,DD-,DD,DD,DD,IB,DD,IB,IB,DD-,DD-,IB,DD,IB,IB,IB,IB,IB,IB,IB,IB,IB,IB,IB,IB,IB,IB,IB,IB,X,DD,IB,IB,IB,IB,IB,IB,IB,IB,IB,IB,IB,IB,IB,IB,IB,IB,IB,IB,IB,IB,IB,IB,IB,IB,IB,IB,IB,IB,IB,IB,IB,IB,IB,IB,IB,IB,IB,IB,IB+,IB,IB,IB,IB,IB,IB,IB,IB,IB,IB,IB,IB,IB,IB,IB,IB,IB,IB,IB+,IB,IB,IB,IB,IB,IB,IB,IB,IB,IB,IB,IB,IB,DD,DD,DD,IB,IB,IB,IB,IB,DD-,DD-,DD-,IB,IB,DD,DD,DD,DD,DD,DD,IB,IB,IB,IB,DD,DD,IB,IB,IB+,IB,IB,IB,IB,IB+,IB,IB,DD,DD,DD,IB,IB,IB,IB,IB,IB,DD,IB,IB,IB,IB,IB,IB,IB,IB,IB,IB,IB,IB,IB,DD,DD,IB,IB,DD,IB,DD,IB,DD,IB,DD,DD,DD,IB,IB,IB,IB,IB,IB,IB+,IB,IB,IB,IB,IB,IB,IB,IB,IB,IB,IB,IB,IB,IB,IB,IB,IB,IB,IB,IB,IB,IB,IB,IB,IB,IB,DD,DD,IB,DD,DD,DD,IB,IB,IB,IB,IB,IB,IB,IB,IB,IB,IB,IB,IB,IB,IB,IB,IB,IB,IB,IB,IB,IB+,IB,IB,IB,IB,IB,IB,IB,IB,IB,IB,IB+,IB,DD,IB,IB,IB,IB,IB,DD,DD,DD,DD,DD,DD,DD,DD,DD,DD,DD,DD,DD,IB,IB,IB,IB,IB,IB,IB,IB,IB,IB,IB,IB,IB,IB,IB,IB,IB,IB,IB,DD,IB,IB,IB,IB,IB,IB,IB,IB,IB,IB,IB,IB,IB,IB,IB,DD,DD,DD,DD,DD,DD,DD,IB,IB,DD,DD,IB,DD,DD,IB,IB,IB,IB,IB,DD,IB,IB,IB,IB,DD,DD,DD,DD,IB,IB,IB,IB,IB,IB,IB,IB,IB,IB,IB,IB,IB,IB,IB,IB,IB,IB,IB,IB,IB,IB,IB,IB,IB,IB,IB,IB,IB,IB,DD,DD,DD,IB,DD,DD,DD,DD,DD,DD-,IB,IB,DD,DD,DD,IB,IB,IB,IB,DD-,IB,IB,IB
81,DIESEL OIL,IJ+,IJ+,IJ,IJ,IJ,IJ,IJ,IJ,IJ,IJ,IJ,IJ,IJ,IJ,IJ,IJ,IJ,IJ,IJ,H,HH,H,H,IJ,IJ,IJ,IJ,IJ,HH,HH,HH,HH,IJ,IJ,IJ,IJ,IJ,IJ,IJ,IJ,IJ,DF-,IJ,IJ,IJ,IJ,IJ,IJ,IJ,IJ,IJ,DF-,DF,IJ,IJ,IJ,DF,IJ,IJ,H-,H-,IJ,H,IJ,IJ,IJ,IJ,IJ,IJ,IJ,IJ,IJ,IJ,IJ,IJ,IJ,IJ,IJ,IJ,IJ,H,IJ,IJ,IJ,IJ,IJ,IJ,IJ,IJ,IJ,IJ,IJ,IJ,IJ,IJ,IJ,IJ,IJ,IJ,IJ,IJ,IJ,IJ,IJ,IJ,IJ,IJ,IJ,IJ,IJ,IJ,IJ,IJ,IJ,IJ,IJ,IJ,IJ,IJ,IJ+,IJ,IJ,IJ,IJ,IJ,IJ,IJ,IJ,IJ,IJ,IJ,IJ,IJ,IJ,IJ,IJ,IJ,IJ,IJ+,IJ,IJ,IJ,IJ,IJ,IJ,IJ,IJ,IJ,IJ,IJ,IJ,IJ,DF,IJ,IJ,IJ,IJ,IJ,IJ,IJ,H-,H-,H-,IJ,IJ,H,H,H,H,H,H,IJ,IJ,IJ,IJ,IJ,HB,IJ,IJ,IJ+,IJ,IJ,IJ,IJ,IJ+,IJ,IJ,H,HB,H,IJ,IJ,IJ,IJ,IJ,IJ,H,IJ,IJ,IJ,IJ,IJ,IJ,IJ,IJ,IJ,IJ,IJ,IJ,H,H,H,IJ,IJ,IJ,IJ,IJ,IJ,H,IJ,IJ,DF,H,IJ,IJ,IJ,IJ,IJ,IJ,IJ+,IJ,IJ,IJ,IJ,IJ,IJ,IJ,IJ,IJ,IJ,IJ,IJ,IJ,IJ,IJ,IJ,IJ,IJ,IJ,IJ,IJ,IJ,IJ,IJ,IJ,IJ,H,IJ,IJ,HB,H,H,IJ,IJ,IJ,IJ,IJ,IJ,IJ,IJ,IJ,IJ,IJ,IJ,IJ,IJ,IJ,IJ,IJ,IJ,IJ,IJ,IJ,IJ+,IJ,IJ,IJ,IJ,IJ,IJ,IJ,IJ,IJ,IJ,IJ+,IJ,IJ,IJ,IJ,IJ,IJ,IJ,IJ,IJ,IJ,IJ,DF,IJ,IJ,IJ,IJ,IJ,IJ,IJ,IJ,IJ,IJ,IJ,IJ,IJ,IJ,IJ,IJ,IJ,IJ,IJ,IJ,IJ,IJ,IJ,IJ,IJ,IJ,IJ,IJ,IJ,IJ,IJ,IJ,IJ,IJ,IJ,IJ,IJ,IJ,IJ,IJ,IJ,IJ,IJ,DF,IJ,IJ,HB,H,HB,H,IJ,IJ,H,DF,IJ,DF,IJ,IJ,IJ,IJ,IJ,H,IJ,IJ,IJ,IJ,IJ,IJ,DF,DF,IJ,IJ,IJ,IJ,IJ,IJ,IJ,IJ,IJ,IJ,IJ,IJ,IJ,IJ,IJ,IJ,IJ,IJ,IJ,IJ,IJ,IJ,IJ,IJ,IJ,IJ,IJ,IJ,IJ,IJ,IJ,IJ,H,H,IJ,IJ,IJ,IJ,IJ,DF,H-,IJ,IJ,IJ,H,H,IJ,IJ,IJ,IJ,H-,H,H,IJ
82,DIETHANOLAMINE,GA+,GA+,GA,GA,GA,GA,GA,GA,GA,GA,GA,GA,GA,GA,GA,GA,GA,GA,GA,GA,GA,GA,GA,GA,GA,GA,GA,GA,GA,GA,GA,GA,GA,GA,GA,GA,GA,GA,GA,GA,GA,GA-,GA,GA,GA,GA,GA,GA,GA,GA,GA,GA-,GA,GA,GA,GA,GA,GA,GA,GA-,GA-,GA,GA,GA,GA,GA,GA,GA,GA,GA,GA,GA,GA,GA,GA,GA,GA,GA,GA,GA,GA,X,GA,GA,GA,GA,GA,GA,GA,GA,GA,GA,GA,GA,GA,GA,GA,GA,GA,GA,GA,GA,GA,GA,GA,GA,GA,GA,GA,GA,GA,GA,GA,GA,GA,GA,GA,GA,GA,GA+,GA,GA,GA,GA,GA,GA,GA,GA,GA,GA,GA,GA,GA,GA,GA,GA,GA,GA,GA+,GA,GA,GA,GA,GA,GA,GA,GA,GA,GA,GA,GA,GA,GA,GA,GA,GA,GA,GA,GA,GA,GA-,GA-,GA-,GA,GA,GA,GA,GA,GA,GA,GA,GA,GA,GA,GA,GA,GA,GA,GA,GA+,GA,GA,GA,GA,GA+,GA,GA,GA,GA,GA,GA,GA,GA,GA,GA,GA,GA,GA,GA,GA,GA,GA,GA,GA,GA,GA,GA,GA,GA,GA,GA,GA,GA,GA,GA,GA,GA,GA,GA,GA,GA,GA,GA,GA,GA,GA,GA,GA,GA,GA+,GA,GA,GA,GA,GA,GA,GA,GA,GA,GA,GA,GA,GA,GA,GA,GA,GA,GA,GA,GA,GA,GA,GA,GA,GA,GA,GA,GA,GA,GA,GA,GA,GA,GA,GA,GA,GA,GA,GA,GA,GA,GA,GA,GA,GA,GA,GA,GA,GA,GA,GA,GA,GA,GA+,GA,GA,GA,GA,GA,GA,GA,GA,GA,GA,GA+,GA,GA,GA,GA,GA,GA,GA,GA,GA,GA,GA,GA,GA,GA,GA,GA,GA,GA,GA,GA,GA,GA,GA,GA,GA,GA,GA,GA,GA,GA,GA,GA,GA,GA,GA,GA,GA,GA,GA,GA,GA,GA,GA,GA,GA,GA,GA,GA,GA,GA,GA,GA,GA,GA,GA,GA,GA,GA,GA,GA,GA,GA,GA,GA,GA,GA,GA,GA,GA,GA,GA,GA,GA,GA,GA,GA,GA,GA,GA,GA,GA,GA,GA,GA,GA,GA,GA,GA,GA,GA,GA,GA,GA,GA,GA,GA,GA,GA,GA,GA,GA,GA,GA,GA,GA,GA,GA,GA,GA,GA,GA,GA,GA,GA,GA,GA,GA,GA,GA,GA,GA,GA,GA-,GA,GA,GA,GA,GA,GA,GA,GA,GA,GA-,GA,GA,GA
83,DIETHYLAMINE,G+,G+,G,G,G,G,G,G,G,G,G,G,G,G,G,G,G,G,G,G,G,G,G,G,G,G,G,G,G,G,G,G,G,G,G,G,G,G,G,G,G,G-,G,G,G,G,G,G,G,G,G,G-,G,G,G,G,G,G,G,G-,G-,G,G,G,G,G,G,G,G,G,G,G,G,G,G,G,G,G,G,G,G,G,X,G,G,G,G,G,G,G,G,G,G,G,G,G,G,G,G,G,G,G,G,G,G,G,G,G,G,G,G,G,G,G,G,G,G,G,G,G+,G,G,G,G,G,G,G,G,G,G,G,G,G,G,G,G,G,G,G+,G,G,G,G,G,G,G,G,G,G,G,G,G,G,G,G,G,G,G,G,G,G-,G-,G-,G,G,G,G,G,G,G,G,G,G,G,G,G,G,G,G,G+,G,G,G,G,G+,G,G,G,G,G,G,G,G,G,G,G,G,G,G,G,G,G,G,G,G,G,G,G,G,G,G,G,G,G,G,G,G,G,G,G,G,G,G,G,G,G,G,G,G,G+,G,G,G,G,G,G,G,G,G,G,G,G,G,G,G,G,G,G,G,G,G,G,G,G,G,G,G,G,G,G,G,G,G,G,G,G,G,G,G,G,G,G,G,G,G,G,G,G,G,G,G,G,G,G+,G,G,G,G,G,G,G,G,G,G,G+,G,G,G,G,G,G,G,G,G,G,G,G,G,G,G,G,G,G,G,G,G,G,G,G,G,G,G,G,G,G,G,G,G,G,G,G,G,G,G,G,G,G,G,G,G,G,G,G,G,G,G,G,G,G,G,G,G,G,G,G,G,G,G,G,G,G,G,G,G,G,G,G,G,G,G,G,G,G,G,G,G,G,G,G,G,G,G,G,G,G,G,G,G,G,G,G,G,G,G,G,G,G,G,G,G,G,G,G,G,G,G,G,G,G,G,G,G,G,G,G,G,G,G-,G,G,G,G,G,G,G,G,G,G-,G,G,G
84,DIETHYLAMINOETHANOL,C+,C+,C,C,C,C,C,C,C,C,C,C,C,C,C,C,C,C,C,C,C,C,C,C,C,C,C,C,C,C,C,C,C,C,C,C,C,C,C,C,C,C-,C,C,C,C,C,C,C,C,C,C-,C,C,C,C,C,C,C,C-,C-,C,C,C,C,C,C,C,C,C,C,C,C,C,C,C,C,C,C,C,C,C,C,X,C,C,C,C,C,C,C,C,C,C,C,C,C,C,C,C,C,C,C,C,C,C,C,C,C,C,C,C,C,C,C,C,C,C,C,C+,C,C,C,C,C,C,C,C,C,C,C,C,C,C,C,C,C,C,C+,C,C,C,C,C,C,C,C,C,C,C,C,C,C,C,C,C,C,C,C,C,C-,C-,C-,C,C,C,C,C,C,C,C,C,C,C,C,C,C,C,C,C+,C,C,C,C,C+,C,C,C,C,C,C,C,C,C,C,C,C,C,C,C,C,C,C,C,C,C,C,C,C,C,C,C,C,C,C,C,C,C,C,C,C,C,C,C,C,C,C,C,C,C+,C,C,C,C,C,C,C,C,C,C,C,C,C,C,C,C,C,C,C,C,C,C,C,C,C,C,C,C,C,C,C,C,C,C,C,C,C,C,C,C,C,C,C,C,C,C,C,C,C,C,C,C,C,C+,C,C,C,C,C,C,C,C,C,C,C+,C,C,C,C,C,C,C,C,C,C,C,C,C,C,C,C,C,C,C,C,C,C,C,C,C,C,C,C,C,C,C,C,C,C,C,C,C,C,C,C,C,C,C,C,C,C,C,C,C,C,C,C,C,C,C,C,C,C,C,C,C,C,C,C,C,C,C,C,C,C,C,C,C,C,C,C,C,C,C,C,C,C,C,C,C,C,C,C,C,C,C,C,C,C,C,C,C,C,C,C,C,C,C,C,C,C,C,C,C,C,C,C,C,C,C,C,C,C,C,C,C,C,C-,C,C,C,C,C,C,C,C,C,C-,C,C,C
85,DIETHYLBENZENES (MIXED ISOMERS),D+,D+,D,D,D,D,D,D,D,D,D,D,D,D,D,D,D,D,D,D,D,D,D,D,D,D,D,D,D,D,D,D,D,D,D,D,D,D,D,D,D,D-,D,D,D,D,D,D,D,D,D,D-,D,D,D,D,D,D,D,D-,D-,D,D,D,D,D,D,D,D,D,D,D,D,D,D,D,D,D,D,D,D,D,D,D,X,D,D,D,D,D,D,D,D,D,D,D,D,D,D,D,D,D,D,D,D,D,D,D,D,D,D,D,D,D,D,D,D,D,D,D+,D,D,D,D,D,D,D,D,D,D,D,D,D,D,D,D,D,D,D+,D,D,D,D,D,D,D,D,D,D,D,D,D,D,D,D,D,D,D,D,D,D-,D-,D-,D,D,D,D,D,D,D,D,D,D,D,D,D,D,D,D,D+,D,D,D,D,D+,D,D,D,D,D,D,D,D,D,D,D,D,D,D,D,D,D,D,D,D,D,D,D,D,D,D,D,D,D,D,D,D,D,D,D,D,D,D,D,D,D,D,D,D,D+,D,D,D,D,D,D,D,D,D,D,D,D,D,D,D,D,D,D,D,D,D,D,D,D,D,D,D,D,D,D,D,D,D,D,D,D,D,D,D,D,D,D,D,D,D,D,D,D,D,D,D,D,D,D+,D,D,D,D,D,D,D,D,D,D,D+,D,D,D,D,D,D,D,D,D,D,D,D,D,D,D,D,D,D,D,D,D,D,D,D,D,D,D,D,D,D,D,D,D,D,D,D,D,D,D,D,D,D,D,D,D,D,D,D,D,D,D,D,D,D,D,D,D,D,D,D,D,D,D,D,D,D,D,D,D,D,D,D,D,D,D,D,D,D,D,D,D,D,D,D,D,D,D,D,D,D,D,D,D,D,D,D,D,D,D,D,D,D,D,D,D,D,D,D,D,D,D,D,D,D,D,D,D,D,D,D,D,D,D-,D,D,D,D,D,D,D,D,D,D-,D,D,D
86,DIETHYLENE GLYCOL,BC+,BC+,BC,BC,BC,BC,BC,BC,BC,BC,BC,BC,BC,BC,BC,BC,BC,BC,BC,BC,BC,BC,BC,BC,BC,BC,BC,BC,BC,BC,BC,BC,BC,BC,BC,BC,BC,BC,BC,BC,BC,BC-,BC,BC,BC,BC,BC,BC,BC,BC,BC,BC-,BC,BC,BC,BC,BC,BC,BC,BC-,BC-,BC,BC,BC,BC,BC,BC,BC,BC,BC,BC,BC,BC,BC,BC,BC,BC,BC,BC,BC,BC,BC,BC,BC,BC,X,BC,BC,BC,BC,BC,BC,BC,BC,BC,BC,BC,BC,BC,BC,BC,BC,BC,BC,BC,BC,BC,BC,BC,BC,BC,BC,BC,BC,BC,BC,BC,BC,BC,BC+,BC,BC,BC,BC,BC,BC,BC,BC,BC,BC,BC,BC,BC,BC,BC,BC,BC,BC,BC+,BC,BC,BC,BC,BC,BC,BC,BC,BC,BC,BC,BC,BC,BC,BC,BC,BC,BC,BC,BC,BC,BC-,BC-,BC-,BC,BC,BC,BC,BC,BC,BC,BC,BC,BC,BC,BC,BC,BC,BC,BC,BC+,BC,BC,BC,BC,BC+,BC,BC,BC,BC,BC,BC,BC,BC,BC,BC,BC,BC,BC,BC,BC,BC,BC,BC,BC,BC,BC,BC,BC,BC,BC,BC,BC,BC,BC,BC,BC,BC,BC,BC,BC,BC,BC,BC,BC,BC,BC,BC,BC,BC,BC+,BC,BC,BC,BC,BC,BC,BC,BC,BC,BC,BC,BC,BC,BC,BC,BC,BC,BC,BC,BC,BC,BC,BC,BC,BC,BC,BC,BC,BC,BC,BC,BC,BC,BC,BC,BC,BC,BC,BC,BC,BC,BC,BC,BC,BC,BC,BC,BC,BC,BC,BC,BC,BC,BC+,BC,BC,BC,BC,BC,BC,BC,BC,BC,BC,BC+,BC,BC,BC,BC,BC,BC,BC,BC,BC,BC,BC,BC,BC,BC,BC,BC,BC,BC,BC,BC,BC,BC,BC,BC,BC,BC,BC,BC,BC,BC,BC,BC,BC,BC,BC,BC,BC,BC,BC,BC,BC,BC,BC,BC,BC,BC,BC,BC,BC,BC,BC,BC,BC,BC,BC,BC,BC,BC,BC,BC,BC,BC,BC,BC,BC,BC,BC,BC,BC,BC,BC,BC,BC,BC,BC,BC,BC,BC,BC,BC,BC,BC,BC,BC,BC,BC,BC,BC,BC,BC,BC,BC,BC,BC,BC,BC,BC,BC,BC,BC,BC,BC,BC,BC,BC,BC,BC,BC,BC,BC,BC,BC,BC,BC,BC,BC,BC,BC,BC,BC,BC,BC,BC-,BC,BC,BC,BC,BC,BC,BC,BC,BC,BC-,BC,BC,BC
87,DIETHYLENE GLYCOL DIBUTYL ETHER,BA+,BA+,BA,BA,BA,BA,BA,BA,BA,BA,BA,BA,BA,BA,BA,BA,BA,BA,BA,BA,BA,BA,BA,BA,BA,BA,BA,BA,BA,BA,BA,BA,BA,BA,BA,BA,BA,BA,BA,BA,BA,BA-,BA,BA,BA,BA,BA,BA,BA,BA,BA,BA-,BA,BA,BA,BA,BA,BA,BA,BA-,BA-,BA,BA,BA,BA,BA,BA,BA,BA,BA,BA,BA,BA,BA,BA,BA,BA,BA,BA,BA,BA,BA,BA,BA,BA,BA,X,BA,BA,BA,BA,BA,BA,BA,BA,BA,BA,BA,BA,BA,BA,BA,BA,BA,BA,BA,BA,BA,BA,BA,BA,BA,BA,BA,BA,BA,BA,BA,BA,BA+,BA,BA,BA,BA,BA,BA,BA,BA,BA,BA,BA,BA,BA,BA,BA,BA,BA,BA,BA+,BA,BA,BA,BA,BA,BA,BA,BA,BA,BA,BA,BA,BA,BA,BA,BA,BA,BA,BA,BA,BA,BA-,BA-,BA-,BA,BA,BA,BA,BA,BA,BA,BA,BA,BA,BA,BA,BA,BA,BA,BA,BA+,BA,BA,BA,BA,BA+,BA,BA,BA,BA,BA,BA,BA,BA,BA,BA,BA,BA,BA,BA,BA,BA,BA,BA,BA,BA,BA,BA,BA,BA,BA,BA,BA,BA,BA,BA,BA,BA,BA,BA,BA,BA,BA,BA,BA,BA,BA,BA,BA,BA,BA+,BA,BA,BA,BA,BA,BA,BA,BA,BA,BA,BA,BA,BA,BA,BA,BA,BA,BA,BA,BA,BA,BA,BA,BA,BA,BA,BA,BA,BA,BA,BA,BA,BA,BA,BA,BA,BA,BA,BA,BA,BA,BA,BA,BA,BA,BA,BA,BA,BA,BA,BA,BA,BA,BA+,BA,BA,BA,BA,BA,BA,BA,BA,BA,BA,BA+,BA,BA,BA,BA,BA,BA,BA,BA,BA,BA,BA,BA,BA,BA,BA,BA,BA,BA,BA,BA,BA,BA,BA,BA,BA,BA,BA,BA,BA,BA,BA,BA,BA,BA,BA,BA,BA,BA,BA,BA,BA,BA,BA,BA,BA,BA,BA,BA,BA,BA,BA,BA,BA,BA,BA,BA,BA,BA,BA,BA,BA,BA,BA,BA,BA,BA,BA,BA,BA,BA,BA,BA,BA,BA,BA,BA,BA,BA,BA,BA,BA,BA,BA,BA,BA,BA,BA,BA,BA,BA,BA,BA,BA,BA,BA,BA,BA,BA,BA,BA,BA,BA,BA,BA,BA,BA,BA,BA,BA,BA,BA,BA,BA,BA,BA,BA,BA,BA,BA,BA,BA,BA,BA-,BA,BA,BA,BA,BA,BA,BA,BA,BA,BA-,BA,BA,BA
88,DIETHYLENE GLYCOL DIETHYL ETHER,BA+,BA+,BA,BA,BA,BA,BA,BA,BA,BA,BA,BA,BA,BA,BA,BA,BA,BA,BA,BA,BA,BA,BA,BA,BA,BA,BA,BA,BA,BA,BA,BA,BA,BA,BA,BA,BA,BA,BA,BA,BA,BA-,BA,BA,BA,BA,BA,BA,BA,BA,BA,BA-,BA,BA,BA,BA,BA,BA,BA,BA-,BA-,BA,BA,BA,BA,BA,BA,BA,BA,BA,BA,BA,BA,BA,BA,BA,BA,BA,BA,BA,BA,BA,BA,BA,BA,BA,BA,X,BA,BA,BA,BA,BA,BA,BA,BA,BA,BA,BA,BA,BA,BA,BA,BA,BA,BA,BA,BA,BA,BA,BA,BA,BA,BA,BA,BA,BA,BA,BA,BA+,BA,BA,BA,BA,BA,BA,BA,BA,BA,BA,BA,BA,BA,BA,BA,BA,BA,BA,BA+,BA,BA,BA,BA,BA,BA,BA,BA,BA,BA,BA,BA,BA,BA,BA,BA,BA,BA,BA,BA,BA,BA-,BA-,BA-,BA,BA,BA,BA,BA,BA,BA,BA,BA,BA,BA,BA,BA,BA,BA,BA,BA+,BA,BA,BA,BA,BA+,BA,BA,BA,BA,BA,BA,BA,BA,BA,BA,BA,BA,BA,BA,BA,BA,BA,BA,BA,BA,BA,BA,BA,BA,BA,BA,BA,BA,BA,BA,BA,BA,BA,BA,BA,BA,BA,BA,BA,BA,BA,BA,BA,BA,BA+,BA,BA,BA,BA,BA,BA,BA,BA,BA,BA,BA,BA,BA,BA,BA,BA,BA,BA,BA,BA,BA,BA,BA,BA,BA,BA,BA,BA,BA,BA,BA,BA,BA,BA,BA,BA,BA,BA,BA,BA,BA,BA,BA,BA,BA,BA,BA,BA,BA,BA,BA,BA,BA,BA+,BA,BA,BA,BA,BA,BA,BA,BA,BA,BA,BA+,BA,BA,BA,BA,BA,BA,BA,BA,BA,BA,BA,BA,BA,BA,BA,BA,BA,BA,BA,BA,BA,BA,BA,BA,BA,BA,BA,BA,BA,BA,BA,BA,BA,BA,BA,BA,BA,BA,BA,BA,BA,BA,BA,BA,BA,BA,BA,BA,BA,BA,BA,BA,BA,BA,BA,BA,BA,BA,BA,BA,BA,BA,BA,BA,BA,BA,BA,BA,BA,BA,BA,BA,BA,BA,BA,BA,BA,BA,BA,BA,BA,BA,BA,BA,BA,BA,BA,BA,BA,BA,BA,BA,BA,BA,BA,BA,BA,BA,BA,BA,BA,BA,BA,BA,BA,BA,BA,BA,BA,BA,BA,BA,BA,BA,BA,BA,BA,BA,BA,BA,BA,BA,BA-,BA,BA,BA,BA,BA,BA,BA,BA,BA,BA-,BA,BA,BA
89,DIETHYLENE GLYCOL MONOBUTYL ETHER,BA+,BA+,BA,BA,BA,BA,BA,BA,BA,BA,BA,BA,BA,BA,BA,BA,BA,BA,BA,BA,BA,BA,BA,BA,BA,BA,BA,BA,BA,BA,BA,BA,BA,BA,BA,BA,BA,BA,BA,BA,BA,BA-,BA,BA,BA,BA,BA,BA,BA,BA,BA,BA-,BA,BA,BA,BA,BA,BA,BA,BA-,BA-,BA,BA,BA,BA,BA,BA,BA,BA,BA,BA,BA,BA,BA,BA,BA,BA,BA,BA,BA,BA,BA,BA,BA,BA,BA,BA,BA,X,BA,BA,BA,BA,BA,BA,BA,BA,BA,BA,BA,BA,BA,BA,BA,BA,BA,BA,BA,BA,BA,BA,BA,BA,BA,BA,BA,BA,BA,BA,BA+,BA,BA,BA,BA,BA,BA,BA,BA,BA,BA,BA,BA,BA,BA,BA,BA,BA,BA,BA+,BA,BA,BA,BA,BA,BA,BA,BA,BA,BA,BA,BA,BA,BA,BA,BA,BA,BA,BA,BA,BA,BA-,BA-,BA-,BA,BA,BA,BA,BA,BA,BA,BA,BA,BA,BA,BA,BA,BA,BA,BA,BA+,BA,BA,BA,BA,BA+,BA,BA,BA,BA,BA,BA,BA,BA,BA,BA,BA,BA,BA,BA,BA,BA,BA,BA,BA,BA,BA,BA,BA,BA,BA,BA,BA,BA,BA,BA,BA,BA,BA,BA,BA,BA,BA,BA,BA,BA,BA,BA,BA,BA,BA+,BA,BA,BA,BA,BA,BA,BA,BA,BA,BA,BA,BA,BA,BA,BA,BA,BA,BA,BA,BA,BA,BA,BA,BA,BA,BA,BA,BA,BA,BA,BA,BA,BA,BA,BA,BA,BA,BA,BA,BA,BA,BA,BA,BA,BA,BA,BA,BA,BA,BA,BA,BA,BA,BA+,BA,BA,BA,BA,BA,BA,BA,BA,BA,BA,BA+,BA,BA,BA,BA,BA,BA,BA,BA,BA,BA,BA,BA,BA,BA,BA,BA,BA,BA,BA,BA,BA,BA,BA,BA,BA,BA,BA,BA,BA,BA,BA,BA,BA,BA,BA,BA,BA,BA,BA,BA,BA,BA,BA,BA,BA,BA,BA,BA,BA,BA,BA,BA,BA,BA,BA,BA,BA,BA,BA,BA,BA,BA,BA,BA,BA,BA,BA,BA,BA,BA,BA,BA,BA,BA,BA,BA,BA,BA,BA,BA,BA,BA,BA,BA,BA,BA,BA,BA,BA,BA,BA,BA,BA,BA,BA,BA,BA,BA,BA,BA,BA,BA,BA,BA,BA,BA,BA,BA,BA,BA,BA,BA,BA,BA,BA,BA,BA,BA,BA,BA,BA,BA,BA-,BA,BA,BA,BA,BA,BA,BA,BA,BA,BA-,BA,BA,BA
90,DIETHYLENE GLYCOL MONOBUTYL ETHER ACETATE,BA+,BA+,BA,BA,BA,BA,BA,BA,BA,BA,BA,BA,BA,BA,BA,BA,BA,BA,BA,BA,BA,BA,BA,BA,BA,BA,BA,BA,BA,BA,BA,BA,BA,BA,BA,BA,BA,BA,BA,BA,BA,BA-,BA,BA,BA,BA,BA,BA,BA,BA,BA,BA-,BA,BA,BA,BA,BA,BA,BA,BA-,BA-,BA,BA,BA,BA,BA,BA,BA,BA,BA,BA,BA,BA,BA,BA,BA,BA,BA,BA,BA,BA,BA,BA,BA,BA,BA,BA,BA,BA,X,BA,BA,BA,BA,BA,BA,BA,BA,BA,BA,BA,BA,BA,BA,BA,BA,BA,BA,BA,BA,BA,BA,BA,BA,BA,BA,BA,BA,BA,BA+,BA,BA,BA,BA,BA,BA,BA,BA,BA,BA,BA,BA,BA,BA,BA,BA,BA,BA,BA+,BA,BA,BA,BA,BA,BA,BA,BA,BA,BA,BA,BA,BA,BA,BA,BA,BA,BA,BA,BA,BA,BA-,BA-,BA-,BA,BA,BA,BA,BA,BA,BA,BA,BA,BA,BA,BA,BA,BA,BA,BA,BA+,BA,BA,BA,BA,BA+,BA,BA,BA,BA,BA,BA,BA,BA,BA,BA,BA,BA,BA,BA,BA,BA,BA,BA,BA,BA,BA,BA,BA,BA,BA,BA,BA,BA,BA,BA,BA,BA,BA,BA,BA,BA,BA,BA,BA,BA,BA,BA,BA,BA,BA+,BA,BA,BA,BA,BA,BA,BA,BA,BA,BA,BA,BA,BA,BA,BA,BA,BA,BA,BA,BA,BA,BA,BA,BA,BA,BA,BA,BA,BA,BA,BA,BA,BA,BA,BA,BA,BA,BA,BA,BA,BA,BA,BA,BA,BA,BA,BA,BA,BA,BA,BA,BA,BA,BA+,BA,BA,BA,BA,BA,BA,BA,BA,BA,BA,BA+,BA,BA,BA,BA,BA,BA,BA,BA,BA,BA,BA,BA,BA,BA,BA,BA,BA,BA,BA,BA,BA,BA,BA,BA,BA,BA,BA,BA,BA,BA,BA,BA,BA,BA,BA,BA,BA,BA,BA,BA,BA,BA,BA,BA,BA,BA,BA,BA,BA,BA,BA,BA,BA,BA,BA,BA,BA,BA,BA,BA,BA,BA,BA,BA,BA,BA,BA,BA,BA,BA,BA,BA,BA,BA,BA,BA,BA,BA,BA,BA,BA,BA,BA,BA,BA,BA,BA,BA,BA,BA,BA,BA,BA,BA,BA,BA,BA,BA,BA,BA,BA,BA,BA,BA,BA,BA,BA,BA,BA,BA,BA,BA,BA,BA,BA,BA,BA,BA,BA,BA,BA,BA,BA-,BA,BA,BA,BA,BA,BA,BA,BA,BA,BA-,BA,BA,BA
91,DIETHYLENE GLYCOL MONOETHYL ETHER,BA+,BA+,BA,BA,BA,BA,BA,BA,BA,BA,BA,BA,BA,BA,BA,BA,BA,BA,BA,BA,BA,BA,BA,BA,BA,BA,BA,BA,BA,BA,BA,BA,BA,BA,BA,BA,BA,BA,BA,BA,BA,BA-,BA,BA,BA,BA,BA,BA,BA,BA,BA,BA-,BA,BA,BA,BA,BA,BA,BA,BA-,BA-,BA,BA,BA,BA,BA,BA,BA,BA,BA,BA,BA,BA,BA,BA,BA,BA,BA,BA,BA,BA,BA,BA,BA,BA,BA,BA,BA,BA,BA,X,BA,BA,BA,BA,BA,BA,BA,BA,BA,BA,BA,BA,BA,BA,BA,BA,BA,BA,BA,BA,BA,BA,BA,BA,BA,BA,BA,BA,BA+,BA,BA,BA,BA,BA,BA,BA,BA,BA,BA,BA,BA,BA,BA,BA,BA,BA,BA,BA+,BA,BA,BA,BA,BA,BA,BA,BA,BA,BA,BA,BA,BA,BA,BA,BA,BA,BA,BA,BA,BA,BA-,BA-,BA-,BA,BA,BA,BA,BA,BA,BA,BA,BA,BA,BA,BA,BA,BA,BA,BA,BA+,BA,BA,BA,BA,BA+,BA,BA,BA,BA,BA,BA,BA,BA,BA,BA,BA,BA,BA,BA,BA,BA,BA,BA,BA,BA,BA,BA,BA,BA,BA,BA,BA,BA,BA,BA,BA,BA,BA,BA,BA,BA,BA,BA,BA,BA,BA,BA,BA,BA,BA+,BA,BA,BA,BA,BA,BA,BA,BA,BA,BA,BA,BA,BA,BA,BA,BA,BA,BA,BA,BA,BA,BA,BA,BA,BA,BA,BA,BA,BA,BA,BA,BA,BA,BA,BA,BA,BA,BA,BA,BA,BA,BA,BA,BA,BA,BA,BA,BA,BA,BA,BA,BA,BA,BA+,BA,BA,BA,BA,BA,BA,BA,BA,BA,BA,BA+,BA,BA,BA,BA,BA,BA,BA,BA,BA,BA,BA,BA,BA,BA,BA,BA,BA,BA,BA,BA,BA,BA,BA,BA,BA,BA,BA,BA,BA,BA,BA,BA,BA,BA,BA,BA,BA,BA,BA,BA,BA,BA,BA,BA,BA,BA,BA,BA,BA,BA,BA,BA,BA,BA,BA,BA,BA,BA,BA,BA,BA,BA,BA,BA,BA,BA,BA,BA,BA,BA,BA,BA,BA,BA,BA,BA,BA,BA,BA,BA,BA,BA,BA,BA,BA,BA,BA,BA,BA,BA,BA,BA,BA,BA,BA,BA,BA,BA,BA,BA,BA,BA,BA,BA,BA,BA,BA,BA,BA,BA,BA,BA,BA,BA,BA,BA,BA,BA,BA,BA,BA,BA,BA-,BA,BA,BA,BA,BA,BA,BA,BA,BA,BA-,BA,BA,BA
92,DIETHYLENE GLYCOL MONOETHYL ETHER ACETATE,BA+,BA+,BA,BA,BA,BA,BA,BA,BA,BA,BA,BA,BA,BA,BA,BA,BA,BA,BA,BA,BA,BA,BA,BA,BA,BA,BA,BA,BA,BA,BA,BA,BA,BA,BA,BA,BA,BA,BA,BA,BA,BA-,BA,BA,BA,BA,BA,BA,BA,BA,BA,BA-,BA,BA,BA,BA,BA,BA,BA,BA-,BA-,BA,BA,BA,BA,BA,BA,BA,BA,BA,BA,BA,BA,BA,BA,BA,BA,BA,BA,BA,BA,BA,BA,BA,BA,BA,BA,BA,BA,BA,BA,X,BA,BA,BA,BA,BA,BA,BA,BA,BA,BA,BA,BA,BA,BA,BA,BA,BA,BA,BA,BA,BA,BA,BA,BA,BA,BA,BA,BA+,BA,BA,BA,BA,BA,BA,BA,BA,BA,BA,BA,BA,BA,BA,BA,BA,BA,BA,BA+,BA,BA,BA,BA,BA,BA,BA,BA,BA,BA,BA,BA,BA,BA,BA,BA,BA,BA,BA,BA,BA,BA-,BA-,BA-,BA,BA,BA,BA,BA,BA,BA,BA,BA,BA,BA,BA,BA,BA,BA,BA,BA+,BA,BA,BA,BA,BA+,BA,BA,BA,BA,BA,BA,BA,BA,BA,BA,BA,BA,BA,BA,BA,BA,BA,BA,BA,BA,BA,BA,BA,BA,BA,BA,BA,BA,BA,BA,BA,BA,BA,BA,BA,BA,BA,BA,BA,BA,BA,BA,BA,BA,BA+,BA,BA,BA,BA,BA,BA,BA,BA,BA,BA,BA,BA,BA,BA,BA,BA,BA,BA,BA,BA,BA,BA,BA,BA,BA,BA,BA,BA,BA,BA,BA,BA,BA,BA,BA,BA,BA,BA,BA,BA,BA,BA,BA,BA,BA,BA,BA,BA,BA,BA,BA,BA,BA,BA+,BA,BA,BA,BA,BA,BA,BA,BA,BA,BA,BA+,BA,BA,BA,BA,BA,BA,BA,BA,BA,BA,BA,BA,BA,BA,BA,BA,BA,BA,BA,BA,BA,BA,BA,BA,BA,BA,BA,BA,BA,BA,BA,BA,BA,BA,BA,BA,BA,BA,BA,BA,BA,BA,BA,BA,BA,BA,BA,BA,BA,BA,BA,BA,BA,BA,BA,BA,BA,BA,BA,BA,BA,BA,BA,BA,BA,BA,BA,BA,BA,BA,BA,BA,BA,BA,BA,BA,BA,BA,BA,BA,BA,BA,BA,BA,BA,BA,BA,BA,BA,BA,BA,BA,BA,BA,BA,BA,BA,BA,BA,BA,BA,BA,BA,BA,BA,BA,BA,BA,BA,BA,BA,BA,BA,BA,BA,BA,BA,BA,BA,BA,BA,BA,BA-,BA,BA,BA,BA,BA,BA,BA,BA,BA,BA-,BA,BA,BA
93,DIETHYLENE GLYCOL MONOMETHYL ETHER,BA+,BA+,BA,BA,BA,BA,BA,BA,BA,BA,BA,BA,BA,BA,BA,BA,BA,BA,BA,BA,BA,BA,BA,BA,BA,BA,BA,BA,BA,BA,BA,BA,BA,BA,BA,BA,BA,BA,BA,BA,BA,BA-,BA,BA,BA,BA,BA,BA,BA,BA,BA,BA-,BA,BA,BA,BA,BA,BA,BA,BA-,BA-,BA,BA,BA,BA,BA,BA,BA,BA,BA,BA,BA,BA,BA,BA,BA,BA,BA,BA,BA,BA,BA,BA,BA,BA,BA,BA,BA,BA,BA,BA,BA,X,BA,BA,BA,BA,BA,BA,BA,BA,BA,BA,BA,BA,BA,BA,BA,BA,BA,BA,BA,BA,BA,BA,BA,BA,BA,BA,BA+,BA,BA,BA,BA,BA,BA,BA,BA,BA,BA,BA,BA,BA,BA,BA,BA,BA,BA,BA+,BA,BA,BA,BA,BA,BA,BA,BA,BA,BA,BA,BA,BA,BA,BA,BA,BA,BA,BA,BA,BA,BA-,BA-,BA-,BA,BA,BA,BA,BA,BA,BA,BA,BA,BA,BA,BA,BA,BA,BA,BA,BA+,BA,BA,BA,BA,BA+,BA,BA,BA,BA,BA,BA,BA,BA,BA,BA,BA,BA,BA,BA,BA,BA,BA,BA,BA,BA,BA,BA,BA,BA,BA,BA,BA,BA,BA,BA,BA,BA,BA,BA,BA,BA,BA,BA,BA,BA,BA,BA,BA,BA,BA+,BA,BA,BA,BA,BA,BA,BA,BA,BA,BA,BA,BA,BA,BA,BA,BA,BA,BA,BA,BA,BA,BA,BA,BA,BA,BA,BA,BA,BA,BA,BA,BA,BA,BA,BA,BA,BA,BA,BA,BA,BA,BA,BA,BA,BA,BA,BA,BA,BA,BA,BA,BA,BA,BA+,BA,BA,BA,BA,BA,BA,BA,BA,BA,BA,BA+,BA,BA,BA,BA,BA,BA,BA,BA,BA,BA,BA,BA,BA,BA,BA,BA,BA,BA,BA,BA,BA,BA,BA,BA,BA,BA,BA,BA,BA,BA,BA,BA,BA,BA,BA,BA,BA,BA,BA,BA,BA,BA,BA,BA,BA,BA,BA,BA,BA,BA,BA,BA,BA,BA,BA,BA,BA,BA,BA,BA,BA,BA,BA,BA,BA,BA,BA,BA,BA,BA,BA,BA,BA,BA,BA,BA,BA,BA,BA,BA,BA,BA,BA,BA,BA,BA,BA,BA,BA,BA,BA,BA,BA,BA,BA,BA,BA,BA,BA,BA,BA,BA,BA,BA,BA,BA,BA,BA,BA,BA,BA,BA,BA,BA,BA,BA,BA,BA,BA,BA,BA,BA,BA-,BA,BA,BA,BA,BA,BA,BA,BA,BA,BA-,BA,BA,BA
94,DIETHYLENETRIAMINE,GC+,GC+,GC,GC,GC,GC,GC,GC,GC,GC,GC,GC,GC,GC,GC,GC,GC,GC,GC,GC,GC,GC,GC,GC,GC,GC,GC,GC,GC,GC,GC,GC,GC,GC,GC,GC,GC,GC,GC,GC,GC,GC-,GC,GC,GC,GC,GC,GC,GC,GC,GC,GC-,GC,GC,GC,GC,GC,GC,GC,GC-,GC-,GC,GC,GC,GC,GC,GC,GC,GC,GC,GC,GC,GC,GC,GC,GC,GC,GC,GC,GC,GC,GC,GC,GC,GC,GC,GC,GC,GC,GC,GC,GC,GC,X,GC,GC,GC,GC,GC,GC,GC,GC,GC,GC,GC,GC,GC,GC,GC,GC,GC,GC,GC,GC,GC,GC,GC,GC,GC,GC+,GC,GC,GC,GC,GC,GC,GC,GC,GC,GC,GC,GC,GC,GC,GC,GC,GC,GC,GC+,GC,GC,GC,GC,GC,GC,GC,GC,GC,GC,GC,GC,GC,GC,GC,GC,GC,GC,GC,GC,GC,GC-,GC-,GC-,GC,GC,GC,GC,GC,GC,GC,GC,GC,GC,GC,GC,GC,GC,GC,GC,GC+,GC,GC,GC,GC,GC+,GC-,GC-,GC-,GC-,GC-,GC-,GC-,GC-,GC-,GC-,GC-,GC-,GC-,GC-,GC-,GC-,GC-,GC-,GC-,GC-,GC-,GC-,GC-,GC-,GC-,GC-,GC-,GC-,GC-,GC-,GC-,GC-,GC-,GC-,GC-,GC-,GC-,GC-,GC-,GC-,GC-,GC-,GC-,GC-,GC+,GC,GC,GC,GC,GC,GC,GC,GC,GC,GC,GC,GC,GC,GC,GC,GC,GC,GC,GC,GC,GC,GC,GC,GC,GC,GC,GC,GC,GC,GC,GC,GC,GC,GC,GC,GC,GC,GC,GC,GC,GC,GC,GC,GC,GC,GC,GC,GC,GC,GC,GC,GC,GC,GC+,GC,GC,GC,GC,GC,GC,GC,GC,GC,GC,GC+,GC,GC,GC,GC,GC,GC,GC,GC,GC,GC,GC,GC,GC,GC,GC,GC,GC,GC,GC,GC,GC,GC,GC,GC,GC,GC,GC,GC,GC,GC,GC,GC,GC,GC,GC,GC,GC,GC,GC,GC,GC,GC,GC,GC,GC,GC,GC,GC,GC,GC,GC,GC,GC,GC,GC,GC,GC,GC,GC,GC,GC,GC,GC,GC,GC,GC,GC,GC,GC,GC,GC,GC,GC,GC,GC,GC,GC,GC,GC,GC,GC,GC,GC,GC,GC,GC,GC,GC,GC,GC,GC,GC,GC,GC,GC,GC,GC,GC,GC,GC,GC,GC,GC,GC,GC,GC,GC,GC,GC,GC,GC,GC,GC,GC,GC,GC,GC,GC,GC,GC,GC,GC,GC-,GC,GC,GC,GC,GC,GC,GC,GC,GC,GC-,GC-,GC-,GC-
95,DIETHYL SULPHATE,BA+,BA+,BA,BA,BA,BA,BA,BA,BA,BA,BA,BA,BA,BA,BA,BA,BA,BA,BA,BA,BA,BA,BA,BA,BA,BA,BA,BA,BA,BA,BA,BA,BA,BA,BA,BA,BA,BA,BA,BA,BA,BA-,BA,BA,BA,BA,BA,BA,BA,BA,BA,BA-,BA,BA,BA,BA,BA,BA,BA,BA-,BA-,BA,BA,BA,BA,BA,BA,BA,BA,BA,BA,BA,BA,BA,BA,BA,BA,BA,BA,BA,BA,BA,BA,BA,BA,BA,BA,BA,BA,BA,BA,BA,BA,BA,X,BA,BA,BA,BA,BA,BA,BA,BA,BA,BA,BA,BA,BA,BA,BA,BA,BA,BA,BA,BA,BA,BA,BA,BA,BA+,BA,BA,BA,BA,BA,BA,BA,BA,BA,BA,BA,BA,BA,BA,BA,BA,BA,BA,BA+,BA,BA,BA,BA,BA,BA,BA,BA,BA,BA,BA,BA,BA,BA,BA,BA,BA,BA,BA,BA,BA,BA-,BA-,BA-,BA,BA,BA,BA,BA,BA,BA,BA,BA,BA,BA,BA,BA,BA,BA,BA,BA+,BA,BA,BA,BA,BA+,BA,BA,BA,BA,BA,BA,BA,BA,BA,BA,BA,BA,BA,BA,BA,BA,BA,BA,BA,BA,BA,BA,BA,BA,BA,BA,BA,BA,BA,BA,BA,BA,BA,BA,BA,BA,BA,BA,BA,BA,BA,BA,BA,BA,BA+,BA,BA,BA,BA,BA,BA,BA,BA,BA,BA,BA,BA,BA,BA,BA,BA,BA,BA,BA,BA,BA,BA,BA,BA,BA,BA,BA,BA,BA,BA,BA,BA,BA,BA,BA,BA,BA,BA,BA,BA,BA,BA,BA,BA,BA,BA,BA,BA,BA,BA,BA,BA,BA,BA+,BA,BA,BA,BA,BA,BA,BA,BA,BA,BA,BA+,BA,BA,BA,BA,BA,BA,BA,BA,BA,BA,BA,BA,BA,BA,BA,BA,BA,BA,BA,BA,BA,BA,BA,BA,BA,BA,BA,BA,BA,BA,BA,BA,BA,BA,BA,BA,BA,BA,BA,BA,BA,BA,BA,BA,BA,BA,BA,BA,BA,BA,BA,BA,BA,BA,BA,BA,BA,BA,BA,BA,BA,BA,BA,BA,BA,BA,BA,BA,BA,BA,BA,BA,BA,BA,BA,BA,BA,BA,BA,BA,BA,BA,BA,BA,BA,BA,BA,BA,BA,BA,BA,BA,BA,BA,BA,BA,BA,BA,BA,BA,BA,BA,BA,BA,BA,BA,BA,BA,BA,BA,BA,BA,BA,BA,BA,BA,BA,BA,BA,BA,BA,BA,BA-,BA,BA,BA,BA,BA,BA,BA,BA,BA,BA-,BA,BA,BA
96,DIISOBUTYLAMINE,GC+,GC+,GC,GC,GC,GC,GC,GC,GC,GC,GC,GC,GC,GC,GC,GC,GC,GC,GC,GC,GC,GC,GC,GC,GC,GC,GC,GC,GC,GC,GC,GC,GC,GC,GC,GC,GC,GC,GC,GC,GC,GC-,GC,GC,GC,GC,GC,GC,GC,GC,GC,GC-,GC,GC,GC,GC,GC,GC,GC,GC-,GC-,GC,GC,GC,GC,GC,GC,GC,GC,GC,GC,GC,GC,GC,GC,GC,GC,GC,GC,GC,GC,GC,GC,GC,GC,GC,GC,GC,GC,GC,GC,GC,GC,GC,GC,X,GC,GC,GC,GC,GC,GC,GC,GC,GC,GC,GC,GC,GC,GC,GC,GC,GC,GC,GC,GC,GC,GC,GC,GC+,GC,GC,GC,GC,GC,GC,GC,GC,GC,GC,GC,GC,GC,GC,GC,GC,GC,GC,GC+,GC,GC,GC,GC,GC,GC,GC,GC,GC,GC,GC,GC,GC,GC,GC,GC,GC,GC,GC,GC,GC,GC-,GC-,GC-,GC,GC,GC,GC,GC,GC,GC,GC,GC,GC,GC,GC,GC,GC,GC,GC,GC+,GC,GC,GC,GC,GC+,GC,GC,GC,GC,GC,GC,GC,GC,GC,GC,GC,GC,GC,GC,GC,GC,GC,GC,GC,GC,GC,GC,GC,GC,GC,GC,GC,GC,GC,GC,GC,GC,GC,GC,GC,GC,GC,GC,GC,GC,GC,GC,GC,GC,GC+,GC,GC,GC,GC,GC,GC,GC,GC,GC,GC,GC,GC,GC,GC,GC,GC,GC,GC,GC,GC,GC,GC,GC,GC,GC,GC,GC,GC,GC,GC,GC,GC,GC,GC,GC,GC,GC,GC,GC,GC,GC,GC,GC,GC,GC,GC,GC,GC,GC,GC,GC,GC,GC,GC+,GC,GC,GC,GC,GC,GC,GC,GC,GC,GC,GC+,GC,GC,GC,GC,GC,GC,GC,GC,GC,GC,GC,GC,GC,GC,GC,GC,GC,GC,GC,GC,GC,GC,GC,GC,GC,GC,GC,GC,GC,GC,GC,GC,GC,GC,GC,GC,GC,GC,GC,GC,GC,GC,GC,GC,GC,GC,GC,GC,GC,GC,GC,GC,GC,GC,GC,GC,GC,GC,GC,GC,GC,GC,GC,GC,GC,GC,GC,GC,GC,GC,GC,GC,GC,GC,GC,GC,GC,GC,GC,GC,GC,GC,GC,GC,GC,GC,GC,GC,GC,GC,GC,GC,GC,GC,GC,GC,GC,GC,GC,GC,GC,GC,GC,GC,GC,GC,GC,GC,GC,GC,GC,GC,GC,GC,GC,GC,GC,GC,GC,GC,GC,GC,GC-,GC,GC,GC,GC,GC,GC,GC,GC,GC,GC-,GC,GC,GC
97,DIISOBUTYLENE (MIXED ISOMERS),C+,C+,C,C,C,C,C,C,C,C,C,C,C,C,C,C,C,C,C,C,C,C,C,C,C,C,C,C,C,C,C,C,C,C,C,C,C,C,C,C,C,C-,C,C,C,C,C,C,C,C,C,C-,C,C,C,C,C,C,C,C-,C-,C,C,C,C,C,C,C,C,C,C,C,C,C,C,C,C,C,C,C,C,C,C,C,C,C,C,C,C,C,C,C,C,C,C,C,X,C,C,C,C,C,C,C,C,C,C,C,C,C,C,C,C,C,C,C,C,C,C,C+,C,C,C,C,C,C,C,C,C,C,C,C,C,C,C,C,C,C,C+,C,C,C,C,C,C,C,C,C,C,C,C,C,C,C,C,C,C,C,C,C,C-,C-,C-,C,C,C,C,C,C,C,C,C,C,C,C,C,C,C,C,C+,C,C,C,C,C+,C,C,C,C,C,C,C,C,C,C,C,C,C,C,C,C,C,C,C,C,C,C,C,C,C,C,C,C,C,C,C,C,C,C,C,C,C,C,C,C,C,C,C,C,C+,C,C,C,C,C,C,C,C,C,C,C,C,C,C,C,C,C,C,C,C,C,C,C,C,C,C,C,C,C,C,C,C,C,C,C,C,C,C,C,C,C,C,C,C,C,C,C,C,C,C,C,C,C,C+,C,C,C,C,C,C,C,C,C,C,C+,C,C,C,C,C,C,C,C,C,C,C,C,C,C,C,C,C,C,C,C,C,C,C,C,C,C,C,C,C,C,C,C,C,C,C,C,C,C,C,C,C,C,C,C,C,C,C,C,C,C,C,C,C,C,C,C,C,C,C,C,C,C,C,C,C,C,C,C,C,C,C,C,C,C,C,C,C,C,C,C,C,C,C,C,C,C,C,C,C,C,C,C,C,C,C,C,C,C,C,C,C,C,C,C,C,C,C,C,C,C,C,C,C,C,C,C,C,C,C,C,C,C,C-,C,C,C,C,C,C,C,C,C,C-,C,C,C
98,DIISOBUTYL KETONE,D+,D+,D,D,D,D,D,D,D,D,D,D,D,D,D,D,D,D,D,D,D,D,D,D,D,D,D,D,D,D,D,D,D,D,D,D,D,D,D,D,D,D-,D,D,D,D,D,D,D,D,D,D-,D,D,D,D,D,D,D,D-,D-,D,D,D,D,D,D,D,D,D,D,D,D,D,D,D,D,D,D,D,D,D,D,D,D,D,D,D,D,D,D,D,D,D,D,D,D,X,D,D,D,D,D,D,D,D,D,D,D,D,D,D,D,D,D,D,D,D,D,D+,D,D,D,D,D,D,D,D,D,D,D,D,D,D,D,D,D,D,D+,D,D,D,D,D,D,D,D,D,D,D,D,D,D,D,D,D,D,D,D,D,D-,D-,D-,D,D,D,D,D,D,D,D,D,D,D,D,D,D,D,D,D+,D,D,D,D,D+,D,D,D,D,D,D,D,D,D,D,D,D,D,D,D,D,D,D,D,D,D,D,D,D,D,D,D,D,D,D,D,D,D,D,D,D,D,D,D,D,D,D,D,D,D+,D,D,D,D,D,D,D,D,D,D,D,D,D,D,D,D,D,D,D,D,D,D,D,D,D,D,D,D,D,D,D,D,D,D,D,D,D,D,D,D,D,D,D,D,D,D,D,D,D,D,D,D,D,D+,D,D,D,D,D,D,D,D,D,D,D+,D,D,D,D,D,D,D,D,D,D,D,D,D,D,D,D,D,D,D,D,D,D,D,D,D,D,D,D,D,D,D,D,D,D,D,D,D,D,D,D,D,D,D,D,D,D,D,D,D,D,D,D,D,D,D,D,D,D,D,D,D,D,D,D,D,D,D,D,D,D,D,D,D,D,D,D,D,D,D,D,D,D,D,D,D,D,D,D,D,D,D,D,D,D,D,D,D,D,D,D,D,D,D,D,D,D,D,D,D,D,D,D,D,D,D,D,D,D,D,D,D,D,D-,D,D,D,D,D,D,D,D,D,D-,D,D,D
99,DIISOPROPANOLAMINE,GB+,GB+,GB,GB,GB,GB,GB,GB,GB,GB,GB,GB,GB,GB,GB,GB,GB,GB,GB,GB,GB,GB,GB,GB,GB,GB,GB,GB,GB,GB,GB,GB,GB,GB,GB,GB,GB,GB,GB,GB,GB,GB-,GB,GB,GB,GB,GB,GB,GB,GB,GB,GB-,GB,GB,GB,GB,GB,GB,GB,GB-,GB-,GB,GB,GB,GB,GB,GB,GB,GB,GB,GB,GB,GB,GB,GB,GB,GB,GB,GB,GB,GB,GB,GB,GB,GB,GB,GB,GB,GB,GB,GB,GB,GB,GB,GB,GB,GB,GB,X,GB,GB,GB,GB,GB,GB,GB,GB,GB,GB,GB,GB,GB,GB,GB,GB,GB,GB,GB,GB,GB+,GB,GB,GB,GB,GB,GB,GB,GB,GB,GB,GB,GB,GB,GB,GB,GB,GB,GB,GB+,GB,GB,GB,GB,GB,GB,GB,GB,GB,GB,GB,GB,GB,GB,GB,GB,GB,GB,GB,GB,GB,GB-,GB-,GB-,GB,GB,GB,GB,GB,GB,GB,GB,GB,GB,GB,GB,GB,GB,GB,GB,GB+,GB,GB,GB,GB,GB+,GB,GB,GB,GB,GB,GB,GB,GB,GB,GB,GB,GB,GB,GB,GB,GB,GB,GB,GB,GB,GB,GB,GB,GB,GB,GB,GB,GB,GB,GB,GB,GB,GB,GB,GB,GB,GB,GB,GB,GB,GB,GB,GB,GB,GB+,GB,GB,GB,GB,GB,GB,GB,GB,GB,GB,GB,GB,GB,GB,GB,GB,GB,GB,GB,GB,GB,GB,GB,GB,GB,GB,GB,GB,GB,GB,GB,GB,GB,GB,GB,GB,GB,GB,GB,GB,GB,GB,GB,GB,GB,GB,GB,GB,GB,GB,GB,GB,GB,GB+,GB,GB,GB,GB,GB,GB,GB,GB,GB,GB,GB+,GB,GB,GB,GB,GB,GB,GB,GB,GB,GB,GB,GB,GB,GB,GB,GB,GB,GB,GB,GB,GB,GB,GB,GB,GB,GB,GB,GB,GB,GB,GB,GB,GB,GB,GB,GB,GB,GB,GB,GB,GB,GB,GB,GB,GB,GB,GB,GB,GB,GB,GB,GB,GB,GB,GB,GB,GB,GB,GB,GB,GB,GB,GB,GB,GB,GB,GB,GB,GB,GB,GB,GB,GB,GB,GB,GB,GB,GB,GB,GB,GB,GB,GB,GB,GB,GB,GB,GB,GB,GB,GB,GB,GB,GB,GB,GB,GB,GB,GB,GB,GB,GB,GB,GB,GB,GB,GB,GB,GB,GB,GB,GB,GB,GB,GB,GB,GB,GB,GB,GB,GB,GB,GB-,GB,GB,GB,GB,GB,GB,GB,GB,GB,GB-,GB,GB,GB
100,DIISOPROPYLAMINE,G+,G+,G,G,G,G,G,G,G,G,G,G,G,G,G,G,G,G,G,G,G,G,G,G,G,G,G,G,G,G,G,G,G,G,G,G,G,G,G,G,G,G-,G,G,G,G,G,G,G,G,G,G-,G,G,G,G,G,G,G,G-,G-,G,G,G,G,G,G,G,G,G,G,G,G,G,G,G,G,G,G,G,G,G,G,G,G,G,G,G,G,G,G,G,G,G,G,G,G,G,G,X,G,G,G,G,G,G,G,G,G,G,G,G,G,G,G,G,G,G,G,G+,G,G,G,G,G,G,G,G,G,G,G,G,G,G,G,G,G,G,G+,G,G,G,G,G,G,G,G,G,G,G,G,G,G,G,G,G,G,G,G,G,G-,G-,G-,G,G,G,G,G,G,G,G,G,G,G,G,G,G,G,G,G+,G,G,G,G,G+,G,G,G,G,G,G,G,G,G,G,G,G,G,G,G,G,G,G,G,G,G,G,G,G,G,G,G,G,G,G,G,G,G,G,G,G,G,G,G,G,G,G,G,G,G+,G,G,G,G,G,G,G,G,G,G,G,G,G,G,G,G,G,G,G,G,G,G,G,G,G,G,G,G,G,G,G,G,G,G,G,G,G,G,G,G,G,G,G,G,G,G,G,G,G,G,G,G,G,G+,G,G,G,G,G,G,G,G,G,G,G+,G,G,G,G,G,G,G,G,G,G,G,G,G,G,G,G,G,G,G,G,G,G,G,G,G,G,G,G,G,G,G,G,G,G,G,G,G,G,G,G,G,G,G,G,G,G,G,G,G,G,G,G,G,G,G,G,G,G,G,G,G,G,G,G,G,G,G,G,G,G,G,G,G,G,G,G,G,G,G,G,G,G,G,G,G,G,G,G,G,G,G,G,G,G,G,G,G,G,G,G,G,G,G,G,G,G,G,G,G,G,G,G,G,G,G,G,G,G,G,G,G,G,G-,G,G,G,G,G,G,G,G,G,G-,G,G,G
101,DIMETHYLACETAMIDE,C+,C+,C,C,C,C,C,C,C,C,C,C,C,C,C,C,C,C,C,C,C,C,C,C,C,C,C,C,C,C,C,C,C,C,C,C,C,C,C,C,C,C-,C,C,C,C,C,C,C,C,C,C-,C,C,C,C,C,C,C,C-,C-,C,C,C,C,C,C,C,C,C,C,C,C,C,C,C,C,C,C,C,C,C,C,C,C,C,C,C,C,C,C,C,C,C,C,C,C,C,C,C,X,C,C,C,C,C,C,C,C,C,C,C,C,C,C,C,C,C,C,C+,C,C,C,C,C,C,C,C,C,C,C,C,C,C,C,C,C,C,C+,C,C,C,C,C,C,C,C,C,C,C,C,C,C,C,C,C,C,C,C,C,C-,C-,C-,C,C,C,C,C,C,C,C,C,C,C,C,C,C,C,C,C+,C,C,C,C,C+,C,C,C,C,C,C,C,C,C,C,C,C,C,C,C,C,C,C,C,C,C,C,C,C,C,C,C,C,C,C,C,C,C,C,C,C,C,C,C,C,C,C,C,C,C+,C,C,C,C,C,C,C,C,C,C,C,C,C,C,C,C,C,C,C,C,C,C,C,C,C,C,C,C,C,C,C,C,C,C,C,C,C,C,C,C,C,C,C,C,C,C,C,C,C,C,C,C,C,C+,C,C,C,C,C,C,C,C,C,C,C+,C,C,C,C,C,C,C,C,C,C,C,C,C,C,C,C,C,C,C,C,C,C,C,C,C,C,C,C,C,C,C,C,C,C,C,C,C,C,C,C,C,C,C,C,C,C,C,C,C,C,C,C,C,C,C,C,C,C,C,C,C,C,C,C,C,C,C,C,C,C,C,C,C,C,C,C,C,C,C,C,C,C,C,C,C,C,C,C,C,C,C,C,C,C,C,C,C,C,C,C,C,C,C,C,C,C,C,C,C,C,C,C,C,C,C,C,C,C,C,C,C,C,C-,C,C,C,C,C,C,C,C,C,C-,C,C,C
102,DIMETHYLAMINE SOLUTION 60%,G+,G+,G,G,G,G,G,G,G,G,G,G,G,G,G,G,G,G,G,G,G,G,G,G,G,G,G,G,G,G,G,G,G,G,G,G,G,G,G,G,G,G-,G,G,G,G,G,G,G,G,G,G-,G,G,G,G,G,G,G,G-,G-,G,G,G,G,G,G,G,G,G,G,G,G,G,G,G,G,G,G,G,G,G,G,G,G,G,G,G,G,G,G,G,G,G,G,G,G,G,G,G,G,X,G,G,G,G,G,G,G,G,G,G,G,G,G,G,G,G,G,G+,G,G,G,G,G,G,G,G,G,G,G,G,G,G,G,G,G,G,G+,G,G,G,G,G,G,G,G,G,G,G,G,G,G,G,G,G,G,G,G,G,G-,G-,G-,G,G,G,G,G,G,G,G,G,G,G,G,G,G,G,G,G+,G,G,G,G,G+,G,G,G,G,G,G,G,G,G,G,G,G,G,G,G,G,G,G,G,G,G,G,G,G,G,G,G,G,G,G,G,G,G,G,G,G,G,G,G,G,G,G,G,G,G+,G,G,G,G,G,G,G,G,G,G,G,G,G,G,G,G,G,G,G,G,G,G,G,G,G,G,G,G,G,G,G,G,G,G,G,G,G,G,G,G,G,G,G,G,G,G,G,G,G,G,G,G,G,G+,G,G,G,G,G,G,G,G,G,G,G+,G,G,G,G,G,G,G,G,G,G,G,G,G,G,G,G,G,G,G,G,G,G,G,G,G,G,G,G,G,G,G,G,G,G,G,G,G,G,G,G,G,G,G,G,G,G,G,G,G,G,G,G,G,G,G,G,G,G,G,G,G,G,G,G,G,G,G,G,G,G,G,G,G,G,G,G,G,G,G,G,G,G,G,G,G,G,G,G,G,G,G,G,G,G,G,G,G,G,G,G,G,G,G,G,G,G,G,G,G,G,G,G,G,G,G,G,G,G,G,G,G,G,G-,G,G,G,G,G,G,G,G,G,G-,G,G,G
103,DIMETHYLAMINE SOLUTION (>45% TO 55%),G+,G+,G,G,G,G,G,G,G,G,G,G,G,G,G,G,G,G,G,G,G,G,G,G,G,G,G,G,G,G,G,G,G,G,G,G,G,G,G,G,G,G-,G,G,G,G,G,G,G,G,G,G-,G,G,G,G,G,G,G,G-,G-,G,G,G,G,G,G,G,G,G,G,G,G,G,G,G,G,G,G,G,G,G,G,G,G,G,G,G,G,G,G,G,G,G,G,G,G,G,G,G,G,G,X,G,G,G,G,G,G,G,G,G,G,G,G,G,G,G,G,G+,G,G,G,G,G,G,G,G,G,G,G,G,G,G,G,G,G,G,G+,G,G,G,G,G,G,G,G,G,G,G,G,G,G,G,G,G,G,G,G,G,G-,G-,G-,G,G,G,G,G,G,G,G,G,G,G,G,G,G,G,G,G+,G,G,G,G,G+,G,G,G,G,G,G,G,G,G,G,G,G,G,G,G,G,G,G,G,G,G,G,G,G,G,G,G,G,G,G,G,G,G,G,G,G,G,G,G,G,G,G,G,G,G+,G,G,G,G,G,G,G,G,G,G,G,G,G,G,G,G,G,G,G,G,G,G,G,G,G,G,G,G,G,G,G,G,G,G,G,G,G,G,G,G,G,G,G,G,G,G,G,G,G,G,G,G,G,G+,G,G,G,G,G,G,G,G,G,G,G+,G,G,G,G,G,G,G,G,G,G,G,G,G,G,G,G,G,G,G,G,G,G,G,G,G,G,G,G,G,G,G,G,G,G,G,G,G,G,G,G,G,G,G,G,G,G,G,G,G,G,G,G,G,G,G,G,G,G,G,G,G,G,G,G,G,G,G,G,G,G,G,G,G,G,G,G,G,G,G,G,G,G,G,G,G,G,G,G,G,G,G,G,G,G,G,G,G,G,G,G,G,G,G,G,G,G,G,G,G,G,G,G,G,G,G,G,G,G,G,G,G,G,G-,G,G,G,G,G,G,G,G,G,G-,G,G,G
104,DIMETHYLAMINE SOLUTION (45% OR LESS),G+,G+,G,G,G,G,G,G,G,G,G,G,G,G,G,G,G,G,G,G,G,G,G,G,G,G,G,G,G,G,G,G,G,G,G,G,G,G,G,G,G,G-,G,G,G,G,G,G,G,G,G,G-,G,G,G,G,G,G,G,G-,G-,G,G,G,G,G,G,G,G,G,G,G,G,G,G,G,G,G,G,G,G,G,G,G,G,G,G,G,G,G,G,G,G,G,G,G,G,G,G,G,G,G,G,X,G,G,G,G,G,G,G,G,G,G,G,G,G,G,G,G+,G,G,G,G,G,G,G,G,G,G,G,G,G,G,G,G,G,G,G+,G,G,G,G,G,G,G,G,G,G,G,G,G,G,G,G,G,G,G,G,G,G-,G-,G-,G,G,G,G,G,G,G,G,G,G,G,G,G,G,G,G,G+,G,G,G,G,G+,G,G,G,G,G,G,G,G,G,G,G,G,G,G,G,G,G,G,G,G,G,G,G,G,G,G,G,G,G,G,G,G,G,G,G,G,G,G,G,G,G,G,G,G,G+,G,G,G,G,G,G,G,G,G,G,G,G,G,G,G,G,G,G,G,G,G,G,G,G,G,G,G,G,G,G,G,G,G,G,G,G,G,G,G,G,G,G,G,G,G,G,G,G,G,G,G,G,G,G+,G,G,G,G,G,G,G,G,G,G,G+,G,G,G,G,G,G,G,G,G,G,G,G,G,G,G,G,G,G,G,G,G,G,G,G,G,G,G,G,G,G,G,G,G,G,G,G,G,G,G,G,G,G,G,G,G,G,G,G,G,G,G,G,G,G,G,G,G,G,G,G,G,G,G,G,G,G,G,G,G,G,G,G,G,G,G,G,G,G,G,G,G,G,G,G,G,G,G,G,G,G,G,G,G,G,G,G,G,G,G,G,G,G,G,G,G,G,G,G,G,G,G,G,G,G,G,G,G,G,G,G,G,G,G-,G,G,G,G,G,G,G,G,G,G-,G,G,G
105,DIMETHYLAMINOETHANOL,GC+,GC+,GC,GC,GC,GC,GC,GC,GC,GC,GC,GC,GC,GC,GC,GC,GC,GC,GC,GC,GC,GC,GC,GC,GC,GC,GC,GC,GC,GC,GC,GC,GC,GC,GC,GC,GC,GC,GC,GC,GC,GC-,GC,GC,GC,GC,GC,GC,GC,GC,GC,GC-,GC,GC,GC,GC,GC,GC,GC,GC-,GC-,GC,GC,GC,GC,GC,GC,GC,GC,GC,GC,GC,GC,GC,GC,GC,GC,GC,GC,GC,GC,GC,GC,GC,GC,GC,GC,GC,GC,GC,GC,GC,GC,GC,GC,GC,GC,GC,GC,GC,GC,GC,GC,GC,X,GC,GC,GC,GC,GC,GC,GC,GC,GC,GC,GC,GC,GC,GC,GC+,GC,GC,GC,GC,GC,GC,GC,GC,GC,GC,GC,GC,GC,GC,GC,GC,GC,GC,GC+,GC,GC,GC,GC,GC,GC,GC,GC,GC,GC,GC,GC,GC,GC,GC,GC,GC,GC,GC,GC,GC,GC-,GC-,GC-,GC,GC,GC,GC,GC,GC,GC,GC,GC,GC,GC,GC,GC,GC,GC,GC,GC+,GC,GC,GC,GC,GC+,GC,GC,GC,GC,GC,GC,GC,GC,GC,GC,GC,GC,GC,GC,GC,GC,GC,GC,GC,GC,GC,GC,GC,GC,GC,GC,GC,GC,GC,GC,GC,GC,GC,GC,GC,GC,GC,GC,GC,GC,GC,GC,GC,GC,GC+,GC,GC,GC,GC,GC,GC,GC,GC,GC,GC,GC,GC,GC,GC,GC,GC,GC,GC,GC,GC,GC,GC,GC,GC,GC,GC,GC,GC,GC,GC,GC,GC,GC,GC,GC,GC,GC,GC,GC,GC,GC,GC,GC,GC,GC,GC,GC,GC,GC,GC,GC,GC,GC,GC+,GC,GC,GC,GC,GC,GC,GC,GC,GC,GC,GC+,GC,GC,GC,GC,GC,GC,GC,GC,GC,GC,GC,GC,GC,GC,GC,GC,GC,GC,GC,GC,GC,GC,GC,GC,GC,GC,GC,GC,GC,GC,GC,GC,GC,GC,GC,GC,GC,GC,GC,GC,GC,GC,GC,GC,GC,GC,GC,GC,GC,GC,GC,GC,GC,GC,GC,GC,GC,GC,GC,GC,GC,GC,GC,GC,GC,GC,GC,GC,GC,GC,GC,GC,GC,GC,GC,GC,GC,GC,GC,GC,GC,GC,GC,GC,GC,GC,GC,GC,GC,GC,GC,GC,GC,GC,GC,GC,GC,GC,GC,GC,GC,GC,GC,GC,GC,GC,GC,GC,GC,GC,GC,GC,GC,GC,GC,GC,GC,GC,GC,GC,GC,GC,GC-,GC,GC,GC,GC,GC,GC,GC,GC,GC,GC-,GC,GC,GC
106,DIMETHYLFORMAMIDE,BA+,BA+,BA,BA,BA,BA,BA,BA,BA,BA,BA,BA,BA,BA,BA,BA,BA,BA,BA,BA,BA,BA,BA,BA,BA,BA,BA,BA,BA,BA,BA,BA,BA,BA,BA,BA,BA,BA,BA,BA,BA,BA-,BA,BA,BA,BA,BA,BA,BA,BA,BA,BA-,BA,BA,BA,BA,BA,BA,BA,BA-,BA-,BA,BA,BA,BA,BA,BA,BA,BA,BA,BA,BA,BA,BA,BA,BA,BA,BA,BA,BA,BA,BA,BA,BA,BA,BA,BA,BA,BA,BA,BA,BA,BA,BA,BA,BA,BA,BA,BA,BA,BA,BA,BA,BA,BA,X,BA,BA,BA,BA,BA,BA,BA,BA,BA,BA,BA,BA,BA,BA+,BA,BA,BA,BA,BA,BA,BA,BA,BA,BA,BA,BA,BA,BA,BA,BA,BA,BA,BA+,BA,BA,BA,BA,BA,BA,BA,BA,BA,BA,BA,BA,BA,BA,BA,BA,BA,BA,BA,BA,BA,BA-,BA-,BA-,BA,BA,BA,BA,BA,BA,BA,BA,BA,BA,BA,BA,BA,BA,BA,BA,BA+,BA,BA,BA,BA,BA+,BA,BA,BA,BA,BA,BA,BA,BA,BA,BA,BA,BA,BA,BA,BA,BA,BA,BA,BA,BA,BA,BA,BA,BA,BA,BA,BA,BA,BA,BA,BA,BA,BA,BA,BA,BA,BA,BA,BA,BA,BA,BA,BA,BA,BA+,BA,BA,BA,BA,BA,BA,BA,BA,BA,BA,BA,BA,BA,BA,BA,BA,BA,BA,BA,BA,BA,BA,BA,BA,BA,BA,BA,BA,BA,BA,BA,BA,BA,BA,BA,BA,BA,BA,BA,BA,BA,BA,BA,BA,BA,BA,BA,BA,BA,BA,BA,BA,BA,BA+,BA,BA,BA,BA,BA,BA,BA,BA,BA,BA,BA+,BA,BA,BA,BA,BA,BA,BA,BA,BA,BA,BA,BA,BA,BA,BA,BA,BA,BA,BA,BA,BA,BA,BA,BA,BA,BA,BA,BA,BA,BA,BA,BA,BA,BA,BA,BA,BA,BA,BA,BA,BA,BA,BA,BA,BA,BA,BA,BA,BA,BA,BA,BA,BA,BA,BA,BA,BA,BA,BA,BA,BA,BA,BA,BA,BA,BA,BA,BA,BA,BA,BA,BA,BA,BA,BA,BA,BA,BA,BA,BA,BA,BA,BA,BA,BA,BA,BA,BA,BA,BA,BA,BA,BA,BA,BA,BA,BA,BA,BA,BA,BA,BA,BA,BA,BA,BA,BA,BA,BA,BA,BA,BA,BA,BA,BA,BA,BA,BA,BA,BA,BA,BA,BA-,BA,BA,BA,BA,BA,BA,BA,BA,BA,BA-,BA,BA,BA
107,DIMETHYLGLUTARATE,BC+,BC+,BC,BC,BC,BC,BC,BC,BC,BC,BC,BC,BC,BC,BC,BC,BC,BC,BC,BC,BC,BC,BC,BC,BC,BC,BC,BC,BC,BC,BC,BC,BC,BC,BC,BC,BC,BC,BC,BC,BC,BC-,BC,BC,BC,BC,BC,BC,BC,BC,BC,BC-,BC,BC,BC,BC,BC,BC,BC,BC-,BC-,BC,BC,BC,BC,BC,BC,BC,BC,BC,BC,BC,BC,BC,BC,BC,BC,BC,BC,BC,BC,BC,BC,BC,BC,BC,BC,BC,BC,BC,BC,BC,BC,BC,BC,BC,BC,BC,BC,BC,BC,BC,BC,BC,BC,BC,X,BC,BC,BC,BC,BC,BC,BC,BC,BC,BC,BC,BC,BC+,BC,BC,BC,BC,BC,BC,BC,BC,BC,BC,BC,BC,BC,BC,BC,BC,BC,BC,BC+,BC,BC,BC,BC,BC,BC,BC,BC,BC,BC,BC,BC,BC,BC,BC,BC,BC,BC,BC,BC,BC,BC-,BC-,BC-,BC,BC,BC,BC,BC,BC,BC,BC,BC,BC,BC,BC,BC,BC,BC,BC,BC+,BC,BC,BC,BC,BC+,BC,BC,BC,BC,BC,BC,BC,BC,BC,BC,BC,BC,BC,BC,BC,BC,BC,BC,BC,BC,BC,BC,BC,BC,BC,BC,BC,BC,BC,BC,BC,BC,BC,BC,BC,BC,BC,BC,BC,BC,BC,BC,BC,BC,BC+,BC,BC,BC,BC,BC,BC,BC,BC,BC,BC,BC,BC,BC,BC,BC,BC,BC,BC,BC,BC,BC,BC,BC,BC,BC,BC,BC,BC,BC,BC,BC,BC,BC,BC,BC,BC,BC,BC,BC,BC,BC,BC,BC,BC,BC,BC,BC,BC,BC,BC,BC,BC,BC,BC+,BC,BC,BC,BC,BC,BC,BC,BC,BC,BC,BC+,BC,BC,BC,BC,BC,BC,BC,BC,BC,BC,BC,BC,BC,BC,BC,BC,BC,BC,BC,BC,BC,BC,BC,BC,BC,BC,BC,BC,BC,BC,BC,BC,BC,BC,BC,BC,BC,BC,BC,BC,BC,BC,BC,BC,BC,BC,BC,BC,BC,BC,BC,BC,BC,BC,BC,BC,BC,BC,BC,BC,BC,BC,BC,BC,BC,BC,BC,BC,BC,BC,BC,BC,BC,BC,BC,BC,BC,BC,BC,BC,BC,BC,BC,BC,BC,BC,BC,BC,BC,BC,BC,BC,BC,BC,BC,BC,BC,BC,BC,BC,BC,BC,BC,BC,BC,BC,BC,BC,BC,BC,BC,BC,BC,BC,BC,BC,BC,BC,BC,BC,BC,BC,BC-,BC,BC,BC,BC,BC,BC,BC,BC,BC,BC-,BC,BC,BC
108,"2,2-DIMETHYLOCTANOIC ACID",D+,D+,D,D,D,D,D,D,D,D,D,D,D,D,D,D,D,D,D,D,D,D,D,D,D,D,D,D,D,D,D,D,D,D,D,D,D,D,D,D,D,D-,D,D,D,D,D,D,D,D,D,D-,D,D,D,D,D,D,D,D-,D-,D,D,D,D,D,D,D,D,D,D,D,D,D,D,D,D,D,D,D,D,D,D,D,D,D,D,D,D,D,D,D,D,D,D,D,D,D,D,D,D,D,D,D,D,D,D,X,D,D,D,D,D,D,D,D,D,D,D,D+,D,D,D,D,D,D,D,D,D,D,D,D,D,D,D,D,D,D,D+,D,D,D,D,D,D,D,D,D,D,D,D,D,D,D,D,D,D,D,D,D,D-,D-,D-,D,D,D,D,D,D,D,D,D,D,D,D,D,D,D,D,D+,D,D,D,D,D+,D,D,D,D,D,D,D,D,D,D,D,D,D,D,D,D,D,D,D,D,D,D,D,D,D,D,D,D,D,D,D,D,D,D,D,D,D,D,D,D,D,D,D,D,D+,D,D,D,D,D,D,D,D,D,D,D,D,D,D,D,D,D,D,D,D,D,D,D,D,D,D,D,D,D,D,D,D,D,D,D,D,D,D,D,D,D,D,D,D,D,D,D,D,D,D,D,D,D,D+,D,D,D,D,D,D,D,D,D,D,D+,D,D,D,D,D,D,D,D,D,D,D,D,D,D,D,D,D,D,D,D,D,D,D,D,D,D,D,D,D,D,D,D,D,D,D,D,D,D,D,D,D,D,D,D,D,D,D,D,D,D,D,D,D,D,D,D,D,D,D,D,D,D,D,D,D,D,D,D,D,D,D,D,D,D,D,D,D,D,D,D,D,D,D,D,D,D,D,D,D,D,D,D,D,D,D,D,D,D,D,D,D,D,D,D,D,D,D,D,D,D,D,D,D,D,D,D,D,D,D,D,D,D,D-,D,D,D,D,D,D,D,D,D,D-,D,D,D
109,DIMETHYLPOLYSILOXANE,IB+,IB+,IB,IB,IB,IB,IB,IB,IB,IB,IB,IB,IB,IB,IB,IB,IB,IB,IB,IB,IB,IB,IB,IB,IB,IB,IB,IB,IB,IB,IB,IB,IB,IB,IB,IB,IB,IB,IB,IB,IB,DD-,IB,IB,IB,IB,IB,IB,IB,IB,IB,DD-,IB,IB,IB,IB,DD,IB,IB,DD-,DD-,IB,DD,IB,IB,IB,IB,IB,IB,IB,IB,IB,IB,IB,IB,IB,IB,IB,IB,IB,IB,IB,IB,IB,IB,IB,IB,IB,IB,IB,IB,IB,IB,IB,IB,IB,IB,IB,IB,IB,IB,IB,IB,IB,IB,IB,IB,IB,X,IB,IB,IB,IB,IB,IB,IB,IB,IB,IB,IB+,IB,IB,IB,IB,IB,IB,IB,IB,IB,IB,IB,IB,IB,IB,IB,IB,IB,IB,IB+,IB,IB,IB,IB,IB,IB,IB,IB,IB,IB,IB,IB,IB,IB,IB,IB,IB,IB,IB,IB,IB,DD-,DD-,DD-,IB,IB,IB,IB,IB,IB,IB,IB,IB,IB,IB,IB,IB,IB,IB,IB,IB+,IB,IB,IB,IB,IB+,IB,IB,IB,IB,IB,IB,IB,IB,IB,IB,IB,IB,IB,IB,IB,IB,IB,IB,IB,IB,IB,IB,IB,IB,IB,IB,IB,IB,IB,IB,IB,IB,IB,DD,IB,IB,IB,IB,IB,IB,IB,IB,IB,IB,IB+,IB,IB,IB,IB,IB,IB,IB,IB,IB,IB,IB,IB,IB,IB,IB,IB,IB,IB,IB,IB,IB,IB,IB,IB,IB,IB,IB,IB,IB,IB,IB,IB,IB,IB,IB,IB,IB,IB,IB,IB,IB,IB,IB,IB,IB,IB,IB,IB,IB,IB,IB,IB,IB,IB+,IB,IB,IB,IB,IB,IB,IB,IB,IB,IB,IB+,IB,IB,IB,IB,IB,IB,IB,IB,IB,IB,IB,IB,IB,IB,IB,IB,IB,IB,IB,IB,IB,IB,IB,IB,IB,IB,IB,IB,IB,IB,IB,IB,IB,IB,IB,IB,IB,IB,IB,IB,IB,IB,IB,IB,IB,IB,IB,IB,IB,IB,IB,IB,IB,IB,IB,IB,IB,IB,IB,IB,IB,DD,IB,IB,IB,IB,IB,IB,IB,IB,IB,IB,IB,IB,IB,IB,IB,IB,IB,IB,IB,IB,IB,IB,IB,IB,IB,IB,IB,IB,IB,IB,IB,IB,IB,IB,IB,IB,IB,IB,IB,IB,IB,IB,IB,IB,IB,IB,IB,IB,IB,IB,IB,IB,IB,DD,IB,IB,IB,IB,IB,IB,DD-,IB,IB,IB,IB,DD,IB,IB,IB,IB,DD-,IB,IB,IB
110,DINITROTOLUENES,DG+,DG+,DG,DG,DG,DG,DG,DG,DG,DG,DG,DG,DG,DG,DG,DG,DG,DG,DG,DE,DG,DG,DG,DG,DG,DG,DG,DG,DE,DE,DE,DE,DG,DG,DG,DG,DG,DG,DG,DG,DG,DE-,DG,DG,DG,DG,DG,DG,DG,DG,DG,DE-,DG,DG,DG,DG,DE,DG,DG,DE-,DE-,DG,DE,DG,DG,DG,DG,DG,DG,DG,DG,DG,DG,DG,DG,DG,DG,DG,DG,DG,DE,DG,DG,DG,DG,DG,DG,DG,DG,DG,DG,DG,DG,DG,DG,DG,DG,DG,DG,DG,DG,DG,DG,DG,DG,DG,DG,DG,DG,X,DG,DG,DG,DG,DG,DG,DG,DG,DG,DG+,DG,DG,DG,DG,DG,DG,DG,DG,DG,DG,DG,DG,DG,DG,DG,DG,DG,DG,DG+,DG,DG,DG,DG,DG,DG,DG,DG,DG,DG,DG,DG,DG,DE,DG,DG,DG,DG,DG,DG,DG,DE-,DE-,DE-,DG,DG,DE,DE,DE,DE,DE,DE,DG,DG,DG,DG,DG,DG,DG,DG,DG+,DG,DG,DG,DG,DG+,DG,DG,DE,DG,DE,DG,DG,DG,DG,DG,DG,DE,DG,DG,DG,DG,DG,DG,DG,DG,DG,DG,DG,DG,DG,DE,DE,DG,DG,DG,DG,DG,DG,DE,DG,DG,DG,DG,DG,DG,DG,DG,DG,DG,DG+,DG,DG,DG,DG,DG,DG,DG,DG,DG,DG,DG,DG,DG,DG,DG,DG,DG,DG,DG,DG,DG,DG,DG,DG,DG,DG,DE,DG,DG,DG,DE,DE,DG,DG,DG,DG,DG,DG,DG,DG,DG,DG,DG,DG,DG,DG,DG,DG,DG,DG,DG,DG,DG,DG+,DG,DG,DG,DG,DG,DG,DG,DG,DG,DG,DG+,DG,DG,DG,DG,DG,DG,DG,DG,DG,DG,DG,DE,DG,DG,DG,DG,DG,DG,DG,DG,DG,DG,DG,DG,DG,DG,DG,DG,DG,DG,DG,DG,DG,DG,DG,DG,DG,DG,DG,DG,DG,DG,DG,DG,DG,DG,DG,DG,DG,DG,DG,DG,DG,DG,DG,DE,DG,DG,DG,DE,DG,DE,DG,DG,DE,DE,DG,DE,DG,DG,DG,DG,DG,DG,DG,DG,DG,DG,DG,DG,DE,DE,DG,DG,DG,DG,DG,DG,DG,DG,DG,DG,DG,DG,DG,DG,DG,DG,DG,DG,DG,DG,DG,DG,DG,DG,DG,DG,DG,DG,DG,DG,DG,DG,DE,DE,DG,DG,DG,DG,DG,DE,DE-,DG,DG,DG,DE,DE,DG,DG,DG,DG,DE-,DG,DG,DG
111,DI-N-PROPYLAMINE,G+,G+,G,G,G,G,G,G,G,G,G,G,G,G,G,G,G,G,G,G,G,G,G,G,G,G,G,G,G,G,G,G,G,G,G,G,G,G,G,G,G,G-,G,G,G,G,G,G,G,G,G,G-,G,G,G,G,G,G,G,G-,G-,G,G,G,G,G,G,G,G,G,G,G,G,G,G,G,G,G,G,G,G,G,G,G,G,G,G,G,G,G,G,G,G,G,G,G,G,G,G,G,G,G,G,G,G,G,G,G,G,G,X,G,G,G,G,G,G,G,G,G+,G,G,G,G,G,G,G,G,G,G,G,G,G,G,G,G,G,G,G+,G,G,G,G,G,G,G,G,G,G,G,G,G,G,G,G,G,G,G,G,G,G-,G-,G-,G,G,G,G,G,G,G,G,G,G,G,G,G,G,G,G,G+,G,G,G,G,G+,G,G,G,G,G,G,G,G,G,G,G,G,G,G,G,G,G,G,G,G,G,G,G,G,G,G,G,G,G,G,G,G,G,G,G,G,G,G,G,G,G,G,G,G,G+,G,G,G,G,G,G,G,G,G,G,G,G,G,G,G,G,G,G,G,G,G,G,G,G,G,G,G,G,G,G,G,G,G,G,G,G,G,G,G,G,G,G,G,G,G,G,G,G,G,G,G,G,G,G+,G,G,G,G,G,G,G,G,G,G,G+,G,G,G,G,G,G,G,G,G,G,G,G,G,G,G,G,G,G,G,G,G,G,G,G,G,G,G,G,G,G,G,G,G,G,G,G,G,G,G,G,G,G,G,G,G,G,G,G,G,G,G,G,G,G,G,G,G,G,G,G,G,G,G,G,G,G,G,G,G,G,G,G,G,G,G,G,G,G,G,G,G,G,G,G,G,G,G,G,G,G,G,G,G,G,G,G,G,G,G,G,G,G,G,G,G,G,G,G,G,G,G,G,G,G,G,G,G,G,G,G,G,G,G-,G,G,G,G,G,G,G,G,G,G-,G,G,G
112,"1,4-DIOXANE",BC+,BC+,BC,BC,BC,BC,BC,BC,BC,BC,BC,BC,BC,BC,BC,BC,BC,BC,BC,BC,BC,BC,BC,BC,BC,BC,BC,BC,BC,BC,BC,BC,BC,BC,BC,BC,BC,BC,BC,BC,BC,BC-,BC,BC,BC,BC,BC,BC,BC,BC,BC,BC-,BC,BC,BC,BC,BC,BC,BC,BC-,BC-,BC,BC,BC,BC,BC,BC,BC,BC,BC,BC,BC,BC,BC,BC,BC,BC,BC,BC,BC,BC,BC,BC,BC,BC,BC,BC,BC,BC,BC,BC,BC,BC,BC,BC,BC,BC,BC,BC,BC,BC,BC,BC,BC,BC,BC,BC,BC,BC,BC,BC,X,BC,BC,BC,BC,BC,BC,BC,BC+,BC,BC,BC,BC,BC,BC,BC,BC,BC,BC,BC,BC,BC,BC,BC,BC,BC,BC,BC+,BC,BC,BC,BC,BC,BC,BC,BC,BC,BC,BC,BC,BC,BC,BC,BC,BC,BC,BC,BC,BC,BC-,BC-,BC-,BC,BC,BC,BC,BC,BC,BC,BC,BC,BC,BC,BC,BC,BC,BC,BC,BC+,BC,BC,BC,BC,BC+,BC,BC,BC,BC,BC,BC,BC,BC,BC,BC,BC,BC,BC,BC,BC,BC,BC,BC,BC,BC,BC,BC,BC,BC,BC,BC,BC,BC,BC,BC,BC,BC,BC,BC,BC,BC,BC,BC,BC,BC,BC,BC,BC,BC,BC+,BC,BC,BC,BC,BC,BC,BC,BC,BC,BC,BC,BC,BC,BC,BC,BC,BC,BC,BC,BC,BC,BC,BC,BC,BC,BC,BC,BC,BC,BC,BC,BC,BC,BC,BC,BC,BC,BC,BC,BC,BC,BC,BC,BC,BC,BC,BC,BC,BC,BC,BC,BC,BC,BC+,BC,BC,BC,BC,BC,BC,BC,BC,BC,BC,BC+,BC,BC,BC,BC,BC,BC,BC,BC,BC,BC,BC,BC,BC,BC,BC,BC,BC,BC,BC,BC,BC,BC,BC,BC,BC,BC,BC,BC,BC,BC,BC,BC,BC,BC,BC,BC,BC,BC,BC,BC,BC,BC,BC,BC,BC,BC,BC,BC,BC,BC,BC,BC,BC,BC,BC,BC,BC,BC,BC,BC,BC,BC,BC,BC,BC,BC,BC,BC,BC,BC,BC,BC,BC,BC,BC,BC,BC,BC,BC,BC,BC,BC,BC,BC,BC,BC,BC,BC,BC,BC,BC,BC,BC,BC,BC,BC,BC,BC,BC,BC,BC,BC,BC,BC,BC,BC,BC,BC,BC,BC,BC,BC,BC,BC,BC,BC,BC,BC,BC,BC,BC,BC,BC-,BC,BC,BC,BC,BC,BC,BC,BC,BC,BC-,BC,BC,BC
113,DIPENTENE,D+,D+,D,D,D,D,D,D,D,D,D,D,D,D,D,D,D,D,D,D,D,D,D,D,D,D,D,D,D,D,D,D,D,D,D,D,D,D,D,D,D,D-,D,D,D,D,D,D,D,D,D,D-,D,D,D,D,D,D,D,D-,D-,D,D,D,D,D,D,D,D,D,D,D,D,D,D,D,D,D,D,D,D,D,D,D,D,D,D,D,D,D,D,D,D,D,D,D,D,D,D,D,D,D,D,D,D,D,D,D,D,D,D,D,X,D,D,D,D,D,D,D+,D,D,D,D,D,D,D,D,D,D,D,D,D,D,D,D,D,D,D+,D,D,D,D,D,D,D,D,D,D,D,D,D,D,D,D,D,D,D,D,D,D-,D-,D-,D,D,D,D,D,D,D,D,D,D,D,D,D,D,D,D,D+,D,D,D,D,D+,D,D,D,D,D,D,D,D,D,D,D,D,D,D,D,D,D,D,D,D,D,D,D,D,D,D,D,D,D,D,D,D,D,D,D,D,D,D,D,D,D,D,D,D,D+,D,D,D,D,D,D,D,D,D,D,D,D,D,D,D,D,D,D,D,D,D,D,D,D,D,D,D,D,D,D,D,D,D,D,D,D,D,D,D,D,D,D,D,D,D,D,D,D,D,D,D,D,D,D+,D,D,D,D,D,D,D,D,D,D,D+,D,D,D,D,D,D,D,D,D,D,D,D,D,D,D,D,D,D,D,D,D,D,D,D,D,D,D,D,D,D,D,D,D,D,D,D,D,D,D,D,D,D,D,D,D,D,D,D,D,D,D,D,D,D,D,D,D,D,D,D,D,D,D,D,D,D,D,D,D,D,D,D,D,D,D,D,D,D,D,D,D,D,D,D,D,D,D,D,D,D,D,D,D,D,D,D,D,D,D,D,D,D,D,D,D,D,D,D,D,D,D,D,D,D,D,D,D,D,D,D,D,D,D-,D,D,D,D,D,D,D,D,D,D-,D,D,D
114,DIPHENYL ETHER,DD+,DD+,DD,DD,DD,DD,DD,DD,DD,DD,DD,DD,DD,DD,DD,DD,DD,DD,DD,DD,DD,DD,DD,DD,DD,DD,DD,DD,DD,DD,DD,DD,DD,DD,DD,DD,DD,DD,DD,DD,DD,DD-,DD,DD,DD,DD,DD,DD,DD,DD,DD,DD-,DD,DD,DD,DD,DD,DD,DD,DD-,DD-,DD,DD,DD,DD,DD,DD,DD,DD,DD,DD,DD,DD,DD,DD,DD,DD,DD,DD,DD,DD,DD,DD,DD,DD,DD,DD,DD,DD,DD,DD,DD,DD,DD,DD,DD,DD,DD,DD,DD,DD,DD,DD,DD,DD,DD,DD,DD,DD,DD,DD,DD,DD,X,DD,DD,DD,DD,DD,DD+,DD,DD,DD,DD,DD,DD,DD,DD,DD,DD,DD,DD,DD,DD,DD,DD,DD,DD,DD+,DD,DD,DD,DD,DD,DD,DD,DD,DD,DD,DD,DD,DD,DD,DD,DD,DD,DD,DD,DD,DD,DD-,DD-,DD-,DD,DD,DD,DD,DD,DD,DD,DD,DD,DD,DD,DD,DD,DD,DD,DD,DD+,DD,DD,DD,DD,DD+,DD,DD,DD,DD,DD,DD,DD,DD,DD,DD,DD,DD,DD,DD,DD,DD,DD,DD,DD,DD,DD,DD,DD,DD,DD,DD,DD,DD,DD,DD,DD,DD,DD,DD,DD,DD,DD,DD,DD,DD,DD,DD,DD,DD,DD+,DD,DD,DD,DD,DD,DD,DD,DD,DD,DD,DD,DD,DD,DD,DD,DD,DD,DD,DD,DD,DD,DD,DD,DD,DD,DD,DD,DD,DD,DD,DD,DD,DD,DD,DD,DD,DD,DD,DD,DD,DD,DD,DD,DD,DD,DD,DD,DD,DD,DD,DD,DD,DD,DD+,DD,DD,DD,DD,DD,DD,DD,DD,DD,DD,DD+,DD,DD,DD,DD,DD,DD,DD,DD,DD,DD,DD,DD,DD,DD,DD,DD,DD,DD,DD,DD,DD,DD,DD,DD,DD,DD,DD,DD,DD,DD,DD,DD,DD,DD,DD,DD,DD,DD,DD,DD,DD,DD,DD,DD,DD,DD,DD,DD,DD,DD,DD,DD,DD,DD,DD,DD,DD,DD,DD,DD,DD,DD,DD,DD,DD,DD,DD,DD,DD,DD,DD,DD,DD,DD,DD,DD,DD,DD,DD,DD,DD,DD,DD,DD,DD,DD,DD,DD,DD,DD,DD,DD,DD,DD,DD,DD,DD,DD,DD,DD,DD,DD,DD,DD,DD,DD,DD,DD,DD,DD,DD,DD,DD,DD,DD,DD,DD,DD,DD,DD,DD,DD,DD-,DD,DD,DD,DD,DD,DD,DD,DD,DD,DD-,DD,DD,DD
115,DIPROPYLENE GLYCOL,BC+,BC+,BC,BC,BC,BC,BC,BC,BC,BC,BC,BC,BC,BC,BC,BC,BC,BC,BC,BC,BC,BC,BC,BC,BC,BC,BC,BC,BC,BC,BC,BC,BC,BC,BC,BC,BC,BC,BC,BC,BC,BC-,BC,BC,BC,BC,BC,BC,BC,BC,BC,BC-,BC,BC,BC,BC,BC,BC,BC,BC-,BC-,BC,BC,BC,BC,BC,BC,BC,BC,BC,BC,BC,BC,BC,BC,BC,BC,BC,BC,BC,BC,BC,BC,BC,BC,BC,BC,BC,BC,BC,BC,BC,BC,BC,BC,BC,BC,BC,BC,BC,BC,BC,BC,BC,BC,BC,BC,BC,BC,BC,BC,BC,BC,BC,X,BC,BC,BC,BC,BC+,BC,BC,BC,BC,BC,BC,BC,BC,BC,BC,BC,BC,BC,BC,BC,BC,BC,BC,BC+,BC,BC,BC,BC,BC,BC,BC,BC,BC,BC,BC,BC,BC,BC,BC,BC,BC,BC,BC,BC,BC,BC-,BC-,BC-,BC,BC,BC,BC,BC,BC,BC,BC,BC,BC,BC,BC,BC,BC,BC,BC,BC+,BC,BC,BC,BC,BC+,BC,BC,BC,BC,BC,BC,BC,BC,BC,BC,BC,BC,BC,BC,BC,BC,BC,BC,BC,BC,BC,BC,BC,BC,BC,BC,BC,BC,BC,BC,BC,BC,BC,BC,BC,BC,BC,BC,BC,BC,BC,BC,BC,BC,BC+,BC,BC,BC,BC,BC,BC,BC,BC,BC,BC,BC,BC,BC,BC,BC,BC,BC,BC,BC,BC,BC,BC,BC,BC,BC,BC,BC,BC,BC,BC,BC,BC,BC,BC,BC,BC,BC,BC,BC,BC,BC,BC,BC,BC,BC,BC,BC,BC,BC,BC,BC,BC,BC,BC+,BC,BC,BC,BC,BC,BC,BC,BC,BC,BC,BC+,BC,BC,BC,BC,BC,BC,BC,BC,BC,BC,BC,BC,BC,BC,BC,BC,BC,BC,BC,BC,BC,BC,BC,BC,BC,BC,BC,BC,BC,BC,BC,BC,BC,BC,BC,BC,BC,BC,BC,BC,BC,BC,BC,BC,BC,BC,BC,BC,BC,BC,BC,BC,BC,BC,BC,BC,BC,BC,BC,BC,BC,BC,BC,BC,BC,BC,BC,BC,BC,BC,BC,BC,BC,BC,BC,BC,BC,BC,BC,BC,BC,BC,BC,BC,BC,BC,BC,BC,BC,BC,BC,BC,BC,BC,BC,BC,BC,BC,BC,BC,BC,BC,BC,BC,BC,BC,BC,BC,BC,BC,BC,BC,BC,BC,BC,BC,BC,BC,BC,BC,BC,BC,BC-,BC,BC,BC,BC,BC,BC,BC,BC,BC,BC-,BC,BC,BC
116,DIPROPYLENE GLYCOL MONOMETHYL ETHER,BA+,BA+,BA,BA,BA,BA,BA,BA,BA,BA,BA,BA,BA,BA,BA,BA,BA,BA,BA,BA,BA,BA,BA,BA,BA,BA,BA,BA,BA,BA,BA,BA,BA,BA,BA,BA,BA,BA,BA,BA,BA,BA-,BA,BA,BA,BA,BA,BA,BA,BA,BA,BA-,BA,BA,BA,BA,BA,BA,BA,BA-,BA-,BA,BA,BA,BA,BA,BA,BA,BA,BA,BA,BA,BA,BA,BA,BA,BA,BA,BA,BA,BA,BA,BA,BA,BA,BA,BA,BA,BA,BA,BA,BA,BA,BA,BA,BA,BA,BA,BA,BA,BA,BA,BA,BA,BA,BA,BA,BA,BA,BA,BA,BA,BA,BA,BA,X,BA,BA,BA,BA+,BA,BA,BA,BA,BA,BA,BA,BA,BA,BA,BA,BA,BA,BA,BA,BA,BA,BA,BA+,BA,BA,BA,BA,BA,BA,BA,BA,BA,BA,BA,BA,BA,BA,BA,BA,BA,BA,BA,BA,BA,BA-,BA-,BA-,BA,BA,BA,BA,BA,BA,BA,BA,BA,BA,BA,BA,BA,BA,BA,BA,BA+,BA,BA,BA,BA,BA+,BA,BA,BA,BA,BA,BA,BA,BA,BA,BA,BA,BA,BA,BA,BA,BA,BA,BA,BA,BA,BA,BA,BA,BA,BA,BA,BA,BA,BA,BA,BA,BA,BA,BA,BA,BA,BA,BA,BA,BA,BA,BA,BA,BA,BA+,BA,BA,BA,BA,BA,BA,BA,BA,BA,BA,BA,BA,BA,BA,BA,BA,BA,BA,BA,BA,BA,BA,BA,BA,BA,BA,BA,BA,BA,BA,BA,BA,BA,BA,BA,BA,BA,BA,BA,BA,BA,BA,BA,BA,BA,BA,BA,BA,BA,BA,BA,BA,BA,BA+,BA,BA,BA,BA,BA,BA,BA,BA,BA,BA,BA+,BA,BA,BA,BA,BA,BA,BA,BA,BA,BA,BA,BA,BA,BA,BA,BA,BA,BA,BA,BA,BA,BA,BA,BA,BA,BA,BA,BA,BA,BA,BA,BA,BA,BA,BA,BA,BA,BA,BA,BA,BA,BA,BA,BA,BA,BA,BA,BA,BA,BA,BA,BA,BA,BA,BA,BA,BA,BA,BA,BA,BA,BA,BA,BA,BA,BA,BA,BA,BA,BA,BA,BA,BA,BA,BA,BA,BA,BA,BA,BA,BA,BA,BA,BA,BA,BA,BA,BA,BA,BA,BA,BA,BA,BA,BA,BA,BA,BA,BA,BA,BA,BA,BA,BA,BA,BA,BA,BA,BA,BA,BA,BA,BA,BA,BA,BA,BA,BA,BA,BA,BA,BA,BA-,BA,BA,BA,BA,BA,BA,BA,BA,BA,BA-,BA,BA,BA
117,1-DODECANOL,IB+,IB+,IB,IB,IB,IB,IB,IB,IB,IB,IB,IB,IB,IB,IB,IB,IB,IB,IB,DD,IB,IB,IB,IB,IB,IB,IB,IB,DD,DD,DD,DD,IB,IB,IB,IB,IB,IB,IB,IB,IB,DD-,IB,IB,IB,IB,IB,IB,IB,IB,IB,DD-,IB,IB,IB,IB,DD,IB,IB,DD-,DD-,IB,DD,IB,IB,IB,IB,IB,IB,IB,IB,IB,IB,IB,IB,IB,IB,IB,IB,IB,DD,IB,IB,IB,IB,IB,IB,IB,IB,IB,IB,IB,IB,IB,IB,IB,IB,IB,IB,IB,IB,IB,IB,IB,IB,IB,IB,IB,IB,IB,IB,IB,IB,IB,IB,IB,X,IB,IB,IB+,IB,IB,IB,IB,IB,IB,IB,IB,IB,IB,IB,IB,IB,IB,IB,IB,IB,IB,IB+,IB,IB,IB,IB,IB,IB,IB,IB,IB,IB,IB,IB,IB,IB,IB,IB,IB,IB,IB,IB,IB,DD-,DD-,DD-,IB,IB,DD,DD,DD,DD,DD,DD,IB,IB,IB,IB,IB,DD,IB,IB,IB+,IB,IB,IB,IB,IB+,IB,IB,DD,DD,DD,IB,IB,IB,IB,IB,IB,DD,IB,IB,IB,IB,IB,IB,IB,IB,IB,IB,IB,IB,IB,DD,DD,IB,IB,IB,IB,IB,IB,DD,IB,IB,IB,DD,IB,IB,IB,IB,IB,IB,IB+,IB,IB,IB,IB,IB,IB,IB,IB,IB,IB,IB,IB,IB,IB,IB,IB,IB,IB,IB,IB,IB,IB,IB,IB,IB,IB,DD,IB,IB,DD,DD,DD,IB,IB,IB,IB,IB,IB,IB,IB,IB,IB,IB,IB,IB,IB,IB,IB,IB,IB,IB,IB,IB,IB+,IB,IB,IB,IB,IB,IB,IB,IB,IB,IB,IB+,IB,IB,IB,IB,IB,IB,IB,IB,IB,IB,IB,IB,IB,IB,IB,IB,IB,IB,IB,IB,IB,IB,IB,IB,IB,IB,IB,IB,IB,IB,IB,IB,IB,IB,IB,IB,IB,IB,IB,DD,IB,IB,IB,IB,IB,IB,IB,IB,IB,IB,IB,IB,IB,IB,IB,DD,IB,IB,DD,DD,DD,DD,IB,IB,DD,DD,IB,DD,DD,IB,IB,IB,IB,IB,IB,IB,IB,IB,IB,IB,DD,DD,IB,IB,IB,IB,IB,IB,IB,IB,IB,IB,IB,IB,IB,IB,IB,IB,IB,IB,IB,IB,IB,IB,IB,IB,IB,IB,IB,IB,IB,IB,IB,IB,DD,DD,IB,IB,IB,IB,IB,IB,DD-,IB,IB,IB,DD,DD,IB,IB,IB,IB,DD-,IB,IB,IB
118,DODECYLPHENOL,DD+,DD+,DD,DD,DD,DD,DD,DD,DD,DD,DD,DD,DD,DD,DD,DD,DD,DD,DD,DD,DD,DD,DD,DD,DD,DD,DD,DD,DD,DD,DD,DD,DD,DD,DD,DD,DD,DD,DD,DD,DD,DD-,DD,DD,DD,DD,DD,DD,DD,DD,DD,DD-,DD,DD,DD,DD,DD,DD,DD,DD-,DD-,DD,DD,DD,DD,DD,DD,DD,DD,DD,DD,DD,DD,DD,DD,DD,DD,DD,DD,DD,DD,DD,DD,DD,DD,DD,DD,DD,DD,DD,DD,DD,DD,DD,DD,DD,DD,DD,DD,DD,DD,DD,DD,DD,DD,DD,DD,DD,DD,DD,DD,DD,DD,DD,DD,DD,DD,X,DD,DD+,DD,DD,DD,DD,DD,DD,DD,DD,DD,DD,DD,DD,DD,DD,DD,DD,DD,DD,DD+,DD,DD,DD,DD,DD,DD,DD,DD,DD,DD,DD,DD,DD,DD,DD,DD,DD,DD,DD,DD,DD,DD-,DD-,DD-,DD,DD,DD,DD,DD,DD,DD,DD,DD,DD,DD,DD,DD,DD,DD,DD,DD+,DD,DD,DD,DD,DD+,DD,DD,DD,DD,DD,DD,DD,DD,DD,DD,DD,DD,DD,DD,DD,DD,DD,DD,DD,DD,DD,DD,DD,DD,DD,DD,DD,DD,DD,DD,DD,DD,DD,DD,DD,DD,DD,DD,DD,DD,DD,DD,DD,DD,DD+,DD,DD,DD,DD,DD,DD,DD,DD,DD,DD,DD,DD,DD,DD,DD,DD,DD,DD,DD,DD,DD,DD,DD,DD,DD,DD,DD,DD,DD,DD,DD,DD,DD,DD,DD,DD,DD,DD,DD,DD,DD,DD,DD,DD,DD,DD,DD,DD,DD,DD,DD,DD,DD,DD+,DD,DD,DD,DD,DD,DD,DD,DD,DD,DD,DD+,DD,DD,DD,DD,DD,DD,DD,DD,DD,DD,DD,DD,DD,DD,DD,DD,DD,DD,DD,DD,DD,DD,DD,DD,DD,DD,DD,DD,DD,DD,DD,DD,DD,DD,DD,DD,DD,DD,DD,DD,DD,DD,DD,DD,DD,DD,DD,DD,DD,DD,DD,DD,DD,DD,DD,DD,DD,DD,DD,DD,DD,DD,DD,DD,DD,DD,DD,DD,DD,DD,DD,DD,DD,DD,DD,DD,DD,DD,DD,DD,DD,DD,DD,DD,DD,DD,DD,DD,DD,DD,DD,DD,DD,DD,DD,DD,DD,DD,DD,DD,DD,DD,DD,DD,DD,DD,DD,DD,DD,DD,DD,DD,DD,DD,DD,DD,DD,DD,DD,DD,DD,DD,DD-,DD,DD,DD,DD,DD,DD,DD,DD,DD,DD-,DD,DD,DD
119,EPICHLOROHYDRIN,CA+,CA+,CA,CA,CA,CA,CA,CA,CA,CA,CA,CA,CA,CA,CA,CA,CA,CA,CA,CA,CA,CA,CA,CA,CA,CA,CA,CA,CA,CA,CA,CA,CA,CA,CA,CA,CA,CA,CA,CA,CA,CA-,CA,CA,CA,CA,CA,CA,CA,CA,CA,CA-,CA,CA,CA,CA,CA,CA,CA,CA-,CA-,CA,CA,CA,CA,CA,CA,CA,CA,CA,CA,CA,CA,CA,CA,CA,CA,CA,CA,CA,CA,CA,CA,CA,CA,CA,CA,CA,CA,CA,CA,CA,CA,CA,CA,CA,CA,CA,CA,CA,CA,CA,CA,CA,CA,CA,CA,CA,CA,CA,CA,CA,CA,CA,CA,CA,CA,CA,X,CA+,CA,CA,CA,CA,CA,CA,CA,CA,CA,CA,CA,CA,CA,CA,CA,CA,CA,CA,CA+,CA,CA,CA,CA,CA,CA,CA,CA,CA,CA,CA,CA,CA,CA,CA,CA,CA,CA,CA,CA,CA,CA-,CA-,CA-,CA,CA,CA,CA,CA,CA,CA,CA,CA,CA,CA,CA,CA,CA,CA,CA,CA+,CA,CA,CA,CA,CA+,CA,CA,CA,CA,CA,CA,CA,CA,CA,CA,CA,CA,CA,CA,CA,CA,CA,CA,CA,CA,CA,CA,CA,CA,CA,CA,CA,CA,CA,CA,CA,CA,CA,CA,CA,CA,CA,CA,CA,CA,CA,CA,CA,CA,CA+,CA,CA,CA,CA,CA,CA,CA,CA,CA,CA,CA,CA,CA,CA,CA,CA,CA,CA,CA,CA,CA,CA,CA,CA,CA,CA,CA,CA,CA,CA,CA,CA,CA,CA,CA,CA,CA,CA,CA,CA,CA,CA,CA,CA,CA,CA,CA,CA,CA,CA,CA,CA,CA,CA+,CA,CA,CA,CA,CA,CA,CA,CA,CA,CA,CA+,CA,CA,CA,CA,CA,CA,CA,CA,CA,CA,CA,CA,CA,CA,CA,CA,CA,CA,CA,CA,CA,CA,CA,CA,CA,CA,CA,CA,CA,CA,CA,CA,CA,CA,CA,CA,CA,CA,CA,CA,CA,CA,CA,CA,CA,CA,CA,CA,CA,CA,CA,CA,CA,CA,CA,CA,CA,CA,CA,CA,CA,CA,CA,CA,CA,CA,CA,CA,CA,CA,CA,CA,CA,CA,CA,CA,CA,CA,CA,CA,CA,CA,CA,CA,CA,CA,CA,CA,CA,CA,CA,CA,CA,CA,CA,CA,CA,CA,CA,CA,CA,CA,CA,CA,CA,CA,CA,CA,CA,CA,CA,CA,CA,CA,CA,CA,CA,CA,CA,CA,CA,CA,CA-,CA,CA,CA,CA,CA,CA,CA,CA,CA,CA-,CA,CA,CA
120,ETHANOL (FOOD GRADE),A+,A+,A,A,A,A,A,A,A,A,A,A,A,A,A,A,A,A,A,A,A,A,A,A,A,A,A,A,A,A,A,A,A,A,A,A,A,A,A,A,A,A-,A,A,A,A,A,A,A,A,A,A-,A,A,A,A,A,A,A,A-,A-,A,A,A,A,A,A,A,A,A,A,A,A,A,A,A,A,A,A,A,A,A,A,A,A,A,A,A,A,A,A,A,A,A,A,A,A,A,A,A,A,A,A,A,A,A,A,A,A,A,A,A,A,A,A,A,A,A,A,X+,A,A,A,A,A,A,A,A,A,A,A,A,A,A,A,A,A,A,A+,A,A,A,A,A,A,A,A,A,A,A,A,A,A,A,A,A,A,A,A,A,A-,A-,A-,A,A,A,A,A,A,A,A,A,A,A,A,A,A,A,A,A+,A,A,A,A,A+,A,A,A,A,A,A,A,A,A,A,A,A,A,A,A,A,A,A,A,A,A,A,A,A,A,A,A,A,A,A,A,A,A,A,A,A,A,A,A,A,A,A,A,A,A+,A,A,A,A,A,A,A,A,A,A,A,A,A,A,A,A,A,A,A,A,A,A,A,A,A,A,A,A,A,A,A,A,A,A,A,A,A,A,A,A,A,A,A,A,A,A,A,A,A,A,A,A,A,A+,A,A,A,A,A,A,A,A,A,A,A+,A,A,A,A,A,A,A,A,A,A,A,A,A,A,A,A,A,A,A,A,A,A,A,A,A,A,A,A,A,A,A,A,A,A,A,A,A,A,A,A,A,A,A,A,A,A,A,A,A,A,A,A,A,A,A,A,A,A,A,A,A,A,A,A,A,A,A,A,A,A,A,A,A,A,A,A,A,A,A,A,A,A,A,A,A,A,A,A,A,A,A,A,A,A,A,A,A,A,A,A,A,A,A,A,A,A,A,A,A,A,A,A,A,A,A,A,A,A,A,A,A,A,A-,A,A,A,A,A,A,A,A,A,A-,A,A,A
121,ETHANOL INDUSTRIAL GRADE,A+,A+,A,A,A,A,A,A,A,A,A,A,A,A,A,A,A,A,A,A,A,A,A,A,A,A,A,A,A,A,A,A,A,A,A,A,A,A,A,A,A,A-,A,A,A,A,A,A,A,A,A,A-,A,A,A,A,A,A,A,A-,A-,A,A,A,A,A,A,A,A,A,A,A,A,A,A,A,A,A,A,A,A,A,A,A,A,A,A,A,A,A,A,A,A,A,A,A,A,A,A,A,A,A,A,A,A,A,A,A,A,A,A,A,A,A,A,A,A,A,A,A+,X,A,A,A,A,A,A,A,A,A,A,A,A,A,A,A,A,A,A+,A,A,A,A,A,A,A,A,A,A,A,A,A,A,A,A,A,A,A,A,A,A-,A-,A-,A,A,A,A,A,A,A,A,A,A,A,A,A,A,A,A,A+,A,A,A,A,A+,A,A,A,A,A,A,A,A,A,A,A,A,A,A,A,A,A,A,A,A,A,A,A,A,A,A,A,A,A,A,A,A,A,A,A,A,A,A,A,A,A,A,A,A,A+,A,A,A,A,A,A,A,A,A,A,A,A,A,A,A,A,A,A,A,A,A,A,A,A,A,A,A,A,A,A,A,A,A,A,A,A,A,A,A,A,A,A,A,A,A,A,A,A,A,A,A,A,A,A+,A,A,A,A,A,A,A,A,A,A,A+,A,A,A,A,A,A,A,A,A,A,A,A,A,A,A,A,A,A,A,A,A,A,A,A,A,A,A,A,A,A,A,A,A,A,A,A,A,A,A,A,A,A,A,A,A,A,A,A,A,A,A,A,A,A,A,A,A,A,A,A,A,A,A,A,A,A,A,A,A,A,A,A,A,A,A,A,A,A,A,A,A,A,A,A,A,A,A,A,A,A,A,A,A,A,A,A,A,A,A,A,A,A,A,A,A,A,A,A,A,A,A,A,A,A,A,A,A,A,A,A,A,A,A-,A,A,A,A,A,A,A,A,A,A-,A,A,A
122,ETHANOLAMINE,GA+,GA+,GA,GA,GA,GA,GA,GA,GA,GA,GA,GA,GA,GA,GA,GA,GA,GA,GA,GA,GA,GA,GA,GA,GA,GA,GA,GA,GA,GA,GA,GA,GA,GA,GA,GA,GA,GA,GA,GA,GA,GA-,GA,GA,GA,GA,GA,GA,GA,GA,GA,GA-,GA,GA,GA,GA,GA,GA,GA,GA-,GA-,GA,GA,GA,GA,GA,GA,GA,GA,GA,GA,GA,GA,GA,GA,GA,GA,GA,GA,GA,GA,GA,GA,GA,GA,GA,GA,GA,GA,GA,GA,GA,GA,GA,GA,GA,GA,GA,GA,GA,GA,GA,GA,GA,GA,GA,GA,GA,GA,GA,GA,GA,GA,GA,GA,GA,GA,GA,GA,GA+,GA,X,GA,GA,GA,GA,GA,GA,GA,GA,GA,GA,GA,GA,GA,GA,GA,GA,GA+,GA,GA,GA,GA,GA,GA,GA,GA,GA,GA,GA,GA,GA,GA,GA,GA,GA,GA,GA,GA,GA,GA-,GA-,GA-,GA,GA,GA,GA,GA,GA,GA,GA,GA,GA,GA,GA,GA,GA,GA,GA,GA+,GA,GA,GA,GA,GA+,GA,GA,GA,GA,GA,GA,GA,GA,GA,GA,GA,GA,GA,GA,GA,GA,GA,GA,GA,GA,GA,GA,GA,GA,GA,GA,GA,GA,GA,GA,GA,GA,GA,GA,GA,GA,GA,GA,GA,GA,GA,GA,GA,GA,GA+,GA,GA,GA,GA,GA,GA,GA,GA,GA,GA,GA,GA,GA,GA,GA,GA,GA,GA,GA,GA,GA,GA,GA,GA,GA,GA,GA,GA,GA,GA,GA,GA,GA,GA,GA,GA,GA,GA,GA,GA,GA,GA,GA,GA,GA,GA,GA,GA,GA,GA,GA,GA,GA,GA+,GA,GA,GA,GA,GA,GA,GA,GA,GA,GA,GA+,GA,GA,GA,GA,GA,GA,GA,GA,GA,GA,GA,GA,GA,GA,GA,GA,GA,GA,GA,GA,GA,GA,GA,GA,GA,GA,GA,GA,GA,GA,GA,GA,GA,GA,GA,GA,GA,GA,GA,GA,GA,GA,GA,GA,GA,GA,GA,GA,GA,GA,GA,GA,GA,GA,GA,GA,GA,GA,GA,GA,GA,GA,GA,GA,GA,GA,GA,GA,GA,GA,GA,GA,GA,GA,GA,GA,GA,GA,GA,GA,GA,GA,GA,GA,GA,GA,GA,GA,GA,GA,GA,GA,GA,GA,GA,GA,GA,GA,GA,GA,GA,GA,GA,GA,GA,GA,GA,GA,GA,GA,GA,GA,GA,GA,GA,GA,GA,GA,GA,GA,GA,GA,GA-,GA,GA,GA,GA,GA,GA,GA,GA,GA,GA-,GA,GA,GA
123,2-ETHOXYETHYL ACETATE,B+,B+,B,B,B,B,B,B,B,B,B,B,B,B,B,B,B,B,B,B,B,B,B,B,B,B,B,B,B,B,B,B,B,B,B,B,B,B,B,B,B,B-,B,B,B,B,B,B,B,B,B,B-,B,B,B,B,B,B,B,B-,B-,B,B,B,B,B,B,B,B,B,B,B,B,B,B,B,B,B,B,B,B,B,B,B,B,B,B,B,B,B,B,B,B,B,B,B,B,B,B,B,B,B,B,B,B,B,B,B,B,B,B,B,B,B,B,B,B,B,B,B+,B,B,X,B,B,B,B,B,B,B,B,B,B,B,B,B,B,B,B+,B,B,B,B,B,B,B,B,B,B,B,B,B,B,B,B,B,B,B,B,B,B-,B-,B-,B,B,B,B,B,B,B,B,B,B,B,B,B,B,B,B,B+,B,B,B,B,B+,B,B,B,B,B,B,B,B,B,B,B,B,B,B,B,B,B,B,B,B,B,B,B,B,B,B,B,B,B,B,B,B,B,B,B,B,B,B,B,B,B,B,B,B,B+,B,B,B,B,B,B,B,B,B,B,B,B,B,B,B,B,B,B,B,B,B,B,B,B,B,B,B,B,B,B,B,B,B,B,B,B,B,B,B,B,B,B,B,B,B,B,B,B,B,B,B,B,B,B+,B,B,B,B,B,B,B,B,B,B,B+,B,B,B,B,B,B,B,B,B,B,B,B,B,B,B,B,B,B,B,B,B,B,B,B,B,B,B,B,B,B,B,B,B,B,B,B,B,B,B,B,B,B,B,B,B,B,B,B,B,B,B,B,B,B,B,B,B,B,B,B,B,B,B,B,B,B,B,B,B,B,B,B,B,B,B,B,B,B,B,B,B,B,B,B,B,B,B,B,B,B,B,B,B,B,B,B,B,B,B,B,B,B,B,B,B,B,B,B,B,B,B,B,B,B,B,B,B,B,B,B,B,B,B-,B,B,B,B,B,B,B,B,B,B-,B,B,B
124,ETHYL TERT-BUTYL ETHER,C+,C+,C,C,C,C,C,C,C,C,C,C,C,C,C,C,C,C,C,C,C,C,C,C,C,C,C,C,C,C,C,C,C,C,C,C,C,C,C,C,C,C-,C,C,C,C,C,C,C,C,C,C-,C,C,C,C,C,C,C,C-,C-,C,C,C,C,C,C,C,C,C,C,C,C,C,C,C,C,C,C,C,C,C,C,C,C,C,C,C,C,C,C,C,C,C,C,C,C,C,C,C,C,C,C,C,C,C,C,C,C,C,C,C,C,C,C,C,C,C,C,C+,C,C,C,X,C,C,C,C,C,C,C,C,C,C,C,C,C,C,C+,C,C,C,C,C,C,C,C,C,C,C,C,C,C,C,C,C,C,C,C,C,C-,C-,C-,C,C,C,C,C,C,C,C,C,C,C,C,C,C,C,C,C+,C,C,C,C,C+,C,C,C,C,C,C,C,C,C,C,C,C,C,C,C,C,C,C,C,C,C,C,C,C,C,C,C,C,C,C,C,C,C,C,C,C,C,C,C,C,C,C,C,C,C+,C,C,C,C,C,C,C,C,C,C,C,C,C,C,C,C,C,C,C,C,C,C,C,C,C,C,C,C,C,C,C,C,C,C,C,C,C,C,C,C,C,C,C,C,C,C,C,C,C,C,C,C,C,C+,C,C,C,C,C,C,C,C,C,C,C+,C,C,C,C,C,C,C,C,C,C,C,C,C,C,C,C,C,C,C,C,C,C,C,C,C,C,C,C,C,C,C,C,C,C,C,C,C,C,C,C,C,C,C,C,C,C,C,C,C,C,C,C,C,C,C,C,C,C,C,C,C,C,C,C,C,C,C,C,C,C,C,C,C,C,C,C,C,C,C,C,C,C,C,C,C,C,C,C,C,C,C,C,C,C,C,C,C,C,C,C,C,C,C,C,C,C,C,C,C,C,C,C,C,C,C,C,C,C,C,C,C,C,C-,C,C,C,C,C,C,C,C,C,C-,C,C,C
125,2-ETHYL-3-PROPYLACROLEIN,CE+,CE+,CE,CE,CE,CE,CE,CE,CE,CE,CE,CE,CE,CE,CE,CE,CE,CE,CE,CE,CE,CE,CE,CE,CE,CE,CE,CE,CE,CE,CE,CE,CE,CE,CE,CE,CE,CE,CE,CE,CE,CE-,CE,CE,CE,CE,CE,CE,CE,CE,CE,CE-,CE,CE,CE,CE,CE,CE,CE,CE-,CE-,CE,CE,CE,CE,CE,CE,CE,CE,CE,CE,CE,CE,CE,CE,CE,CE,CE,CE,CE,CE,CE,CE,CE,CE,CE,CE,CE,CE,CE,CE,CE,CE,CE,CE,CE,CE,CE,CE,CE,CE,CE,CE,CE,CE,CE,CE,CE,CE,CE,CE,CE,CE,CE,CE,CE,CE,CE,CE,CE+,CE,CE,CE,CE,X,CE,CE,CE,CE,CE,CE,CE,CE,CE,CE,CE,CE,CE,CE+,CE,CE,CE,CE,CE,CE,CE,CE,CE,CE,CE,CE,CE,CE,CE,CE,CE,CE,CE,CE,CE,CE-,CE-,CE-,CE,CE,CE,CE,CE,CE,CE,CE,CE,CE,CE,CE,CE,CE,CE,CE,CE+,CE,CE,CE,CE,CE+,CE,CE,CE,CE,CE,CE,CE,CE,CE,CE,CE,CE,CE,CE,CE,CE,CE,CE,CE,CE,CE,CE,CE,CE,CE,CE,CE,CE,CE,CE,CE,CE,CE,CE,CE,CE,CE,CE,CE,CE,CE,CE,CE,CE,CE+,CE,CE,CE,CE,CE,CE,CE,CE,CE,CE,CE,CE,CE,CE,CE,CE,CE,CE,CE,CE,CE,CE,CE,CE,CE,CE,CE,CE,CE,CE,CE,CE,CE,CE,CE,CE,CE,CE,CE,CE,CE,CE,CE,CE,CE,CE,CE,CE,CE,CE,CE,CE,CE,CE+,CE,CE,CE,CE,CE,CE,CE,CE,CE,CE,CE+,CE,CE,CE,CE,CE,CE,CE,CE,CE,CE,CE,CE,CE,CE,CE,CE,CE,CE,CE,CE,CE,CE,CE,CE,CE,CE,CE,CE,CE,CE,CE,CE,CE,CE,CE,CE,CE,CE,CE,CE,CE,CE,CE,CE,CE,CE,CE,CE,CE,CE,CE,CE,CE,CE,CE,CE,CE,CE,CE,CE,CE,CE,CE,CE,CE,CE,CE,CE,CE,CE,CE,CE,CE,CE,CE,CE,CE,CE,CE,CE,CE,CE,CE,CE,CE,CE,CE,CE,CE,CE,CE,CE,CE,CE,CE,CE,CE,CE,CE,CE,CE,CE,CE,CE,CE,CE,CE,CE,CE,CE,CE,CE,CE,CE,CE,CE,CE,CE,CE,CE,CE,CE,CE-,CE,CE,CE,CE,CE,CE,CE,CE,CE,CE-,CE,CE,CE
126,ETHYL ACETATE,B+,B+,B,B,B,B,B,B,B,B,B,B,B,B,B,B,B,B,B,B,B,B,B,B,B,B,B,B,B,B,B,B,B,B,B,B,B,B,B,B,B,B-,B,B,B,B,B,B,B,B,B,B-,B,B,B,B,B,B,B,B-,B-,B,B,B,B,B,B,B,B,B,B,B,B,B,B,B,B,B,B,B,B,B,B,B,B,B,B,B,B,B,B,B,B,B,B,B,B,B,B,B,B,B,B,B,B,B,B,B,B,B,B,B,B,B,B,B,B,B,B,B+,B,B,B,B,B,X,B,B,B,B,B,B,B,B,B,B,B,B,B+,B,B,B,B,B,B,B,B,B,B,B,B,B,B,B,B,B,B,B,B,B,B-,B-,B-,B,B,B,B,B,B,B,B,B,B,B,B,B,B,B,B,B+,B,B,B,B,B+,B,B,B,B,B,B,B,B,B,B,B,B,B,B,B,B,B,B,B,B,B,B,B,B,B,B,B,B,B,B,B,B,B,B,B,B,B,B,B,B,B,B,B,B,B+,B,B,B,B,B,B,B,B,B,B,B,B,B,B,B,B,B,B,B,B,B,B,B,B,B,B,B,B,B,B,B,B,B,B,B,B,B,B,B,B,B,B,B,B,B,B,B,B,B,B,B,B,B,B+,B,B,B,B,B,B,B,B,B,B,B+,B,B,B,B,B,B,B,B,B,B,B,B,B,B,B,B,B,B,B,B,B,B,B,B,B,B,B,B,B,B,B,B,B,B,B,B,B,B,B,B,B,B,B,B,B,B,B,B,B,B,B,B,B,B,B,B,B,B,B,B,B,B,B,B,B,B,B,B,B,B,B,B,B,B,B,B,B,B,B,B,B,B,B,B,B,B,B,B,B,B,B,B,B,B,B,B,B,B,B,B,B,B,B,B,B,B,B,B,B,B,B,B,B,B,B,B,B,B,B,B,B,B,B-,B,B,B,B,B,B,B,B,B,B-,B,B,B
127,ETHYL ACETOACETATE,B+,B+,B,B,B,B,B,B,B,B,B,B,B,B,B,B,B,B,B,B,B,B,B,B,B,B,B,B,B,B,B,B,B,B,B,B,B,B,B,B,B,B-,B,B,B,B,B,B,B,B,B,B-,B,B,B,B,B,B,B,B-,B-,B,B,B,B,B,B,B,B,B,B,B,B,B,B,B,B,B,B,B,B,B,B,B,B,B,B,B,B,B,B,B,B,B,B,B,B,B,B,B,B,B,B,B,B,B,B,B,B,B,B,B,B,B,B,B,B,B,B,B+,B,B,B,B,B,B,X,B,B,B,B,B,B,B,B,B,B,B,B+,B,B,B,B,B,B,B,B,B,B,B,B,B,B,B,B,B,B,B,B,B,B-,B-,B-,B,B,B,B,B,B,B,B,B,B,B,B,B,B,B,B,B+,B,B,B,B,B+,B,B,B,B,B,B,B,B,B,B,B,B,B,B,B,B,B,B,B,B,B,B,B,B,B,B,B,B,B,B,B,B,B,B,B,B,B,B,B,B,B,B,B,B,B+,B,B,B,B,B,B,B,B,B,B,B,B,B,B,B,B,B,B,B,B,B,B,B,B,B,B,B,B,B,B,B,B,B,B,B,B,B,B,B,B,B,B,B,B,B,B,B,B,B,B,B,B,B,B+,B,B,B,B,B,B,B,B,B,B,B+,B,B,B,B,B,B,B,B,B,B,B,B,B,B,B,B,B,B,B,B,B,B,B,B,B,B,B,B,B,B,B,B,B,B,B,B,B,B,B,B,B,B,B,B,B,B,B,B,B,B,B,B,B,B,B,B,B,B,B,B,B,B,B,B,B,B,B,B,B,B,B,B,B,B,B,B,B,B,B,B,B,B,B,B,B,B,B,B,B,B,B,B,B,B,B,B,B,B,B,B,B,B,B,B,B,B,B,B,B,B,B,B,B,B,B,B,B,B,B,B,B,B,B-,B,B,B,B,B,B,B,B,B,B-,B,B,B
128,ETHYL ACRYLATE,MA+,MA+,MA,MA,MA,MA,MA,MA,MA,MA,MA,MA,MA,MA,MA,MA,MA,MA,MA,M,MA,MA,MA,MA,MA,MA,MA,MA,M,M,M,M,MA,MA,MA,MA,MA,MA,MA,MA,MA,M-,MA,MA,MA,MA,MA,MA,MA,MA,MA,M-,MA,MA,MA,MA,M,MA,MA,M-,M-,MA,M,MA,MA,MA,MA,MA,MA,MA,MA,MA,MA,MA,MA,MA,MA,MA,MA,MA,M,MA,MA,MA,MA,MA,MA,MA,MA,MA,MA,MA,MA,MA,MA,MA,MA,MA,MA,MA,MA,MA,MA,MA,MA,MA,MA,MA,MA,MA,MA,MA,MA,MA,MA,MA,MA,MA,MA,MA+,MA,MA,MA,MA,MA,MA,MA,X,MA,MA,MA,MA,MA,MA,MA,MA,MA,MA,MA+,MA,MA,MA,MA,MA,MA,MA,M,MA,M,MA,MA,MA,MA,MA,MA,MA,MA,MA,MA,MA,M-,M-,M-,MA,MA,M,M,M,M,M,M,MA,MA,MA,MA,MA,MA,MA,MA,MA+,MA,MA,MA,MA,MA+,MA,MA,M,MA,M,M,MA,MA,M,MA,M,M,MA,MA,MA,MA,MA,MA,MA,MA,MA,MA,MA,MA,MA,M,M,MA,MA,MA,MA,MA,MA,M,MA,MA,MA,MA,MA,MA,MA,MA,MA,MA,MA+,MA,MA,MA,MA,MA,MA,MA,MA,MA,MA,M,MA,MA,MA,MA,MA,MA,MA,M,MA,MA,MA,MA,MA,MA,MA,M,MA,MA,MA,M,M,MA,MA,MA,MA,MA,MA,MA,MA,MA,MA,MA,MA,MA,M,MA,MA,M,MA,MA,MA,MA,MA+,MA,MA,MA,MA,MA,MA,MA,MA,MA,MA,MA+,MA,MA,MA,MA,MA,MA,MA,MA,MA,MA,MA,MA,MA,MA,MA,MA,MA,MA,MA,MA,MA,MA,MA,MA,MA,MA,MA,MA,MA,MA,MA,MA,MA,MA,MA,MA,MA,MA,MA,MA,MA,MA,MA,MA,MA,MA,MA,MA,MA,MA,MA,MA,MA,MA,MA,M,MA,MA,MA,M,MA,M,MA,MA,M,MA,MA,MA,MA,MA,MA,MA,MA,MA,MA,MA,MA,MA,MA,MA,M,M,MA,MA,M,MA,MA,MA,MA,MA,MA,MA,MA,MA,MA,MA,MA,MA,MA,MA,MA,MA,MA,MA,MA,MA,MA,MA,MA,MA,MA,MA,MA,MA,M,M,MA,MA,MA,MA,MA,MA,M-,MA,MA,MA,M,M,MA,MA,MA,MA,M-,MA,MA,MA
129,ETHYLAMINE,G+,G+,G,G,G,G,G,G,G,G,G,G,G,G,G,G,G,G,G,G,G,G,G,G,G,G,G,G,G,G,G,G,G,G,G,G,G,G,G,G,G,G-,G,G,G,G,G,G,G,G,G,G-,G,G,G,G,G,G,G,G-,G-,G,G,G,G,G,G,G,G,G,G,G,G,G,G,G,G,G,G,G,G,G,G,G,G,G,G,G,G,G,G,G,G,G,G,G,G,G,G,G,G,G,G,G,G,G,G,G,G,G,G,G,G,G,G,G,G,G,G,G+,G,G,G,G,G,G,G,G,X,G,G,G,G,G,G,G,G,G,G+,G,G,G,G,G,G,G,G,G,G,G,G,G,G,G,G,G,G,G,G,G,G-,G-,G-,G,G,G,G,G,G,G,G,G,G,G,G,G,G,G,G,G+,G,G,G,G,G+,G,G,G,G,G,G,G,G,G,G,G,G,G,G,G,G,G,G,G,G,G,G,G,G,G,G,G,G,G,G,G,G,G,G,G,G,G,G,G,G,G,G,G,G,G+,G,G,G,G,G,G,G,G,G,G,G,G,G,G,G,G,G,G,G,G,G,G,G,G,G,G,G,G,G,G,G,G,G,G,G,G,G,G,G,G,G,G,G,G,G,G,G,G,G,G,G,G,G,G+,G,G,G,G,G,G,G,G,G,G,G+,G,G,G,G,G,G,G,G,G,G,G,G,G,G,G,G,G,G,G,G,G,G,G,G,G,G,G,G,G,G,G,G,G,G,G,G,G,G,G,G,G,G,G,G,G,G,G,G,G,G,G,G,G,G,G,G,G,G,G,G,G,G,G,G,G,G,G,G,G,G,G,G,G,G,G,G,G,G,G,G,G,G,G,G,G,G,G,G,G,G,G,G,G,G,G,G,G,G,G,G,G,G,G,G,G,G,G,G,G,G,G,G,G,G,G,G,G,G,G,G,G,G,G-,G,G,G,G,G,G,G,G,G,G-,G,G,G
130,ETHYLAMINE SOLUTION (72% OR LESS),G+,G+,G,G,G,G,G,G,G,G,G,G,G,G,G,G,G,G,G,G,G,G,G,G,G,G,G,G,G,G,G,G,G,G,G,G,G,G,G,G,G,G-,G,G,G,G,G,G,G,G,G,G-,G,G,G,G,G,G,G,G-,G-,G,G,G,G,G,G,G,G,G,G,G,G,G,G,G,G,G,G,G,G,G,G,G,G,G,G,G,G,G,G,G,G,G,G,G,G,G,G,G,G,G,G,G,G,G,G,G,G,G,G,G,G,G,G,G,G,G,G,G+,G,G,G,G,G,G,G,G,G,X,G,G,G,G,G,G,G,G,G+,G,G,G,G,G,G,G,G,G,G,G,G,G,G,G,G,G,G,G,G,G,G-,G-,G-,G,G,G,G,G,G,G,G,G,G,G,G,G,G,G,G,G+,G,G,G,G,G+,G,G,G,G,G,G,G,G,G,G,G,G,G,G,G,G,G,G,G,G,G,G,G,G,G,G,G,G,G,G,G,G,G,G,G,G,G,G,G,G,G,G,G,G,G+,G,G,G,G,G,G,G,G,G,G,G,G,G,G,G,G,G,G,G,G,G,G,G,G,G,G,G,G,G,G,G,G,G,G,G,G,G,G,G,G,G,G,G,G,G,G,G,G,G,G,G,G,G,G+,G,G,G,G,G,G,G,G,G,G,G+,G,G,G,G,G,G,G,G,G,G,G,G,G,G,G,G,G,G,G,G,G,G,G,G,G,G,G,G,G,G,G,G,G,G,G,G,G,G,G,G,G,G,G,G,G,G,G,G,G,G,G,G,G,G,G,G,G,G,G,G,G,G,G,G,G,G,G,G,G,G,G,G,G,G,G,G,G,G,G,G,G,G,G,G,G,G,G,G,G,G,G,G,G,G,G,G,G,G,G,G,G,G,G,G,G,G,G,G,G,G,G,G,G,G,G,G,G,G,G,G,G,G,G-,G,G,G,G,G,G,G,G,G,G-,G,G,G
131,ETHYL AMYL KETONE,D+,D+,D,D,D,D,D,D,D,D,D,D,D,D,D,D,D,D,D,D,D,D,D,D,D,D,D,D,D,D,D,D,D,D,D,D,D,D,D,D,D,D-,D,D,D,D,D,D,D,D,D,D-,D,D,D,D,D,D,D,D-,D-,D,D,D,D,D,D,D,D,D,D,D,D,D,D,D,D,D,D,D,D,D,D,D,D,D,D,D,D,D,D,D,D,D,D,D,D,D,D,D,D,D,D,D,D,D,D,D,D,D,D,D,D,D,D,D,D,D,D,D+,D,D,D,D,D,D,D,D,D,D,X,D,D,D,D,D,D,D,D+,D,D,D,D,D,D,D,D,D,D,D,D,D,D,D,D,D,D,D,D,D,D-,D-,D-,D,D,D,D,D,D,D,D,D,D,D,D,D,D,D,D,D+,D,D,D,D,D+,D,D,D,D,D,D,D,D,D,D,D,D,D,D,D,D,D,D,D,D,D,D,D,D,D,D,D,D,D,D,D,D,D,D,D,D,D,D,D,D,D,D,D,D,D+,D,D,D,D,D,D,D,D,D,D,D,D,D,D,D,D,D,D,D,D,D,D,D,D,D,D,D,D,D,D,D,D,D,D,D,D,D,D,D,D,D,D,D,D,D,D,D,D,D,D,D,D,D,D+,D,D,D,D,D,D,D,D,D,D,D+,D,D,D,D,D,D,D,D,D,D,D,D,D,D,D,D,D,D,D,D,D,D,D,D,D,D,D,D,D,D,D,D,D,D,D,D,D,D,D,D,D,D,D,D,D,D,D,D,D,D,D,D,D,D,D,D,D,D,D,D,D,D,D,D,D,D,D,D,D,D,D,D,D,D,D,D,D,D,D,D,D,D,D,D,D,D,D,D,D,D,D,D,D,D,D,D,D,D,D,D,D,D,D,D,D,D,D,D,D,D,D,D,D,D,D,D,D,D,D,D,D,D,D-,D,D,D,D,D,D,D,D,D,D-,D,D,D
132,ETHYLBENZENE,C+,C+,C,C,C,C,C,C,C,C,C,C,C,C,C,C,C,C,C,C,C,C,C,C,C,C,C,C,C,C,C,C,C,C,C,C,C,C,C,C,C,C-,C,C,C,C,C,C,C,C,C,C-,C,C,C,C,C,C,C,C-,C-,C,C,C,C,C,C,C,C,C,C,C,C,C,C,C,C,C,C,C,C,C,C,C,C,C,C,C,C,C,C,C,C,C,C,C,C,C,C,C,C,C,C,C,C,C,C,C,C,C,C,C,C,C,C,C,C,C,C,C+,C,C,C,C,C,C,C,C,C,C,C,X,C,C,C,C,C,C,C+,C,C,C,C,C,C,C,C,C,C,C,C,C,C,C,C,C,C,C,C,C,C-,C-,C-,C,C,C,C,C,C,C,C,C,C,C,C,C,C,C,C,C+,C,C,C,C,C+,C,C,C,C,C,C,C,C,C,C,C,C,C,C,C,C,C,C,C,C,C,C,C,C,C,C,C,C,C,C,C,C,C,C,C,C,C,C,C,C,C,C,C,C,C+,C,C,C,C,C,C,C,C,C,C,C,C,C,C,C,C,C,C,C,C,C,C,C,C,C,C,C,C,C,C,C,C,C,C,C,C,C,C,C,C,C,C,C,C,C,C,C,C,C,C,C,C,C,C,C,C,C,C,C,C,C,C,C,C,C+,C,C,C,C,C,C,C,C,C,C,C,C,C,C,C,C,C,C,C,C,C,C,C,C,C,C,C,C,C,C,C,C,C,C,C,C,C,C,C,C,C,C,C,C,C,C,C,C,C,C,C,C,C,C,C,C,C,C,C,C,C,C,C,C,C,C,C,C,C,C,C,C,C,C,C,C,C,C,C,C,C,C,C,C,C,C,C,C,C,C,C,C,C,C,C,C,C,C,C,C,C,C,C,C,C,C,C,C,C,C,C,C,C,C,C,C,C,C,C,C,C,C,C-,C,C,C,C,C,C,C,C,C,C-,C,C,C
133,ETHYLENE CARBONATE,DD+,DD+,DD,DD,DD,DD,DD,DD,DD,DD,DD,DD,DD,DD,DD,DD,DD,DD,DD,DD,DD,DD,DD,DD,DD,DD,DD,DD,DD,DD,DD,DD,DD,DD,DD,DD,DD,DD,DD,DD,DD,DD-,DD,DD,DD,DD,DD,DD,DD,DD,DD,DD-,DD,DD,DD,DD,DD,DD,DD,DD-,DD-,DD,DD,DD,DD,DD,DD,DD,DD,DD,DD,DD,DD,DD,DD,DD,DD,DD,DD,DD,DD,DD,DD,DD,DD,DD,DD,DD,DD,DD,DD,DD,DD,DD,DD,DD,DD,DD,DD,DD,DD,DD,DD,DD,DD,DD,DD,DD,DD,DD,DD,DD,DD,DD,DD,DD,DD,DD,DD,DD+,DD,DD,DD,DD,DD,DD,DD,DD,DD,DD,DD,DD,X,DD,DD,DD,DD,DD,DD+,DD,DD,DD,DD,DD,DD,DD,DD,DD,DD,DD,DD,DD,DD,DD,DD,DD,DD,DD,DD,DD,DD-,DD-,DD-,DD,DD,DD,DD,DD,DD,DD,DD,DD,DD,DD,DD,DD,DD,DD,DD,DD+,DD,DD,DD,DD,DD+,DD,DD,DD,DD,DD,DD,DD,DD,DD,DD,DD,DD,DD,DD,DD,DD,DD,DD,DD,DD,DD,DD,DD,DD,DD,DD,DD,DD,DD,DD,DD,DD,DD,DD,DD,DD,DD,DD,DD,DD,DD,DD,DD,DD,DD+,DD,DD,DD,DD,DD,DD,DD,DD,DD,DD,DD,DD,DD,DD,DD,DD,DD,DD,DD,DD,DD,DD,DD,DD,DD,DD,DD,DD,DD,DD,DD,DD,DD,DD,DD,DD,DD,DD,DD,DD,DD,DD,DD,DD,DD,DD,DD,DD,DD,DD,DD,DD,DD,DD+,DD,DD,DD,DD,DD,DD,DD,DD,DD,DD,DD+,DD,DD,DD,DD,DD,DD,DD,DD,DD,DD,DD,DD,DD,DD,DD,DD,DD,DD,DD,DD,DD,DD,DD,DD,DD,DD,DD,DD,DD,DD,DD,DD,DD,DD,DD,DD,DD,DD,DD,DD,DD,DD,DD,DD,DD,DD,DD,DD,DD,DD,DD,DD,DD,DD,DD,DD,DD,DD,DD,DD,DD,DD,DD,DD,DD,DD,DD,DD,DD,DD,DD,DD,DD,DD,DD,DD,DD,DD,DD,DD,DD,DD,DD,DD,DD,DD,DD,DD,DD,DD,DD,DD,DD,DD,DD,DD,DD,DD,DD,DD,DD,DD,DD,DD,DD,DD,DD,DD,DD,DD,DD,DD,DD,DD,DD,DD,DD,DD,DD,DD,DD,DD,DD-,DD,DD,DD,DD,DD,DD,DD,DD,DD,DD-,DD,DD,DD
134,ETHYLENE CHLOROHYDRIN,BB+,BB+,BB,BB,BB,BB,BB,BB,BB,BB,BB,BB,BB,BB,BB,BB,BB,BB,BB,BB,BB,BB,BB,BB,BB,BB,BB,BB,BB,BB,BB,BB,BB,BB,BB,BB,BB,BB,BB,BB,BB,BB-,BB,BB,BB,BB,BB,BB,BB,BB,BB,BB-,BB,BB,BB,BB,BB,BB,BB,BB-,BB-,BB,BB,BB,BB,BB,BB,BB,BB,BB,BB,BB,BB,BB,BB,BB,BB,BB,BB,BB,BB,BB,BB,BB,BB,BB,BB,BB,BB,BB,BB,BB,BB,BB,BB,BB,BB,BB,BB,BB,BB,BB,BB,BB,BB,BB,BB,BB,BB,BB,BB,BB,BB,BB,BB,BB,BB,BB,BB,BB+,BB,BB,BB,BB,BB,BB,BB,BB,BB,BB,BB,BB,BB,X,BB,BB,BB,BB,BB+,BB,BB,BB,BB,BB,BB,BB,BB,BB,BB,BB,BB,BB,BB,BB,BB,BB,BB,BB,BB,BB,BB-,BB-,BB-,BB,BB,BB,BB,BB,BB,BB,BB,BB,BB,BB,BB,BB,BB,BB,BB,BB+,BB,BB,BB,BB,BB+,BB,BB,BB,BB,BB,BB,BB,BB,BB,BB,BB,BB,BB,BB,BB,BB,BB,BB,BB,BB,BB,BB,BB,BB,BB,BB,BB,BB,BB,BB,BB,BB,BB,BB,BB,BB,BB,BB,BB,BB,BB,BB,BB,BB,BB+,BB,BB,BB,BB,BB,BB,BB,BB,BB,BB,BB,BB,BB,BB,BB,BB,BB,BB,BB,BB,BB,BB,BB,BB,BB,BB,BB,BB,BB,BB,BB,BB,BB,BB,BB,BB,BB,BB,BB,BB,BB,BB,BB,BB,BB,BB,BB,BB,BB,BB,BB,BB,BB,BB+,BB,BB,BB,BB,BB,BB,BB,BB,BB,BB,BB+,BB,BB,BB,BB,BB,BB,BB,BB,BB,BB,BB,BB,BB,BB,BB,BB,BB,BB,BB,BB,BB,BB,BB,BB,BB,BB,BB,BB,BB,BB,BB,BB,BB,BB,BB,BB,BB,BB,BB,BB,BB,BB,BB,BB,BB,BB,BB,BB,BB,BB,BB,BB,BB,BB,BB,BB,BB,BB,BB,BB,BB,BB,BB,BB,BB,BB,BB,BB,BB,BB,BB,BB,BB,BB,BB,BB,BB,BB,BB,BB,BB,BB,BB,BB,BB,BB,BB,BB,BB,BB,BB,BB,BB,BB,BB,BB,BB,BB,BB,BB,BB,BB,BB,BB,BB,BB,BB,BB,BB,BB,BB,BB,BB,BB,BB,BB,BB,BB,BB,BB,BB,BB,BB-,BB,BB,BB,BB,BB,BB,BB,BB,BB,BB-,BB,BB,BB
135,ETHYLENE CYANOHYDRIN (21% WATER),CA+,CA+,CA,CA,CA,CA,CA,CA,CA,CA,CA,CA,CA,CA,CA,CA,CA,CA,CA,CA,CA,CA,CA,CA,CA,CA,CA,CA,CA,CA,CA,CA,CA,CA,CA,CA,CA,CA,CA,CA,CA,CA-,CA,CA,CA,CA,CA,CA,CA,CA,CA,CA-,CA,CA,CA,CA,CA,CA,CA,CA-,CA-,CA,CA,CA,CA,CA,CA,CA,CA,CA,CA,CA,CA,CA,CA,CA,CA,CA,CA,CA,CA,CA,CA,CA,CA,CA,CA,CA,CA,CA,CA,CA,CA,CA,CA,CA,CA,CA,CA,CA,CA,CA,CA,CA,CA,CA,CA,CA,CA,CA,CA,CA,CA,CA,CA,CA,CA,CA,CA,CA+,CA,CA,CA,CA,CA,CA,CA,CA,CA,CA,CA,CA,CA,CA,X,CA,CA,CA,CA+,CA,CA,CA,CA,CA,CA,CA,CA,CA,CA,CA,CA,CA,CA,CA,CA,CA,CA,CA,CA,CA,CA-,CA-,CA-,CA,CA,CA,CA,CA,CA,CA,CA,CA,CA,CA,CA,CA,CA,CA,CA,CA+,CA,CA,CA,CA,CA+,CA,CA,CA,CA,CA,CA,CA,CA,CA,CA,CA,CA,CA,CA,CA,CA,CA,CA,CA,CA,CA,CA,CA,CA,CA,CA,CA,CA,CA,CA,CA,CA,CA,CA,CA,CA,CA,CA,CA,CA,CA,CA,CA,CA,CA+,CA,CA,CA,CA,CA,CA,CA,CA,CA,CA,CA,CA,CA,CA,CA,CA,CA,CA,CA,CA,CA,CA,CA,CA,CA,CA,CA,CA,CA,CA,CA,CA,CA,CA,CA,CA,CA,CA,CA,CA,CA,CA,CA,CA,CA,CA,CA,CA,CA,CA,CA,CA,CA,CA+,CA,CA,CA,CA,CA,CA,CA,CA,CA,CA,CA+,CA,CA,CA,CA,CA,CA,CA,CA,CA,CA,CA,CA,CA,CA,CA,CA,CA,CA,CA,CA,CA,CA,CA,CA,CA,CA,CA,CA,CA,CA,CA,CA,CA,CA,CA,CA,CA,CA,CA,CA,CA,CA,CA,CA,CA,CA,CA,CA,CA,CA,CA,CA,CA,CA,CA,CA,CA,CA,CA,CA,CA,CA,CA,CA,CA,CA,CA,CA,CA,CA,CA,CA,CA,CA,CA,CA,CA,CA,CA,CA,CA,CA,CA,CA,CA,CA,CA,CA,CA,CA,CA,CA,CA,CA,CA,CA,CA,CA,CA,CA,CA,CA,CA,CA,CA,CA,CA,CA,CA,CA,CA,CA,CA,CA,CA,CA,CA,CA,CA,CA,CA,CA,CA-,CA,CA,CA,CA,CA,CA,CA,CA,CA,CA-,CA,CA,CA
136,ETHYLENEDIAMINE,GE+,GE+,GE,GE,GE,GE,GE,GE,GE,GE,GE,GE,GE,GE,GE,GE,GE,GE,GE,GE,GE,GE,GE,GE,GE,GE,GE,GE,GE,GE,GE,GE,GE,GE,GE,GE,GE,GE,GE,GE,GE,GE-,GE,GE,GE,GE,GE,GE,GE,GE,GE,GE-,GE,GE,GE,GE,GE,GE,GE,GE-,GE-,GE,GE,GE,GE,GE,GE,GE,GE,GE,GE,GE,GE,GE,GE,GE,GE,GE,GE,GE,GE,GE,GE,GE,GE,GE,GE,GE,GE,GE,GE,GE,GE,GE,GE,GE,GE,GE,GE,GE,GE,GE,GE,GE,GE,GE,GE,GE,GE,GE,GE,GE,GE,GE,GE,GE,GE,GE,GE,GE+,GE,GE,GE,GE,GE,GE,GE,GE,GE,GE,GE,GE,GE,GE,GE,X,GE,GE,GE+,GE,GE,GE,GE,GE,GE,GE,GE,GE,GE,GE,GE,GE,GE,GE,GE,GE,GE,GE,GE,GE,GE-,GE-,GE-,GE,GE,GE,GE,GE,GE,GE,GE,GE,GE,GE,GE,GE,GE,GE,GE,GE+,GE,GE,GE,GE,GE+,GE,GE,GE,GE,GE,GE,GE,GE,GE,GE,GE,GE,GE,GE,GE,GE,GE,GE,GE,GE,GE,GE,GE,GE,GE,GE,GE,GE,GE,GE,GE,GE,GE,GE,GE,GE,GE,GE,GE,GE,GE,GE,GE,GE,GE+,GE,GE,GE,GE,GE,GE,GE,GE,GE,GE,GE,GE,GE,GE,GE,GE,GE,GE,GE,GE,GE,GE,GE,GE,GE,GE,GE,GE,GE,GE,GE,GE,GE,GE,GE,GE,GE,GE,GE,GE,GE,GE,GE,GE,GE,GE,GE,GE,GE,GE,GE,GE,GE,GE+,GE,GE,GE,GE,GE,GE,GE,GE,GE,GE,GE+,GE,GE,GE,GE,GE,GE,GE,GE,GE,GE,GE,GE,GE,GE,GE,GE,GE,GE,GE,GE,GE,GE,GE,GE,GE,GE,GE,GE,GE,GE,GE,GE,GE,GE,GE,GE,GE,GE,GE,GE,GE,GE,GE,GE,GE,GE,GE,GE,GE,GE,GE,GE,GE,GE,GE,GE,GE,GE,GE,GE,GE,GE,GE,GE,GE,GE,GE,GE,GE,GE,GE,GE,GE,GE,GE,GE,GE,GE,GE,GE,GE,GE,GE,GE,GE,GE,GE,GE,GE,GE,GE,GE,GE,GE,GE,GE,GE,GE,GE,GE,GE,GE,GE,GE,GE,GE,GE,GE,GE,GE,GE,GE,GE,GE,GE,GE,GE,GE,GE,GE,GE,GE,GE-,GE,GE,GE,GE,GE,GE,GE,GE,GE,GE-,GE,GE,GE
137,ETHYLENE DIBROMIDE,CE+,CE+,CE,CE,CE,CE,CE,CE,CE,CE,CE,CE,CE,CE,CE,CE,CE,CE,CE,CE,CE,CE,CE,CE,CE,CE,CE,CE,CE,CE,CE,CE,CE,CE,CE,CE,CE,CE,CE,CE,CE,CE-,CE,CE,CE,CE,CE,CE,CE,CE,CE,CE-,CE,CE,CE,CE,CE,CE,CE,CE-,CE-,CE,CE,CE,CE,CE,CE,CE,CE,CE,CE,CE,CE,CE,CE,CE,CE,CE,CE,CE,CE,CE,CE,CE,CE,CE,CE,CE,CE,CE,CE,CE,CE,CE,CE,CE,CE,CE,CE,CE,CE,CE,CE,CE,CE,CE,CE,CE,CE,CE,CE,CE,CE,CE,CE,CE,CE,CE,CE,CE+,CE,CE,CE,CE,CE,CE,CE,CE,CE,CE,CE,CE,CE,CE,CE,CE,X,CE,CE+,CE,CE,CE,CE,CE,CE,CE,CE,CE,CE,CE,CE,CE,CE,CE,CE,CE,CE,CE,CE,CE,CE-,CE-,CE-,CE,CE,CE,CE,CE,CE,CE,CE,CE,CE,CE,CE,CE,CE,CE,CE,CE+,CE,CE,CE,CE,CE+,CE,CE,CE,CE,CE,CE,CE,CE,CE,CE,CE,CE,CE,CE,CE,CE,CE,CE,CE,CE,CE,CE,CE,CE,CE,CE,CE,CE,CE,CE,CE,CE,CE,CE,CE,CE,CE,CE,CE,CE,CE,CE,CE,CE,CE+,CE,CE,CE,CE,CE,CE,CE,CE,CE,CE,CE,CE,CE,CE,CE,CE,CE,CE,CE,CE,CE,CE,CE,CE,CE,CE,CE,CE,CE,CE,CE,CE,CE,CE,CE,CE,CE,CE,CE,CE,CE,CE,CE,CE,CE,CE,CE,CE,CE,CE,CE,CE,CE,CE+,CE,CE,CE,CE,CE,CE,CE,CE,CE,CE,CE+,CE,CE,CE,CE,CE,CE,CE,CE,CE,CE,CE,CE,CE,CE,CE,CE,CE,CE,CE,CE,CE,CE,CE,CE,CE,CE,CE,CE,CE,CE,CE,CE,CE,CE,CE,CE,CE,CE,CE,CE,CE,CE,CE,CE,CE,CE,CE,CE,CE,CE,CE,CE,CE,CE,CE,CE,CE,CE,CE,CE,CE,CE,CE,CE,CE,CE,CE,CE,CE,CE,CE,CE,CE,CE,CE,CE,CE,CE,CE,CE,CE,CE,CE,CE,CE,CE,CE,CE,CE,CE,CE,CE,CE,CE,CE,CE,CE,CE,CE,CE,CE,CE,CE,CE,CE,CE,CE,CE,CE,CE,CE,CE,CE,CE,CE,CE,CE,CE,CE,CE,CE,CE,CE-,CE,CE,CE,CE,CE,CE,CE,CE,CE,CE-,CE,CE,CE
138,ETHYLENE DICHLORIDE,C+,C+,C,C,C,C,C,C,C,C,C,C,C,C,C,C,C,C,C,C,C,C,C,C,C,C,C,C,C,C,C,C,C,C,C,C,C,C,C,C,C,C-,C,C,C,C,C,C,C,C,C,C-,C,C,C,C,C,C,C,C-,C-,C,C,C,C,C,C,C,C,C,C,C,C,C,C,C,C,C,C,C,C,C,C,C,C,C,C,C,C,C,C,C,C,C,C,C,C,C,C,C,C,C,C,C,C,C,C,C,C,C,C,C,C,C,C,C,C,C,C,C+,C,C,C,C,C,C,C,C,C,C,C,C,C,C,C,C,C,X,C+,C,C,C,C,C,C,C,C,C,C,C,C,C,C,C,C,C,C,C,C,C,C-,C-,C-,C,C,C,C,C,C,C,C,C,C,C,C,C,C,C,C,C+,C,C,C,C,C+,C,C,C,C,C,C,C,C,C,C,C,C,C,C,C,C,C,C,C,C,C,C,C,C,C,C,C,C,C,C,C,C,C,C,C,C,C,C,C,C,C,C,C,C,C+,C,C,C,C,C,C,C,C,C,C,C,C,C,C,C,C,C,C,C,C,C,C,C,C,C,C,C,C,C,C,C,C,C,C,C,C,C,C,C,C,C,C,C,C,C,C,C,C,C,C,C,C,C,C+,C,C,C,C,C,C,C,C,C,C,C+,C,C,C,C,C,C,C,C,C,C,C,C,C,C,C,C,C,C,C,C,C,C,C,C,C,C,C,C,C,C,C,C,C,C,C,C,C,C,C,C,C,C,C,C,C,C,C,C,C,C,C,C,C,C,C,C,C,C,C,C,C,C,C,C,C,C,C,C,C,C,C,C,C,C,C,C,C,C,C,C,C,C,C,C,C,C,C,C,C,C,C,C,C,C,C,C,C,C,C,C,C,C,C,C,C,C,C,C,C,C,C,C,C,C,C,C,C,C,C,C,C,C,C-,C,C,C,C,C,C,C,C,C,C-,C,C,C
139,ETHYLENE GLYCOL,BC+,BC+,BC,BC,BC,BC,BC,BC,BC,BC,BC,BC,BC,BC,BC,BC,BC,BC,BC,BC,BC,BC,BC,BC,BC,BC,BC,BC,BC,BC,BC,BC,BC,BC,BC,BC,BC,BC,BC,BC,BC,BC-,BC,BC,BC,BC,BC,BC,BC,BC,BC,BC-,BC,BC,BC,BC,BC,BC,BC,BC-,BC-,BC,BC,BC,BC,BC,BC,BC,BC,BC,BC,BC,BC,BC,BC,BC,BC,BC,BC,BC,BC,BC,BC,BC,BC,BC,BC,BC,BC,BC,BC,BC,BC,BC,BC,BC,BC,BC,BC,BC,BC,BC,BC,BC,BC,BC,BC,BC,BC,BC,BC,BC,BC,BC,BC,BC,BC,BC,BC,BC+,BC,BC,BC,BC,BC,BC,BC,BC,BC,BC,BC,BC,BC,BC,BC,BC,BC,BC,X+,BC,BC,BC,BC,BC,BC,BC,BC,BC,BC,BC,BC,BC,BC,BC,BC,BC,BC,BC,BC,BC,BC-,BC-,BC-,BC,BC,BC,BC,BC,BC,BC,BC,BC,BC,BC,BC,BC,BC,BC,BC,BC+,BC,BC,BC,BC,BC+,BC,BC,BC,BC,BC,BC,BC,BC,BC,BC,BC,BC,BC,BC,BC,BC,BC,BC,BC,BC,BC,BC,BC,BC,BC,BC,BC,BC,BC,BC,BC,BC,BC,BC,BC,BC,BC,BC,BC,BC,BC,BC,BC,BC,BC+,BC,BC,BC,BC,BC,BC,BC,BC,BC,BC,BC,BC,BC,BC,BC,BC,BC,BC,BC,BC,BC,BC,BC,BC,BC,BC,BC,BC,BC,BC,BC,BC,BC,BC,BC,BC,BC,BC,BC,BC,BC,BC,BC,BC,BC,BC,BC,BC,BC,BC,BC,BC,BC,BC+,BC,BC,BC,BC,BC,BC,BC,BC,BC,BC,BC+,BC,BC,BC,BC,BC,BC,BC,BC,BC,BC,BC,BC,BC,BC,BC,BC,BC,BC,BC,BC,BC,BC,BC,BC,BC,BC,BC,BC,BC,BC,BC,BC,BC,BC,BC,BC,BC,BC,BC,BC,BC,BC,BC,BC,BC,BC,BC,BC,BC,BC,BC,BC,BC,BC,BC,BC,BC,BC,BC,BC,BC,BC,BC,BC,BC,BC,BC,BC,BC,BC,BC,BC,BC,BC,BC,BC,BC,BC,BC,BC,BC,BC,BC,BC,BC,BC,BC,BC,BC,BC,BC,BC,BC,BC,BC,BC,BC,BC,BC,BC,BC,BC,BC,BC,BC,BC,BC,BC,BC,BC,BC,BC,BC,BC,BC,BC,BC,BC,BC,BC,BC,BC,BC-,BC,BC,BC,BC,BC,BC,BC,BC,BC,BC-,BC,BC,BC
140,ETHYLENEGLYCOLDIACETATE,C+,C+,C,C,C,C,C,C,C,C,C,C,C,C,C,C,C,C,C,C,C,C,C,C,C,C,C,C,C,C,C,C,C,C,C,C,C,C,C,C,C,C-,C,C,C,C,C,C,C,C,C,C-,C,C,C,C,C,C,C,C-,C-,C,C,C,C,C,C,C,C,C,C,C,C,C,C,C,C,C,C,C,C,C,C,C,C,C,C,C,C,C,C,C,C,C,C,C,C,C,C,C,C,C,C,C,C,C,C,C,C,C,C,C,C,C,C,C,C,C,C,C+,C,C,C,C,C,C,C,C,C,C,C,C,C,C,C,C,C,C,C+,X,C,C,C,C,C,C,C,C,C,C,C,C,C,C,C,C,C,C,C,C,C-,C-,C-,C,C,C,C,C,C,C,C,C,C,C,C,C,C,C,C,C+,C,C,C,C,C+,C,C,C,C,C,C,C,C,C,C,C,C,C,C,C,C,C,C,C,C,C,C,C,C,C,C,C,C,C,C,C,C,C,C,C,C,C,C,C,C,C,C,C,C,C+,C,C,C,C,C,C,C,C,C,C,C,C,C,C,C,C,C,C,C,C,C,C,C,C,C,C,C,C,C,C,C,C,C,C,C,C,C,C,C,C,C,C,C,C,C,C,C,C,C,C,C,C,C,C+,C,C,C,C,C,C,C,C,C,C,C+,C,C,C,C,C,C,C,C,C,C,C,C,C,C,C,C,C,C,C,C,C,C,C,C,C,C,C,C,C,C,C,C,C,C,C,C,C,C,C,C,C,C,C,C,C,C,C,C,C,C,C,C,C,C,C,C,C,C,C,C,C,C,C,C,C,C,C,C,C,C,C,C,C,C,C,C,C,C,C,C,C,C,C,C,C,C,C,C,C,C,C,C,C,C,C,C,C,C,C,C,C,C,C,C,C,C,C,C,C,C,C,C,C,C,C,C,C,C,C,C,C,C,C-,C,C,C,C,C,C,C,C,C,C-,C,C,C
141,ETHYLENEGLYCOLMONOBUTYLETHER,BA+,BA+,BA,BA,BA,BA,BA,BA,BA,BA,BA,BA,BA,BA,BA,BA,BA,BA,BA,BA,BA,BA,BA,BA,BA,BA,BA,BA,BA,BA,BA,BA,BA,BA,BA,BA,BA,BA,BA,BA,BA,BA-,BA,BA,BA,BA,BA,BA,BA,BA,BA,BA-,BA,BA,BA,BA,BA,BA,BA,BA-,BA-,BA,BA,BA,BA,BA,BA,BA,BA,BA,BA,BA,BA,BA,BA,BA,BA,BA,BA,BA,BA,BA,BA,BA,BA,BA,BA,BA,BA,BA,BA,BA,BA,BA,BA,BA,BA,BA,BA,BA,BA,BA,BA,BA,BA,BA,BA,BA,BA,BA,BA,BA,BA,BA,BA,BA,BA,BA,BA,BA+,BA,BA,BA,BA,BA,BA,BA,BA,BA,BA,BA,BA,BA,BA,BA,BA,BA,BA,BA+,BA,X,BA,BA,BA,BA,BA,BA,BA,BA,BA,BA,BA,BA,BA,BA,BA,BA,BA,BA,BA,BA-,BA-,BA-,BA,BA,BA,BA,BA,BA,BA,BA,BA,BA,BA,BA,BA,BA,BA,BA,BA+,BA,BA,BA,BA,BA+,BA,BA,BA,BA,BA,BA,BA,BA,BA,BA,BA,BA,BA,BA,BA,BA,BA,BA,BA,BA,BA,BA,BA,BA,BA,BA,BA,BA,BA,BA,BA,BA,BA,BA,BA,BA,BA,BA,BA,BA,BA,BA,BA,BA,BA+,BA,BA,BA,BA,BA,BA,BA,BA,BA,BA,BA,BA,BA,BA,BA,BA,BA,BA,BA,BA,BA,BA,BA,BA,BA,BA,BA,BA,BA,BA,BA,BA,BA,BA,BA,BA,BA,BA,BA,BA,BA,BA,BA,BA,BA,BA,BA,BA,BA,BA,BA,BA,BA,BA+,BA,BA,BA,BA,BA,BA,BA,BA,BA,BA,BA+,BA,BA,BA,BA,BA,BA,BA,BA,BA,BA,BA,BA,BA,BA,BA,BA,BA,BA,BA,BA,BA,BA,BA,BA,BA,BA,BA,BA,BA,BA,BA,BA,BA,BA,BA,BA,BA,BA,BA,BA,BA,BA,BA,BA,BA,BA,BA,BA,BA,BA,BA,BA,BA,BA,BA,BA,BA,BA,BA,BA,BA,BA,BA,BA,BA,BA,BA,BA,BA,BA,BA,BA,BA,BA,BA,BA,BA,BA,BA,BA,BA,BA,BA,BA,BA,BA,BA,BA,BA,BA,BA,BA,BA,BA,BA,BA,BA,BA,BA,BA,BA,BA,BA,BA,BA,BA,BA,BA,BA,BA,BA,BA,BA,BA,BA,BA,BA,BA,BA,BA,BA,BA,BA-,BA,BA,BA,BA,BA,BA,BA,BA,BA,BA-,BA,BA,BA
142,ETHYLENEGLYCOLMONOBUTYLETHERACETATE,BA+,BA+,BA,BA,BA,BA,BA,BA,BA,BA,BA,BA,BA,BA,BA,BA,BA,BA,BA,BA,BA,BA,BA,BA,BA,BA,BA,BA,BA,BA,BA,BA,BA,BA,BA,BA,BA,BA,BA,BA,BA,BA-,BA,BA,BA,BA,BA,BA,BA,BA,BA,BA-,BA,BA,BA,BA,BA,BA,BA,BA-,BA-,BA,BA,BA,BA,BA,BA,BA,BA,BA,BA,BA,BA,BA,BA,BA,BA,BA,BA,BA,BA,BA,BA,BA,BA,BA,BA,BA,BA,BA,BA,BA,BA,BA,BA,BA,BA,BA,BA,BA,BA,BA,BA,BA,BA,BA,BA,BA,BA,BA,BA,BA,BA,BA,BA,BA,BA,BA,BA,BA+,BA,BA,BA,BA,BA,BA,BA,BA,BA,BA,BA,BA,BA,BA,BA,BA,BA,BA,BA+,BA,BA,X,BA,BA,BA,BA,BA,BA,BA,BA,BA,BA,BA,BA,BA,BA,BA,BA,BA,BA,BA-,BA-,BA-,BA,BA,BA,BA,BA,BA,BA,BA,BA,BA,BA,BA,BA,BA,BA,BA,BA+,BA,BA,BA,BA,BA+,BA,BA,BA,BA,BA,BA,BA,BA,BA,BA,BA,BA,BA,BA,BA,BA,BA,BA,BA,BA,BA,BA,BA,BA,BA,BA,BA,BA,BA,BA,BA,BA,BA,BA,BA,BA,BA,BA,BA,BA,BA,BA,BA,BA,BA+,BA,BA,BA,BA,BA,BA,BA,BA,BA,BA,BA,BA,BA,BA,BA,BA,BA,BA,BA,BA,BA,BA,BA,BA,BA,BA,BA,BA,BA,BA,BA,BA,BA,BA,BA,BA,BA,BA,BA,BA,BA,BA,BA,BA,BA,BA,BA,BA,BA,BA,BA,BA,BA,BA+,BA,BA,BA,BA,BA,BA,BA,BA,BA,BA,BA+,BA,BA,BA,BA,BA,BA,BA,BA,BA,BA,BA,BA,BA,BA,BA,BA,BA,BA,BA,BA,BA,BA,BA,BA,BA,BA,BA,BA,BA,BA,BA,BA,BA,BA,BA,BA,BA,BA,BA,BA,BA,BA,BA,BA,BA,BA,BA,BA,BA,BA,BA,BA,BA,BA,BA,BA,BA,BA,BA,BA,BA,BA,BA,BA,BA,BA,BA,BA,BA,BA,BA,BA,BA,BA,BA,BA,BA,BA,BA,BA,BA,BA,BA,BA,BA,BA,BA,BA,BA,BA,BA,BA,BA,BA,BA,BA,BA,BA,BA,BA,BA,BA,BA,BA,BA,BA,BA,BA,BA,BA,BA,BA,BA,BA,BA,BA,BA,BA,BA,BA,BA,BA,BA-,BA,BA,BA,BA,BA,BA,BA,BA,BA,BA-,BA,BA,BA
143,ETHYLENEGLYCOLMONOETHYLETHER,BA+,BA+,BA,BA,BA,BA,BA,BA,BA,BA,BA,BA,BA,BA,BA,BA,BA,BA,BA,BA,BA,BA,BA,BA,BA,BA,BA,BA,BA,BA,BA,BA,BA,BA,BA,BA,BA,BA,BA,BA,BA,BA-,BA,BA,BA,BA,BA,BA,BA,BA,BA,BA-,BA,BA,BA,BA,BA,BA,BA,BA-,BA-,BA,BA,BA,BA,BA,BA,BA,BA,BA,BA,BA,BA,BA,BA,BA,BA,BA,BA,BA,BA,BA,BA,BA,BA,BA,BA,BA,BA,BA,BA,BA,BA,BA,BA,BA,BA,BA,BA,BA,BA,BA,BA,BA,BA,BA,BA,BA,BA,BA,BA,BA,BA,BA,BA,BA,BA,BA,BA,BA+,BA,BA,BA,BA,BA,BA,BA,BA,BA,BA,BA,BA,BA,BA,BA,BA,BA,BA,BA+,BA,BA,BA,X,BA,BA,BA,BA,BA,BA,BA,BA,BA,BA,BA,BA,BA,BA,BA,BA,BA,BA-,BA-,BA-,BA,BA,BA,BA,BA,BA,BA,BA,BA,BA,BA,BA,BA,BA,BA,BA,BA+,BA,BA,BA,BA,BA+,BA,BA,BA,BA,BA,BA,BA,BA,BA,BA,BA,BA,BA,BA,BA,BA,BA,BA,BA,BA,BA,BA,BA,BA,BA,BA,BA,BA,BA,BA,BA,BA,BA,BA,BA,BA,BA,BA,BA,BA,BA,BA,BA,BA,BA+,BA,BA,BA,BA,BA,BA,BA,BA,BA,BA,BA,BA,BA,BA,BA,BA,BA,BA,BA,BA,BA,BA,BA,BA,BA,BA,BA,BA,BA,BA,BA,BA,BA,BA,BA,BA,BA,BA,BA,BA,BA,BA,BA,BA,BA,BA,BA,BA,BA,BA,BA,BA,BA,BA+,BA,BA,BA,BA,BA,BA,BA,BA,BA,BA,BA+,BA,BA,BA,BA,BA,BA,BA,BA,BA,BA,BA,BA,BA,BA,BA,BA,BA,BA,BA,BA,BA,BA,BA,BA,BA,BA,BA,BA,BA,BA,BA,BA,BA,BA,BA,BA,BA,BA,BA,BA,BA,BA,BA,BA,BA,BA,BA,BA,BA,BA,BA,BA,BA,BA,BA,BA,BA,BA,BA,BA,BA,BA,BA,BA,BA,BA,BA,BA,BA,BA,BA,BA,BA,BA,BA,BA,BA,BA,BA,BA,BA,BA,BA,BA,BA,BA,BA,BA,BA,BA,BA,BA,BA,BA,BA,BA,BA,BA,BA,BA,BA,BA,BA,BA,BA,BA,BA,BA,BA,BA,BA,BA,BA,BA,BA,BA,BA,BA,BA,BA,BA,BA,BA-,BA,BA,BA,BA,BA,BA,BA,BA,BA,BA-,BA,BA,BA
144,ETHYLENEGLYCOLMONOPHENYLETHER,BC+,BC+,BC,BC,BC,BC,BC,BC,BC,BC,BC,BC,BC,BC,BC,BC,BC,BC,BC,BC,BC,BC,BC,BC,BC,BC,BC,BC,BC,BC,BC,BC,BC,BC,BC,BC,BC,BC,BC,BC,BC,BC-,BC,BC,BC,BC,BC,BC,BC,BC,BC,BC-,BC,BC,BC,BC,BC,BC,BC,BC-,BC-,BC,BC,BC,BC,BC,BC,BC,BC,BC,BC,BC,BC,BC,BC,BC,BC,BC,BC,BC,BC,BC,BC,BC,BC,BC,BC,BC,BC,BC,BC,BC,BC,BC,BC,BC,BC,BC,BC,BC,BC,BC,BC,BC,BC,BC,BC,BC,BC,BC,BC,BC,BC,BC,BC,BC,BC,BC,BC,BC+,BC,BC,BC,BC,BC,BC,BC,BC,BC,BC,BC,BC,BC,BC,BC,BC,BC,BC,BC+,BC,BC,BC,BC,X,BC,BC,BC,BC,BC,BC,BC,BC,BC,BC,BC,BC,BC,BC,BC,BC,BC-,BC-,BC-,BC,BC,BC,BC,BC,BC,BC,BC,BC,BC,BC,BC,BC,BC,BC,BC,BC+,BC,BC,BC,BC,BC+,BC,BC,BC,BC,BC,BC,BC,BC,BC,BC,BC,BC,BC,BC,BC,BC,BC,BC,BC,BC,BC,BC,BC,BC,BC,BC,BC,BC,BC,BC,BC,BC,BC,BC,BC,BC,BC,BC,BC,BC,BC,BC,BC,BC,BC+,BC,BC,BC,BC,BC,BC,BC,BC,BC,BC,BC,BC,BC,BC,BC,BC,BC,BC,BC,BC,BC,BC,BC,BC,BC,BC,BC,BC,BC,BC,BC,BC,BC,BC,BC,BC,BC,BC,BC,BC,BC,BC,BC,BC,BC,BC,BC,BC,BC,BC,BC,BC,BC,BC+,BC,BC,BC,BC,BC,BC,BC,BC,BC,BC,BC+,BC,BC,BC,BC,BC,BC,BC,BC,BC,BC,BC,BC,BC,BC,BC,BC,BC,BC,BC,BC,BC,BC,BC,BC,BC,BC,BC,BC,BC,BC,BC,BC,BC,BC,BC,BC,BC,BC,BC,BC,BC,BC,BC,BC,BC,BC,BC,BC,BC,BC,BC,BC,BC,BC,BC,BC,BC,BC,BC,BC,BC,BC,BC,BC,BC,BC,BC,BC,BC,BC,BC,BC,BC,BC,BC,BC,BC,BC,BC,BC,BC,BC,BC,BC,BC,BC,BC,BC,BC,BC,BC,BC,BC,BC,BC,BC,BC,BC,BC,BC,BC,BC,BC,BC,BC,BC,BC,BC,BC,BC,BC,BC,BC,BC,BC,BC,BC,BC,BC,BC,BC,BC,BC-,BC,BC,BC,BC,BC,BC,BC,BC,BC,BC-,BC,BC,BC
145,2-ETHYLHEXANOICACID,BA+,BA+,BA,BA,BA,BA,BA,BA,BA,BA,BA,BA,BA,BA,BA,BA,BA,BA,BA,BA,BA,BA,BA,BA,BA,BA,BA,BA,BA,BA,BA,BA,BA,BA,BA,BA,BA,BA,BA,BA,BA,BA-,BA,BA,BA,BA,BA,BA,BA,BA,BA,BA-,BA,BA,BA,BA,BA,BA,BA,BA-,BA-,BA,BA,BA,BA,BA,BA,BA,BA,BA,BA,BA,BA,BA,BA,BA,BA,BA,BA,BA,BA,BA,BA,BA,BA,BA,BA,BA,BA,BA,BA,BA,BA,BA,BA,BA,BA,BA,BA,BA,BA,BA,BA,BA,BA,BA,BA,BA,BA,BA,BA,BA,BA,BA,BA,BA,BA,BA,BA,BA+,BA,BA,BA,BA,BA,BA,BA,BA,BA,BA,BA,BA,BA,BA,BA,BA,BA,BA,BA+,BA,BA,BA,BA,BA,X,BA,BA,BA,BA,BA,BA,BA,BA,BA,BA,BA,BA,BA,BA,BA,BA-,BA-,BA-,BA,BA,BA,BA,BA,BA,BA,BA,BA,BA,BA,BA,BA,BA,BA,BA,BA+,BA,BA,BA,BA,BA+,BA,BA,BA,BA,BA,BA,BA,BA,BA,BA,BA,BA,BA,BA,BA,BA,BA,BA,BA,BA,BA,BA,BA,BA,BA,BA,BA,BA,BA,BA,BA,BA,BA,BA,BA,BA,BA,BA,BA,BA,BA,BA,BA,BA,BA+,BA,BA,BA,BA,BA,BA,BA,BA,BA,BA,BA,BA,BA,BA,BA,BA,BA,BA,BA,BA,BA,BA,BA,BA,BA,BA,BA,BA,BA,BA,BA,BA,BA,BA,BA,BA,BA,BA,BA,BA,BA,BA,BA,BA,BA,BA,BA,BA,BA,BA,BA,BA,BA,BA+,BA,BA,BA,BA,BA,BA,BA,BA,BA,BA,BA+,BA,BA,BA,BA,BA,BA,BA,BA,BA,BA,BA,BA,BA,BA,BA,BA,BA,BA,BA,BA,BA,BA,BA,BA,BA,BA,BA,BA,BA,BA,BA,BA,BA,BA,BA,BA,BA,BA,BA,BA,BA,BA,BA,BA,BA,BA,BA,BA,BA,BA,BA,BA,BA,BA,BA,BA,BA,BA,BA,BA,BA,BA,BA,BA,BA,BA,BA,BA,BA,BA,BA,BA,BA,BA,BA,BA,BA,BA,BA,BA,BA,BA,BA,BA,BA,BA,BA,BA,BA,BA,BA,BA,BA,BA,BA,BA,BA,BA,BA,BA,BA,BA,BA,BA,BA,BA,BA,BA,BA,BA,BA,BA,BA,BA,BA,BA,BA,BA,BA,BA,BA,BA,BA-,BA,BA,BA,BA,BA,BA,BA,BA,BA,BA-,BA,BA,BA
146,2-ETHYLHEXANOL,NC+,NC+,NC,NC,NC,NC,NC,NC,NC,NC,NC,NC,NC,NC,NC,NC,NC,NC,NC,DD,NC,NC,NC,NC,NC,NC,NC,NC,DD,DD,DD,DD,NC,NC,NC,NC,NC,NC,NC,NC,NC,DD-,NC,NC,NC,NC,NC,NC,NC,NC,NC,DD-,NC,NC,NC,NC,DD,NC,NC,DD-,DD-,NC,DD,NC,NC,NC,NC,NC,NC,NC,NC,NC,NC,NC,NC,NC,NC,NC,NC,NC,DD,NC,NC,NC,NC,NC,NC,NC,NC,NC,NC,NC,NC,NC,NC,NC,NC,NC,NC,NC,NC,NC,NC,NC,NC,NC,NC,NC,NC,NC,NC,NC,NC,NC,NC,NC,NC,NC,NC,NC+,NC,NC,NC,NC,NC,NC,NC,NC,NC,NC,NC,NC,NC,NC,NC,NC,NC,NC,NC+,NC,NC,NC,NC,NC,NC,X,NC,NC,NC,NC,NC,NC,NC,NC,NC,NC,NC,NC,NC,NC,DD-,DD-,DD-,NC,NC,DD,DD,DD,DD,DD,DD,NC,NC,NC,NC,NC,NC,NC,NC,NC+,NC,NC,NC,NC,NC+,NC,NC,DD,NC,DD,NC,NC,NC,NC,NC,NC,DD,NC,NC,NC,NC,NC,NC,NC,NC,NC,NC,NC,NC,NC,DD,DD,NC,NC,NC,NC,NC,NC,DD,NC,NC,NC,NC,NC,NC,NC,NC,NC,NC,NC+,NC,NC,NC,NC,NC,NC,NC,NC,NC,NC,NC,NC,NC,NC,NC,NC,NC,NC,NC,NC,NC,NC,NC,NC,NC,NC,DD,NC,NC,NC,DD,DD,NC,NC,NC,NC,NC,NC,NC,NC,NC,NC,NC,NC,NC,NC,NC,NC,NC,NC,NC,NC,NC,NC+,NC,NC,NC,NC,NC,NC,NC,NC,NC,NC,NC+,NC,NC,NC,NC,NC,NC,NC,NC,NC,NC,NC,NC,NC,NC,NC,NC,NC,NC,NC,NC,NC,NC,NC,NC,NC,NC,NC,NC,NC,NC,NC,NC,NC,NC,NC,NC,NC,NC,NC,NC,NC,NC,NC,NC,NC,NC,NC,NC,NC,NC,NC,NC,NC,NC,NC,DD,NC,NC,NC,DD,NC,DD,NC,NC,DD,NC,NC,NC,NC,NC,NC,NC,NC,NC,NC,NC,NC,NC,NC,NC,DD,DD,NC,NC,NC,NC,NC,NC,NC,NC,NC,NC,NC,NC,NC,NC,NC,NC,NC,NC,NC,NC,NC,NC,NC,NC,NC,NC,NC,NC,NC,NC,NC,NC,DD,DD,NC,NC,NC,NC,NC,NC,DD-,NC,NC,NC,DD,DD,NC,NC,NC,NC,DD-,NC,NC,NC
147,2-ETHYLHEXYLACRYLATE,MA+,MA+,MA,MA,MA,MA,MA,MA,MA,MA,MA,MA,MA,MA,MA,MA,MA,MA,MA,M,MA,MA,MA,MA,MA,MA,MA,MA,M,M,M,M,MA,MA,MA,MA,MA,MA,MA,MA,MA,M-,MA,MA,MA,MA,MA,MA,MA,MA,MA,M-,MA,MA,MA,MA,M,MA,MA,M-,M-,MA,M,MA,MA,MA,MA,MA,MA,MA,MA,MA,MA,MA,MA,MA,MA,MA,MA,MA,M,MA,MA,MA,MA,MA,MA,MA,MA,MA,MA,MA,MA,MA,MA,MA,MA,MA,MA,MA,MA,MA,MA,MA,MA,MA,MA,MA,MA,MA,MA,MA,MA,MA,MA,MA,MA,MA,MA,MA+,MA,MA,MA,MA,MA,MA,MA,M,MA,MA,MA,MA,MA,MA,MA,MA,MA,MA,MA+,MA,MA,MA,MA,MA,MA,MA,M,MA,M,MA,MA,MA,MA,MA,MA,MA,MA,MA,MA,MA,M-,M-,M-,MA,MA,M,M,M,M,M,M,MA,MA,MA,MA,MA,MA,MA,MA,MA+,MA,MA,MA,MA,MA+,MA,MA,M,MA,M,M,MA,MA,M,MA,M,M,MA,MA,MA,MA,MA,MA,MA,MA,MA,MA,MA,MA,MA,M,M,MA,MA,MA,MA,MA,MA,M,MA,MA,MA,MA,MA,MA,MA,MA,MA,MA,MA+,MA,MA,MA,MA,MA,MA,MA,MA,MA,MA,M,MA,MA,MA,MA,MA,MA,MA,M,MA,MA,MA,MA,MA,MA,MA,M,MA,MA,MA,M,M,MA,MA,MA,MA,MA,MA,MA,MA,MA,MA,MA,MA,MA,M,MA,MA,M,MA,MA,MA,MA,MA+,MA,MA,MA,MA,MA,MA,MA,MA,MA,MA,MA+,MA,MA,MA,MA,MA,MA,MA,MA,MA,MA,MA,MA,MA,MA,MA,MA,MA,MA,MA,MA,MA,MA,MA,MA,MA,MA,MA,MA,MA,MA,MA,MA,MA,MA,MA,MA,MA,MA,MA,MA,MA,MA,MA,MA,MA,MA,MA,MA,MA,MA,MA,MA,MA,MA,MA,M,MA,MA,MA,M,MA,M,MA,MA,M,MA,MA,MA,MA,MA,MA,MA,MA,MA,MA,MA,MA,MA,MA,MA,M,M,MA,MA,M,MA,MA,MA,MA,MA,MA,MA,MA,MA,MA,MA,MA,MA,MA,MA,MA,MA,MA,MA,MA,MA,MA,MA,MA,MA,MA,MA,MA,MA,M,M,MA,MA,MA,MA,MA,MA,M-,MA,MA,MA,M,M,MA,MA,MA,MA,M-,MA,MA,MA
148,2-ETHYLHEXYLAMINE-1,GC+,GC+,GC,GC,GC,GC,GC,GC,GC,GC,GC,GC,GC,GC,GC,GC,GC,GC,GC,GC,GC,GC,GC,GC,GC,GC,GC,GC,GC,GC,GC,GC,GC,GC,GC,GC,GC,GC,GC,GC,GC,GC-,GC,GC,GC,GC,GC,GC,GC,GC,GC,GC-,GC,GC,GC,GC,GC,GC,GC,GC-,GC-,GC,GC,GC,GC,GC,GC,GC,GC,GC,GC,GC,GC,GC,GC,GC,GC,GC,GC,GC,GC,GC,GC,GC,GC,GC,GC,GC,GC,GC,GC,GC,GC,GC,GC,GC,GC,GC,GC,GC,GC,GC,GC,GC,GC,GC,GC,GC,GC,GC,GC,GC,GC,GC,GC,GC,GC,GC,GC,GC+,GC,GC,GC,GC,GC,GC,GC,GC,GC,GC,GC,GC,GC,GC,GC,GC,GC,GC,GC+,GC,GC,GC,GC,GC,GC,GC,GC,X,GC,GC,GC,GC,GC,GC,GC,GC,GC,GC,GC,GC,GC-,GC-,GC-,GC,GC,GC,GC,GC,GC,GC,GC,GC,GC,GC,GC,GC,GC,GC,GC,GC+,GC,GC,GC,GC,GC+,GC,GC,GC,GC,GC,GC,GC,GC,GC,GC,GC,GC,GC,GC,GC,GC,GC,GC,GC,GC,GC,GC,GC,GC,GC,GC,GC,GC,GC,GC,GC,GC,GC,GC,GC,GC,GC,GC,GC,GC,GC,GC,GC,GC,GC+,GC,GC,GC,GC,GC,GC,GC,GC,GC,GC,GC,GC,GC,GC,GC,GC,GC,GC,GC,GC,GC,GC,GC,GC,GC,GC,GC,GC,GC,GC,GC,GC,GC,GC,GC,GC,GC,GC,GC,GC,GC,GC,GC,GC,GC,GC,GC,GC,GC,GC,GC,GC,GC,GC+,GC,GC,GC,GC,GC,GC,GC,GC,GC,GC,GC+,GC,GC,GC,GC,GC,GC,GC,GC,GC,GC,GC,GC,GC,GC,GC,GC,GC,GC,GC,GC,GC,GC,GC,GC,GC,GC,GC,GC,GC,GC,GC,GC,GC,GC,GC,GC,GC,GC,GC,GC,GC,GC,GC,GC,GC,GC,GC,GC,GC,GC,GC,GC,GC,GC,GC,GC,GC,GC,GC,GC,GC,GC,GC,GC,GC,GC,GC,GC,GC,GC,GC,GC,GC,GC,GC,GC,GC,GC,GC,GC,GC,GC,GC,GC,GC,GC,GC,GC,GC,GC,GC,GC,GC,GC,GC,GC,GC,GC,GC,GC,GC,GC,GC,GC,GC,GC,GC,GC,GC,GC,GC,GC,GC,GC,GC,GC,GC,GC,GC,GC,GC,GC,GC-,GC,GC,GC,GC,GC,GC,GC,GC,GC,GC-,GC,GC,GC
149,ETHYLMETHACRYLATE,MA+,MA+,MA,MA,MA,MA,MA,MA,MA,MA,MA,MA,MA,MA,MA,MA,MA,MA,MA,M,MA,MA,MA,MA,MA,MA,MA,MA,M,M,M,M,MA,MA,MA,MA,MA,MA,MA,MA,MA,M-,MA,MA,MA,MA,MA,MA,MA,MA,MA,M-,MA,MA,MA,MA,M,MA,MA,M-,M-,MA,M,MA,MA,MA,MA,MA,MA,MA,MA,MA,MA,MA,MA,MA,MA,MA,MA,MA,M,MA,MA,MA,MA,MA,MA,MA,MA,MA,MA,MA,MA,MA,MA,MA,MA,MA,MA,MA,MA,MA,MA,MA,MA,MA,MA,MA,MA,MA,MA,MA,MA,MA,MA,MA,MA,MA,MA,MA+,MA,MA,MA,MA,MA,MA,MA,M,MA,MA,MA,MA,MA,MA,MA,MA,MA,MA,MA+,MA,MA,MA,MA,MA,MA,MA,M,MA,X,MA,MA,MA,MA,MA,MA,MA,MA,MA,MA,MA,M-,M-,M-,MA,MA,M,M,M,M,M,M,MA,MA,MA,MA,MA,MA,MA,MA,MA+,MA,MA,MA,MA,MA+,MA,MA,M,MA,M,M,MA,MA,M,MA,M,M,MA,MA,MA,MA,MA,MA,MA,MA,MA,MA,MA,MA,MA,M,M,MA,MA,MA,MA,MA,MA,M,MA,MA,MA,MA,MA,MA,MA,MA,MA,MA,MA+,MA,MA,MA,MA,MA,MA,MA,MA,MA,MA,M,MA,MA,MA,MA,MA,MA,MA,M,MA,MA,MA,MA,MA,MA,MA,M,MA,MA,MA,M,M,MA,MA,MA,MA,MA,MA,MA,MA,MA,MA,MA,MA,MA,M,MA,MA,M,MA,MA,MA,MA,MA+,MA,MA,MA,MA,MA,MA,MA,MA,MA,MA,MA+,MA,MA,MA,MA,MA,MA,MA,MA,MA,MA,MA,MA,MA,MA,MA,MA,MA,MA,MA,MA,MA,MA,MA,MA,MA,MA,MA,MA,MA,MA,MA,MA,MA,MA,MA,MA,MA,MA,MA,MA,MA,MA,MA,MA,MA,MA,MA,MA,MA,MA,MA,MA,MA,MA,MA,M,MA,MA,MA,M,MA,M,MA,MA,M,MA,MA,MA,MA,MA,MA,MA,MA,MA,MA,MA,MA,MA,MA,MA,M,M,MA,MA,M,MA,MA,MA,MA,MA,MA,MA,MA,MA,MA,MA,MA,MA,MA,MA,MA,MA,MA,MA,MA,MA,MA,MA,MA,MA,MA,MA,MA,MA,M,M,MA,MA,MA,MA,MA,MA,M-,MA,MA,MA,M,M,MA,MA,MA,MA,M-,MA,MA,MA
150,ETHYLTOLUENES (MIXED ISOMERS),D+,D+,D,D,D,D,D,D,D,D,D,D,D,D,D,D,D,D,D,D,D,D,D,D,D,D,D,D,D,D,D,D,D,D,D,D,D,D,D,D,D,D-,D,D,D,D,D,D,D,D,D,D-,D,D,D,D,D,D,D,D-,D-,D,D,D,D,D,D,D,D,D,D,D,D,D,D,D,D,D,D,D,D,D,D,D,D,D,D,D,D,D,D,D,D,D,D,D,D,D,D,D,D,D,D,D,D,D,D,D,D,D,D,D,D,D,D,D,D,D,D,D+,D,D,D,D,D,D,D,D,D,D,D,D,D,D,D,D,D,D,D+,D,D,D,D,D,D,D,D,D,D,X,D,D,D,D,D,D,D,D,D,D,D-,D-,D-,D,D,D,D,D,D,D,D,D,D,D,D,D,D,D,D,D+,D,D,D,D,D+,D,D,D,D,D,D,D,D,D,D,D,D,D,D,D,D,D,D,D,D,D,D,D,D,D,D,D,D,D,D,D,D,D,D,D,D,D,D,D,D,D,D,D,D,D+,D,D,D,D,D,D,D,D,D,D,D,D,D,D,D,D,D,D,D,D,D,D,D,D,D,D,D,D,D,D,D,D,D,D,D,D,D,D,D,D,D,D,D,D,D,D,D,D,D,D,D,D,D,D+,D,D,D,D,D,D,D,D,D,D,D+,D,D,D,D,D,D,D,D,D,D,D,D,D,D,D,D,D,D,D,D,D,D,D,D,D,D,D,D,D,D,D,D,D,D,D,D,D,D,D,D,D,D,D,D,D,D,D,D,D,D,D,D,D,D,D,D,D,D,D,D,D,D,D,D,D,D,D,D,D,D,D,D,D,D,D,D,D,D,D,D,D,D,D,D,D,D,D,D,D,D,D,D,D,D,D,D,D,D,D,D,D,D,D,D,D,D,D,D,D,D,D,D,D,D,D,D,D,D,D,D,D,D,D-,D,D,D,D,D,D,D,D,D,D-,D,D,D
151,EXXALS,IB+,IB+,IB,IB,IB,IB,IB,IB,IB,IB,IB,IB,IB,IB,IB,IB,IB,IB,IB,DD,IB,IB,IB,IB,IB,IB,IB,IB,DD,DD,DD,DD,IB,IB,IB,IB,IB,IB,IB,IB,IB,DD-,IB,IB,IB,IB,IB,IB,IB,IB,IB,DD-,IB,IB,IB,IB,DD,IB,IB,DD-,DD-,IB,DD,IB,IB,IB,IB,IB,IB,IB,IB,IB,IB,IB,IB,IB,IB,IB,IB,IB,DD,IB,IB,IB,IB,IB,IB,IB,IB,IB,IB,IB,IB,IB,IB,IB,IB,IB,IB,IB,IB,IB,IB,IB,IB,IB,IB,IB,IB,IB,IB,IB,IB,IB,IB,IB,IB,IB,IB,IB+,IB,IB,IB,IB,IB,IB,IB,IB,IB,IB,IB,IB,IB,IB,IB,IB,IB,IB,IB+,IB,IB,IB,IB,IB,IB,IB,IB,IB,IB,IB,X,IB,IB,IB,IB,IB,IB,IB,IB,IB,DD-,DD-,DD-,IB,IB,DD,DD,DD,DD,DD,DD,IB,IB,IB,IB,IB,DD,IB,IB,IB+,IB,IB,IB,IB,IB+,IB,IB,DD,DD,DD,IB,IB,IB,IB,IB,IB,DD,IB,IB,IB,IB,IB,IB,IB,IB,IB,IB,IB,IB,IB,DD,DD,IB,IB,IB,IB,IB,IB,DD,IB,IB,IB,DD,IB,IB,IB,IB,IB,IB,IB+,IB,IB,IB,IB,IB,IB,IB,IB,IB,IB,IB,IB,IB,IB,IB,IB,IB,IB,IB,IB,IB,IB,IB,IB,IB,IB,DD,IB,IB,DD,DD,DD,IB,IB,IB,IB,IB,IB,IB,IB,IB,IB,IB,IB,IB,IB,IB,IB,IB,IB,IB,IB,IB,IB+,IB,IB,IB,IB,IB,IB,IB,IB,IB,IB,IB+,IB,IB,IB,IB,IB,IB,IB,IB,IB,IB,IB,IB,IB,IB,IB,IB,IB,IB,IB,IB,IB,IB,IB,IB,IB,IB,IB,IB,IB,IB,IB,IB,IB,IB,IB,IB,IB,IB,IB,DD,IB,IB,IB,IB,IB,IB,IB,IB,IB,IB,IB,IB,IB,IB,IB,DD,IB,IB,DD,DD,DD,DD,IB,IB,DD,DD,IB,DD,DD,IB,IB,IB,IB,IB,IB,IB,IB,IB,IB,IB,DD,DD,IB,IB,IB,IB,IB,IB,IB,IB,IB,IB,IB,IB,IB,IB,IB,IB,IB,IB,IB,IB,IB,IB,IB,IB,IB,IB,IB,IB,IB,IB,IB,IB,DD,DD,IB,IB,IB,IB,IB,IB,DD-,IB,IB,IB,DD,DD,IB,IB,IB,IB,DD-,IB,IB,IB
152,EXXSOLS,DH+,DH+,DH,DH,DH,CF,DH,DH,DH,DH,DH,DH,DH,DH,DH,DH,DH,DH,DH,CF,DH,DH,DH,DH,DH,DH,DH,DH,CF,CF,CF,CF,DH,DH,DH,DH,DH,DH,DH,DH,DH,CF-,DH,CF,DH,DH,DH,DH,DH,DH,DH,CF-,CF,CF,CF,CF,CF,DH,DH,CF-,CF-,DH,CF,DH,DH,DH,DH,DH,DH,DH,DH,DH,DH,DH,DH,DH,DH,DH,DH,DH,CF,DH,DH,DH,DH,DH,DH,DH,DH,DH,DH,DH,DH,DH,DH,DH,DH,DH,DH,DH,DH,DH,DH,DH,DH,DH,DH,DH,DH,DH,DH,DH,DH,DH,DH,DH,DH,DH,DH,DH+,DH,DH,DH,DH,DH,DH,DH,DH,DH,DH,DH,DH,DH,DH,DH,DH,DH,DH,DH+,DH,DH,DH,DH,DH,DH,DH,DH,DH,DH,DH,DH,X,CF,CF,CF,DH,DH,DH,DH,DH,CF-,CF-,CF-,DH,DH,CF,CF,CF,CF,CF,CF,DH,DH,DH,DH,CF,CF,DH,DH,DH+,DH,DH,DH,DH,DH+,DH,DH,CF,CF,CF,DH,DH,DH,DH,DH,DH,CF,DH,DH,DH,DH,DH,DH,DH,DH,DH,DH,DH,DH,DH,CF,CF,DH,DH,CF,DH,CF,DH,CF,DH,CF,CF,CF,CF,DH,DH,DH,DH,DH,DH+,DH,DH,DH,DH,DH,DH,DH,DH,DH,DH,DH,DH,DH,DH,DH,DH,DH,DH,DH,DH,DH,DH,DH,DH,CF,DH,CF,CF,DH,CF,CF,CF,DH,CF,DH,DH,DH,DH,DH,DH,DH,DH,DH,DH,DH,DH,DH,DH,DH,DH,DH,DH,DH,DH+,DH,DH,DH,DH,DH,DH,DH,DH,DH,DH,DH+,DH,CF,DH,DH,DH,DH,DH,CF,CF,CF,CF,CF,CF,CF,CF,CF,CF,CF,CF,CF,DH,CF,DH,DH,DH,DH,DH,DH,CF,CF,DH,CF,DH,DH,DH,CF,DH,DH,DH,CF,DH,DH,DH,DH,DH,DH,DH,DH,DH,DH,DH,DH,DH,DH,DH,CF,CF,CF,CF,CF,CF,CF,CF,DH,CF,CF,CF,CF,CF,DH,CF,DH,DH,CF,CF,DH,DH,DH,CF,CF,CF,CF,CF,DH,DH,DH,DH,DH,DH,DH,DH,DH,DH,DH,DH,DH,DH,DH,DH,DH,DH,DH,DH,DH,DH,DH,DH,DH,DH,DH,DH,DH,DH,CF,CF,CF,DH,CF,CF,CF,CF,CF,CF-,DH,CF,CF,CF,CF,DH,DH,DH,DH,CF-,DH,DH,DH
153,[153] FATTY ACID METHYL ESTERS,IH+,IH+,IH,IH,IH,DF,IH,IH,IH,IH,IH,IH,IH,IH,IH,IH,IH,IH,IH,DF,HY,HY,HY,IH,IH,IH,IH,IH,DF,DF,DF,DF,IH,IH,IH,IH,IH,IH,IH,IH,IH,DF-,IH,DF,IH,IH,IH,IH,IH,IH,IH,DF-,DF,DF,DF,DF,DF,IH,IH,DF-,DF-,IH,DF,IH,IH,IH,IH,IH,IH,IH,IH,IH,IH,IH,IH,IH,IH,IH,IH,IH,DF,IH,IH,IH,IH,IH,IH,IH,IH,IH,IH,IH,IH,IH,IH,IH,IH,IH,IH,IH,IH,IH,IH,IH,IH,IH,IH,IH,IH,IH,IH,IH,IH,IH,IH,IH,IH,IH,IH,IH+,IH,IH,IH,IH,IH,IH,IH,IH,IH,IH,IH,IH,IH,IH,IH,IH,IH,IH,IH+,IH,IH,IH,IH,IH,IH,IH,IH,IH,IH,IH,IH,IH,X,DF,DF,IH,IH,IH,IH,IH,DF-,DF-,DF-,IH,IH,DF,DF,DF,DF,DF,DF,IH,IH,IH,IH,DF,IH,IH,IH,IH+,IH,IH,IH,IH,IH+,IH,IH,DF,IH,DF,IH,IH,IH,IH,IH,IH,DF,IH,IH,IH,IH,IH,IH,IH,IH,IH,IH,IH,IH,HY,DF,DF,IH,IH,DF,IH,DF,IH,DF,IH,DF,DF,IH,DF,IH,IH,IH,IH,IH,IH+,IH,IH,IH,IH,IH,IH,IH,IH,IH,IH,IH,IH,IH,IH,IH,IH,IH,IH,IH,IH,IH,IH,IH,IH,DF,IH,DF,DF,IH,IH,DF,DF,IH,IH,IH,IH,IH,IH,IH,IH,IH,IH,IH,IH,IH,IH,IH,IH,IH,IH,IH,IH,IH,IH+,IH,IH,IH,IH,IH,IH,IH,IH,IH,IH,IH+,IH,DF,IH,IH,IH,IH,IH,DF,DF,DF,DF,DF,DF,DF,DF,DF,DF,DF,DF,DF,IH,IH,IH,IH,IH,IH,IH,IH,IH,IH,IH,IH,IH,IH,IH,DF,IH,IH,IH,DF,IH,IH,IH,IH,IH,IH,IH,IH,IH,IH,IH,IH,IH,IH,IH,DF,DF,DF,IH,DF,IH,DF,DF,IH,DF,DF,IH,DF,DF,IH,IH,IH,IH,IH,DF,IH,IH,IH,DF,DF,DF,DF,DF,IH,IH,IH,IH,IH,IH,IH,IH,IH,IH,IH,IH,IH,IH,IH,IH,IH,IH,IH,IH,IH,IH,IH,IH,IH,IH,IH,IH,IH,IH,DF,DF,DF,IH,DF,DF,DF,DF,DF,DF-,IH,IH,DF,DF,DF,IH,IH,IH,IH,DF-,IH,IH,IH
154,"FATTY ACIDS, C12+",PB+,PB+,PB,PB,PB,PB,PB,PB,PB,PB,PB,PB,PB,PB,PB,PB,PB,PB,PB,PB,HY,HY,HY,PB,PB,PB,PB,PB,PB,PB,PB,PB,PB,PB,PB,PB,PB,PB,PB,PB,PB,PB-,PB,PB,PB,PB,PB,PB,PB,PB,PB,PB-,PB,PB,PB,PB,PB,PB,PB,PB-,PB-,PB,PB,PB,PB,PB,PB,PB,PB,PB,PB,PB,PB,PB,PB,PB,PB,PB,PB,PB,PB,PB,PB,PB,PB,PB,PB,PB,PB,PB,PB,PB,PB,PB,PB,PB,PB,PB,PB,PB,PB,PB,PB,PB,PB,PB,PB,PB,PB,PB,PB,PB,PB,PB,PB,PB,PB,PB,PB,PB+,PB,PB,PB,PB,PB,PB,PB,PB,PB,PB,PB,PB,PB,PB,PB,PB,PB,PB,PB+,PB,PB,PB,PB,PB,PB,PB,PB,PB,PB,PB,PB,PB,PB,X,PB,PB,PB,PB,PB,PB,PB-,PB-,PB-,PB,PB,PB,PB,PB,PB,PB,PB,PB,PB,PB,PB,PB,PB,PB,PB,PB+,PB,PB,PB,PB,PB+,PB,PB,PB,PB,PB,PB,PB,PB,PB,PB,PB,PB,PB,PB,PB,PB,PB,PB,PB,PB,PB,PB,PB,PB,HY,PB,PB,PB,PB,PB,PB,PB,PB,PB,PB,PB,PB,PB,PB,PB,PB,PB,PB,PB,PB+,PB,PB,PB,PB,PB,PB,PB,PB,PB,PB,PB,PB,PB,PB,PB,PB,PB,PB,PB,PB,PB,PB,PB,PB,PB,PB,PB,PB,PB,PB,PB,PB,PB,PB,PB,PB,PB,PB,PB,PB,PB,PB,PB,PB,PB,PB,PB,PB,PB,PB,PB,PB,PB,PB+,PB,PB,PB,PB,PB,PB,PB,PB,PB,PB,PB+,PB,PB,PB,PB,PB,PB,PB,PB,PB,PB,PB,PB,PB,PB,PB,PB,PB,PB,PB,PB,PB,PB,PB,PB,PB,PB,PB,PB,PB,PB,PB,PB,PB,PB,PB,PB,PB,PB,PB,PB,PB,PB,PB,PB,PB,PB,PB,PB,PB,PB,PB,PB,PB,PB,PB,PB,PB,PB,PB,PB,PB,PB,PB,PB,PB,PB,PB,PB,PB,PB,PB,PB,PB,PB,PB,PB,PB,PB,PB,PB,PB,PB,PB,PB,PB,PB,PB,PB,PB,PB,PB,PB,PB,PB,PB,PB,PB,PB,PB,PB,PB,PB,PB,PB,PB,PB,PB,PB,PB,PB,PB,PB,PB,PB,PB,PB,PB,PB,PB,PB,PB,PB,PB-,PB,PB,PB,PB,PB,PB,PB,PB,PB,PB-,PB,PB,PB
155,FISH OIL,PA+,PA+,PA,PA,PA,PA,PA,PA,PA,PA,PA,PA,PA,PA,PA,PA,PA,PA,PA,PA,HY,HY,HY,PA,PA,PA,PA,PA,PA,PA,PA,PA,PA,PA,PA,PA,PA,PA,PA,PA,PA,PA-,PA,PA,PA,PA,PA,PA,PA,PA,PA,PA-,PA,PA,PA,PA,PA,PA,PA,PA-,PA-,PA,PA,PA,PA,PA,PA,PA,PA,PA,PA,PA,PA,PA,PA,PA,PA,PA,PA,PA,PA,PA,PA,PA,PA,PA,PA,PA,PA,PA,PA,PA,PA,PA,PA,PA,PA,PA,PA,PA,PA,PA,PA,PA,PA,PA,PA,PA,PA,PA,PA,PA,PA,PA,PA,PA,PA,PA,PA,PA+,PA,PA,PA,PA,PA,PA,PA,PA,PA,PA,PA,PA,PA,PA,PA,PA,PA,PA,PA+,PA,PA,PA,PA,PA,PA,PA,PA,PA,PA,PA,PA,PA,PA,PA,X,PA,PA,PA,PA,PA,PA-,PA-,PA-,PA,PA,PA,PA,PA,PA,PA,PA,PA,PA,PA,PA,PA,PA,PA,PA,PA+,PA,PA,PA,PA,PA+,PA,PA,PA,PA,PA,PA,PA,PA,PA,PA,PA,PA,PA,PA,PA,PA,PA,PA,PA,PA,PA,PA,PA,PA,HY,PA,PA,PA,PA,PA,PA,PA,PA,PA,PA,PA,PA,PA,PA,PA,PA,PA,PA,PA,PA+,PA,PA,PA,PA,PA,PA,PA,PA,PA,PA,PA,PA,PA,PA,PA,PA,PA,PA,PA,PA,PA,PA,PA,PA,PA,PA,PA,PA,PA,PA,PA,PA,PA,PA,PA,PA,PA,PA,PA,PA,PA,PA,PA,PA,PA,PA,PA,PA,PA,PA,PA,PA,PA,PA+,PA,PA,PA,PA,PA,PA,PA,PA,PA,PA,PA+,PA,PA,PA,PA,PA,PA,PA,PA,PA,PA,PA,PA,PA,PA,PA,PA,PA,PA,PA,PA,PA,PA,PA,PA,PA,PA,PA,PA,PA,PA,PA,PA,PA,PA,PA,PA,PA,PA,PA,PA,PA,PA,PA,PA,PA,PA,PA,PA,PA,PA,PA,PA,PA,PA,PA,PA,PA,PA,PA,PA,PA,PA,PA,PA,PA,PA,PA,PA,PA,PA,PA,PA,PA,PA,PA,PA,PA,PA,PA,PA,PA,PA,PA,PA,PA,PA,PA,PA,PA,PA,PA,PA,PA,PA,PA,PA,PA,PA,PA,PA,PA,PA,PA,PA,PA,PA,PA,PA,PA,PA,PA,PA,PA,PA,PA,PA,PA,PA,PA,PA,PA,PA,PA-,PA,PA,PA,PA,PA,PA,PA,PA,PA,PA-,PA,PA,PA
156,FORMALDEHYDE SOLUTIONS (45% OR LESS),C+,C+,C,C,C,C,C,C,C,C,C,C,C,C,C,C,C,C,C,C,C,C,C,C,C,C,C,C,C,C,C,C,C,C,C,C,C,C,C,C,C,C-,C,C,C,C,C,C,C,C,C,C-,C,C,C,C,C,C,C,C-,C-,C,C,C,C,C,C,C,C,C,C,C,C,C,C,C,C,C,C,C,C,C,C,C,C,C,C,C,C,C,C,C,C,C,C,C,C,C,C,C,C,C,C,C,C,C,C,C,C,C,C,C,C,C,C,C,C,C,C,C+,C,C,C,C,C,C,C,C,C,C,C,C,C,C,C,C,C,C,C+,C,C,C,C,C,C,C,C,C,C,C,C,C,C,C,C,X,C,C,C,C,C-,C-,C-,C,C,C,C,C,C,C,C,C,C,C,C,C,C,C,C,C+,C,C,C,C,C+,C,C,C,C,C,C,C,C,C,C,C,C,C,C,C,C,C,C,C,C,C,C,C,C,C,C,C,C,C,C,C,C,C,C,C,C,C,C,C,C,C,C,C,C,C+,C,C,C,C,C,C,C,C,C,C,C,C,C,C,C,C,C,C,C,C,C,C,C,C,C,C,C,C,C,C,C,C,C,C,C,C,C,C,C,C,C,C,C,C,C,C,C,C,C,C,C,C,C,C+,C,C,C,C,C,C,C,C,C,C,C+,C,C,C,C,C,C,C,C,C,C,C,C,C,C,C,C,C,C,C,C,C,C,C,C,C,C,C,C,C,C,C,C,C,C,C,C,C,C,C,C,C,C,C,C,C,C,C,C,C,C,C,C,C,C,C,C,C,C,C,C,C,C,C,C,C,C,C,C,C,C,C,C,C,C,C,C,C,C,C,C,C,C,C,C,C,C,C,C,C,C,C,C,C,C,C,C,C,C,C,C,C,C,C,C,C,C,C,C,C,C,C,C,C,C,C,C,C,C,C,C,C,C,C-,C,C,C,C,C,C,C,C,C,C-,C,C,C
157,FORMAMIDE,BC+,BC+,BC,BC,BC,BC,BC,BC,BC,BC,BC,BC,BC,BC,BC,BC,BC,BC,BC,BC,BC,BC,BC,BC,BC,BC,BC,BC,BC,BC,BC,BC,BC,BC,BC,BC,BC,BC,BC,BC,BC,BC-,BC,BC,BC,BC,BC,BC,BC,BC,BC,BC-,BC,BC,BC,BC,BC,BC,BC,BC-,BC-,BC,BC,BC,BC,BC,BC,BC,BC,BC,BC,BC,BC,BC,BC,BC,BC,BC,BC,BC,BC,BC,BC,BC,BC,BC,BC,BC,BC,BC,BC,BC,BC,BC,BC,BC,BC,BC,BC,BC,BC,BC,BC,BC,BC,BC,BC,BC,BC,BC,BC,BC,BC,BC,BC,BC,BC,BC,BC,BC+,BC,BC,BC,BC,BC,BC,BC,BC,BC,BC,BC,BC,BC,BC,BC,BC,BC,BC,BC+,BC,BC,BC,BC,BC,BC,BC,BC,BC,BC,BC,BC,BC,BC,BC,BC,BC,X,BC,BC,BC,BC-,BC-,BC-,BC,BC,BC,BC,BC,BC,BC,BC,BC,BC,BC,BC,BC,BC,BC,BC,BC+,BC,BC,BC,BC,BC+,BC,BC,BC,BC,BC,BC,BC,BC,BC,BC,BC,BC,BC,BC,BC,BC,BC,BC,BC,BC,BC,BC,BC,BC,BC,BC,BC,BC,BC,BC,BC,BC,BC,BC,BC,BC,BC,BC,BC,BC,BC,BC,BC,BC,BC+,BC,BC,BC,BC,BC,BC,BC,BC,BC,BC,BC,BC,BC,BC,BC,BC,BC,BC,BC,BC,BC,BC,BC,BC,BC,BC,BC,BC,BC,BC,BC,BC,BC,BC,BC,BC,BC,BC,BC,BC,BC,BC,BC,BC,BC,BC,BC,BC,BC,BC,BC,BC,BC,BC+,BC,BC,BC,BC,BC,BC,BC,BC,BC,BC,BC+,BC,BC,BC,BC,BC,BC,BC,BC,BC,BC,BC,BC,BC,BC,BC,BC,BC,BC,BC,BC,BC,BC,BC,BC,BC,BC,BC,BC,BC,BC,BC,BC,BC,BC,BC,BC,BC,BC,BC,BC,BC,BC,BC,BC,BC,BC,BC,BC,BC,BC,BC,BC,BC,BC,BC,BC,BC,BC,BC,BC,BC,BC,BC,BC,BC,BC,BC,BC,BC,BC,BC,BC,BC,BC,BC,BC,BC,BC,BC,BC,BC,BC,BC,BC,BC,BC,BC,BC,BC,BC,BC,BC,BC,BC,BC,BC,BC,BC,BC,BC,BC,BC,BC,BC,BC,BC,BC,BC,BC,BC,BC,BC,BC,BC,BC,BC,BC,BC,BC,BC,BC,BC,BC-,BC,BC,BC,BC,BC,BC,BC,BC,BC,BC-,BC,BC,BC
158,"FORMIC ACID MIXTURE (≤18% PROPIONIC ACID, ≤25% SODIUM FORMATE)",FA+,FA+,FA,FA,FA,FA,FA,FA,FA,FA,FA,FA,FA,FA,FA,FA,FA,FA,FA,FA,FA,FA,FA,FA,FA,FA,FA,FA,FA,FA,FA,FA,FA,FA,FA,FA,FA,FA,FA,FA,FA,FA-,FA,FA,FA,FA,FA,FA,FA,FA,FA,FA-,FA,FA,FA,FA,FA,FA,FA,FA-,FA-,FA,FA,FA,FA,FA,FA,FA,FA,FA,FA,FA,FA,FA,FA,FA,FA,FA,FA,FA,FA,FA,FA,FA,FA,FA,FA,FA,FA,FA,FA,FA,FA,FA,FA,FA,FA,FA,FA,FA,FA,FA,FA,FA,FA,FA,FA,FA,FA,FA,FA,FA,FA,FA,FA,FA,FA,FA,FA,FA+,FA,FA,FA,FA,FA,FA,FA,FA,FA,FA,FA,FA,FA,FA,FA,FA,FA,FA,FA+,FA,FA,FA,FA,FA,FA,FA,FA,FA,FA,FA,FA,FA,FA,FA,FA,FA,FA,X,FA,FA,FA-,FA-,FA-,FA,FA,FA,FA,FA,FA,FA,FA,FA,FA,FA,FA,FA,FA,FA,FA,FA+,FA,FA,FA,FA,FA+,FA,FA,FA,FA,FA,FA,FA,FA,FA,FA,FA,FA,FA,FA,FA,FA,FA,FA,FA,FA,FA,FA,FA,FA,FA,FA,FA,FA,FA,FA,FA,FA,FA,FA,FA,FA,FA,FA,FA,FA,FA,FA,FA,FA,FA+,FA,FA,FA,FA,FA,FA,FA,FA,FA,FA,FA,FA,FA,FA,FA,FA,FA,FA,FA,FA,FA,FA,FA,FA,FA,FA,FA,FA,FA,FA,FA,FA,FA,FA,FA,FA,FA,FA,FA,FA,FA,FA,FA,FA,FA,FA,FA,FA,FA,FA,FA,FA,FA,FA+,FA,FA,FA,FA,FA,FA,FA,FA,FA,FA,FA+,FA,FA,FA,FA,FA,FA,FA,FA,FA,FA,FA,FA,FA,FA,FA,FA,FA,FA,FA,FA,FA,FA,FA,FA,FA,FA,FA,FA,FA,FA,FA,FA,FA,FA,FA,FA,FA,FA,FA,FA,FA,FA,FA,FA,FA,FA,FA,FA,FA,FA,FA,FA,FA,FA,FA,FA,FA,FA,FA,FA,FA,FA,FA,FA,FA,FA,FA,FA,FA,FA,FA,FA,FA,FA,FA,FA,FA,FA,FA,FA,FA,FA,FA,FA,FA,FA,FA,FA,FA,FA,FA,FA,FA,FA,FA,FA,FA,FA,FA,FA,FA,FA,FA,FA,FA,FA,FA,FA,FA,FA,FA,FA,FA,FA,FA,FA,FA,FA,FA,FA,FA,FA,FA-,FA,FA,FA,FA,FA,FA,FA,FA,FA,FA-,FA,FA,FA
159,FORMIC ACID (85% OR LESS),FA+,FA+,FA,FA,FA,FA,FA,FA,FA,FA,FA,FA,FA,FA,FA,FA,FA,FA,FA,FA,FA,FA,FA,FA,FA,FA,FA,FA,FA,FA,FA,FA,FA,FA,FA,FA,FA,FA,FA,FA,FA,FA-,FA,FA,FA,FA,FA,FA,FA,FA,FA,FA-,FA,FA,FA,FA,FA,FA,FA,FA-,FA-,FA,FA,FA,FA,FA,FA,FA,FA,FA,FA,FA,FA,FA,FA,FA,FA,FA,FA,FA,FA,FA,FA,FA,FA,FA,FA,FA,FA,FA,FA,FA,FA,FA,FA,FA,FA,FA,FA,FA,FA,FA,FA,FA,FA,FA,FA,FA,FA,FA,FA,FA,FA,FA,FA,FA,FA,FA,FA,FA+,FA,FA,FA,FA,FA,FA,FA,FA,FA,FA,FA,FA,FA,FA,FA,FA,FA,FA,FA+,FA,FA,FA,FA,FA,FA,FA,FA,FA,FA,FA,FA,FA,FA,FA,FA,FA,FA,FA,X,FA,FA-,FA-,FA-,FA,FA,FA,FA,FA,FA,FA,FA,FA,FA,FA,FA,FA,FA,FA,FA,FA+,FA,FA,FA,FA,FA+,FA,FA,FA,FA,FA,FA,FA,FA,FA,FA,FA,FA,FA,FA,FA,FA,FA,FA,FA,FA,FA,FA,FA,FA,FA,FA,FA,FA,FA,FA,FA,FA,FA,FA,FA,FA,FA,FA,FA,FA,FA,FA,FA,FA,FA+,FA,FA,FA,FA,FA,FA,FA,FA,FA,FA,FA,FA,FA,FA,FA,FA,FA,FA,FA,FA,FA,FA,FA,FA,FA,FA,FA,FA,FA,FA,FA,FA,FA,FA,FA,FA,FA,FA,FA,FA,FA,FA,FA,FA,FA,FA,FA,FA,FA,FA,FA,FA,FA,FA+,FA,FA,FA,FA,FA,FA,FA,FA,FA,FA,FA+,FA,FA,FA,FA,FA,FA,FA,FA,FA,FA,FA,FA,FA,FA,FA,FA,FA,FA,FA,FA,FA,FA,FA,FA,FA,FA,FA,FA,FA,FA,FA,FA,FA,FA,FA,FA,FA,FA,FA,FA,FA,FA,FA,FA,FA,FA,FA,FA,FA,FA,FA,FA,FA,FA,FA,FA,FA,FA,FA,FA,FA,FA,FA,FA,FA,FA,FA,FA,FA,FA,FA,FA,FA,FA,FA,FA,FA,FA,FA,FA,FA,FA,FA,FA,FA,FA,FA,FA,FA,FA,FA,FA,FA,FA,FA,FA,FA,FA,FA,FA,FA,FA,FA,FA,FA,FA,FA,FA,FA,FA,FA,FA,FA,FA,FA,FA,FA,FA,FA,FA,FA,FA,FA-,FA,FA,FA,FA,FA,FA,FA,FA,FA,FA-,FA,FA,FA
160,FUEL ETHANOL,IA+,IA+,IA,IA,IA,IA,IA,IA,IA,IA,IA,IA,IA,IA,IA,IA,IA,IA,IA,HG,H,HB,HH,IA,IA,IA,IA,IA,HH,HH,HH,HH,IA,IA,IA,IA,IA,IA,IA,IA,IA,D-,IA,IA,IA,IA,IA,IA,IA,IA,IA,D-,D,IA,IA,IA,D,IA,IA,H-,H-,IA,HC,IA,IA,IA,IA,IA,IA,IA,IA,IA,IA,IA,IA,IA,IA,IA,IA,IA,HC,IA,IA,IA,IA,IA,IA,IA,IA,IA,IA,IA,IA,IA,IA,IA,IA,IA,IA,IA,IA,IA,IA,IA,IA,IA,IA,IA,IA,IA,IA,IA,IA,IA,IA,IA,IA,IA,IA,IA+,IA,IA,IA,IA,IA,IA,IA,IA,IA,IA,IA,IA,IA,IA,IA,IA,IA,IA,IA+,IA,IA,IA,IA,IA,IA,IA,IA,IA,IA,IA,IA,IA,D,IA,IA,IA,IA,IA,IA,X,HC-,HC-,HC-,IA,IA,HC,HC,HC,H,H,HG,IA,IA,IA,IA,IA,HB,IA,IA,IA+,IA,IA,IA,IA,IA+,IA,IA,HG,HB,HG,IA,IA,IA,IA,IA,IA,H,IA,IA,IA,IA,IA,IA,IA,IA,IA,IA,IA,IA,HH,HC,HC,IA,IA,IA,IA,IA,IA,HC,D,IA,IA,HG,IA,IA,IA,IA,IA,IA,IA+,IA,IA,IA,IA,IA,IA,IA,IA,IA,IA,IA,IA,IA,IA,IA,IA,IA,IA,IA,IA,IA,IA,IA,IA,IA,IA,H,IA,IA,HB,H,H,IA,IA,IA,IA,IA,IA,IA,IA,IA,IA,IA,IA,IA,IA,IA,IA,IA,IA,IA,IA,IA,IA+,IA,IA,IA,IA,IA,IA,IA,IA,IA,IA,IA+,IA,IA,IA,IA,IA,IA,IA,IA,IA,IA,IA,D,IA,IA,IA,IA,IA,IA,IA,IA,IA,IA,IA,IA,IA,IA,IA,IA,IA,IA,IA,IA,IA,IA,IA,IA,IA,IA,IA,D,IA,IA,IA,IA,IA,IA,IA,IA,IA,IA,IA,IA,IA,IA,IA,D,IA,IA,HB,HG,HB,HC,IA,IA,HC,D,IA,D,D,IA,IA,IA,IA,HH,IA,IA,IA,IA,IA,IA,D,D,IA,IA,IA,IA,IA,IA,IA,IA,IA,IA,IA,IA,IA,IA,IA,IA,IA,IA,IA,IA,IA,IA,IA,IA,IA,IA,IA,IA,IA,IA,IA,IA,HG,HC,IA,IA,IA,IA,IA,D,HD-,IA,IA,IA,HG,HC,IA,IA,IA,IA,HC-,HH,HH,IA
161,FUEL OIL NO. 4,TX+,TX+,TX,TX,TX,TX,TX,TX,TX,TX,TX,TX,TX,TX,TX,TX,TX,TX,TX,HX,HY,HY,HY,TX,TX,TX,TX,TX,HX,HX,HX,HX,TX,TX,TX,TX,TX,TX,TX,TX,TX,TA-,TX,TX,TX,TX,TX,TX,TX,TX,TX,TA-,TX,TX,TX,TX,T,TX,TX,H-,H-,TX,H,TX,TX,TX,TX,TX,TX,TX,TX,TX,TX,TX,TX,TX,TX,TX,TX,TX,HX,TX,TX,TX,TX,TX,TX,TX,TX,TX,TX,TX,TX,TX,TX,TX,TX,TX,TX,TX,TX,TX,TX,TX,TX,TX,TX,TX,TX,TX,TX,TX,TX,TX,TX,TX,TX,TX,TX,TX+,TX,TX,TX,TX,TX,TX,TX,TX,TX,TX,TX,TX,TX,TX,TX,TX,TX,TX,TX+,TX,TX,TX,TX,TX,TX,TX,TX,TX,TX,TX,TX,TX,TX,TX,TX,TX,TX,TX,TX,TX,H-,H-,H-,TX,TX,T,T,T,HX,HX,HX,TX,TX,TX,TX,TX,HX,TX,TX,TX+,TX,TX,TX,TX,TX+,TX,TX,HX,HX,HX,TX,TX,TX,TX,TX,TX,HX,TX,TX,TX,TX,TX,TX,TX,TX,TX,TX,TX,TX,HY,HX,HX,TX,TX,TX,TX,TX,TX,HI,TX,TX,TX,HX,TX,TX,TX,TX,TX,TX,TX+,TX,TX,TX,TX,TX,TX,TX,TX,TX,TX,TX,TX,TX,TX,TX,TX,TX,TX,TX,TX,TX,TX,TX,TX,TX,TX,HX,TX,TX,HX,HX,HX,TX,TX,TX,TX,TX,TX,TX,TX,TX,TX,TX,TX,TX,TX,TX,TX,TX,TX,TX,TX,TX,TX+,TX,TX,TX,TX,TX,TX,TX,TX,TX,TX,TX+,TX,TX,TX,TX,TX,TX,TX,TX,TX,TX,TX,TX,TX,TX,TX,TX,TX,TX,TX,TX,TX,TX,TX,TX,TX,TX,TX,TX,TX,TX,TX,TX,TX,TX,TX,TX,TX,TX,TX,TX,TX,TX,TX,TX,TX,TX,TX,TX,TX,TX,TX,TX,TX,TX,TX,TX,TX,TX,HX,HX,HX,H,TX,TX,HX,TX,TX,TX,TX,TX,TX,TX,TX,HX,TX,TX,TX,TX,TX,TX,TX,TX,TX,TX,TX,TX,TX,TX,TX,TX,TX,TX,TX,TX,TX,TX,TX,TX,TX,TX,TX,TX,TX,TX,TX,TX,TX,TX,TX,TX,TX,TX,TX,TX,HX,HO,TX,TX,TX,TX,TX,TX,H-,TX,TX,TX,HX,HO,TX,TX,TX,TX,H-,HX,HX,TX
162,FUEL OIL NO. 5,TX+,TX+,TX,TX,TX,TX,TX,TX,TX,TX,TX,TX,TX,TX,TX,TX,TX,TX,TX,HX,HY,HY,HY,TX,TX,TX,TX,TX,HX,HX,HX,HX,TX,TX,TX,TX,TX,TX,TX,TX,TX,TA-,TX,TX,TX,TX,TX,TX,TX,TX,TX,TA-,TX,TX,TX,TX,T,TX,TX,H-,H-,TX,H,TX,TX,TX,TX,TX,TX,TX,TX,TX,TX,TX,TX,TX,TX,TX,TX,TX,HX,TX,TX,TX,TX,TX,TX,TX,TX,TX,TX,TX,TX,TX,TX,TX,TX,TX,TX,TX,TX,TX,TX,TX,TX,TX,TX,TX,TX,TX,TX,TX,TX,TX,TX,TX,TX,TX,TX,TX+,TX,TX,TX,TX,TX,TX,TX,TX,TX,TX,TX,TX,TX,TX,TX,TX,TX,TX,TX+,TX,TX,TX,TX,TX,TX,TX,TX,TX,TX,TX,TX,TX,TX,TX,TX,TX,TX,TX,TX,TX,H-,H-,H-,TX,TX,T,T,T,HX,HX,HX,TX,TX,TX,TX,TX,HX,TX,TX,TX+,TX,TX,TX,TX,TX+,TX,TX,HX,HX,HX,TX,TX,TX,TX,TX,TX,HX,TX,TX,TX,TX,TX,TX,TX,TX,TX,TX,TX,TX,HY,HX,HX,TX,TX,TX,TX,TX,TX,HI,TX,TX,TX,HX,TX,TX,TX,TX,TX,TX,TX+,TX,TX,TX,TX,TX,TX,TX,TX,TX,TX,TX,TX,TX,TX,TX,TX,TX,TX,TX,TX,TX,TX,TX,TX,TX,TX,HX,TX,TX,HX,HX,HX,TX,TX,TX,TX,TX,TX,TX,TX,TX,TX,TX,TX,TX,TX,TX,TX,TX,TX,TX,TX,TX,TX+,TX,TX,TX,TX,TX,TX,TX,TX,TX,TX,TX+,TX,TX,TX,TX,TX,TX,TX,TX,TX,TX,TX,TX,TX,TX,TX,TX,TX,TX,TX,TX,TX,TX,TX,TX,TX,TX,TX,TX,TX,TX,TX,TX,TX,TX,TX,TX,TX,TX,TX,TX,TX,TX,TX,TX,TX,TX,TX,TX,TX,TX,TX,TX,TX,TX,TX,TX,TX,TX,HX,HX,HX,H,TX,TX,HX,TX,TX,TX,TX,TX,TX,TX,TX,HX,TX,TX,TX,TX,TX,TX,TX,TX,TX,TX,TX,TX,TX,TX,TX,TX,TX,TX,TX,TX,TX,TX,TX,TX,TX,TX,TX,TX,TX,TX,TX,TX,TX,TX,TX,TX,TX,TX,TX,TX,HX,HO,TX,TX,TX,TX,TX,TX,H-,TX,TX,TX,HX,HO,TX,TX,TX,TX,H-,HX,HX,TX
163,FUEL OIL NO. 6,TX+,TX+,TX,TX,TX,TX,TX,TX,TX,TX,TX,TX,TX,TX,TX,TX,TX,TX,TX,HX,HY,HY,HY,TX,TX,TX,TX,TX,HX,HX,HX,HX,TX,TX,TX,TX,TX,TX,TX,TX,TX,TA-,TX,TX,TX,TX,TX,TX,TX,TX,TX,TA-,TX,TX,TX,TX,T,TX,TX,H-,H-,TX,H,TX,TX,TX,TX,TX,TX,TX,TX,TX,TX,TX,TX,TX,TX,TX,TX,TX,HX,TX,TX,TX,TX,TX,TX,TX,TX,TX,TX,TX,TX,TX,TX,TX,TX,TX,TX,TX,TX,TX,TX,TX,TX,TX,TX,TX,TX,TX,TX,TX,TX,TX,TX,TX,TX,TX,TX,TX+,TX,TX,TX,TX,TX,TX,TX,TX,TX,TX,TX,TX,TX,TX,TX,TX,TX,TX,TX+,TX,TX,TX,TX,TX,TX,TX,TX,TX,TX,TX,TX,TX,TX,TX,TX,TX,TX,TX,TX,TX,H-,H-,H-,TX,TX,T,T,T,HX,HX,HX,TX,TX,TX,TX,TX,HX,TX,TX,TX+,TX,TX,TX,TX,TX+,TX,TX,HX,HX,HX,TX,TX,TX,TX,TX,TX,HX,TX,TX,TX,TX,TX,TX,TX,TX,TX,TX,TX,TX,HY,HX,HX,TX,TX,TX,TX,TX,TX,HI,TX,TX,TX,HX,TX,TX,TX,TX,TX,TX,TX+,TX,TX,TX,TX,TX,TX,TX,TX,TX,TX,TX,TX,TX,TX,TX,TX,TX,TX,TX,TX,TX,TX,TX,TX,TX,TX,HX,TX,TX,HX,HX,HX,TX,TX,TX,TX,TX,TX,TX,TX,TX,TX,TX,TX,TX,TX,TX,TX,TX,TX,TX,TX,TX,TX+,TX,TX,TX,TX,TX,TX,TX,TX,TX,TX,TX+,TX,TX,TX,TX,TX,TX,TX,TX,TX,TX,TX,TX,TX,TX,TX,TX,TX,TX,TX,TX,TX,TX,TX,TX,TX,TX,TX,TX,TX,TX,TX,TX,TX,TX,TX,TX,TX,TX,TX,TX,TX,TX,TX,TX,TX,TX,TX,TX,TX,TX,TX,TX,TX,TX,TX,TX,TX,TX,HX,HX,HX,H,TX,TX,HX,TX,TX,TX,TX,TX,TX,TX,TX,HX,TX,TX,TX,TX,TX,TX,TX,TX,TX,TX,TX,TX,TX,TX,TX,TX,TX,TX,TX,TX,TX,TX,TX,TX,TX,TX,TX,TX,TX,TX,TX,TX,TX,TX,TX,TX,TX,TX,TX,TX,HX,HO,TX,TX,TX,TX,TX,TX,H-,TX,TX,TX,HX,HO,TX,TX,TX,TX,H-,HX,HX,TX
164,FURFURAL,D+,D+,D,D,D,D,D,D,D,D,D,D,D,D,D,D,D,D,D,D,D,D,D,D,D,D,D,D,D,D,D,D,D,D,D,D,D,D,D,D,D,D-,D,D,D,D,D,D,D,D,D,D-,D,D,D,D,D,D,D,D-,D-,D,D,D,D,D,D,D,D,D,D,D,D,D,D,D,D,D,D,D,D,D,D,D,D,D,D,D,D,D,D,D,D,D,D,D,D,D,D,D,D,D,D,D,D,D,D,D,D,D,D,D,D,D,D,D,D,D,D,D+,D,D,D,D,D,D,D,D,D,D,D,D,D,D,D,D,D,D,D+,D,D,D,D,D,D,D,D,D,D,D,D,D,D,D,D,D,D,D,D,D,D-,D-,D-,X,D,D,D,D,D,D,D,D,D,D,D,D,D,D,D,D+,D,D,D,D,D+,D,D,D,D,D,D,D,D,D,D,D,D,D,D,D,D,D,D,D,D,D,D,D,D,D,D,D,D,D,D,D,D,D,D,D,D,D,D,D,D,D,D,D,D,D+,D,D,D,D,D,D,D,D,D,D,D,D,D,D,D,D,D,D,D,D,D,D,D,D,D,D,D,D,D,D,D,D,D,D,D,D,D,D,D,D,D,D,D,D,D,D,D,D,D,D,D,D,D,D+,D,D,D,D,D,D,D,D,D,D,D+,D,D,D,D,D,D,D,D,D,D,D,D,D,D,D,D,D,D,D,D,D,D,D,D,D,D,D,D,D,D,D,D,D,D,D,D,D,D,D,D,D,D,D,D,D,D,D,D,D,D,D,D,D,D,D,D,D,D,D,D,D,D,D,D,D,D,D,D,D,D,D,D,D,D,D,D,D,D,D,D,D,D,D,D,D,D,D,D,D,D,D,D,D,D,D,D,D,D,D,D,D,D,D,D,D,D,D,D,D,D,D,D,D,D,D,D,D,D,D,D,D,D,D-,D,D,D,D,D,D,D,D,D,D-,D,D,D
165,FURFURYL ALCOHOL,D+,D+,D,D,D,D,D,D,D,D,D,D,D,D,D,D,D,D,D,D,D,D,D,D,D,D,D,D,D,D,D,D,D,D,D,D,D,D,D,D,D,D-,D,D,D,D,D,D,D,D,D,D-,D,D,D,D,D,D,D,D-,D-,D,D,D,D,D,D,D,D,D,D,D,D,D,D,D,D,D,D,D,D,D,D,D,D,D,D,D,D,D,D,D,D,D,D,D,D,D,D,D,D,D,D,D,D,D,D,D,D,D,D,D,D,D,D,D,D,D,D,D+,D,D,D,D,D,D,D,D,D,D,D,D,D,D,D,D,D,D,D+,D,D,D,D,D,D,D,D,D,D,D,D,D,D,D,D,D,D,D,D,D,D-,D-,D-,D,X,D,D,D,D,D,D,D,D,D,D,D,D,D,D,D+,D,D,D,D,D+,D,D,D,D,D,D,D,D,D,D,D,D,D,D,D,D,D,D,D,D,D,D,D,D,D,D,D,D,D,D,D,D,D,D,D,D,D,D,D,D,D,D,D,D,D+,D,D,D,D,D,D,D,D,D,D,D,D,D,D,D,D,D,D,D,D,D,D,D,D,D,D,D,D,D,D,D,D,D,D,D,D,D,D,D,D,D,D,D,D,D,D,D,D,D,D,D,D,D,D+,D,D,D,D,D,D,D,D,D,D,D+,D,D,D,D,D,D,D,D,D,D,D,D,D,D,D,D,D,D,D,D,D,D,D,D,D,D,D,D,D,D,D,D,D,D,D,D,D,D,D,D,D,D,D,D,D,D,D,D,D,D,D,D,D,D,D,D,D,D,D,D,D,D,D,D,D,D,D,D,D,D,D,D,D,D,D,D,D,D,D,D,D,D,D,D,D,D,D,D,D,D,D,D,D,D,D,D,D,D,D,D,D,D,D,D,D,D,D,D,D,D,D,D,D,D,D,D,D,D,D,D,D,D,D-,D,D,D,D,D,D,D,D,D,D-,D,D,D
166,GASOIL,IJ+,IJ+,IJ,IJ,IJ,IJ,IJ,IJ,IJ,IJ,IJ,IJ,IJ,IJ,IJ,IJ,IJ,IJ,IJ,H,HH,H,H,IJ,IJ,IJ,IJ,IJ,HH,HH,HH,HH,IJ,IJ,IJ,IJ,IJ,IJ,IJ,IJ,IJ,DF-,IJ,IJ,IJ,IJ,IJ,IJ,IJ,IJ,IJ,DF-,DF,IJ,IJ,IJ,DF,IJ,IJ,H-,H-,IJ,H,IJ,IJ,IJ,IJ,IJ,IJ,IJ,IJ,IJ,IJ,IJ,IJ,IJ,IJ,IJ,IJ,IJ,H,IJ,IJ,IJ,IJ,IJ,IJ,IJ,IJ,IJ,IJ,IJ,IJ,IJ,IJ,IJ,IJ,IJ,IJ,IJ,IJ,IJ,IJ,IJ,IJ,IJ,IJ,IJ,IJ,IJ,IJ,IJ,IJ,IJ,IJ,IJ,IJ,IJ,IJ,IJ+,IJ,IJ,IJ,IJ,IJ,IJ,IJ,IJ,IJ,IJ,IJ,IJ,IJ,IJ,IJ,IJ,IJ,IJ,IJ+,IJ,IJ,IJ,IJ,IJ,IJ,IJ,IJ,IJ,IJ,IJ,IJ,IJ,DF,IJ,IJ,IJ,IJ,IJ,IJ,IJ,H-,H-,H-,IJ,IJ,H,H,H,H,H,H,IJ,IJ,IJ,IJ,IJ,HB,IJ,IJ,IJ+,IJ,IJ,IJ,IJ,IJ+,IJ,IJ,H,HB,H,IJ,IJ,IJ,IJ,IJ,IJ,H,IJ,IJ,IJ,IJ,IJ,IJ,IJ,IJ,IJ,IJ,IJ,IJ,H,H,H,IJ,IJ,IJ,IJ,IJ,IJ,H,IJ,IJ,DF,H,IJ,IJ,IJ,IJ,IJ,IJ,IJ+,IJ,IJ,IJ,IJ,IJ,IJ,IJ,IJ,IJ,IJ,IJ,IJ,IJ,IJ,IJ,IJ,IJ,IJ,IJ,IJ,IJ,IJ,IJ,IJ,IJ,IJ,H,IJ,IJ,HB,H,H,IJ,IJ,IJ,IJ,IJ,IJ,IJ,IJ,IJ,IJ,IJ,IJ,IJ,IJ,IJ,IJ,IJ,IJ,IJ,IJ,IJ,IJ+,IJ,IJ,IJ,IJ,IJ,IJ,IJ,IJ,IJ,IJ,IJ+,IJ,IJ,IJ,IJ,IJ,IJ,IJ,IJ,IJ,IJ,IJ,DF,IJ,IJ,IJ,IJ,IJ,IJ,IJ,IJ,IJ,IJ,IJ,IJ,IJ,IJ,IJ,IJ,IJ,IJ,IJ,IJ,IJ,IJ,IJ,IJ,IJ,IJ,IJ,IJ,IJ,IJ,IJ,IJ,IJ,IJ,IJ,IJ,IJ,IJ,IJ,IJ,IJ,IJ,IJ,DF,IJ,IJ,HB,H,HB,H,IJ,IJ,H,DF,IJ,DF,IJ,IJ,IJ,IJ,IJ,H,IJ,IJ,IJ,IJ,IJ,IJ,DF,DF,IJ,IJ,IJ,IJ,IJ,IJ,IJ,IJ,IJ,IJ,IJ,IJ,IJ,IJ,IJ,IJ,IJ,IJ,IJ,IJ,IJ,IJ,IJ,IJ,IJ,IJ,IJ,IJ,IJ,IJ,IJ,IJ,H,H,IJ,IJ,IJ,IJ,IJ,DF,H-,IJ,IJ,IJ,H,H,IJ,IJ,IJ,IJ,H-,H,H,IJ
167,GASOIL CUTTER,IJ+,IJ+,IJ,IJ,IJ,IJ,IJ,IJ,IJ,IJ,IJ,IJ,IJ,IJ,IJ,IJ,IJ,IJ,IJ,H,HH,H,H,IJ,IJ,IJ,IJ,IJ,HH,HH,HH,HH,IJ,IJ,IJ,IJ,IJ,IJ,IJ,IJ,IJ,DF-,IJ,IJ,IJ,IJ,IJ,IJ,IJ,IJ,IJ,DF-,DF,IJ,IJ,IJ,DF,IJ,IJ,H-,H-,IJ,H,IJ,IJ,IJ,IJ,IJ,IJ,IJ,IJ,IJ,IJ,IJ,IJ,IJ,IJ,IJ,IJ,IJ,H,IJ,IJ,IJ,IJ,IJ,IJ,IJ,IJ,IJ,IJ,IJ,IJ,IJ,IJ,IJ,IJ,IJ,IJ,IJ,IJ,IJ,IJ,IJ,IJ,IJ,IJ,IJ,IJ,IJ,IJ,IJ,IJ,IJ,IJ,IJ,IJ,IJ,IJ,IJ+,IJ,IJ,IJ,IJ,IJ,IJ,IJ,IJ,IJ,IJ,IJ,IJ,IJ,IJ,IJ,IJ,IJ,IJ,IJ+,IJ,IJ,IJ,IJ,IJ,IJ,IJ,IJ,IJ,IJ,IJ,IJ,IJ,DF,IJ,IJ,IJ,IJ,IJ,IJ,IJ,H-,H-,H-,IJ,IJ,H,H,H,H,H,H,IJ,IJ,IJ,IJ,IJ,HB,IJ,IJ,IJ+,IJ,IJ,IJ,IJ,IJ+,IJ,IJ,H,HB,H,IJ,IJ,IJ,IJ,IJ,IJ,H,IJ,IJ,IJ,IJ,IJ,IJ,IJ,IJ,IJ,IJ,IJ,IJ,H,H,H,IJ,IJ,IJ,IJ,IJ,IJ,H,IJ,IJ,DF,H,IJ,IJ,IJ,IJ,IJ,IJ,IJ+,IJ,IJ,IJ,IJ,IJ,IJ,IJ,IJ,IJ,IJ,IJ,IJ,IJ,IJ,IJ,IJ,IJ,IJ,IJ,IJ,IJ,IJ,IJ,IJ,IJ,IJ,H,IJ,IJ,HB,H,H,IJ,IJ,IJ,IJ,IJ,IJ,IJ,IJ,IJ,IJ,IJ,IJ,IJ,IJ,IJ,IJ,IJ,IJ,IJ,IJ,IJ,IJ+,IJ,IJ,IJ,IJ,IJ,IJ,IJ,IJ,IJ,IJ,IJ+,IJ,IJ,IJ,IJ,IJ,IJ,IJ,IJ,IJ,IJ,IJ,DF,IJ,IJ,IJ,IJ,IJ,IJ,IJ,IJ,IJ,IJ,IJ,IJ,IJ,IJ,IJ,IJ,IJ,IJ,IJ,IJ,IJ,IJ,IJ,IJ,IJ,IJ,IJ,IJ,IJ,IJ,IJ,IJ,IJ,IJ,IJ,IJ,IJ,IJ,IJ,IJ,IJ,IJ,IJ,DF,IJ,IJ,HB,H,HB,H,IJ,IJ,H,DF,IJ,DF,IJ,IJ,IJ,IJ,IJ,H,IJ,IJ,IJ,IJ,IJ,IJ,DF,DF,IJ,IJ,IJ,IJ,IJ,IJ,IJ,IJ,IJ,IJ,IJ,IJ,IJ,IJ,IJ,IJ,IJ,IJ,IJ,IJ,IJ,IJ,IJ,IJ,IJ,IJ,IJ,IJ,IJ,IJ,IJ,IJ,H,H,IJ,IJ,IJ,IJ,IJ,DF,H-,IJ,IJ,IJ,H,H,IJ,IJ,IJ,IJ,H-,H,H,IJ
168,GASOIL DYED,IG+,IG+,IG,IG,IG,IG,IG,IG,IG,IG,IG,IG,IG,IG,IG,IG,IG,IG,IG,HG,HH,H,HH,IG,IG,IG,IG,IG,HH,HH,HH,HH,IG,IG,IG,IG,IG,IG,IG,IG,IG,IF-,IG,IG,IG,IG,IG,IG,IG,IG,IG,IF-,IF,IG,IG,IG,IF,IG,IG,H-,H-,IG,H,IG,IG,IG,IG,IG,IG,IG,IG,IG,IG,IG,IG,IG,IG,IG,IG,IG,HA,IG,IG,IG,IG,IG,IG,IG,IG,IG,IG,IG,IG,IG,IG,IG,IG,IG,IG,IG,IG,IG,IG,IG,IG,IG,IG,IG,IG,IG,IG,IG,IG,IG,IG,IG,IG,IG,IG,IG+,IG,IG,IG,IG,IG,IG,IG,IG,IG,IG,IG,IG,IG,IG,IG,IG,IG,IG,IG+,IG,IG,IG,IG,IG,IG,IG,IG,IG,IG,IG,IG,IG,IF,IG,IG,IG,IG,IG,IG,IG,H-,H-,H-,IG,IG,HA,HA,H,HA,HA,HG,IG,IG,IG,IG,IG,HA,IG,IG,IG+,IG,IG,IG,IG,IG+,IG,IG,HG,HA,HG,IG,IG,IG,IG,IG,IG,HA,IG,IG,IG,IG,IG,IG,IG,IG,IG,IG,IG,IG,HH,H,H,IG,IG,IG,IG,IG,IG,H,IG,IG,IF,H,IG,IG,IG,IG,IG,IG,IG+,IG,IG,IG,IG,IG,IG,IG,IG,IG,IG,IG,IG,IG,IG,IG,IG,IG,IG,IG,IG,IG,IG,IG,IG,IG,IG,HA,IG,IG,HA,HA,HA,IG,IG,IG,IG,IG,IG,IG,IG,IG,IG,IG,IG,IG,IG,IG,IG,IG,IG,IG,IG,IG,IG+,IG,IG,IG,IG,IG,IG,IG,IG,IG,IG,IG+,IG,IG,IG,IG,IG,IG,IG,IG,IG,IG,IG,IF,IG,IG,IG,IG,IG,IG,IG,IG,IG,IG,IG,IG,IG,IG,IG,IG,IG,IG,IG,IG,IG,IG,IG,IG,IG,IG,IG,IG,IG,IG,IG,IG,IG,IG,IG,IG,IG,IG,IG,IG,IG,IG,IG,IF,IG,IG,HA,HG,HA,H,IG,IG,H,IF,IG,IF,IG,IG,IG,IG,IG,HH,IG,IG,IG,IG,IG,IG,IF,IF,IG,IG,IG,IG,IG,IG,IG,IG,IG,IG,IG,IG,IG,IG,IG,IG,IG,IG,IG,IG,IG,IG,IG,IG,IG,IG,IG,IG,IG,IG,IG,IG,HG,H,IG,IG,IG,IG,IG,IF,H-,IG,IG,IG,HG,H,IG,IG,IG,IG,H-,HH,HH,IG
169,GASOLINE (LEADED),IE+,IE+,IE,IE,IE,IE,IE,IE,IE,IE,IE,IE,IE,IE,IE,IE,IE,IE,IE,HG,H,HB,HY,IE,IE,IE,IE,IE,HH,HH,HH,HH,IE,IE,IE,IE,IE,IE,IE,IE,IE,ID-,IE,IE,IE,IE,IE,IE,IE,IE,IE,ID-,ID,IE,IE,IE,ID,IE,IE,HA-,HA-,IE,HC,IE,IE,IE,IE,IE,IE,IE,IE,IE,IE,IE,IE,IE,IE,IE,IE,IE,HC,IE,IE,IE,IE,IE,IE,IE,IE,IE,IE,IE,IE,IE,IE,IE,IE,IE,IE,IE,IE,IE,IE,IE,IE,IE,IE,IE,IE,IE,IE,IE,IE,IE,IE,IE,IE,IE,IE,IE+,IE,IE,IE,IE,IE,IE,IE,IE,IE,IE,IE,IE,IE,IE,IE,IE,IE,IE,IE+,IE,IE,IE,IE,IE,IE,IE,IE,IE,IE,IE,IE,IE,ID,IE,IE,IE,IE,IE,IE,IE,HC-,HC-,HC-,IE,IE,HC,HC,HC,H,HA,HG,IE,IE,IE,IE,IE,HX,IE,IE,IE+,IE,IE,IE,IE,IE+,IE,IE,HG,HX,HG,IE,IE,IE,IE,IE,IE,HA,IE,IE,IE,IE,IE,IE,IE,IE,IE,IE,IE,IE,HY,HC,HC,IE,IE,IE,IE,IE,IE,HC,ID,IE,IE,HG,IE,IE,IE,IE,IE,IE,IE+,IE,IE,IE,IE,IE,IE,IE,IE,IE,IE,IE,IE,IE,IE,IE,IE,IE,IE,IE,IE,IE,IE,IE,IE,IE,IE,HA,IE,IE,HX,HX,HX,IE,IE,IE,IE,IE,IE,IE,IE,IE,IE,IE,IE,IE,IE,IE,IE,IE,IE,IE,IE,IE,IE+,IE,IE,IE,IE,IE,IE,IE,IE,IE,IE,IE+,IE,IE,IE,IE,IE,IE,IE,IE,IE,IE,IE,ID,IE,IE,IE,IE,IE,IE,IE,IE,IE,IE,IE,IE,IE,IE,IE,IE,ID,IE,IE,IE,IE,IE,IE,IE,IE,IE,IE,ID,IE,IE,IE,IE,IE,IE,IE,IE,IE,IE,IE,IE,IE,IE,IE,ID,IE,IE,HX,HG,HX,HC,IE,IE,HC,ID,IA,ID,ID,IE,IE,IE,IE,HH,IE,IE,IE,IE,IE,IE,ID,ID,IE,IE,IE,IE,IE,IE,IE,IE,IE,IE,IE,IE,IE,IE,IE,IE,IE,IE,IE,IE,IE,IE,IE,IE,IE,IE,IE,IE,IE,IE,IE,IE,HG,HC,IE,IE,IE,IE,IE,ID,HD-,IE,IE,IE,HG,HC,IE,IE,IE,IE,HC-,HH,HH,IE
170,GASOLINE (UNLEADED),IA+,IA+,IA,IA,IA,IA,IA,IA,IA,IA,IA,IA,IA,IA,IA,IA,IA,IA,IA,HG,H,HB,HH,IA,IA,IA,IA,IA,HH,HH,HH,HH,IA,IA,IA,IA,IA,IA,IA,IA,IA,D-,IA,IA,IA,IA,IA,IA,IA,IA,IA,D-,D,IA,IA,IA,D,IA,IA,H-,H-,IA,HC,IA,IA,IA,IA,IA,IA,IA,IA,IA,IA,IA,IA,IA,IA,IA,IA,IA,HC,IA,IA,IA,IA,IA,IA,IA,IA,IA,IA,IA,IA,IA,IA,IA,IA,IA,IA,IA,IA,IA,IA,IA,IA,IA,IA,IA,IA,IA,IA,IA,IA,IA,IA,IA,IA,IA,IA,IA+,IA,IA,IA,IA,IA,IA,IA,IA,IA,IA,IA,IA,IA,IA,IA,IA,IA,IA,IA+,IA,IA,IA,IA,IA,IA,IA,IA,IA,IA,IA,IA,IA,D,IA,IA,IA,IA,IA,IA,IA,HC-,HC-,HC-,IA,IA,HC,HC,HC,H,H,HG,IA,IA,IA,IA,IA,HB,IA,IA,IA+,IA,IA,IA,IA,IA+,IA,IA,HG,HB,HG,IA,IA,IA,IA,IA,IA,H,IA,IA,IA,IA,IA,IA,IA,IA,IA,IA,IA,IA,HH,HC,HC,IA,IA,IA,IA,IA,IA,HC,D,IA,IA,HG,IA,IA,IA,IA,IA,IA,IA+,IA,IA,IA,IA,IA,IA,IA,IA,IA,IA,IA,IA,IA,IA,IA,IA,IA,IA,IA,IA,IA,IA,IA,IA,IA,IA,H,IA,IA,HB,H,H,IA,IA,IA,IA,IA,IA,IA,IA,IA,IA,IA,IA,IA,IA,IA,IA,IA,IA,IA,IA,IA,IA+,IA,IA,IA,IA,IA,IA,IA,IA,IA,IA,IA+,IA,IA,IA,IA,IA,IA,IA,IA,IA,IA,IA,D,IA,IA,IA,IA,IA,IA,IA,IA,IA,IA,IA,IA,IA,IA,IA,IA,IA,IA,IA,IA,IA,IA,IA,IA,IA,IA,IA,D,IA,IA,IA,IA,IA,IA,IA,IA,IA,IA,IA,IA,IA,IA,IA,D,IA,IA,HB,HG,HB,HC,IA,IA,HC,D,IA,D,D,IA,IA,IA,IA,HH,IA,IA,IA,IA,IA,IA,D,D,IA,IA,IA,IA,IA,IA,IA,IA,IA,IA,IA,IA,IA,IA,IA,IA,IA,IA,IA,IA,IA,IA,IA,IA,IA,IA,IA,IA,IA,IA,IA,IA,HG,HC,IA,IA,IA,IA,IA,D,HD-,IA,IA,IA,HG,HC,IA,IA,IA,IA,HC-,HH,HH,IA
171,GASOLINE ULS (UNLEADED),IA+,IA+,IA,IA,IA,IA,IA,IA,IA,IA,IA,IA,IA,IA,IA,IA,IA,IA,IA,HG,H,HB,HH,IA,IA,IA,IA,IA,HH,HH,HH,HH,IA,IA,IA,IA,IA,IA,IA,IA,IA,D-,IA,IA,IA,IA,IA,IA,IA,IA,IA,D-,D,IA,IA,IA,D,IA,IA,H-,H-,IA,HC,IA,IA,IA,IA,IA,IA,IA,IA,IA,IA,IA,IA,IA,IA,IA,IA,IA,HC,IA,IA,IA,IA,IA,IA,IA,IA,IA,IA,IA,IA,IA,IA,IA,IA,IA,IA,IA,IA,IA,IA,IA,IA,IA,IA,IA,IA,IA,IA,IA,IA,IA,IA,IA,IA,IA,IA,IA+,IA,IA,IA,IA,IA,IA,IA,IA,IA,IA,IA,IA,IA,IA,IA,IA,IA,IA,IA+,IA,IA,IA,IA,IA,IA,IA,IA,IA,IA,IA,IA,IA,D,IA,IA,IA,IA,IA,IA,IA,HC-,HC-,HC-,IA,IA,HC,HC,HC,H,H,H,IA,IA,IA,IA,IA,HB,IA,IA,IA+,IA,IA,IA,IA,IA+,IA,IA,HG,HB,HG,IA,IA,IA,IA,IA,IA,H,IA,IA,IA,IA,IA,IA,IA,IA,IA,IA,IA,IA,HH,HC,HC,IA,IA,IA,IA,IA,IA,HC,D,IA,IA,HG,IA,IA,IA,IA,IA,IA,IA+,IA,IA,IA,IA,IA,IA,IA,IA,IA,IA,IA,IA,IA,IA,IA,IA,IA,IA,IA,IA,IA,IA,IA,IA,IA,IA,H,IA,IA,HB,H,H,IA,IA,IA,IA,IA,IA,IA,IA,IA,IA,IA,IA,IA,IA,IA,IA,IA,IA,IA,IA,IA,IA+,IA,IA,IA,IA,IA,IA,IA,IA,IA,IA,IA+,IA,IA,IA,IA,IA,IA,IA,IA,IA,IA,IA,D,IA,IA,IA,IA,IA,IA,IA,IA,IA,IA,IA,IA,IA,IA,IA,IA,IA,IA,IA,IA,IA,IA,IA,IA,IA,IA,IA,D,IA,IA,IA,IA,IA,IA,IA,IA,IA,IA,IA,IA,IA,IA,IA,D,IA,IA,HB,HG,HB,HC,IA,IA,HC,D,IA,D,D,IA,IA,IA,IA,HH,IA,IA,IA,IA,IA,IA,D,D,IA,IA,IA,IA,IA,IA,IA,IA,IA,IA,IA,IA,IA,IA,IA,IA,IA,IA,IA,IA,IA,IA,IA,IA,IA,IA,IA,IA,IA,IA,IA,IA,HG,HC,IA,IA,IA,IA,IA,D,HD-,IA,IA,IA,HG,HC,IA,IA,IA,IA,HC-,HH,HH,IA
172,GLUCOSE,DD+,DD+,DD,DD,DD,DD,DD,DD,DD,DD,DD,DD,DD,DD,DD,DD,DD,DD,DD,DD,DD,DD,DD,DD,DD,DD,DD,DD,DD,DD,DD,DD,DD,DD,DD,DD,DD,DD,DD,DD,DD,DD-,DD,DD,DD,DD,DD,DD,DD,DD,DD,DD-,DD,DD,DD,DD,DD,DD,DD,DD-,DD-,DD,DD,DD,DD,DD,DD,DD,DD,DD,DD,DD,DD,DD,DD,DD,DD,DD,DD,DD,DD,DD,DD,DD,DD,DD,DD,DD,DD,DD,DD,DD,DD,DD,DD,DD,DD,DD,DD,DD,DD,DD,DD,DD,DD,DD,DD,DD,DD,DD,DD,DD,DD,DD,DD,DD,DD,DD,DD,DD+,DD,DD,DD,DD,DD,DD,DD,DD,DD,DD,DD,DD,DD,DD,DD,DD,DD,DD,DD+,DD,DD,DD,DD,DD,DD,DD,DD,DD,DD,DD,DD,DD,DD,DD,DD,DD,DD,DD,DD,DD,DD-,DD-,DD-,DD,DD,DD,DD,DD,DD,DD,DD,X,DD,DD,DD,DD,DD,DD,DD,DD+,DD,DD,DD,DD,DD+,DD,DD,DD,DD,DD,DD,DD,DD,DD,DD,DD,DD,DD,DD,DD,DD,DD,DD,DD,DD,DD,DD,DD,DD,DD,DD,DD,DD,DD,DD,DD,DD,DD,DD,DD,DD,DD,DD,DD,DD,DD,DD,DD,DD,DD+,DD,DD,DD,DD,DD,DD,DD,DD,DD,DD,DD,DD,DD,DD,DD,DD,DD,DD,DD,DD,DD,DD,DD,DD,DD,DD,DD,DD,DD,DD,DD,DD,DD,DD,DD,DD,DD,DD,DD,DD,DD,DD,DD,DD,DD,DD,DD,DD,DD,DD,DD,DD,DD,DD+,DD,DD,DD,DD,DD,DD,DD,DD,DD,DD,DD+,DD,DD,DD,DD,DD,DD,DD,DD,DD,DD,DD,DD,DD,DD,DD,DD,DD,DD,DD,DD,DD,DD,DD,DD,DD,DD,DD,DD,DD,DD,DD,DD,DD,DD,DD,DD,DD,DD,DD,DD,DD,DD,DD,DD,DD,DD,DD,DD,DD,DD,DD,DD,DD,DD,DD,DD,DD,DD,DD,DD,DD,DD,DD,DD,DD,DD,DD,DD,DD,DD,DD,DD,DD,DD,DD,DD,DD,DD,DD,DD,DD,DD,DD,DD,DD,DD,DD,DD,DD,DD,DD,DD,DD,DD,DD,DD,DD,DD,DD,DD,DD,DD,DD,DD,DD,DD,DD,DD,DD,DD,DD,DD,DD,DD,DD,DD,DD,DD,DD,DD,DD,DD,DD-,DD,DD,DD,DD,DD,DD,DD,DD,DD,DD-,DD,DD,DD
173,GLUTARALDEHYDE SOLUTION 50%,CA+,CA+,CA,CA,CA,CA,CA,CA,CA,CA,CA,CA,CA,CA,CA,CA,CA,CA,CA,CA,CA,CA,CA,CA,CA,CA,CA,CA,CA,CA,CA,CA,CA,CA,CA,CA,CA,CA,CA,CA,CA,CA-,CA,CA,CA,CA,CA,CA,CA,CA,CA,CA-,CA,CA,CA,CA,CA,CA,CA,CA-,CA-,CA,CA,CA,CA,CA,CA,CA,CA,CA,CA,CA,CA,CA,CA,CA,CA,CA,CA,CA,CA,CA,CA,CA,CA,CA,CA,CA,CA,CA,CA,CA,CA,CA,CA,CA,CA,CA,CA,CA,CA,CA,CA,CA,CA,CA,CA,CA,CA,CA,CA,CA,CA,CA,CA,CA,CA,CA,CA,CA+,CA,CA,CA,CA,CA,CA,CA,CA,CA,CA,CA,CA,CA,CA,CA,CA,CA,CA,CA+,CA,CA,CA,CA,CA,CA,CA,CA,CA,CA,CA,CA,CA,CA,CA,CA,CA,CA,CA,CA,CA,CA-,CA-,CA-,CA,CA,CA,CA,CA,CA,CA,CA,CA,X,CA,CA,CA,CA,CA,CA,CA+,CA,CA,CA,CA,CA+,CA,CA,CA,CA,CA,CA,CA,CA,CA,CA,CA,CA,CA,CA,CA,CA,CA,CA,CA,CA,CA,CA,CA,CA,CA,CA,CA,CA,CA,CA,CA,CA,CA,CA,CA,CA,CA,CA,CA,CA,CA,CA,CA,CA,CA+,CA,CA,CA,CA,CA,CA,CA,CA,CA,CA,CA,CA,CA,CA,CA,CA,CA,CA,CA,CA,CA,CA,CA,CA,CA,CA,CA,CA,CA,CA,CA,CA,CA,CA,CA,CA,CA,CA,CA,CA,CA,CA,CA,CA,CA,CA,CA,CA,CA,CA,CA,CA,CA,CA+,CA,CA,CA,CA,CA,CA,CA,CA,CA,CA,CA+,CA,CA,CA,CA,CA,CA,CA,CA,CA,CA,CA,CA,CA,CA,CA,CA,CA,CA,CA,CA,CA,CA,CA,CA,CA,CA,CA,CA,CA,CA,CA,CA,CA,CA,CA,CA,CA,CA,CA,CA,CA,CA,CA,CA,CA,CA,CA,CA,CA,CA,CA,CA,CA,CA,CA,CA,CA,CA,CA,CA,CA,CA,CA,CA,CA,CA,CA,CA,CA,CA,CA,CA,CA,CA,CA,CA,CA,CA,CA,CA,CA,CA,CA,CA,CA,CA,CA,CA,CA,CA,CA,CA,CA,CA,CA,CA,CA,CA,CA,CA,CA,CA,CA,CA,CA,CA,CA,CA,CA,CA,CA,CA,CA,CA,CA,CA,CA,CA,CA,CA,CA,CA,CA-,CA,CA,CA,CA,CA,CA,CA,CA,CA,CA-,CA,CA,CA
174,GLYCERINE TECHNICAL GRADE,BC+,BC+,BC,BC,BC,BC,BC,BC,BC,BC,BC,BC,BC,BC,BC,BC,BC,BC,BC,BC,BC,BC,BC,BC,BC,BC,BC,BC,BC,BC,BC,BC,BC,BC,BC,BC,BC,BC,BC,BC,BC,BC-,BC,BC,BC,BC,BC,BC,BC,BC,BC,BC-,BC,BC,BC,BC,BC,BC,BC,BC-,BC-,BC,BC,BC,BC,BC,BC,BC,BC,BC,BC,BC,BC,BC,BC,BC,BC,BC,BC,BC,BC,BC,BC,BC,BC,BC,BC,BC,BC,BC,BC,BC,BC,BC,BC,BC,BC,BC,BC,BC,BC,BC,BC,BC,BC,BC,BC,BC,BC,BC,BC,BC,BC,BC,BC,BC,BC,BC,BC,BC+,BC,BC,BC,BC,BC,BC,BC,BC,BC,BC,BC,BC,BC,BC,BC,BC,BC,BC,BC+,BC,BC,BC,BC,BC,BC,BC,BC,BC,BC,BC,BC,BC,BC,BC,BC,BC,BC,BC,BC,BC,BC-,BC-,BC-,BC,BC,BC,BC,BC,BC,BC,BC,BC,BC,X,BC,BC,BC,BC,BC,BC+,BC,BC,BC,BC,BC+,BC,BC,BC,BC,BC,BC,BC,BC,BC,BC,BC,BC,BC,BC,BC,BC,BC,BC,BC,BC,BC,BC,BC,BC,BC,BC,BC,BC,BC,BC,BC,BC,BC,BC,BC,BC,BC,BC,BC,BC,BC,BC,BC,BC,BC+,BC,BC,BC,BC,BC,BC,BC,BC,BC,BC,BC,BC,BC,BC,BC,BC,BC,BC,BC,BC,BC,BC,BC,BC,BC,BC,BC,BC,BC,BC,BC,BC,BC,BC,BC,BC,BC,BC,BC,BC,BC,BC,BC,BC,BC,BC,BC,BC,BC,BC,BC,BC,BC,BC+,BC,BC,BC,BC,BC,BC,BC,BC,BC,BC,BC+,BC,BC,BC,BC,BC,BC,BC,BC,BC,BC,BC,BC,BC,BC,BC,BC,BC,BC,BC,BC,BC,BC,BC,BC,BC,BC,BC,BC,BC,BC,BC,BC,BC,BC,BC,BC,BC,BC,BC,BC,BC,BC,BC,BC,BC,BC,BC,BC,BC,BC,BC,BC,BC,BC,BC,BC,BC,BC,BC,BC,BC,BC,BC,BC,BC,BC,BC,BC,BC,BC,BC,BC,BC,BC,BC,BC,BC,BC,BC,BC,BC,BC,BC,BC,BC,BC,BC,BC,BC,BC,BC,BC,BC,BC,BC,BC,BC,BC,BC,BC,BC,BC,BC,BC,BC,BC,BC,BC,BC,BC,BC,BC,BC,BC,BC,BC,BC,BC,BC,BC,BC,BC,BC-,BC,BC,BC,BC,BC,BC,BC,BC,BC,BC-,BC,BC,BC
175,GLYCEROL MONOOLEATE,DD+,DD+,DD,DD,DD,DD,DD,DD,DD,DD,DD,DD,DD,DD,DD,DD,DD,DD,DD,DD,DD,DD,DD,DD,DD,DD,DD,DD,DD,DD,DD,DD,DD,DD,DD,DD,DD,DD,DD,DD,DD,DD-,DD,DD,DD,DD,DD,DD,DD,DD,DD,DD-,DD,DD,DD,DD,DD,DD,DD,DD-,DD-,DD,DD,DD,DD,DD,DD,DD,DD,DD,DD,DD,DD,DD,DD,DD,DD,DD,DD,DD,DD,DD,DD,DD,DD,DD,DD,DD,DD,DD,DD,DD,DD,DD,DD,DD,DD,DD,DD,DD,DD,DD,DD,DD,DD,DD,DD,DD,DD,DD,DD,DD,DD,DD,DD,DD,DD,DD,DD,DD+,DD,DD,DD,DD,DD,DD,DD,DD,DD,DD,DD,DD,DD,DD,DD,DD,DD,DD,DD+,DD,DD,DD,DD,DD,DD,DD,DD,DD,DD,DD,DD,DD,DD,DD,DD,DD,DD,DD,DD,DD,DD-,DD-,DD-,DD,DD,DD,DD,DD,DD,DD,DD,DD,DD,DD,X,DD,DD,DD,DD,DD+,DD,DD,DD,DD,DD+,DD,DD,DD,DD,DD,DD,DD,DD,DD,DD,DD,DD,DD,DD,DD,DD,DD,DD,DD,DD,DD,DD,DD,DD,DD,DD,DD,DD,DD,DD,DD,DD,DD,DD,DD,DD,DD,DD,DD,DD,DD,DD,DD,DD,DD+,DD,DD,DD,DD,DD,DD,DD,DD,DD,DD,DD,DD,DD,DD,DD,DD,DD,DD,DD,DD,DD,DD,DD,DD,DD,DD,DD,DD,DD,DD,DD,DD,DD,DD,DD,DD,DD,DD,DD,DD,DD,DD,DD,DD,DD,DD,DD,DD,DD,DD,DD,DD,DD,DD+,DD,DD,DD,DD,DD,DD,DD,DD,DD,DD,DD+,DD,DD,DD,DD,DD,DD,DD,DD,DD,DD,DD,DD,DD,DD,DD,DD,DD,DD,DD,DD,DD,DD,DD,DD,DD,DD,DD,DD,DD,DD,DD,DD,DD,DD,DD,DD,DD,DD,DD,DD,DD,DD,DD,DD,DD,DD,DD,DD,DD,DD,DD,DD,DD,DD,DD,DD,DD,DD,DD,DD,DD,DD,DD,DD,DD,DD,DD,DD,DD,DD,DD,DD,DD,DD,DD,DD,DD,DD,DD,DD,DD,DD,DD,DD,DD,DD,DD,DD,DD,DD,DD,DD,DD,DD,DD,DD,DD,DD,DD,DD,DD,DD,DD,DD,DD,DD,DD,DD,DD,DD,DD,DD,DD,DD,DD,DD,DD,DD,DD,DD,DD,DD,DD-,DD,DD,DD,DD,DD,DD,DD,DD,DD,DD-,DD,DD,DD
176,GROUNDNUT OIL,P+,P+,P,P,P,P,P,P,P,P,P,P,P,P,P,P,P,P,P,P,HY,HY,HY,P,P,P,P,P,P,P,P,P,P,P,P,P,P,P,P,P,P,P-,P,P,P,P,P,P,P,P,P,P-,P,P,P,P,P,P,P,P-,P-,P,P,P,P,P,P,P,P,P,P,P,P,P,P,P,P,P,P,P,P,P,P,P,P,P,P,P,P,P,P,P,P,P,P,P,P,P,P,P,P,P,P,P,P,P,P,P,P,P,P,P,P,P,P,P,P,P,P,P+,P,P,P,P,P,P,P,P,P,P,P,P,P,P,P,P,P,P,P+,P,P,P,P,P,P,P,P,P,P,P,P,P,P,P,P,P,P,P,P,P,P-,P-,P-,P,P,P,P,P,P,P,P,P,P,P,P,X,P,P,P,P+,P,P,P,P,P+,P,P,P,P,P,P,P,P,P,P,P,P,P,P,P,P,P,P,P,P,P,P,P,P,HY,P,P,P,P,P,P,P,P,P,P,P,P,P,P,P,P,P,P,P,P+,P,P,P,P,P,P,P,P,P,P,P,P,P,P,P,P,P,P,P,P,P,P,P,P,P,P,P,P,P,P,P,P,P,P,P,P,P,P,P,P,P,P,P,P,P,P,P,P,P,P,P,P,P,P+,P,P,P,P,P,P,P,P,P,P,P+,P,P,P,P,P,P,P,P,P,P,P,P,P,P,P,P,P,P,P,P,P,P,P,P,P,P,P,P,P,P,P,P,P,P,P,P,P,P,P,P,P,P,P,P,P,P,P,P,P,P,P,P,P,P,P,P,P,P,P,P,P,P,P,P,P,P,P,P,P,P,P,P,P,P,P,P,P,P,P,P,P,P,P,P,P,P,P,P,P,P,P,P,P,P,P,P,P,P,P,P,P,P,P,P,P,P,P,P,P,P,P,P,P,P,P,P,P,P,P,P,P,P,P-,P,P,P,P,P,P,P,P,P,P-,P,P,P
177,GTL NAPHTHA,DH+,DH+,DH,DH,DH,CF,DH,DH,DH,DH,DH,DH,DH,DH,DH,DH,DH,DH,DH,HG,HH,HB,HH,DH,DH,DH,DH,DH,HH,HH,HH,HH,DH,DH,DH,DH,DH,DH,DH,DH,DH,CF-,DH,CF,DH,DH,DH,DH,DH,DH,DH,CF-,CF,CF,CF,CF,CF,CF,DH,H-,H-,DH,HC,DH,DH,DH,DH,DH,DH,DH,DH,DH,DH,DH,DH,DH,DH,DH,DH,DH,HC,DH,DH,DH,DH,DH,DH,DH,DH,DH,DH,DH,DH,DH,DH,DH,DH,DH,DH,DH,DH,DH,DH,DH,DH,DH,DH,DH,DH,DH,DH,DH,DH,DH,DH,DH,DH,DH,DH,DH+,DH,DH,DH,DH,DH,DH,DH,DH,DH,DH,DH,DH,DH,DH,DH,DH,DH,DH,DH+,DH,DH,DH,DH,DH,DH,DH,DH,DH,DH,DH,DH,CF,CF,CF,CF,DH,DH,DH,DH,DH,HC-,HC-,HC-,DH,DH,HC,HC,HC,H,H,HG,DH,DH,DH,DH,CF,H,DH,DH,DH+,DH,DH,DH,DH,DH+,DH,DH,HG,H,HG,DH,DH,DH,DH,DH,DH,H,DH,DH,DH,DH,DH,DH,DH,DH,DH,DH,DH,DH,HH,HC,HC,DH,DH,CF,DH,CF,DH,HC,DH,CF,CF,HG,CF,DH,DH,DH,DH,DH,DH+,DH,DH,DH,DH,DH,DH,DH,DH,DH,DH,DH,DH,DH,DH,DH,DH,DH,DH,DH,DH,DH,DH,DH,DH,CF,DH,H,CF,DH,H,H,H,DH,CF,DH,DH,DH,DH,DH,DH,DH,DH,DH,DH,DH,DH,DH,DH,DH,DH,DH,DH,DH,DH+,DH,DH,DH,DH,DH,DH,DH,DH,DH,DH,DH+,DH,CF,DH,DH,DH,DH,DH,CF,CF,CF,CF,CF,CF,CF,CF,CF,CF,CF,CF,CF,DH,CF,DH,DH,DH,DH,DH,DH,CF,CF,DH,CF,DH,DH,DH,CF,DH,DH,DH,CF,DH,DH,DH,DH,DH,DH,DH,DH,DH,DH,DH,DH,DH,DH,DH,CF,CF,CF,H,HG,H,HC,CF,DH,HC,CF,D,CF,CF,DH,CF,DH,DH,HH,CF,DH,DH,DH,CF,CF,CF,CF,CF,DH,DH,DH,DH,DH,DH,DH,DH,DH,DH,DH,DH,DH,DH,DH,DH,DH,DH,DH,DH,DH,DH,DH,DH,DH,DH,DH,DH,DH,DH,CF,HG,HC,DH,CF,CF,CF,CF,CF,HD-,DH,CF,CF,HG,HC,DH,DH,DH,DH,HC-,HH,HH,DH
178,HEPTANES (MIXED ISOMERS),C+,C+,C,C,C,C,C,C,C,C,C,C,C,C,C,C,C,C,C,C,C,C,C,C,C,C,C,C,C,C,C,C,C,C,C,C,C,C,C,C,C,C-,C,C,C,C,C,C,C,C,C,C-,C,C,C,C,C,C,C,C-,C-,C,C,C,C,C,C,C,C,C,C,C,C,C,C,C,C,C,C,C,C,C,C,C,C,C,C,C,C,C,C,C,C,C,C,C,C,C,C,C,C,C,C,C,C,C,C,C,C,C,C,C,C,C,C,C,C,C,C,C+,C,C,C,C,C,C,C,C,C,C,C,C,C,C,C,C,C,C,C+,C,C,C,C,C,C,C,C,C,C,C,C,C,C,C,C,C,C,C,C,C,C-,C-,C-,C,C,C,C,C,C,C,C,C,C,C,C,C,C,X,C,C+,C,C,C,C,C+,C,C,C,C,C,C,C,C,C,C,C,C,C,C,C,C,C,C,C,C,C,C,C,C,C,C,C,C,C,C,C,C,C,C,C,C,C,C,C,C,C,C,C,C,C+,C,C,C,C,C,C,C,C,C,C,C,C,C,C,C,C,C,C,C,C,C,C,C,C,C,C,C,C,C,C,C,C,C,C,C,C,C,C,C,C,C,C,C,C,C,C,C,C,C,C,C,C,C,C+,C,C,C,C,C,C,C,C,C,C,C+,C,C,C,C,C,C,C,C,C,C,C,C,C,C,C,C,C,C,C,C,C,C,C,C,C,C,C,C,C,C,C,C,C,C,C,C,C,C,C,C,C,C,C,C,C,C,C,C,C,C,C,C,C,C,C,C,C,C,C,C,C,C,C,C,C,C,C,C,C,C,C,C,C,C,C,C,C,C,C,C,C,C,C,C,C,C,C,C,C,C,C,C,C,C,C,C,C,C,C,C,C,C,C,C,C,C,C,C,C,C,C,C,C,C,C,C,C,C,C,C,C,C,C-,C,C,C,C,C,C,C,C,C,C-,C,C,C
179,1-HEPTANOL,D+,D+,D,D,D,D,D,D,D,D,D,D,D,D,D,D,D,D,D,D,D,D,D,D,D,D,D,D,D,D,D,D,D,D,D,D,D,D,D,D,D,D-,D,D,D,D,D,D,D,D,D,D-,D,D,D,D,D,D,D,D-,D-,D,D,D,D,D,D,D,D,D,D,D,D,D,D,D,D,D,D,D,D,D,D,D,D,D,D,D,D,D,D,D,D,D,D,D,D,D,D,D,D,D,D,D,D,D,D,D,D,D,D,D,D,D,D,D,D,D,D,D+,D,D,D,D,D,D,D,D,D,D,D,D,D,D,D,D,D,D,D+,D,D,D,D,D,D,D,D,D,D,D,D,D,D,D,D,D,D,D,D,D,D-,D-,D-,D,D,D,D,D,D,D,D,D,D,D,D,D,D,D,X,D+,D,D,D,D,D+,D,D,D,D,D,D,D,D,D,D,D,D,D,D,D,D,D,D,D,D,D,D,D,D,D,D,D,D,D,D,D,D,D,D,D,D,D,D,D,D,D,D,D,D,D+,D,D,D,D,D,D,D,D,D,D,D,D,D,D,D,D,D,D,D,D,D,D,D,D,D,D,D,D,D,D,D,D,D,D,D,D,D,D,D,D,D,D,D,D,D,D,D,D,D,D,D,D,D,D+,D,D,D,D,D,D,D,D,D,D,D+,D,D,D,D,D,D,D,D,D,D,D,D,D,D,D,D,D,D,D,D,D,D,D,D,D,D,D,D,D,D,D,D,D,D,D,D,D,D,D,D,D,D,D,D,D,D,D,D,D,D,D,D,D,D,D,D,D,D,D,D,D,D,D,D,D,D,D,D,D,D,D,D,D,D,D,D,D,D,D,D,D,D,D,D,D,D,D,D,D,D,D,D,D,D,D,D,D,D,D,D,D,D,D,D,D,D,D,D,D,D,D,D,D,D,D,D,D,D,D,D,D,D,D-,D,D,D,D,D,D,D,D,D,D-,D,D,D
180,HEXAMETHYLENEDIAMINE SOLUTION,GB+,GB+,GB,GB,GB,GB,GB,GB,GB,GB,GB,GB,GB,GB,GB,GB,GB,GB,GB,GB,GB,GB,GB,GB,GB,GB,GB,GB,GB,GB,GB,GB,GB,GB,GB,GB,GB,GB,GB,GB,GB,GB-,GB,GB,GB,GB,GB,GB,GB,GB,GB,GB-,GB,GB,GB,GB,GB,GB,GB,GB-,GB-,GB,GB,GB,GB,GB,GB,GB,GB,GB,GB,GB,GB,GB,GB,GB,GB,GB,GB,GB,GB,GB,GB,GB,GB,GB,GB,GB,GB,GB,GB,GB,GB,GB,GB,GB,GB,GB,GB,GB,GB,GB,GB,GB,GB,GB,GB,GB,GB,GB,GB,GB,GB,GB,GB,GB,GB,GB,GB,GB+,GB,GB,GB,GB,GB,GB,GB,GB,GB,GB,GB,GB,GB,GB,GB,GB,GB,GB,GB+,GB,GB,GB,GB,GB,GB,GB,GB,GB,GB,GB,GB,GB,GB,GB,GB,GB,GB,GB,GB,GB,GB-,GB-,GB-,GB,GB,GB,GB,GB,GB,GB,GB,GB,GB,GB,GB,GB,GB,GB,GB,X+,GB,GB,GB,GB,GB+,GB,GB,GB,GB,GB,GB,GB,GB,GB,GB,GB,GB,GB,GB,GB,GB,GB,GB,GB,GB,GB,GB,GB,GB,GB,GB,GB,GB,GB,GB,GB,GB,GB,GB,GB,GB,GB,GB,GB,GB,GB,GB,GB,GB,GB+,GB,GB,GB,GB,GB,GB,GB,GB,GB,GB,GB,GB,GB,GB,GB,GB,GB,GB,GB,GB,GB,GB,GB,GB,GB,GB,GB,GB,GB,GB,GB,GB,GB,GB,GB,GB,GB,GB,GB,GB,GB,GB,GB,GB,GB,GB,GB,GB,GB,GB,GB,GB,GB,GB+,GB,GB,GB,GB,GB,GB,GB,GB,GB,GB,GB+,GB,GB,GB,GB,GB,GB,GB,GB,GB,GB,GB,GB,GB,GB,GB,GB,GB,GB,GB,GB,GB,GB,GB,GB,GB,GB,GB,GB,GB,GB,GB,GB,GB,GB,GB,GB,GB,GB,GB,GB,GB,GB,GB,GB,GB,GB,GB,GB,GB,GB,GB,GB,GB,GB,GB,GB,GB,GB,GB,GB,GB,GB,GB,GB,GB,GB,GB,GB,GB,GB,GB,GB,GB,GB,GB,GB,GB,GB,GB,GB,GB,GB,GB,GB,GB,GB,GB,GB,GB,GB,GB,GB,GB,GB,GB,GB,GB,GB,GB,GB,GB,GB,GB,GB,GB,GB,GB,GB,GB,GB,GB,GB,GB,GB,GB,GB,GB,GB,GB,GB,GB,GB,GB-,GB,GB,GB,GB,GB,GB,GB,GB,GB,GB-,GB,GB,GB
181,HEXAMETHYLENEGLYCOL,CD+,CD+,CD,CD,CD,CD,CD,CD,CD,CD,CD,CD,CD,CD,CD,CD,CD,CD,CD,CD,CD,CD,CD,CD,CD,CD,CD,CD,CD,CD,CD,CD,CD,CD,CD,CD,CD,CD,CD,CD,CD,CD-,CD,CD,CD,CD,CD,CD,CD,CD,CD,CD-,CD,CD,CD,CD,CD,CD,CD,CD-,CD-,CD,CD,CD,CD,CD,CD,CD,CD,CD,CD,CD,CD,CD,CD,CD,CD,CD,CD,CD,CD,CD,CD,CD,CD,CD,CD,CD,CD,CD,CD,CD,CD,CD,CD,CD,CD,CD,CD,CD,CD,CD,CD,CD,CD,CD,CD,CD,CD,CD,CD,CD,CD,CD,CD,CD,CD,CD,CD,CD+,CD,CD,CD,CD,CD,CD,CD,CD,CD,CD,CD,CD,CD,CD,CD,CD,CD,CD,CD+,CD,CD,CD,CD,CD,CD,CD,CD,CD,CD,CD,CD,CD,CD,CD,CD,CD,CD,CD,CD,CD,CD-,CD-,CD-,CD,CD,CD,CD,CD,CD,CD,CD,CD,CD,CD,CD,CD,CD,CD,CD,CD+,X,CD,CD,CD,CD+,CD,CD,CD,CD,CD,CD,CD,CD,CD,CD,CD,CD,CD,CD,CD,CD,CD,CD,CD,CD,CD,CD,CD,CD,CD,CD,CD,CD,CD,CD,CD,CD,CD,CD,CD,CD,CD,CD,CD,CD,CD,CD,CD,CD,CD+,CD,CD,CD,CD,CD,CD,CD,CD,CD,CD,CD,CD,CD,CD,CD,CD,CD,CD,CD,CD,CD,CD,CD,CD,CD,CD,CD,CD,CD,CD,CD,CD,CD,CD,CD,CD,CD,CD,CD,CD,CD,CD,CD,CD,CD,CD,CD,CD,CD,CD,CD,CD,CD,CD+,CD,CD,CD,CD,CD,CD,CD,CD,CD,CD,CD+,CD,CD,CD,CD,CD,CD,CD,CD,CD,CD,CD,CD,CD,CD,CD,CD,CD,CD,CD,CD,CD,CD,CD,CD,CD,CD,CD,CD,CD,CD,CD,CD,CD,CD,CD,CD,CD,CD,CD,CD,CD,CD,CD,CD,CD,CD,CD,CD,CD,CD,CD,CD,CD,CD,CD,CD,CD,CD,CD,CD,CD,CD,CD,CD,CD,CD,CD,CD,CD,CD,CD,CD,CD,CD,CD,CD,CD,CD,CD,CD,CD,CD,CD,CD,CD,CD,CD,CD,CD,CD,CD,CD,CD,CD,CD,CD,CD,CD,CD,CD,CD,CD,CD,CD,CD,CD,CD,CD,CD,CD,CD,CD,CD,CD,CD,CD,CD,CD,CD,CD,CD,CD,CD-,CD,CD,CD,CD,CD,CD,CD,CD,CD,CD-,CD,CD,CD
182,HEXAMETHYLENEIMINE,BA+,BA+,BA,BA,BA,BA,BA,BA,BA,BA,BA,BA,BA,BA,BA,BA,BA,BA,BA,BA,BA,BA,BA,BA,BA,BA,BA,BA,BA,BA,BA,BA,BA,BA,BA,BA,BA,BA,BA,BA,BA,BA-,BA,BA,BA,BA,BA,BA,BA,BA,BA,BA-,BA,BA,BA,BA,BA,BA,BA,BA-,BA-,BA,BA,BA,BA,BA,BA,BA,BA,BA,BA,BA,BA,BA,BA,BA,BA,BA,BA,BA,BA,BA,BA,BA,BA,BA,BA,BA,BA,BA,BA,BA,BA,BA,BA,BA,BA,BA,BA,BA,BA,BA,BA,BA,BA,BA,BA,BA,BA,BA,BA,BA,BA,BA,BA,BA,BA,BA,BA,BA+,BA,BA,BA,BA,BA,BA,BA,BA,BA,BA,BA,BA,BA,BA,BA,BA,BA,BA,BA+,BA,BA,BA,BA,BA,BA,BA,BA,BA,BA,BA,BA,BA,BA,BA,BA,BA,BA,BA,BA,BA,BA-,BA-,BA-,BA,BA,BA,BA,BA,BA,BA,BA,BA,BA,BA,BA,BA,BA,BA,BA,BA+,BA,X,BA,BA,BA+,BA,BA,BA,BA,BA,BA,BA,BA,BA,BA,BA,BA,BA,BA,BA,BA,BA,BA,BA,BA,BA,BA,BA,BA,BA,BA,BA,BA,BA,BA,BA,BA,BA,BA,BA,BA,BA,BA,BA,BA,BA,BA,BA,BA,BA+,BA,BA,BA,BA,BA,BA,BA,BA,BA,BA,BA,BA,BA,BA,BA,BA,BA,BA,BA,BA,BA,BA,BA,BA,BA,BA,BA,BA,BA,BA,BA,BA,BA,BA,BA,BA,BA,BA,BA,BA,BA,BA,BA,BA,BA,BA,BA,BA,BA,BA,BA,BA,BA,BA+,BA,BA,BA,BA,BA,BA,BA,BA,BA,BA,BA+,BA,BA,BA,BA,BA,BA,BA,BA,BA,BA,BA,BA,BA,BA,BA,BA,BA,BA,BA,BA,BA,BA,BA,BA,BA,BA,BA,BA,BA,BA,BA,BA,BA,BA,BA,BA,BA,BA,BA,BA,BA,BA,BA,BA,BA,BA,BA,BA,BA,BA,BA,BA,BA,BA,BA,BA,BA,BA,BA,BA,BA,BA,BA,BA,BA,BA,BA,BA,BA,BA,BA,BA,BA,BA,BA,BA,BA,BA,BA,BA,BA,BA,BA,BA,BA,BA,BA,BA,BA,BA,BA,BA,BA,BA,BA,BA,BA,BA,BA,BA,BA,BA,BA,BA,BA,BA,BA,BA,BA,BA,BA,BA,BA,BA,BA,BA,BA,BA,BA,BA,BA,BA,BA-,BA,BA,BA,BA,BA,BA,BA,BA,BA,BA-,BA,BA,BA
183,HEXANOIC ACID,ND+,ND+,ND,ND,ND,ND,ND,ND,ND,ND,ND,ND,ND,ND,ND,ND,ND,ND,ND,D,ND,ND,ND,ND,ND,ND,ND,ND,D,D,D,D,ND,ND,ND,ND,ND,ND,ND,ND,ND,D-,ND,ND,ND,ND,ND,ND,ND,ND,ND,D-,D,ND,ND,ND,D,ND,ND,D-,D-,ND,D,ND,ND,ND,ND,ND,ND,ND,ND,ND,ND,ND,ND,ND,ND,ND,ND,ND,D,ND,ND,ND,ND,ND,ND,ND,ND,ND,ND,ND,ND,ND,ND,ND,ND,ND,ND,ND,ND,ND,ND,ND,ND,ND,ND,ND,ND,ND,ND,ND,ND,ND,ND,ND,ND,ND,ND,ND+,ND,ND,ND,ND,ND,ND,ND,ND,ND,ND,ND,ND,ND,ND,ND,ND,ND,ND,ND+,ND,ND,ND,ND,ND,ND,ND,ND,ND,ND,ND,ND,ND,D,ND,ND,ND,ND,ND,ND,ND,D-,D-,D-,ND,ND,D,D,D,D,D,D,ND,ND,ND,ND,ND,D,ND,ND,ND+,ND,ND,X,ND,ND+,ND,ND,D,D,D,ND,ND,ND,ND,ND,ND,D,ND,ND,ND,ND,ND,ND,ND,ND,ND,ND,ND,ND,ND,D,D,ND,ND,ND,ND,ND,ND,D,ND,ND,ND,ND,ND,ND,ND,ND,ND,ND,ND+,ND,ND,ND,ND,ND,ND,ND,ND,ND,ND,ND,ND,ND,ND,ND,ND,ND,ND,ND,ND,ND,ND,ND,ND,ND,ND,D,ND,ND,D,D,D,ND,ND,ND,ND,ND,ND,ND,ND,ND,ND,ND,ND,ND,ND,ND,ND,ND,ND,ND,ND,ND,ND+,ND,ND,ND,ND,ND,ND,ND,ND,ND,ND,ND+,ND,ND,ND,ND,ND,ND,ND,ND,ND,ND,ND,D,ND,ND,ND,ND,ND,ND,ND,ND,ND,ND,ND,ND,ND,ND,ND,ND,ND,ND,ND,ND,ND,ND,ND,ND,ND,ND,ND,ND,ND,ND,ND,ND,ND,ND,ND,ND,ND,ND,ND,ND,ND,ND,ND,D,ND,ND,D,D,D,D,ND,ND,D,ND,ND,ND,ND,ND,ND,ND,ND,ND,ND,ND,ND,ND,ND,ND,D,D,ND,ND,ND,ND,ND,ND,ND,ND,ND,ND,ND,ND,ND,ND,ND,ND,ND,ND,ND,ND,ND,ND,ND,ND,ND,ND,ND,ND,ND,ND,ND,ND,D,D,ND,ND,ND,ND,ND,D,D-,ND,ND,ND,D,D,ND,ND,ND,ND,D-,ND,ND,ND
184,1-HEXANOL,D+,D+,D,D,D,D,D,D,D,D,D,D,D,D,D,D,D,D,D,D,D,D,D,D,D,D,D,D,D,D,D,D,D,D,D,D,D,D,D,D,D,D-,D,D,D,D,D,D,D,D,D,D-,D,D,D,D,D,D,D,D-,D-,D,D,D,D,D,D,D,D,D,D,D,D,D,D,D,D,D,D,D,D,D,D,D,D,D,D,D,D,D,D,D,D,D,D,D,D,D,D,D,D,D,D,D,D,D,D,D,D,D,D,D,D,D,D,D,D,D,D,D+,D,D,D,D,D,D,D,D,D,D,D,D,D,D,D,D,D,D,D+,D,D,D,D,D,D,D,D,D,D,D,D,D,D,D,D,D,D,D,D,D,D-,D-,D-,D,D,D,D,D,D,D,D,D,D,D,D,D,D,D,D,D+,D,D,D,X,D+,D,D,D,D,D,D,D,D,D,D,D,D,D,D,D,D,D,D,D,D,D,D,D,D,D,D,D,D,D,D,D,D,D,D,D,D,D,D,D,D,D,D,D,D,D+,D,D,D,D,D,D,D,D,D,D,D,D,D,D,D,D,D,D,D,D,D,D,D,D,D,D,D,D,D,D,D,D,D,D,D,D,D,D,D,D,D,D,D,D,D,D,D,D,D,D,D,D,D,D+,D,D,D,D,D,D,D,D,D,D,D+,D,D,D,D,D,D,D,D,D,D,D,D,D,D,D,D,D,D,D,D,D,D,D,D,D,D,D,D,D,D,D,D,D,D,D,D,D,D,D,D,D,D,D,D,D,D,D,D,D,D,D,D,D,D,D,D,D,D,D,D,D,D,D,D,D,D,D,D,D,D,D,D,D,D,D,D,D,D,D,D,D,D,D,D,D,D,D,D,D,D,D,D,D,D,D,D,D,D,D,D,D,D,D,D,D,D,D,D,D,D,D,D,D,D,D,D,D,D,D,D,D,D,D-,D,D,D,D,D,D,D,D,D,D-,D,D,D
185,[185] HEXENES,AB+,AB+,AB,AB,AB,AB,AB,AB,AB,AB,AB,AB,AB,AB,AB,AB,AB,AB,AB,AB,AB,AB,AB,AB,AB,AB,AB,AB,AB,AB,AB,AB,AB,AB,AB,AB,AB,AB,AB,AB,AB,AB-,AB,AB,AB,AB,AB,AB,AB,AB,AB,AB-,AB,AB,AB,AB,AB,AB,AB,AB-,AB-,AB,AB,AB,AB,AB,AB,AB,AB,AB,AB,AB,AB,AB,AB,AB,AB,AB,AB,AB,AB,AB,AB,AB,AB,AB,AB,AB,AB,AB,AB,AB,AB,AB,AB,AB,AB,AB,AB,AB,AB,AB,AB,AB,AB,AB,AB,AB,AB,AB,AB,AB,AB,AB,AB,AB,AB,AB,AB,AB+,AB,AB,AB,AB,AB,AB,AB,AB,AB,AB,AB,AB,AB,AB,AB,AB,AB,AB,AB+,AB,AB,AB,AB,AB,AB,AB,AB,AB,AB,AB,AB,AB,AB,AB,AB,AB,AB,AB,AB,AB,AB-,AB-,AB-,AB,AB,AB,AB,AB,AB,AB,AB,AB,AB,AB,AB,AB,AB,AB,AB,AB+,AB,AB,AB,AB,X+,AB,AB,AB,AB,AB,AB,AB,AB,AB,AB,AB,AB,AB,AB,AB,AB,AB,AB,AB,AB,AB,AB,AB,AB,AB,AB,AB,AB,AB,AB,AB,AB,AB,AB,AB,AB,AB,AB,AB,AB,AB,AB,AB,AB,AB+,AB,AB,AB,AB,AB,AB,AB,AB,AB,AB,AB,AB,AB,AB,AB,AB,AB,AB,AB,AB,AB,AB,AB,AB,AB,AB,AB,AB,AB,AB,AB,AB,AB,AB,AB,AB,AB,AB,AB,AB,AB,AB,AB,AB,AB,AB,AB,AB,AB,AB,AB,AB,AB,AB+,AB,AB,AB,AB,AB,AB,AB,AB,AB,AB,AB+,AB,AB,AB,AB,AB,AB,AB,AB,AB,AB,AB,AB,AB,AB,AB,AB,AB,AB,AB,AB,AB,AB,AB,AB,AB,AB,AB,AB,AB,AB,AB,AB,AB,AB,AB,AB,AB,AB,AB,AB,AB,AB,AB,AB,AB,AB,AB,AB,AB,AB,AB,AB,AB,AB,AB,AB,AB,AB,AB,AB,AB,AB,AB,AB,AB,AB,AB,AB,AB,AB,AB,AB,AB,AB,AB,AB,AB,AB,AB,AB,AB,AB,AB,AB,AB,AB,AB,AB,AB,AB,AB,AB,AB,AB,AB,AB,AB,AB,AB,AB,AB,AB,AB,AB,AB,AB,AB,AB,AB,AB,AB,AB,AB,AB,AB,AB,AB,AB,AB,AB,AB,AB,AB-,AB,AB,AB,AB,AB,AB,AB,AB,AB,AB-,AB,AB,AB
186,HEXYL ACETATE,D+,D+,D,D,D,D,D,D,D,D,D,D,D,D,D,D,D,D,D,D,D,D,D,D,D,D,D,D,D,D,D,D,D,D,D,D,D,D,D,D,D,D-,D,D,D,D,D,D,D,D,D,D-,D,D,D,D,D,D,D,D-,D-,D,D,D,D,D,D,D,D,D,D,D,D,D,D,D,D,D,D,D,D,D,D,D,D,D,D,D,D,D,D,D,D,D,D,D,D,D,D,D,D,D,D,D,D,D,D,D,D,D,D,D,D,D,D,D,D,D,D,D+,D,D,D,D,D,D,D,D,D,D,D,D,D,D,D,D,D,D,D+,D,D,D,D,D,D,D,D,D,D,D,D,D,D,D,D,D,D,D,D,D,D-,D-,D-,D,D,D,D,D,D,D,D,D,D,D,D,D,D,D,D,D+,D,D,D,D,D+,X,D,D,D,D,D,D,D,D,D,D,D,D,D,D,D,D,D,D,D,D,D,D,D,D,D,D,D,D,D,D,D,D,D,D,D,D,D,D,D,D,D,D,D,D+,D,D,D,D,D,D,D,D,D,D,D,D,D,D,D,D,D,D,D,D,D,D,D,D,D,D,D,D,D,D,D,D,D,D,D,D,D,D,D,D,D,D,D,D,D,D,D,D,D,D,D,D,D,D+,D,D,D,D,D,D,D,D,D,D,D+,D,D,D,D,D,D,D,D,D,D,D,D,D,D,D,D,D,D,D,D,D,D,D,D,D,D,D,D,D,D,D,D,D,D,D,D,D,D,D,D,D,D,D,D,D,D,D,D,D,D,D,D,D,D,D,D,D,D,D,D,D,D,D,D,D,D,D,D,D,D,D,D,D,D,D,D,D,D,D,D,D,D,D,D,D,D,D,D,D,D,D,D,D,D,D,D,D,D,D,D,D,D,D,D,D,D,D,D,D,D,D,D,D,D,D,D,D,D,D,D,D,D,D-,D,D,D,D,D,D,D,D,D,D-,D,D,D
187,HEXYLENE GLYCOLS,BC+,BC+,BC,BC,BC,BC,BC,BC,BC,BC,BC,BC,BC,BC,BC,BC,BC,BC,BC,BC,BC,BC,BC,BC,BC,BC,BC,BC,BC,BC,BC,BC,BC,BC,BC,BC,BC,BC,BC,BC,BC,BC-,BC,BC,BC,BC,BC,BC,BC,BC,BC,BC-,BC,BC,BC,BC,BC,BC,BC,BC-,BC-,BC,BC,BC,BC,BC,BC,BC,BC,BC,BC,BC,BC,BC,BC,BC,BC,BC,BC,BC,BC,BC,BC,BC,BC,BC,BC,BC,BC,BC,BC,BC,BC,BC,BC,BC,BC,BC,BC,BC,BC,BC,BC,BC,BC,BC,BC,BC,BC,BC,BC,BC,BC,BC,BC,BC,BC,BC,BC,BC+,BC,BC,BC,BC,BC,BC,BC,BC,BC,BC,BC,BC,BC,BC,BC,BC,BC,BC,BC+,BC,BC,BC,BC,BC,BC,BC,BC,BC,BC,BC,BC,BC,BC,BC,BC,BC,BC,BC,BC,BC,BC-,BC-,BC-,BC,BC,BC,BC,BC,BC,BC,BC,BC,BC,BC,BC,BC,BC,BC,BC,BC+,BC,BC,BC,BC,BC+,BC,X,BC,BC,BC,BC,BC,BC,BC,BC,BC,BC,BC,BC,BC,BC,BC,BC,BC,BC,BC,BC,BC,BC,BC,BC,BC,BC,BC,BC,BC,BC,BC,BC,BC,BC,BC,BC,BC,BC,BC,BC,BC,BC,BC+,BC,BC,BC,BC,BC,BC,BC,BC,BC,BC,BC,BC,BC,BC,BC,BC,BC,BC,BC,BC,BC,BC,BC,BC,BC,BC,BC,BC,BC,BC,BC,BC,BC,BC,BC,BC,BC,BC,BC,BC,BC,BC,BC,BC,BC,BC,BC,BC,BC,BC,BC,BC,BC,BC+,BC,BC,BC,BC,BC,BC,BC,BC,BC,BC,BC+,BC,BC,BC,BC,BC,BC,BC,BC,BC,BC,BC,BC,BC,BC,BC,BC,BC,BC,BC,BC,BC,BC,BC,BC,BC,BC,BC,BC,BC,BC,BC,BC,BC,BC,BC,BC,BC,BC,BC,BC,BC,BC,BC,BC,BC,BC,BC,BC,BC,BC,BC,BC,BC,BC,BC,BC,BC,BC,BC,BC,BC,BC,BC,BC,BC,BC,BC,BC,BC,BC,BC,BC,BC,BC,BC,BC,BC,BC,BC,BC,BC,BC,BC,BC,BC,BC,BC,BC,BC,BC,BC,BC,BC,BC,BC,BC,BC,BC,BC,BC,BC,BC,BC,BC,BC,BC,BC,BC,BC,BC,BC,BC,BC,BC,BC,BC,BC,BC,BC,BC,BC,BC,BC-,BC,BC,BC,BC,BC,BC,BC,BC,BC,BC-,BC,BC,BC
188,HVO - DIESEL,IJ+,IJ+,IJ,IJ,IJ,IJ,IJ,IJ,IJ,IJ,IJ,IJ,IJ,IJ,IJ,IJ,IJ,IJ,IJ,H,HH,H,H,IJ,IJ,IJ,IJ,IJ,HH,HH,HH,HH,IJ,IJ,IJ,IJ,IJ,IJ,IJ,IJ,IJ,DF-,IJ,IJ,IJ,IJ,IJ,IJ,IJ,IJ,IJ,DF-,DF,IJ,IJ,IJ,DF,IJ,IJ,H-,H-,IJ,H,IJ,IJ,IJ,IJ,IJ,IJ,IJ,IJ,IJ,IJ,IJ,IJ,IJ,IJ,IJ,IJ,IJ,H,IJ,IJ,IJ,IJ,IJ,IJ,IJ,IJ,IJ,IJ,IJ,IJ,IJ,IJ,IJ,IJ,IJ,IJ,IJ,IJ,IJ,IJ,IJ,IJ,IJ,IJ,IJ,IJ,IJ,IJ,IJ,IJ,IJ,IJ,IJ,IJ,IJ,IJ,IJ+,IJ,IJ,IJ,IJ,IJ,IJ,IJ,IJ,IJ,IJ,IJ,IJ,IJ,IJ,IJ,IJ,IJ,IJ,IJ+,IJ,IJ,IJ,IJ,IJ,IJ,IJ,IJ,IJ,IJ,IJ,IJ,IJ,DF,IJ,IJ,IJ,IJ,IJ,IJ,IJ,H-,H-,H-,IJ,IJ,H,H,H,H,H,H,IJ,IJ,IJ,IJ,IJ,HB,IJ,IJ,IJ+,IJ,IJ,IJ,IJ,IJ+,IJ,IJ,H,HB,H,IJ,IJ,IJ,IJ,IJ,IJ,H,IJ,IJ,IJ,IJ,IJ,IJ,IJ,IJ,IJ,IJ,IJ,IJ,H,H,H,IJ,IJ,IJ,IJ,IJ,IJ,H,IJ,IJ,DF,H,IJ,IJ,IJ,IJ,IJ,IJ,IJ+,IJ,IJ,IJ,IJ,IJ,IJ,IJ,IJ,IJ,IJ,IJ,IJ,IJ,IJ,IJ,IJ,IJ,IJ,IJ,IJ,IJ,IJ,IJ,IJ,IJ,IJ,H,IJ,IJ,HB,H,H,IJ,IJ,IJ,IJ,IJ,IJ,IJ,IJ,IJ,IJ,IJ,IJ,IJ,IJ,IJ,IJ,IJ,IJ,IJ,IJ,IJ,IJ+,IJ,IJ,IJ,IJ,IJ,IJ,IJ,IJ,IJ,IJ,IJ+,IJ,IJ,IJ,IJ,IJ,IJ,IJ,IJ,IJ,IJ,IJ,DF,IJ,IJ,IJ,IJ,IJ,IJ,IJ,IJ,IJ,IJ,IJ,IJ,IJ,IJ,IJ,IJ,IJ,IJ,IJ,IJ,IJ,IJ,IJ,IJ,IJ,IJ,IJ,IJ,IJ,IJ,IJ,IJ,IJ,IJ,IJ,IJ,IJ,IJ,IJ,IJ,IJ,IJ,IJ,DF,IJ,IJ,HB,H,HB,H,IJ,IJ,H,DF,IJ,DF,IJ,IJ,IJ,IJ,IJ,H,IJ,IJ,IJ,IJ,IJ,IJ,DF,DF,IJ,IJ,IJ,IJ,IJ,IJ,IJ,IJ,IJ,IJ,IJ,IJ,IJ,IJ,IJ,IJ,IJ,IJ,IJ,IJ,IJ,IJ,IJ,IJ,IJ,IJ,IJ,IJ,IJ,IJ,IJ,IJ,H,H,IJ,IJ,IJ,IJ,IJ,DF,H-,IJ,IJ,IJ,H,H,IJ,IJ,IJ,IJ,H-,H,H,IJ
189,HVO - NAPHTHA,DH+,DH+,DH,DH,DH,CF,DH,DH,DH,DH,DH,DH,DH,DH,DH,DH,DH,DH,DH,HG,HH,HB,HH,DH,DH,DH,DH,DH,HH,HH,HH,HH,DH,DH,DH,DH,DH,DH,DH,DH,DH,CF-,DH,CF,DH,DH,DH,DH,DH,DH,DH,CF-,CF,CF,CF,CF,CF,CF,DH,H-,H-,DH,HC,DH,DH,DH,DH,DH,DH,DH,DH,DH,DH,DH,DH,DH,DH,DH,DH,DH,HC,DH,DH,DH,DH,DH,DH,DH,DH,DH,DH,DH,DH,DH,DH,DH,DH,DH,DH,DH,DH,DH,DH,DH,DH,DH,DH,DH,DH,DH,DH,DH,DH,DH,DH,DH,DH,DH,DH,DH+,DH,DH,DH,DH,DH,DH,DH,DH,DH,DH,DH,DH,DH,DH,DH,DH,DH,DH,DH+,DH,DH,DH,DH,DH,DH,DH,DH,DH,DH,DH,DH,CF,CF,CF,CF,DH,DH,DH,DH,DH,HC-,HC-,HC-,DH,DH,HC,HC,HC,H,H,HG,DH,DH,DH,DH,CF,H,DH,DH,DH+,DH,DH,DH,DH,DH+,DH,DH,HG,H,HG,DH,DH,DH,DH,DH,DH,H,DH,DH,DH,DH,DH,DH,DH,DH,DH,DH,DH,DH,HH,HC,HC,DH,DH,CF,DH,CF,DH,HC,DH,CF,CF,HG,CF,DH,DH,DH,DH,DH,DH+,DH,DH,DH,DH,DH,DH,DH,DH,DH,DH,DH,DH,DH,DH,DH,DH,DH,DH,DH,DH,DH,DH,DH,DH,CF,DH,H,CF,DH,H,H,H,DH,CF,DH,DH,DH,DH,DH,DH,DH,DH,DH,DH,DH,DH,DH,DH,DH,DH,DH,DH,DH,DH+,DH,DH,DH,DH,DH,DH,DH,DH,DH,DH,DH+,DH,CF,DH,DH,DH,DH,DH,CF,CF,CF,CF,CF,CF,CF,CF,CF,CF,CF,CF,CF,DH,CF,DH,DH,DH,DH,DH,DH,CF,CF,DH,CF,DH,DH,DH,CF,DH,DH,DH,CF,DH,DH,DH,DH,DH,DH,DH,DH,DH,DH,DH,DH,DH,DH,DH,CF,CF,CF,H,HG,H,HC,CF,DH,HC,CF,D,CF,CF,DH,CF,DH,DH,HH,CF,DH,DH,DH,CF,CF,CF,CF,CF,DH,DH,DH,DH,DH,DH,DH,DH,DH,DH,DH,DH,DH,DH,DH,DH,DH,DH,DH,DH,DH,DH,DH,DH,DH,DH,DH,DH,DH,DH,CF,HG,HC,DH,CF,CF,CF,CF,CF,HD-,DH,CF,CF,HG,HC,DH,DH,DH,DH,HC-,HH,HH,DH
190,HYDROGENATED VEGETABLE OIL,IJ+,IJ+,IJ,IJ,IJ,IJ,IJ,IJ,IJ,IJ,IJ,IJ,IJ,IJ,IJ,IJ,IJ,IJ,IJ,H,HH,H,H,IJ,IJ,IJ,IJ,IJ,HH,HH,HH,HH,IJ,IJ,IJ,IJ,IJ,IJ,IJ,IJ,IJ,DF-,IJ,IJ,IJ,IJ,IJ,IJ,IJ,IJ,IJ,DF-,DF,IJ,IJ,IJ,DF,IJ,IJ,H-,H-,IJ,H,IJ,IJ,IJ,IJ,IJ,IJ,IJ,IJ,IJ,IJ,IJ,IJ,IJ,IJ,IJ,IJ,IJ,H,IJ,IJ,IJ,IJ,IJ,IJ,IJ,IJ,IJ,IJ,IJ,IJ,IJ,IJ,IJ,IJ,IJ,IJ,IJ,IJ,IJ,IJ,IJ,IJ,IJ,IJ,IJ,IJ,IJ,IJ,IJ,IJ,IJ,IJ,IJ,IJ,IJ,IJ,IJ+,IJ,IJ,IJ,IJ,IJ,IJ,IJ,IJ,IJ,IJ,IJ,IJ,IJ,IJ,IJ,IJ,IJ,IJ,IJ+,IJ,IJ,IJ,IJ,IJ,IJ,IJ,IJ,IJ,IJ,IJ,IJ,IJ,DF,IJ,IJ,IJ,IJ,IJ,IJ,IJ,H-,H-,H-,IJ,IJ,H,H,H,H,H,H,IJ,IJ,IJ,IJ,IJ,HB,IJ,IJ,IJ+,IJ,IJ,IJ,IJ,IJ+,IJ,IJ,H,HB,H,IJ,IJ,IJ,IJ,IJ,IJ,H,IJ,IJ,IJ,IJ,IJ,IJ,IJ,IJ,IJ,IJ,IJ,IJ,H,H,H,IJ,IJ,IJ,IJ,IJ,IJ,H,IJ,IJ,DF,H,IJ,IJ,IJ,IJ,IJ,IJ,IJ+,IJ,IJ,IJ,IJ,IJ,IJ,IJ,IJ,IJ,IJ,IJ,IJ,IJ,IJ,IJ,IJ,IJ,IJ,IJ,IJ,IJ,IJ,IJ,IJ,IJ,IJ,H,IJ,IJ,HB,H,H,IJ,IJ,IJ,IJ,IJ,IJ,IJ,IJ,IJ,IJ,IJ,IJ,IJ,IJ,IJ,IJ,IJ,IJ,IJ,IJ,IJ,IJ+,IJ,IJ,IJ,IJ,IJ,IJ,IJ,IJ,IJ,IJ,IJ+,IJ,IJ,IJ,IJ,IJ,IJ,IJ,IJ,IJ,IJ,IJ,DF,IJ,IJ,IJ,IJ,IJ,IJ,IJ,IJ,IJ,IJ,IJ,IJ,IJ,IJ,IJ,IJ,IJ,IJ,IJ,IJ,IJ,IJ,IJ,IJ,IJ,IJ,IJ,IJ,IJ,IJ,IJ,IJ,IJ,IJ,IJ,IJ,IJ,IJ,IJ,IJ,IJ,IJ,IJ,DF,IJ,IJ,HB,H,HB,H,IJ,IJ,H,DF,IJ,DF,IJ,IJ,IJ,IJ,IJ,H,IJ,IJ,IJ,IJ,IJ,IJ,DF,DF,IJ,IJ,IJ,IJ,IJ,IJ,IJ,IJ,IJ,IJ,IJ,IJ,IJ,IJ,IJ,IJ,IJ,IJ,IJ,IJ,IJ,IJ,IJ,IJ,IJ,IJ,IJ,IJ,IJ,IJ,IJ,IJ,H,H,IJ,IJ,IJ,IJ,IJ,DF,H-,IJ,IJ,IJ,H,H,IJ,IJ,IJ,IJ,H-,H,H,IJ
191,2-HYDROXYETHYL ACRYLATE,MA+,MA+,MA,MA,MA,MA,MA,MA,MA,MA,MA,MA,MA,MA,MA,MA,MA,MA,MA,M,MA,MA,MA,MA,MA,MA,MA,MA,M,M,M,M,MA,MA,MA,MA,MA,MA,MA,MA,MA,M-,MA,MA,MA,MA,MA,MA,MA,MA,MA,M-,MA,MA,MA,MA,M,MA,MA,M-,M-,MA,M,MA,MA,MA,MA,MA,MA,MA,MA,MA,MA,MA,MA,MA,MA,MA,MA,MA,M,MA,MA,MA,MA,MA,MA,MA,MA,MA,MA,MA,MA,MA,MA,MA,MA,MA,MA,MA,MA,MA,MA,MA,MA,MA,MA,MA,MA,MA,MA,MA,MA,MA,MA,MA,MA,MA,MA,MA+,MA,MA,MA,MA,MA,MA,MA,M,MA,MA,MA,MA,MA,MA,MA,MA,MA,MA,MA+,MA,MA,MA,MA,MA,MA,MA,M,MA,M,MA,MA,MA,MA,MA,MA,MA,MA,MA,MA,MA,M-,M-,M-,MA,MA,M,M,M,M,M,M,MA,MA,MA,MA,MA,MA,MA,MA,MA+,MA,MA,MA,MA,MA+,MA,MA,M,MA,M,X,MA,MA,M,MA,M,M,MA,MA,MA,MA,MA,MA,MA,MA,MA,MA,MA,MA,MA,M,M,MA,MA,MA,MA,MA,MA,M,MA,MA,MA,MA,MA,MA,MA,MA,MA,MA,MA+,MA,MA,MA,MA,MA,MA,MA,MA,MA,MA,M,MA,MA,MA,MA,MA,MA,MA,M,MA,MA,MA,MA,MA,MA,MA,M,MA,MA,MA,M,M,MA,MA,MA,MA,MA,MA,MA,MA,MA,MA,MA,MA,MA,M,MA,MA,M,MA,MA,MA,MA,MA+,MA,MA,MA,MA,MA,MA,MA,MA,MA,MA,MA+,MA,MA,MA,MA,MA,MA,MA,MA,MA,MA,MA,MA,MA,MA,MA,MA,MA,MA,MA,MA,MA,MA,MA,MA,MA,MA,MA,MA,MA,MA,MA,MA,MA,MA,MA,MA,MA,MA,MA,MA,MA,MA,MA,MA,MA,MA,MA,MA,MA,MA,MA,MA,MA,MA,MA,M,MA,MA,MA,M,MA,M,MA,MA,M,MA,MA,MA,MA,MA,MA,MA,MA,MA,MA,MA,MA,MA,MA,MA,M,M,MA,MA,M,MA,MA,MA,MA,MA,MA,MA,MA,MA,MA,MA,MA,MA,MA,MA,MA,MA,MA,MA,MA,MA,MA,MA,MA,MA,MA,MA,MA,MA,M,M,MA,MA,MA,MA,MA,MA,M-,MA,MA,MA,M,M,MA,MA,MA,MA,M-,MA,MA,MA
192,ISOBUTANOL,C+,C+,C,C,C,C,C,C,C,C,C,C,C,C,C,C,C,C,C,C,C,C,C,C,C,C,C,C,C,C,C,C,C,C,C,C,C,C,C,C,C,C-,C,C,C,C,C,C,C,C,C,C-,C,C,C,C,C,C,C,C-,C-,C,C,C,C,C,C,C,C,C,C,C,C,C,C,C,C,C,C,C,C,C,C,C,C,C,C,C,C,C,C,C,C,C,C,C,C,C,C,C,C,C,C,C,C,C,C,C,C,C,C,C,C,C,C,C,C,C,C,C+,C,C,C,C,C,C,C,C,C,C,C,C,C,C,C,C,C,C,C+,C,C,C,C,C,C,C,C,C,C,C,C,C,C,C,C,C,C,C,C,C,C-,C-,C-,C,C,C,C,C,C,C,C,C,C,C,C,C,C,C,C,C+,C,C,C,C,C+,C,C,C,C,C,C,X,C,C,C,C,C,C,C,C,C,C,C,C,C,C,C,C,C,C,C,C,C,C,C,C,C,C,C,C,C,C,C,C,C,C,C,C,C,C+,C,C,C,C,C,C,C,C,C,C,C,C,C,C,C,C,C,C,C,C,C,C,C,C,C,C,C,C,C,C,C,C,C,C,C,C,C,C,C,C,C,C,C,C,C,C,C,C,C,C,C,C,C,C+,C,C,C,C,C,C,C,C,C,C,C+,C,C,C,C,C,C,C,C,C,C,C,C,C,C,C,C,C,C,C,C,C,C,C,C,C,C,C,C,C,C,C,C,C,C,C,C,C,C,C,C,C,C,C,C,C,C,C,C,C,C,C,C,C,C,C,C,C,C,C,C,C,C,C,C,C,C,C,C,C,C,C,C,C,C,C,C,C,C,C,C,C,C,C,C,C,C,C,C,C,C,C,C,C,C,C,C,C,C,C,C,C,C,C,C,C,C,C,C,C,C,C,C,C,C,C,C,C,C,C,C,C,C,C-,C,C,C,C,C,C,C,C,C,C-,C,C,C
193,ISOBUTANOLAMINE,GA+,GA+,GA,GA,GA,GA,GA,GA,GA,GA,GA,GA,GA,GA,GA,GA,GA,GA,GA,GA,GA,GA,GA,GA,GA,GA,GA,GA,GA,GA,GA,GA,GA,GA,GA,GA,GA,GA,GA,GA,GA,GA-,GA,GA,GA,GA,GA,GA,GA,GA,GA,GA-,GA,GA,GA,GA,GA,GA,GA,GA-,GA-,GA,GA,GA,GA,GA,GA,GA,GA,GA,GA,GA,GA,GA,GA,GA,GA,GA,GA,GA,GA,GA,GA,GA,GA,GA,GA,GA,GA,GA,GA,GA,GA,GA,GA,GA,GA,GA,GA,GA,GA,GA,GA,GA,GA,GA,GA,GA,GA,GA,GA,GA,GA,GA,GA,GA,GA,GA,GA,GA+,GA,GA,GA,GA,GA,GA,GA,GA,GA,GA,GA,GA,GA,GA,GA,GA,GA,GA,GA+,GA,GA,GA,GA,GA,GA,GA,GA,GA,GA,GA,GA,GA,GA,GA,GA,GA,GA,GA,GA,GA,GA-,GA-,GA-,GA,GA,GA,GA,GA,GA,GA,GA,GA,GA,GA,GA,GA,GA,GA,GA,GA+,GA,GA,GA,GA,GA+,GA,GA,GA,GA,GA,GA,GA,X,GA,GA,GA,GA,GA,GA,GA,GA,GA,GA,GA,GA,GA,GA,GA,GA,GA,GA,GA,GA,GA,GA,GA,GA,GA,GA,GA,GA,GA,GA,GA,GA,GA,GA,GA,GA,GA+,GA,GA,GA,GA,GA,GA,GA,GA,GA,GA,GA,GA,GA,GA,GA,GA,GA,GA,GA,GA,GA,GA,GA,GA,GA,GA,GA,GA,GA,GA,GA,GA,GA,GA,GA,GA,GA,GA,GA,GA,GA,GA,GA,GA,GA,GA,GA,GA,GA,GA,GA,GA,GA,GA+,GA,GA,GA,GA,GA,GA,GA,GA,GA,GA,GA+,GA,GA,GA,GA,GA,GA,GA,GA,GA,GA,GA,GA,GA,GA,GA,GA,GA,GA,GA,GA,GA,GA,GA,GA,GA,GA,GA,GA,GA,GA,GA,GA,GA,GA,GA,GA,GA,GA,GA,GA,GA,GA,GA,GA,GA,GA,GA,GA,GA,GA,GA,GA,GA,GA,GA,GA,GA,GA,GA,GA,GA,GA,GA,GA,GA,GA,GA,GA,GA,GA,GA,GA,GA,GA,GA,GA,GA,GA,GA,GA,GA,GA,GA,GA,GA,GA,GA,GA,GA,GA,GA,GA,GA,GA,GA,GA,GA,GA,GA,GA,GA,GA,GA,GA,GA,GA,GA,GA,GA,GA,GA,GA,GA,GA,GA,GA,GA,GA,GA,GA,GA,GA,GA-,GA,GA,GA,GA,GA,GA,GA,GA,GA,GA-,GA,GA,GA
194,ISOBUTYL ACRYLATE,MA+,MA+,MA,MA,MA,MA,MA,MA,MA,MA,MA,MA,MA,MA,MA,MA,MA,MA,MA,M,MA,MA,MA,MA,MA,MA,MA,MA,M,M,M,M,MA,MA,MA,MA,MA,MA,MA,MA,MA,M-,MA,MA,MA,MA,MA,MA,MA,MA,MA,M-,MA,MA,MA,MA,M,MA,MA,M-,M-,MA,M,MA,MA,MA,MA,MA,MA,MA,MA,MA,MA,MA,MA,MA,MA,MA,MA,MA,M,MA,MA,MA,MA,MA,MA,MA,MA,MA,MA,MA,MA,MA,MA,MA,MA,MA,MA,MA,MA,MA,MA,MA,MA,MA,MA,MA,MA,MA,MA,MA,MA,MA,MA,MA,MA,MA,MA,MA+,MA,MA,MA,MA,MA,MA,MA,M,MA,MA,MA,MA,MA,MA,MA,MA,MA,MA,MA+,MA,MA,MA,MA,MA,MA,MA,M,MA,M,MA,MA,MA,MA,MA,MA,MA,MA,MA,MA,MA,M-,M-,M-,MA,MA,M,M,M,M,M,M,MA,MA,MA,MA,MA,MA,MA,MA,MA+,MA,MA,MA,MA,MA+,MA,MA,M,MA+,M,M,MA,MA,X,MA,M,M,MA,MA,MA,MA,MA,MA,MA,MA,MA,MA,MA,MA,MA,M,M,MA,MA,MA,MA,MA,MA,M,MA,MA,MA,MA,MA,MA,MA,MA,MA,MA,MA+,MA,MA,MA,MA,MA,MA,MA,MA,MA,MA,M,MA,MA,MA,MA,MA,MA,MA,M,MA,MA,MA,MA,MA,MA,MA,M,MA,MA,MA,M,M,MA,MA,MA,MA,MA,MA,MA,MA,MA,MA,MA,MA,MA,M,MA,MA,M,MA,MA,MA,MA,MA+,MA,MA,MA,MA,MA,MA,MA,MA,MA,MA,MA+,MA,MA,MA,MA,MA,MA,MA,MA,MA,MA,MA,MA,MA,MA,MA,MA,MA,MA,MA,MA,MA,MA,MA,MA,MA,MA,MA,MA,MA,MA,MA,MA,MA,MA,MA,MA,MA,MA,MA,MA,MA,MA,MA,MA,MA,MA,MA,MA,MA,MA,MA,MA,MA,MA,MA,M,MA,MA,MA,M,MA,M,MA,MA,M,MA,MA,MA,MA,MA,MA,MA,MA,MA,MA,MA,MA,MA,MA,MA,M,M,MA,MA,M,MA,MA,MA,MA,MA,MA,MA,MA,MA,MA,MA,MA,MA,MA,MA,MA,MA,MA,MA,MA,MA,MA,MA,MA,MA,MA,MA,MA,MA,M,M,MA,MA,MA,MA,MA,MA,M-,MA,MA,MA,M,M,MA,MA,MA,MA,M-,MA,MA,MA
195,ISOBUTYL ISOBUTYRATE,C+,C+,C,C,C,C,C,C,C,C,C,C,C,C,C,C,C,C,C,C,C,C,C,C,C,C,C,C,C,C,C,C,C,C,C,C,C,C,C,C,C,C-,C,C,C,C,C,C,C,C,C,C-,C,C,C,C,C,C,C,C-,C-,C,C,C,C,C,C,C,C,C,C,C,C,C,C,C,C,C,C,C,C,C,C,C,C,C,C,C,C,C,C,C,C,C,C,C,C,C,C,C,C,C,C,C,C,C,C,C,C,C,C,C,C,C,C,C,C,C,C,C+,C,C,C,C,C,C,C,C,C,C,C,C,C,C,C,C,C,C,C+,C,C,C,C,C,C,C,C,C,C,C,C,C,C,C,C,C,C,C,C,C,C-,C-,C-,C,C,C,C,C,C,C,C,C,C,C,C,C,C,C,C,C+,C,C,C,C,C+,C,C,C,C,C,C,C,C,C,X,C,C,C,C,C,C,C,C,C,C,C,C,C,C,C,C,C,C,C,C,C,C,C,C,C,C,C,C,C,C,C,C,C,C,C+,C,C,C,C,C,C,C,C,C,C,C,C,C,C,C,C,C,C,C,C,C,C,C,C,C,C,C,C,C,C,C,C,C,C,C,C,C,C,C,C,C,C,C,C,C,C,C,C,C,C,C,C,C,C+,C,C,C,C,C,C,C,C,C,C,C+,C,C,C,C,C,C,C,C,C,C,C,C,C,C,C,C,C,C,C,C,C,C,C,C,C,C,C,C,C,C,C,C,C,C,C,C,C,C,C,C,C,C,C,C,C,C,C,C,C,C,C,C,C,C,C,C,C,C,C,C,C,C,C,C,C,C,C,C,C,C,C,C,C,C,C,C,C,C,C,C,C,C,C,C,C,C,C,C,C,C,C,C,C,C,C,C,C,C,C,C,C,C,C,C,C,C,C,C,C,C,C,C,C,C,C,C,C,C,C,C,C,C,C-,C,C,C,C,C,C,C,C,C,C-,C,C,C
196,ISOBUTYL METHACRYLATE,MA+,MA+,MA,MA,MA,MA,MA,MA,MA,MA,MA,MA,MA,MA,MA,MA,MA,MA,MA,M,MA,MA,MA,MA,MA,MA,MA,MA,M,M,M,M,MA,MA,MA,MA,MA,MA,MA,MA,MA,M-,MA,MA,MA,MA,MA,MA,MA,MA,MA,M-,MA,MA,MA,MA,M,MA,MA,M-,M-,MA,M,MA,MA,MA,MA,MA,MA,MA,MA,MA,MA,MA,MA,MA,MA,MA,MA,MA,M,MA,MA,MA,MA,MA,MA,MA,MA,MA,MA,MA,MA,MA,MA,MA,MA,MA,MA,MA,MA,MA,MA,MA,MA,MA,MA,MA,MA,MA,MA,MA,MA,MA,MA,MA,MA,MA,MA,MA+,MA,MA,MA,MA,MA,MA,MA,M,MA,MA,MA,MA,MA,MA,MA,MA,MA,MA,MA+,MA,MA,MA,MA,MA,MA,MA,M,MA,M,MA,MA,MA,MA,MA,MA,MA,MA,MA,MA,MA,M-,M-,M-,MA,MA,M,M,M,M,M,M,MA,MA,MA,MA,MA,MA,MA,MA,MA+,MA,MA,MA,MA,MA+,MA,MA,M,MA,M,M,MA,MA,M,MA,X,M,MA,MA,MA,MA,MA,MA,MA,MA,MA,MA,MA,MA,MA,M,M,MA,MA,MA,MA,MA,MA,M,MA,MA,MA,MA,MA,MA,MA,MA,MA,MA,MA+,MA,MA,MA,MA,MA,MA,MA,MA,MA,MA,M,MA,MA,MA,MA,MA,MA,MA,M,MA,MA,MA,MA,MA,MA,MA,M,MA,MA,MA,M,M,MA,MA,MA,MA,MA,MA,MA,MA,MA,MA,MA,MA,MA,M,MA,MA,M,MA,MA,MA,MA,MA+,MA,MA,MA,MA,MA,MA,MA,MA,MA,MA,MA+,MA,MA,MA,MA,MA,MA,MA,MA,MA,MA,MA,MA,MA,MA,MA,MA,MA,MA,MA,MA,MA,MA,MA,MA,MA,MA,MA,MA,MA,MA,MA,MA,MA,MA,MA,MA,MA,MA,MA,MA,MA,MA,MA,MA,MA,MA,MA,MA,MA,MA,MA,MA,MA,MA,MA,M,MA,MA,MA,M,MA,M,MA,MA,M,MA,MA,MA,MA,MA,MA,MA,MA,MA,MA,MA,MA,MA,MA,MA,M,M,MA,MA,M,MA,MA,MA,MA,MA,MA,MA,MA,MA,MA,MA,MA,MA,MA,MA,MA,MA,MA,MA,MA,MA,MA,MA,MA,MA,MA,MA,MA,MA,M,M,MA,MA,MA,MA,MA,MA,M-,MA,MA,MA,M,M,MA,MA,MA,MA,M-,MA,MA,MA
197,ISOMERATE,IA+,IA+,IA,IA,IA,IA,IA,IA,IA,IA,IA,IA,IA,IA,IA,IA,IA,IA,IA,HG,H,HB,HH,IA,IA,IA,IA,IA,HH,HH,HH,HH,IA,IA,IA,IA,IA,IA,IA,IA,IA,D-,IA,IA,IA,IA,IA,IA,IA,IA,IA,D-,D,IA,IA,IA,D,IA,IA,H-,H-,IA,HC,IA,IA,IA,IA,IA,IA,IA,IA,IA,IA,IA,IA,IA,IA,IA,IA,IA,HC,IA,IA,IA,IA,IA,IA,IA,IA,IA,IA,IA,IA,IA,IA,IA,IA,IA,IA,IA,IA,IA,IA,IA,IA,IA,IA,IA,IA,IA,IA,IA,IA,IA,IA,IA,IA,IA,IA,IA+,IA,IA,IA,IA,IA,IA,IA,IA,IA,IA,IA,IA,IA,IA,IA,IA,IA,IA,IA+,IA,IA,IA,IA,IA,IA,IA,IA,IA,IA,IA,IA,IA,D,IA,IA,IA,IA,IA,IA,IA,HC-,HC-,HC-,IA,IA,HC,HC,HC,H,H,HG,IA,IA,IA,IA,IA,HB,IA,IA,IA+,IA,IA,IA,IA,IA+,IA,IA,HG,HB,HG,IA,IA,IA,IA,IA,IA,H,IA,IA,IA,IA,IA,IA,IA,IA,IA,IA,IA,IA,HH,HC,HC,IA,IA,IA,IA,IA,IA,HC,D,IA,IA,HG,IA,IA,IA,IA,IA,IA,IA+,IA,IA,IA,IA,IA,IA,IA,IA,IA,IA,IA,IA,IA,IA,IA,IA,IA,IA,IA,IA,IA,IA,IA,IA,IA,IA,H,IA,IA,HB,H,H,IA,IA,IA,IA,IA,IA,IA,IA,IA,IA,IA,IA,IA,IA,IA,IA,IA,IA,IA,IA,IA,IA+,IA,IA,IA,IA,IA,IA,IA,IA,IA,IA,IA+,IA,IA,IA,IA,IA,IA,IA,IA,IA,IA,IA,D,IA,IA,IA,IA,IA,IA,IA,IA,IA,IA,IA,IA,IA,IA,IA,IA,IA,IA,IA,IA,IA,IA,IA,IA,IA,IA,IA,D,IA,IA,IA,IA,IA,IA,IA,IA,IA,IA,IA,IA,IA,IA,IA,D,IA,IA,HB,HG,HB,HC,IA,IA,HC,D,IA,D,D,IA,IA,IA,IA,HH,IA,IA,IA,IA,IA,IA,D,D,IA,IA,IA,IA,IA,IA,IA,IA,IA,IA,IA,IA,IA,IA,IA,IA,IA,IA,IA,IA,IA,IA,IA,IA,IA,IA,IA,IA,IA,IA,IA,IA,HG,HC,IA,IA,IA,IA,IA,D,HD-,IA,IA,IA,HG,HC,IA,IA,IA,IA,HC-,HH,HH,IA
198,ISOPENTANE,AB+,AB+,AB,AB,AB,AB,AB,AB,AB,AB,AB,AB,AB,AB,AB,AB,AB,AB,AB,AB,AB,AB,AB,AB,AB,AB,AB,AB,AB,AB,AB,AB,AB,AB,AB,AB,AB,AB,AB,AB,AB,AB-,AB,AB,AB,AB,AB,AB,AB,AB,AB,AB-,AB,AB,AB,AB,AB,AB,AB,AB-,AB-,AB,AB,AB,AB,AB,AB,AB,AB,AB,AB,AB,AB,AB,AB,AB,AB,AB,AB,AB,AB,AB,AB,AB,AB,AB,AB,AB,AB,AB,AB,AB,AB,AB,AB,AB,AB,AB,AB,AB,AB,AB,AB,AB,AB,AB,AB,AB,AB,AB,AB,AB,AB,AB,AB,AB,AB,AB,AB,AB+,AB,AB,AB,AB,AB,AB,AB,AB,AB,AB,AB,AB,AB,AB,AB,AB,AB,AB,AB+,AB,AB,AB,AB,AB,AB,AB,AB,AB,AB,AB,AB,AB,AB,AB,AB,AB,AB,AB,AB,AB,AB-,AB-,AB-,AB,AB,AB,AB,AB,AB,AB,AB,AB,AB,AB,AB,AB,AB,AB,AB,AB+,AB,AB,AB,AB,AB+,AB,AB,AB,AB,AB,AB,AB,AB,AB,AB,AB,AB,X,AB,AB,AB,AB,AB,AB,AB,AB,AB,AB,AB,AB,AB,AB,AB,AB,AB,AB,AB,AB,AB,AB,AB,AB,AB,AB,AB,AB,AB,AB,AB,AB+,AB,AB,AB,AB,AB,AB,AB,AB,AB,AB,AB,AB,AB,AB,AB,AB,AB,AB,AB,AB,AB,AB,AB,AB,AB,AB,AB,AB,AB,AB,AB,AB,AB,AB,AB,AB,AB,AB,AB,AB,AB,AB,AB,AB,AB,AB,AB,AB,AB,AB,AB,AB,AB,AB+,AB,AB,AB,AB,AB,AB,AB,AB,AB,AB,AB+,AB,AB,AB,AB,AB,AB,AB,AB,AB,AB,AB,AB,AB,AB,AB,AB,AB,AB,AB,AB,AB,AB,AB,AB,AB,AB,AB,AB,AB,AB,AB,AB,AB,AB,AB,AB,AB,AB,AB,AB,AB,AB,AB,AB,AB,AB,AB,AB,AB,AB,AB,AB,AB,AB,AB,AB,AB,AB,AB,AB,AB,AB,AB,AB,AB,AB,AB,AB,AB,AB,AB,AB,AB,AB,AB,AB,AB,AB,AB,AB,AB,AB,AB,AB,AB,AB,AB,AB,AB,AB,AB,AB,AB,AB,AB,AB,AB,AB,AB,AB,AB,AB,AB,AB,AB,AB,AB,AB,AB,AB,AB,AB,AB,AB,AB,AB,AB,AB,AB,AB,AB,AB,AB-,AB,AB,AB,AB,AB,AB,AB,AB,AB,AB-,AB,AB,AB
199,ISOPENTENE,C+,C+,C,C,C,C,C,C,C,C,C,C,C,C,C,C,C,C,C,C,C,C,C,C,C,C,C,C,C,C,C,C,C,C,C,C,C,C,C,C,C,C-,C,C,C,C,C,C,C,C,C,C-,C,C,C,C,C,C,C,C-,C-,C,C,C,C,C,C,C,C,C,C,C,C,C,C,C,C,C,C,C,C,C,C,C,C,C,C,C,C,C,C,C,C,C,C,C,C,C,C,C,C,C,C,C,C,C,C,C,C,C,C,C,C,C,C,C,C,C,C,C+,C,C,C,C,C,C,C,C,C,C,C,C,C,C,C,C,C,C,C+,C,C,C,C,C,C,C,C,C,C,C,C,C,C,C,C,C,C,C,C,C,C-,C-,C-,C,C,C,C,C,C,C,C,C,C,C,C,C,C,C,C,C+,C,C,C,C,C+,C,C,C,C,C,C,C,C,C,C,C,C,C,X,C,C,C,C,C,C,C,C,C,C,C,C,C,C,C,C,C,C,C,C,C,C,C,C,C,C,C,C,C,C,C+,C,C,C,C,C,C,C,C,C,C,C,C,C,C,C,C,C,C,C,C,C,C,C,C,C,C,C,C,C,C,C,C,C,C,C,C,C,C,C,C,C,C,C,C,C,C,C,C,C,C,C,C,C,C+,C,C,C,C,C,C,C,C,C,C,C+,C,C,C,C,C,C,C,C,C,C,C,C,C,C,C,C,C,C,C,C,C,C,C,C,C,C,C,C,C,C,C,C,C,C,C,C,C,C,C,C,C,C,C,C,C,C,C,C,C,C,C,C,C,C,C,C,C,C,C,C,C,C,C,C,C,C,C,C,C,C,C,C,C,C,C,C,C,C,C,C,C,C,C,C,C,C,C,C,C,C,C,C,C,C,C,C,C,C,C,C,C,C,C,C,C,C,C,C,C,C,C,C,C,C,C,C,C,C,C,C,C,C,C-,C,C,C,C,C,C,C,C,C,C-,C,C,C
200,ISOPHORONE,C+,C+,C,C,C,C,C,C,C,C,C,C,C,C,C,C,C,C,C,C,C,C,C,C,C,C,C,C,C,C,C,C,C,C,C,C,C,C,C,C,C,C-,C,C,C,C,C,C,C,C,C,C-,C,C,C,C,C,C,C,C-,C-,C,C,C,C,C,C,C,C,C,C,C,C,C,C,C,C,C,C,C,C,C,C,C,C,C,C,C,C,C,C,C,C,C,C,C,C,C,C,C,C,C,C,C,C,C,C,C,C,C,C,C,C,C,C,C,C,C,C,C+,C,C,C,C,C,C,C,C,C,C,C,C,C,C,C,C,C,C,C+,C,C,C,C,C,C,C,C,C,C,C,C,C,C,C,C,C,C,C,C,C,C-,C-,C-,C,C,C,C,C,C,C,C,C,C,C,C,C,C,C,C,C+,C,C,C,C,C+,C,C,C,C,C,C,C,C,C,C,C,C,C,C,X,C,C,C,C,C,C,C,C,C,C,C,C,C,C,C,C,C,C,C,C,C,C,C,C,C,C,C,C,C,C+,C,C,C,C,C,C,C,C,C,C,C,C,C,C,C,C,C,C,C,C,C,C,C,C,C,C,C,C,C,C,C,C,C,C,C,C,C,C,C,C,C,C,C,C,C,C,C,C,C,C,C,C,C,C+,C,C,C,C,C,C,C,C,C,C,C+,C,C,C,C,C,C,C,C,C,C,C,C,C,C,C,C,C,C,C,C,C,C,C,C,C,C,C,C,C,C,C,C,C,C,C,C,C,C,C,C,C,C,C,C,C,C,C,C,C,C,C,C,C,C,C,C,C,C,C,C,C,C,C,C,C,C,C,C,C,C,C,C,C,C,C,C,C,C,C,C,C,C,C,C,C,C,C,C,C,C,C,C,C,C,C,C,C,C,C,C,C,C,C,C,C,C,C,C,C,C,C,C,C,C,C,C,C,C,C,C,C,C,C-,C,C,C,C,C,C,C,C,C,C-,C,C,C
201,ISOPHORONEDIAMINE,GE+,GE+,GE,GE,GE,GE,GE,GE,GE,GE,GE,GE,GE,GE,GE,GE,GE,GE,GE,GE,GE,GE,GE,GE,GE,GE,GE,GE,GE,GE,GE,GE,GE,GE,GE,GE,GE,GE,GE,GE,GE,GE-,GE,GE,GE,GE,GE,GE,GE,GE,GE,GE-,GE,GE,GE,GE,GE,GE,GE,GE-,GE-,GE,GE,GE,GE,GE,GE,GE,GE,GE,GE,GE,GE,GE,GE,GE,GE,GE,GE,GE,GE,GE,GE,GE,GE,GE,GE,GE,GE,GE,GE,GE,GE,GE,GE,GE,GE,GE,GE,GE,GE,GE,GE,GE,GE,GE,GE,GE,GE,GE,GE,GE,GE,GE,GE,GE,GE,GE,GE,GE+,GE,GE,GE,GE,GE,GE,GE,GE,GE,GE,GE,GE,GE,GE,GE,GE,GE,GE,GE+,GE,GE,GE,GE,GE,GE,GE,GE,GE,GE,GE,GE,GE,GE,GE,GE,GE,GE,GE,GE,GE,GE-,GE-,GE-,GE,GE,GE,GE,GE,GE,GE,GE,GE,GE,GE,GE,GE,GE,GE,GE,GE+,GE,GE,GE,GE,GE+,GE,GE,GE,GE,GE,GE,GE,GE,GE,GE,GE,GE,GE,GE,GE,X,GE,GE,GE,GE,GE,GE,GE,GE,GE,GE,GE,GE,GE,GE,GE,GE,GE,GE,GE,GE,GE,GE,GE,GE,GE,GE,GE,GE,GE+,GE,GE,GE,GE,GE,GE,GE,GE,GE,GE,GE,GE,GE,GE,GE,GE,GE,GE,GE,GE,GE,GE,GE,GE,GE,GE,GE,GE,GE,GE,GE,GE,GE,GE,GE,GE,GE,GE,GE,GE,GE,GE,GE,GE,GE,GE,GE,GE,GE,GE,GE,GE,GE,GE+,GE,GE,GE,GE,GE,GE,GE,GE,GE,GE,GE+,GE,GE,GE,GE,GE,GE,GE,GE,GE,GE,GE,GE,GE,GE,GE,GE,GE,GE,GE,GE,GE,GE,GE,GE,GE,GE,GE,GE,GE,GE,GE,GE,GE,GE,GE,GE,GE,GE,GE,GE,GE,GE,GE,GE,GE,GE,GE,GE,GE,GE,GE,GE,GE,GE,GE,GE,GE,GE,GE,GE,GE,GE,GE,GE,GE,GE,GE,GE,GE,GE,GE,GE,GE,GE,GE,GE,GE,GE,GE,GE,GE,GE,GE,GE,GE,GE,GE,GE,GE,GE,GE,GE,GE,GE,GE,GE,GE,GE,GE,GE,GE,GE,GE,GE,GE,GE,GE,GE,GE,GE,GE,GE,GE,GE,GE,GE,GE,GE,GE,GE,GE,GE,GE-,GE,GE,GE,GE,GE,GE,GE,GE,GE,GE-,GE,GE,GE
202,ISOPHORONEDIISOCYANATE,S+,S+,S,S,S,S,S,S,S,S,S,S,S,S,S,S,S,S,S,S,S,S,S,S,S,S,S,S,S,S,S,S,S,S,S,S,S,S,S,S,S,S-,S,S,S,S,S,S,S,S,S,S-,S,S,S,S,S,S,S,S-,S-,S,S,S,S,S,S,S,S,S,S,S,S,S,S,S,S,S,S,S,S,S,S,S,S,S,S,S,S,S,S,S,S,S,S,S,S,S,S,S,S,S,S,S,S,S,S,S,S,S,S,S,S,S,S,S,S,S,S,S+,S,S,S,S,S,S,S,S,S,S,S,S,S,S,S,S,S,S,S+,S,S,S,S,S,S,S,S,S,S,S,S,S,S,S,S,S,S,S,S,S,S-,S-,S-,S,S,S,S,S,S,S,S,S,S,S,S,S,S,S,S,S+,S,S,S,S,S+,S,S,S,S,S,S,S,S,S,S,S,S,S,S,S,S,X,S,S,S,S,S,S,S,S,S,S,S,S,S,S,S,S,S,S,S,S,S,S,S,S,S,S,S,S+,S,S,S,S,S,S,S,S,S,S,S,S,S,S,S,S,S,S,S,S,S,S,S,S,S,S,S,S,S,S,S,S,S,S,S,S,S,S,S,S,S,S,S,S,S,S,S,S,S,S,S,S,S,S+,S,S,S,S,S,S,S,S,S,S,S+,S,S,S,S,S,S,S,S,S,S,S,S,S,S,S,S,S,S,S,S,S,S,S,S,S,S,S,S,S,S,S,S,S,S,S,S,S,S,S,S,S,S,S,S,S,S,S,S,S,S,S,S,S,S,S,S,S,S,S,S,S,S,S,S,S,S,S,S,S,S,S,S,S,S,S,S,S,S,S,S,S,S,S,S,S,S,S,S,S,S,S,S,S,S,S,S,S,S,S,S,S,S,S,S,S,S,S,S,S,S,S,S,S,S,S,S,S,S,S,S,S,S,S-,S,S,S,S,S,S,S,S,S,S-,S,S,S
203,ISOPRENE,BE+,BE+,BE,BE,BE,BE,BE,BE,BE,BE,BE,BE,BE,BE,BE,BE,BE,BE,BE,BE,BE,BE,BE,BE,BE,BE,BE,BE,BE,BE,BE,BE,BE,BE,BE,BE,BE,BE,BE,BE,BE,BA-,BE,BE,BE,BE,BE,BE,BE,BE,BE,BA-,BE,BE,BE,BE,BA,BE,BE,BA-,BA-,BE,BA,BE,BE,BE,BE,BE,BE,BE,BE,BE,BE,BE,BE,BE,BE,BE,BE,BE,BE,BE,BE,BE,BE,BE,BE,BE,BE,BE,BE,BE,BE,BE,BE,BE,BE,BE,BE,BE,BE,BE,BE,BE,BE,BE,BE,BE,BE,BE,BE,BE,BE,BE,BE,BE,BE,BE,BE,BE+,BE,BE,BE,BE,BE,BE,BE,BE,BE,BE,BE,BE,BE,BE,BE,BE,BE,BE,BE+,BE,BE,BE,BE,BE,BE,BE,BE,BE,BE,BE,BE,BE,BE,BE,BE,BE,BE,BE,BE,BE,BA-,BA-,BA-,BE,BE,BE,BE,BE,BE,BE,BE,BE,BE,BE,BE,BE,BE,BE,BE,BE+,BE,BE,BE,BE,BE+,BE,BE,BE,BE,BE,BE,BE,BE,BE,BE,BE,BE,BE,BE,BE,BE,BE,X,BE,BE,BE,BE,BE,BE,BE,BE,BE,BE,BE,BE,BE,BE,BE,BA,BE,BE,BE,BE,BE,BE,BE,BE,BE,BE,BE+,BE,BE,BE,BE,BE,BE,BE,BE,BE,BE,BE,BE,BE,BE,BE,BE,BE,BE,BE,BE,BE,BE,BE,BE,BE,BE,BE,BE,BE,BE,BE,BE,BE,BE,BE,BE,BE,BE,BE,BE,BE,BE,BE,BE,BE,BE,BE,BE,BE,BE,BE,BE,BE,BE+,BE,BE,BE,BE,BE,BE,BE,BE,BE,BE,BE+,BE,BE,BE,BE,BE,BE,BE,BE,BE,BE,BE,BE,BE,BE,BE,BE,BE,BE,BE,BE,BE,BE,BE,BE,BE,BE,BE,BE,BE,BE,BE,BE,BE,BE,BE,BE,BE,BE,BE,BE,BE,BE,BE,BE,BE,BE,BE,BE,BE,BE,BE,BE,BE,BE,BE,BE,BE,BE,BE,BE,BE,BA,BE,BE,BE,BE,BE,BE,BE,BE,BE,BE,BE,BE,BE,BE,BE,BE,BE,BE,BE,BE,BE,BE,BE,BE,BE,BE,BE,BE,BE,BE,BE,BE,BE,BE,BE,BE,BE,BE,BE,BE,BE,BE,BE,BE,BE,BE,BE,BE,BE,BE,BE,BE,BE,BA,BE,BE,BE,BE,BE,BE,BA-,BE,BE,BE,BE,BA,BE,BE,BE,BE,BA-,BE,BE,BE
204,ISOPROPANOL,AB+,AB+,AB,AB,AB,AB,AB,AB,AB,AB,AB,AB,AB,AB,AB,AB,AB,AB,AB,AB,AB,AB,AB,AB,AB,AB,AB,AB,AB,AB,AB,AB,AB,AB,AB,AB,AB,AB,AB,AB,AB,AB-,AB,AB,AB,AB,AB,AB,AB,AB,AB,AB-,AB,AB,AB,AB,AB,AB,AB,AB-,AB-,AB,AB,AB,AB,AB,AB,AB,AB,AB,AB,AB,AB,AB,AB,AB,AB,AB,AB,AB,AB,AB,AB,AB,AB,AB,AB,AB,AB,AB,AB,AB,AB,AB,AB,AB,AB,AB,AB,AB,AB,AB,AB,AB,AB,AB,AB,AB,AB,AB,AB,AB,AB,AB,AB,AB,AB,AB,AB,AB+,AB,AB,AB,AB,AB,AB,AB,AB,AB,AB,AB,AB,AB,AB,AB,AB,AB,AB,AB+,AB,AB,AB,AB,AB,AB,AB,AB,AB,AB,AB,AB,AB,AB,AB,AB,AB,AB,AB,AB,AB,AB-,AB-,AB-,AB,AB,AB,AB,AB,AB,AB,AB,AB,AB,AB,AB,AB,AB,AB,AB,AB+,AB,AB,AB,AB,AB+,AB,AB,AB,AB,AB,AB,AB,AB,AB,AB,AB,AB,AB,AB,AB,AB,AB,AB,X,AB,AB,AB,AB,AB,AB,AB,AB,AB,AB,AB,AB,AB,AB,AB,AB,AB,AB,AB,AB,AB,AB,AB,AB,AB,AB+,AB,AB,AB,AB,AB,AB,AB,AB,AB,AB,AB,AB,AB,AB,AB,AB,AB,AB,AB,AB,AB,AB,AB,AB,AB,AB,AB,AB,AB,AB,AB,AB,AB,AB,AB,AB,AB,AB,AB,AB,AB,AB,AB,AB,AB,AB,AB,AB,AB,AB,AB,AB,AB,AB+,AB,AB,AB,AB,AB,AB,AB,AB,AB,AB,AB+,AB,AB,AB,AB,AB,AB,AB,AB,AB,AB,AB,AB,AB,AB,AB,AB,AB,AB,AB,AB,AB,AB,AB,AB,AB,AB,AB,AB,AB,AB,AB,AB,AB,AB,AB,AB,AB,AB,AB,AB,AB,AB,AB,AB,AB,AB,AB,AB,AB,AB,AB,AB,AB,AB,AB,AB,AB,AB,AB,AB,AB,AB,AB,AB,AB,AB,AB,AB,AB,AB,AB,AB,AB,AB,AB,AB,AB,AB,AB,AB,AB,AB,AB,AB,AB,AB,AB,AB,AB,AB,AB,AB,AB,AB,AB,AB,AB,AB,AB,AB,AB,AB,AB,AB,AB,AB,AB,AB,AB,AB,AB,AB,AB,AB,AB,AB,AB,AB,AB,AB,AB,AB,AB-,AB,AB,AB,AB,AB,AB,AB,AB,AB,AB-,AB,AB,AB
205,ISOPROPANOLAMINE,GC+,GC+,GC,GC,GC,GC,GC,GC,GC,GC,GC,GC,GC,GC,GC,GC,GC,GC,GC,GC,GC,GC,GC,GC,GC,GC,GC,GC,GC,GC,GC,GC,GC,GC,GC,GC,GC,GC,GC,GC,GC,GC-,GC,GC,GC,GC,GC,GC,GC,GC,GC,GC-,GC,GC,GC,GC,GC,GC,GC,GC-,GC-,GC,GC,GC,GC,GC,GC,GC,GC,GC,GC,GC,GC,GC,GC,GC,GC,GC,GC,GC,GC,GC,GC,GC,GC,GC,GC,GC,GC,GC,GC,GC,GC,GC,GC,GC,GC,GC,GC,GC,GC,GC,GC,GC,GC,GC,GC,GC,GC,GC,GC,GC,GC,GC,GC,GC,GC,GC,GC,GC+,GC,GC,GC,GC,GC,GC,GC,GC,GC,GC,GC,GC,GC,GC,GC,GC,GC,GC,GC+,GC,GC,GC,GC,GC,GC,GC,GC,GC,GC,GC,GC,GC,GC,GC,GC,GC,GC,GC,GC,GC,GC-,GC-,GC-,GC,GC,GC,GC,GC,GC,GC,GC,GC,GC,GC,GC,GC,GC,GC,GC,GC+,GC,GC,GC,GC,GC+,GC,GC,GC,GC,GC,GC,GC,GC,GC,GC,GC,GC,GC,GC,GC,GC,GC,GC,GC,X,GC,GC,GC,GC,GC,GC,GC,GC,GC,GC,GC,GC,GC,GC,GC,GC,GC,GC,GC,GC,GC,GC,GC,GC,GC+,GC,GC,GC,GC,GC,GC,GC,GC,GC,GC,GC,GC,GC,GC,GC,GC,GC,GC,GC,GC,GC,GC,GC,GC,GC,GC,GC,GC,GC,GC,GC,GC,GC,GC,GC,GC,GC,GC,GC,GC,GC,GC,GC,GC,GC,GC,GC,GC,GC,GC,GC,GC,GC,GC+,GC,GC,GC,GC,GC,GC,GC,GC,GC,GC,GC+,GC,GC,GC,GC,GC,GC,GC,GC,GC,GC,GC,GC,GC,GC,GC,GC,GC,GC,GC,GC,GC,GC,GC,GC,GC,GC,GC,GC,GC,GC,GC,GC,GC,GC,GC,GC,GC,GC,GC,GC,GC,GC,GC,GC,GC,GC,GC,GC,GC,GC,GC,GC,GC,GC,GC,GC,GC,GC,GC,GC,GC,GC,GC,GC,GC,GC,GC,GC,GC,GC,GC,GC,GC,GC,GC,GC,GC,GC,GC,GC,GC,GC,GC,GC,GC,GC,GC,GC,GC,GC,GC,GC,GC,GC,GC,GC,GC,GC,GC,GC,GC,GC,GC,GC,GC,GC,GC,GC,GC,GC,GC,GC,GC,GC,GC,GC,GC,GC,GC,GC,GC,GC,GC-,GC,GC,GC,GC,GC,GC,GC,GC,GC,GC-,GC,GC,GC
206,ISOPROPYL ETHER,C+,C+,C,C,C,C,C,C,C,C,C,C,C,C,C,C,C,C,C,C,C,C,C,C,C,C,C,C,C,C,C,C,C,C,C,C,C,C,C,C,C,C-,C,C,C,C,C,C,C,C,C,C-,C,C,C,C,C,C,C,C-,C-,C,C,C,C,C,C,C,C,C,C,C,C,C,C,C,C,C,C,C,C,C,C,C,C,C,C,C,C,C,C,C,C,C,C,C,C,C,C,C,C,C,C,C,C,C,C,C,C,C,C,C,C,C,C,C,C,C,C,C+,C,C,C,C,C,C,C,C,C,C,C,C,C,C,C,C,C,C,C+,C,C,C,C,C,C,C,C,C,C,C,C,C,C,C,C,C,C,C,C,C,C-,C-,C-,C,C,C,C,C,C,C,C,C,C,C,C,C,C,C,C,C+,C,C,C,C,C+,C,C,C,C,C,C,C,C,C,C,C,C,C,C,C,C,C,C,C,C,X,C,C,C,C,C,C,C,C,C,C,C,C,C,C,C,C,C,C,C,C,C,C,C,C+,C,C,C,C,C,C,C,C,C,C,C,C,C,C,C,C,C,C,C,C,C,C,C,C,C,C,C,C,C,C,C,C,C,C,C,C,C,C,C,C,C,C,C,C,C,C,C,C,C,C,C,C,C,C+,C,C,C,C,C,C,C,C,C,C,C+,C,C,C,C,C,C,C,C,C,C,C,C,C,C,C,C,C,C,C,C,C,C,C,C,C,C,C,C,C,C,C,C,C,C,C,C,C,C,C,C,C,C,C,C,C,C,C,C,C,C,C,C,C,C,C,C,C,C,C,C,C,C,C,C,C,C,C,C,C,C,C,C,C,C,C,C,C,C,C,C,C,C,C,C,C,C,C,C,C,C,C,C,C,C,C,C,C,C,C,C,C,C,C,C,C,C,C,C,C,C,C,C,C,C,C,C,C,C,C,C,C,C,C-,C,C,C,C,C,C,C,C,C,C-,C,C,C
207,ISOPROPYL ACETATE,C+,C+,C,C,C,C,C,C,C,C,C,C,C,C,C,C,C,C,C,C,C,C,C,C,C,C,C,C,C,C,C,C,C,C,C,C,C,C,C,C,C,C-,C,C,C,C,C,C,C,C,C,C-,C,C,C,C,C,C,C,C-,C-,C,C,C,C,C,C,C,C,C,C,C,C,C,C,C,C,C,C,C,C,C,C,C,C,C,C,C,C,C,C,C,C,C,C,C,C,C,C,C,C,C,C,C,C,C,C,C,C,C,C,C,C,C,C,C,C,C,C,C+,C,C,C,C,C,C,C,C,C,C,C,C,C,C,C,C,C,C,C+,C,C,C,C,C,C,C,C,C,C,C,C,C,C,C,C,C,C,C,C,C,C-,C-,C-,C,C,C,C,C,C,C,C,C,C,C,C,C,C,C,C,C+,C,C,C,C,C+,C,C,C,C,C,C,C,C,C,C,C,C,C,C,C,C,C,C,C,C,C,X,C,C,C,C,C,C,C,C,C,C,C,C,C,C,C,C,C,C,C,C,C,C,C+,C,C,C,C,C,C,C,C,C,C,C,C,C,C,C,C,C,C,C,C,C,C,C,C,C,C,C,C,C,C,C,C,C,C,C,C,C,C,C,C,C,C,C,C,C,C,C,C,C,C,C,C,C,C+,C,C,C,C,C,C,C,C,C,C,C+,C,C,C,C,C,C,C,C,C,C,C,C,C,C,C,C,C,C,C,C,C,C,C,C,C,C,C,C,C,C,C,C,C,C,C,C,C,C,C,C,C,C,C,C,C,C,C,C,C,C,C,C,C,C,C,C,C,C,C,C,C,C,C,C,C,C,C,C,C,C,C,C,C,C,C,C,C,C,C,C,C,C,C,C,C,C,C,C,C,C,C,C,C,C,C,C,C,C,C,C,C,C,C,C,C,C,C,C,C,C,C,C,C,C,C,C,C,C,C,C,C,C,C-,C,C,C,C,C,C,C,C,C,C-,C,C,C
208,ISOPROPYLAMINE,G+,G+,G,G,G,G,G,G,G,G,G,G,G,G,G,G,G,G,G,G,G,G,G,G,G,G,G,G,G,G,G,G,G,G,G,G,G,G,G,G,G,G-,G,G,G,G,G,G,G,G,G,G-,G,G,G,G,G,G,G,G-,G-,G,G,G,G,G,G,G,G,G,G,G,G,G,G,G,G,G,G,G,G,G,G,G,G,G,G,G,G,G,G,G,G,G,G,G,G,G,G,G,G,G,G,G,G,G,G,G,G,G,G,G,G,G,G,G,G,G,G,G+,G,G,G,G,G,G,G,G,G,G,G,G,G,G,G,G,G,G,G+,G,G,G,G,G,G,G,G,G,G,G,G,G,G,G,G,G,G,G,G,G,G-,G-,G-,G,G,G,G,G,G,G,G,G,G,G,G,G,G,G,G,G+,G,G,G,G,G+,G,G,G,G,G,G,G,G,G,G,G,G,G,G,G,G,G,G,G,G,G,G,X,G,G,G,G,G,G,G,G,G,G,G,G,G,G,G,G,G,G,G,G,G,G+,G,G,G,G,G,G,G,G,G,G,G,G,G,G,G,G,G,G,G,G,G,G,G,G,G,G,G,G,G,G,G,G,G,G,G,G,G,G,G,G,G,G,G,G,G,G,G,G,G,G,G,G,G,G+,G,G,G,G,G,G,G,G,G,G,G+,G,G,G,G,G,G,G,G,G,G,G,G,G,G,G,G,G,G,G,G,G,G,G,G,G,G,G,G,G,G,G,G,G,G,G,G,G,G,G,G,G,G,G,G,G,G,G,G,G,G,G,G,G,G,G,G,G,G,G,G,G,G,G,G,G,G,G,G,G,G,G,G,G,G,G,G,G,G,G,G,G,G,G,G,G,G,G,G,G,G,G,G,G,G,G,G,G,G,G,G,G,G,G,G,G,G,G,G,G,G,G,G,G,G,G,G,G,G,G,G,G,G,G-,G,G,G,G,G,G,G,G,G,G-,G,G,G
209,ISOPROPYLAMINE (70% OR LESS) SOLUTION,G+,G+,G,G,G,G,G,G,G,G,G,G,G,G,G,G,G,G,G,G,G,G,G,G,G,G,G,G,G,G,G,G,G,G,G,G,G,G,G,G,G,G-,G,G,G,G,G,G,G,G,G,G-,G,G,G,G,G,G,G,G-,G-,G,G,G,G,G,G,G,G,G,G,G,G,G,G,G,G,G,G,G,G,G,G,G,G,G,G,G,G,G,G,G,G,G,G,G,G,G,G,G,G,G,G,G,G,G,G,G,G,G,G,G,G,G,G,G,G,G,G,G+,G,G,G,G,G,G,G,G,G,G,G,G,G,G,G,G,G,G,G+,G,G,G,G,G,G,G,G,G,G,G,G,G,G,G,G,G,G,G,G,G,G-,G-,G-,G,G,G,G,G,G,G,G,G,G,G,G,G,G,G,G,G+,G,G,G,G,G+,G,G,G,G,G,G,G,G,G,G,G,G,G,G,G,G,G,G,G,G,G,G,G,X,G,G,G,G,G,G,G,G,G,G,G,G,G,G,G,G,G,G,G,G,G+,G,G,G,G,G,G,G,G,G,G,G,G,G,G,G,G,G,G,G,G,G,G,G,G,G,G,G,G,G,G,G,G,G,G,G,G,G,G,G,G,G,G,G,G,G,G,G,G,G,G,G,G,G,G+,G,G,G,G,G,G,G,G,G,G,G+,G,G,G,G,G,G,G,G,G,G,G,G,G,G,G,G,G,G,G,G,G,G,G,G,G,G,G,G,G,G,G,G,G,G,G,G,G,G,G,G,G,G,G,G,G,G,G,G,G,G,G,G,G,G,G,G,G,G,G,G,G,G,G,G,G,G,G,G,G,G,G,G,G,G,G,G,G,G,G,G,G,G,G,G,G,G,G,G,G,G,G,G,G,G,G,G,G,G,G,G,G,G,G,G,G,G,G,G,G,G,G,G,G,G,G,G,G,G,G,G,G,G,G-,G,G,G,G,G,G,G,G,G,G-,G,G,G
210,JET FUEL B,IA+,IA+,IA,IA,IA,IA,IA,IA,IA,IA,IA,IA,IA,IA,IA,IA,IA,IA,IA,HG,H,H,HH,IA,IA,IA,IA,IA,HH,HH,HH,HH,IA,IA,IA,IA,IA,IA,IA,IA,IA,D-,IA,IA,IA,IA,IA,IA,IA,IA,IA,D-,D,IA,IA,IA,D,IA,IA,H-,H-,IA,HC,IA,IA,IA,IA,IA,IA,IA,IA,IA,IA,IA,IA,IA,IA,IA,IA,IA,HC,IA,IA,IA,IA,IA,IA,IA,IA,IA,IA,IA,IA,IA,IA,IA,IA,IA,IA,IA,IA,IA,IA,IA,IA,IA,IA,IA,IA,IA,IA,IA,IA,IA,IA,IA,IA,IA,IA,IA+,IA,IA,IA,IA,IA,IA,IA,IA,IA,IA,IA,IA,IA,IA,IA,IA,IA,IA,IA+,IA,IA,IA,IA,IA,IA,IA,IA,IA,IA,IA,IA,IA,D,IA,IA,IA,IA,IA,IA,IA,HC-,HC-,HC-,IA,IA,HC,HC,HC,H,H,HG,IA,IA,IA,IA,IA,H,IA,IA,IA+,IA,IA,IA,IA,IA+,IA,IA,HG,H,HG,IA,IA,IA,IA,IA,IA,H,IA,IA,IA,IA,IA,IA,IA,IA,IA,IA,IA,IA,H,HC,HC,IA,IA,IA,IA,IA,IA,HC,IA,IA,D,HG,IA,IA,IA,IA,IA,IA,IA+,IA,IA,IA,IA,IA,IA,IA,IA,IA,IA,IA,IA,IA,IA,IA,IA,IA,IA,IA,IA,IA,IA,IA,IA,IA,IA,H,IA,IA,H,H,H,IA,IA,IA,IA,IA,IA,IA,IA,IA,IA,IA,IA,IA,IA,IA,IA,IA,IA,IA,IA,IA,IA+,IA,IA,IA,IA,IA,IA,IA,IA,IA,IA,IA+,IA,IA,IA,IA,IA,IA,IA,IA,IA,IA,IA,D,IA,IA,IA,IA,IA,IA,IA,IA,IA,IA,IA,IA,IA,IA,IA,IA,IA,IA,IA,IA,IA,IA,IA,IA,IA,IA,IA,IA,IA,IA,IA,IA,IA,IA,IA,IA,IA,IA,IA,IA,IA,IA,IA,D,IA,IA,H,HG,H,HC,IA,IA,HC,D,IA,D,IA,IA,IA,IA,IA,HH,IA,IA,IA,IA,IA,IA,D,D,IA,IA,IA,IA,IA,IA,IA,IA,IA,IA,IA,IA,IA,IA,IA,IA,IA,IA,IA,IA,IA,IA,IA,IA,IA,IA,IA,IA,IA,IA,IA,IA,HG,HC,IA,IA,IA,IA,IA,D,HC-,IA,IA,IA,HG,HC,IA,IA,IA,IA,HC-,HH,HH,IA
211,KEROSENE,IA+,IA+,IA,IA,IA,IA,IA,IA,IA,IA,IA,IA,IA,IA,IA,IA,IA,IA,IA,H,HH,H,H,IA,IA,IA,IA,IA,HH,HH,HH,HH,IA,IA,IA,IA,IA,IA,IA,IA,IA,D-,IA,IA,IA,IA,IA,IA,IA,IA,IA,D-,D,IA,IA,IA,D,IA,IA,H-,H-,IA,H,IA,IA,IA,IA,IA,IA,IA,IA,IA,IA,IA,IA,IA,IA,IA,IA,IA,H,IA,IA,IA,IA,IA,IA,IA,IA,IA,IA,IA,IA,IA,IA,IA,IA,IA,IA,IA,IA,IA,IA,IA,IA,IA,IA,IA,IA,IA,IA,IA,IA,IA,IA,IA,IA,IA,IA,IA+,IA,IA,IA,IA,IA,IA,IA,IA,IA,IA,IA,IA,IA,IA,IA,IA,IA,IA,IA+,IA,IA,IA,IA,IA,IA,IA,IA,IA,IA,IA,IA,IA,D,IA,IA,IA,IA,IA,IA,IA,H-,H-,H-,IA,IA,H,H,H,H,H,H,IA,IA,IA,IA,IA,H,IA,IA,IA+,IA,IA,IA,IA,IA+,IA,IA,H,H,H,IA,IA,IA,IA,IA,IA,H,IA,IA,IA,IA,IA,IA,IA,IA,IA,IA,IA,IA,H,H,H,IA,IA,IA,IA,IA,IA,H,IA,IA,D,H,IA,IA,IA,IA,IA,IA,IA+,IA,IA,IA,IA,IA,IA,IA,IA,IA,IA,IA,IA,IA,IA,IA,IA,IA,IA,IA,IA,IA,IA,IA,IA,IA,IA,H,IA,IA,H,H,H,IA,IA,IA,IA,IA,IA,IA,IA,IA,IA,IA,IA,IA,IA,IA,IA,IA,IA,IA,IA,IA,IA+,IA,IA,IA,IA,IA,IA,IA,IA,IA,IA,IA+,IA,IA,IA,IA,IA,IA,IA,IA,IA,IA,IA,D,IA,IA,IA,IA,IA,IA,IA,IA,IA,IA,IA,IA,IA,IA,IA,IA,IA,IA,IA,IA,IA,IA,IA,IA,IA,IA,IA,IA,IA,IA,IA,IA,IA,IA,IA,IA,IA,IA,IA,IA,IA,IA,IA,D,IA,IA,H,H,H,H,IA,IA,H,D,IA,D,IA,IA,IA,IA,IA,H,IA,IA,IA,IA,IA,IA,D,D,IA,IA,IA,IA,IA,IA,IA,IA,IA,IA,IA,IA,IA,IA,IA,IA,IA,IA,IA,IA,IA,IA,IA,IA,IA,IA,IA,IA,IA,IA,IA,IA,H,H,IA,IA,IA,IA,IA,D,H-,IA,IA,IA,H,H,IA,IA,IA,IA,H-,H,H,IA
212,KEROSENE DYED,IG+,IG+,IG,IG,IG,IG,IG,IG,IG,IG,IG,IG,IG,IG,IG,IG,IG,IG,IG,HG,HH,H,HH,IG,IG,IG,IG,IG,HH,HH,HH,HH,IG,IG,IG,IG,IG,IG,IG,IG,IG,IF-,IG,IG,IG,IG,IG,IG,IG,IG,IG,IF-,IF,IG,IG,IG,IF,IG,IG,H-,H-,IG,H,IG,IG,IG,IG,IG,IG,IG,IG,IG,IG,IG,IG,IG,IG,IG,IG,IG,H,IG,IG,IG,IG,IG,IG,IG,IG,IG,IG,IG,IG,IG,IG,IG,IG,IG,IG,IG,IG,IG,IG,IG,IG,IG,IG,IG,IG,IG,IG,IG,IG,IG,IG,IG,IG,IG,IG,IG+,IG,IG,IG,IG,IG,IG,IG,IG,IG,IG,IG,IG,IG,IG,IG,IG,IG,IG,IG+,IG,IG,IG,IG,IG,IG,IG,IG,IG,IG,IG,IG,IG,IF,IG,IG,IG,IG,IG,IG,IG,H-,H-,H-,IG,IG,H,H,H,H,H,HG,IG,IG,IG,IG,IG,H,IG,IG,IG+,IG,IG,IG,IG,IG+,IG,IG,HG,H,HG,IG,IG,IG,IG,IG,IG,H,IG,IG,IG,IG,IG,IG,IG,IG,IG,IG,IG,IG,HH,H,H,IG,IG,IG,IG,IG,IG,H,IG,IG,IF,H,IG,IG,IG,IG,IG,IG,IG+,IG,IG,IG,IG,IG,IG,IG,IG,IG,IG,IG,IG,IG,IG,IG,IG,IG,IG,IG,IG,IG,IG,IG,IG,IG,IG,H,IG,IG,H,HA,HA,IG,IG,IG,IG,IG,IG,IG,IG,IG,IG,IG,IG,IG,IG,IG,IG,IG,IG,IG,IG,IG,IG+,IG,IG,IG,IG,IG,IG,IG,IG,IG,IG,IG+,IG,IG,IG,IG,IG,IG,IG,IG,IG,IG,IG,IF,IG,IG,IG,IG,IG,IG,IG,IG,IG,IG,IG,IG,IG,IG,IG,IG,IG,IG,IG,IG,IG,IG,IG,IG,IG,IG,IG,IG,IG,IG,IG,IG,IG,IG,IG,IG,IG,IG,IG,IG,IG,IG,IG,IF,IG,IG,H,HG,H,H,IG,IG,H,IF,IA,IF,IG,IG,IG,IG,IG,H,IG,IG,IG,IG,IG,IG,IF,IF,IG,IG,IG,IG,IG,IG,IG,IG,IG,IG,IG,IG,IG,IG,IG,IG,IG,IG,IG,IG,IG,IG,IG,IG,IG,IG,IG,IG,IG,IG,IG,IG,HG,H,IG,IG,IG,IG,IG,IF,H-,IG,IG,IG,HG,H,IG,IG,IG,IG,H-,H,H,IG
213,LACTIC ACID,FA+,FA+,FA,FA,FA,FA,FA,FA,FA,FA,FA,FA,FA,FA,FA,FA,FA,FA,FA,FA,FA,FA,FA,FA,FA,FA,FA,FA,FA,FA,FA,FA,FA,FA,FA,FA,FA,FA,FA,FA,FA,FA-,FA,FA,FA,FA,FA,FA,FA,FA,FA,FA-,FA,FA,FA,FA,FA,FA,FA,FA-,FA-,FA,FA,FA,FA,FA,FA,FA,FA,FA,FA,FA,FA,FA,FA,FA,FA,FA,FA,FA,FA,FA,FA,FA,FA,FA,FA,FA,FA,FA,FA,FA,FA,FA,FA,FA,FA,FA,FA,FA,FA,FA,FA,FA,FA,FA,FA,FA,FA,FA,FA,FA,FA,FA,FA,FA,FA,FA,FA,FA+,FA,FA,FA,FA,FA,FA,FA,FA,FA,FA,FA,FA,FA,FA,FA,FA,FA,FA,FA+,FA,FA,FA,FA,FA,FA,FA,FA,FA,FA,FA,FA,FA,FA,FA,FA,FA,FA,FA,FA,FA,FA-,FA-,FA-,FA,FA,FA,FA,FA,FA,FA,FA,FA,FA,FA,FA,FA,FA,FA,FA,FA+,FA,FA,FA,FA,FA+,FA,FA,FA,FA,FA,FA,FA,FA,FA,FA,FA,FA,FA,FA,FA,FA,FA,FA,FA,FA,FA,FA,FA,FA,FA,FA,FA,X,FA,FA,FA,FA,FA,FA,FA,FA,FA,FA,FA,FA,FA,FA,FA,FA,FA+,FA,FA,FA,FA,FA,FA,FA,FA,FA,FA,FA,FA,FA,FA,FA,FA,FA,FA,FA,FA,FA,FA,FA,FA,FA,FA,FA,FA,FA,FA,FA,FA,FA,FA,FA,FA,FA,FA,FA,FA,FA,FA,FA,FA,FA,FA,FA,FA,FA,FA,FA,FA,FA,FA+,FA,FA,FA,FA,FA,FA,FA,FA,FA,FA,FA+,FA,FA,FA,FA,FA,FA,FA,FA,FA,FA,FA,FA,FA,FA,FA,FA,FA,FA,FA,FA,FA,FA,FA,FA,FA,FA,FA,FA,FA,FA,FA,FA,FA,FA,FA,FA,FA,FA,FA,FA,FA,FA,FA,FA,FA,FA,FA,FA,FA,FA,FA,FA,FA,FA,FA,FA,FA,FA,FA,FA,FA,FA,FA,FA,FA,FA,FA,FA,FA,FA,FA,FA,FA,FA,FA,FA,FA,FA,FA,FA,FA,FA,FA,FA,FA,FA,FA,FA,FA,FA,FA,FA,FA,FA,FA,FA,FA,FA,FA,FA,FA,FA,FA,FA,FA,FA,FA,FA,FA,FA,FA,FA,FA,FA,FA,FA,FA,FA,FA,FA,FA,FA,FA-,FA,FA,FA,FA,FA,FA,FA,FA,FA,FA-,FA,FA,FA
214,LACTONITRILE SOLUTION (80% OR LESS),CA+,CA+,CA,CA,CA,CA,CA,CA,CA,CA,CA,CA,CA,CA,CA,CA,CA,CA,CA,CA,CA,CA,CA,CA,CA,CA,CA,CA,CA,CA,CA,CA,CA,CA,CA,CA,CA,CA,CA,CA,CA,CA-,CA,CA,CA,CA,CA,CA,CA,CA,CA,CA-,CA,CA,CA,CA,CA,CA,CA,CA-,CA-,CA,CA,CA,CA,CA,CA,CA,CA,CA,CA,CA,CA,CA,CA,CA,CA,CA,CA,CA,CA,CA,CA,CA,CA,CA,CA,CA,CA,CA,CA,CA,CA,CA,CA,CA,CA,CA,CA,CA,CA,CA,CA,CA,CA,CA,CA,CA,CA,CA,CA,CA,CA,CA,CA,CA,CA,CA,CA,CA+,CA,CA,CA,CA,CA,CA,CA,CA,CA,CA,CA,CA,CA,CA,CA,CA,CA,CA,CA+,CA,CA,CA,CA,CA,CA,CA,CA,CA,CA,CA,CA,CA,CA,CA,CA,CA,CA,CA,CA,CA,CA-,CA-,CA-,CA,CA,CA,CA,CA,CA,CA,CA,CA,CA,CA,CA,CA,CA,CA,CA,CA+,CA,CA,CA,CA,CA+,CA,CA,CA,CA,CA,CA,CA,CA,CA,CA,CA,CA,CA,CA,CA,CA,CA,CA,CA,CA,CA,CA,CA,CA,CA,CA,CA,CA,X,CA,CA,CA,CA,CA,CA,CA,CA,CA,CA,CA,CA,CA,CA,CA,CA+,CA,CA,CA,CA,CA,CA,CA,CA,CA,CA,CA,CA,CA,CA,CA,CA,CA,CA,CA,CA,CA,CA,CA,CA,CA,CA,CA,CA,CA,CA,CA,CA,CA,CA,CA,CA,CA,CA,CA,CA,CA,CA,CA,CA,CA,CA,CA,CA,CA,CA,CA,CA,CA,CA+,CA,CA,CA,CA,CA,CA,CA,CA,CA,CA,CA+,CA,CA,CA,CA,CA,CA,CA,CA,CA,CA,CA,CA,CA,CA,CA,CA,CA,CA,CA,CA,CA,CA,CA,CA,CA,CA,CA,CA,CA,CA,CA,CA,CA,CA,CA,CA,CA,CA,CA,CA,CA,CA,CA,CA,CA,CA,CA,CA,CA,CA,CA,CA,CA,CA,CA,CA,CA,CA,CA,CA,CA,CA,CA,CA,CA,CA,CA,CA,CA,CA,CA,CA,CA,CA,CA,CA,CA,CA,CA,CA,CA,CA,CA,CA,CA,CA,CA,CA,CA,CA,CA,CA,CA,CA,CA,CA,CA,CA,CA,CA,CA,CA,CA,CA,CA,CA,CA,CA,CA,CA,CA,CA,CA,CA,CA,CA,CA,CA,CA,CA,CA,CA,CA-,CA,CA,CA,CA,CA,CA,CA,CA,CA,CA-,CA,CA,CA
215,LARD,U+,U+,U,U,U,U,U,U,U,U,U,U,U,U,U,U,U,U,U,U,U,U,U,U,U,U,U,U,U,U,U,U,U,U,U,U,U,U,U,U,U,U-,U,U,U,U,U,U,U,U,U,U-,U,U,U,U,U,U,U,U-,U-,U,U,U,U,U,U,U,U,U,U,U,U,U,U,U,U,U,U,U,U,U,U,U,U,U,U,U,U,U,U,U,U,U,U,U,U,U,U,U,U,U,U,U,U,U,U,U,U,U,U,U,U,U,U,U,U,U,U,U+,U,U,U,U,U,U,U,U,U,U,U,U,U,U,U,U,U,U,U+,U,U,U,U,U,U,U,U,U,U,U,U,U,U,U,U,U,U,U,U,U,U-,U-,U-,U,U,U,U,U,U,U,U,U,U,U,U,U,U,U,U,U+,U,U,U,U,U+,U,U,U,U,U,U,U,U,U,U,U,U,U,U,U,U,U,U,U,U,U,U,U,U,U,U,U,U,U,X,U,U,U,U,U,U,U,U,U,U,U,U,U,U,U+,U,U,U,U,U,U,U,U,U,U,U,U,U,U,U,U,U,U,U,U,U,U,U,U,U,U,U,U,U,U,U,U,U,U,U,U,U,U,U,U,U,U,U,U,U,U,U,U,U,U,U,U,U,U+,U,U,U,U,U,U,U,U,U,U,U+,U,U,U,U,U,U,U,U,U,U,U,U,U,U,U,U,U,U,U,U,U,U,U,U,U,U,U,U,U,U,U,U,U,U,U,U,U,U,U,U,U,U,U,U,U,U,U,U,U,U,U,U,U,U,U,U,U,U,U,U,U,U,U,U,U,U,U,U,U,U,U,U,U,U,U,U,U,U,U,U,U,U,U,U,U,U,U,U,U,U,U,U,U,U,U,U,U,U,U,U,U,U,U,U,U,U,U,U,U,U,U,U,U,U,U,U,U,U,U,U,U,U,U-,U,U,U,U,U,U,U,U,U,U-,U,U,U
216,LATEX: Carboxylated Styrene-Butadiene Copolymer; Styrene-Butadiene Rubber,OC+,OC+,OC,OC,OC,OC,OC,OC,OC,OC,OC,OC,OC,OC,OC,OC,OC,OC,OC,OC,OC,OC,OC,OC,OC,OC,OC,OC,OC,OC,OC,OC,OC,OC,OC,OC,OC,OC,OC,OC,OC,OC-,OC,OC,OC,OC,OC,OC,OC,OC,OC,OC-,OC,OC,OC,OC,OC,OC,OC,OC-,OC-,OC,OC,OC,OC,OC,OC,OC,OC,OC,OC,OC,OC,OC,OC,OC,OC,OC,OC,OC,OC,OC,OC,OC,OC,OC,OC,OC,OC,OC,OC,OC,OC,OC,OC,OC,OC,OC,OC,OC,OC,OC,OC,OC,OC,OC,OC,OC,OC,OC,OC,OC,OC,OC,OC,OC,OC,OC,OC,OC+,OC,OC,OC,OC,OC,OC,OC,OC,OC,OC,OC,OC,OC,OC,OC,OC,OC,OC,OC+,OC,OC,OC,OC,OC,OC,OC,OC,OC,OC,OC,OC,OC,OC,OC,OC,OC,OC,OC,OC,OC,OC-,OC-,OC-,OC,OC,OC,OC,OC,OC,OC,OC,OC,OC,OC,OC,OC,OC,OC,OC,OC+,OC,OC,OC,OC,OC+,OC,OC,OC,OC,OC,OC,OC,OC,OC,OC,OC,OC,OC,OC,OC,OC,OC,OC,OC,OC,OC,OC,OC,OC,OC,OC,OC,OC,OC,OC,X,OC,OC,OC,OC,OC,OC,OC,OC,OC,OC,OC,OC,OC,OC+,OC,OC,OC,OC,OC,OC,OC,OC,OC,OC,OC,OC,OC,OC,OC,OC,OC,OC,OC,OC,OC,OC,OC,OC,OC,OC,OC,OC,OC,OC,OC,OC,OC,OC,OC,OC,OC,OC,OC,OC,OC,OC,OC,OC,OC,OC,OC,OC,OC,OC,OC,OC,OC,OC+,OC,OC,OC,OC,OC,OC,OC,OC,OC,OC,OC+,OC,OC,OC,OC,OC,OC,OC,OC,OC,OC,OC,OC,OC,OC,OC,OC,OC,OC,OC,OC,OC,OC,OC,OC,OC,OC,OC,OC,OC,OC,OC,OC,OC,OC,OC,OC,OC,OC,OC,OC,OC,OC,OC,OC,OC,OC,OC,OC,OC,OC,OC,OC,OC,OC,OC,OC,OC,OC,OC,OC,OC,OC,OC,OC,OC,OC,OC,OC,OC,OC,OC,OC,OC,OC,OC,OC,OC,OC,OC,OC,OC,OC,OC,OC,OC,OC,OC,OC,OC,OC,OC,OC,OC,OC,OC,OC,OC,OC,OC,OC,OC,OC,OC,OC,OC,OC,OC,OC,OC,OC,OC,OC,OC,OC,OC,OC,OC,OC,OC,OC,OC,OC,OC-,OC,OC,OC,OC,OC,OC,OC,OC,OC,OC-,OC,OC,OC
217,LAURIC ACID,PB+,PB+,PB,PB,PB,PB,PB,PB,PB,PB,PB,PB,PB,PB,PB,PB,PB,PB,PB,PB,HY,HY,HY,PB,PB,PB,PB,PB,PB,PB,PB,PB,PB,PB,PB,PB,PB,PB,PB,PB,PB,PB-,PB,PB,PB,PB,PB,PB,PB,PB,PB,PB-,PB,PB,PB,PB,PB,PB,PB,PB-,PB-,PB,PB,PB,PB,PB,PB,PB,PB,PB,PB,PB,PB,PB,PB,PB,PB,PB,PB,PB,PB,PB,PB,PB,PB,PB,PB,PB,PB,PB,PB,PB,PB,PB,PB,PB,PB,PB,PB,PB,PB,PB,PB,PB,PB,PB,PB,PB,PB,PB,PB,PB,PB,PB,PB,PB,PB,PB,PB,PB+,PB,PB,PB,PB,PB,PB,PB,PB,PB,PB,PB,PB,PB,PB,PB,PB,PB,PB,PB+,PB,PB,PB,PB,PB,PB,PB,PB,PB,PB,PB,PB,PB,PB,PB,PB,PB,PB,PB,PB,PB,PB-,PB-,PB-,PB,PB,PB,PB,PB,PB,PB,PB,PB,PB,PB,PB,PB,PB,PB,PB,PB+,PB,PB,PB,PB,PB+,PB,PB,PB,PB,PB,PB,PB,PB,PB,PB,PB,PB,PB,PB,PB,PB,PB,PB,PB,PB,PB,PB,PB,PB,HY,PB,PB,PB,PB,PB,PB,X,PB,PB,PB,PB,PB,PB,PB,PB,PB,PB,PB,PB,PB+,PB,PB,PB,PB,PB,PB,PB,PB,PB,PB,PB,PB,PB,PB,PB,PB,PB,PB,PB,PB,PB,PB,PB,PB,PB,PB,PB,PB,PB,PB,PB,PB,PB,PB,PB,PB,PB,PB,PB,PB,PB,PB,PB,PB,PB,PB,PB,PB,PB,PB,PB,PB,PB,PB+,PB,PB,PB,PB,PB,PB,PB,PB,PB,PB,PB+,PB,PB,PB,PB,PB,PB,PB,PB,PB,PB,PB,PB,PB,PB,PB,PB,PB,PB,PB,PB,PB,PB,PB,PB,PB,PB,PB,PB,PB,PB,PB,PB,PB,PB,PB,PB,PB,PB,PB,PB,PB,PB,PB,PB,PB,PB,PB,PB,PB,PB,PB,PB,PB,PB,PB,PB,PB,PB,PB,PB,PB,PB,PB,PB,PB,PB,PB,PB,PB,PB,PB,PB,PB,PB,PB,PB,PB,PB,PB,PB,PB,PB,PB,PB,PB,PB,PB,PB,PB,PB,PB,PB,PB,PB,PB,PB,PB,PB,PB,PB,PB,PB,PB,PB,PB,PB,PB,PB,PB,PB,PB,PB,PB,PB,PB,PB,PB,PB,PB,PB,PB,PB,PB-,PB,PB,PB,PB,PB,PB,PB,PB,PB,PB-,PB,PB,PB
218,LECITHIN,PC+,PC+,PC,PC,PC,PC,PC,PC,PC,PC,PC,PC,PC,PC,PC,PC,PC,PC,PC,PC,PC,PC,PC,PC,PC,PC,PC,PC,PC,PC,PC,PC,PC,PC,PC,PC,PC,PC,PC,PC,PC,PC-,PC,PC,PC,PC,PC,PC,PC,PC,PC,PC-,PC,PC,PC,PC,PC,PC,PC,PC-,PC-,PC,PC,PC,PC,PC,PC,PC,PC,PC,PC,PC,PC,PC,PC,PC,PC,PC,PC,PC,PC,PC,PC,PC,PC,PC,PC,PC,PC,PC,PC,PC,PC,PC,PC,PC,PC,PC,PC,PC,PC,PC,PC,PC,PC,PC,PC,PC,PC,PC,PC,PC,PC,PC,PC,PC,PC,PC,PC,PC+,PC,PC,PC,PC,PC,PC,PC,PC,PC,PC,PC,PC,PC,PC,PC,PC,PC,PC,PC+,PC,PC,PC,PC,PC,PC,PC,PC,PC,PC,PC,PC,PC,PC,PC,PC,PC,PC,PC,PC,PC,PC-,PC-,PC-,PC,PC,PC,PC,PC,PC,PC,PC,PC,PC,PC,PC,PC,PC,PC,PC,PC+,PC,PC,PC,PC,PC+,PC,PC,PC,PC,PC,PC,PC,PC,PC,PC,PC,PC,PC,PC,PC,PC,PC,PC,PC,PC,PC,PC,PC,PC,PC,PC,PC,PC,PC,PC,PC,PC,X,PC,PC,PC,PC,PC,PC,PC,PC,PC,PC,PC,PC+,PC,PC,PC,PC,PC,PC,PC,PC,PC,PC,PC,PC,PC,PC,PC,PC,PC,PC,PC,PC,PC,PC,PC,PC,PC,PC,PC,PC,PC,PC,PC,PC,PC,PC,PC,PC,PC,PC,PC,PC,PC,PC,PC,PC,PC,PC,PC,PC,PC,PC,PC,PC,PC,PC+,PC,PC,PC,PC,PC,PC,PC,PC,PC,PC,PC+,PC,PC,PC,PC,PC,PC,PC,PC,PC,PC,PC,PC,PC,PC,PC,PC,PC,PC,PC,PC,PC,PC,PC,PC,PC,PC,PC,PC,PC,PC,PC,PC,PC,PC,PC,PC,PC,PC,PC,PC,PC,PC,PC,PC,PC,PC,PC,PC,PC,PC,PC,PC,PC,PC,PC,PC,PC,PC,PC,PC,PC,PC,PC,PC,PC,PC,PC,PC,PC,PC,PC,PC,PC,PC,PC,PC,PC,PC,PC,PC,PC,PC,PC,PC,PC,PC,PC,PC,PC,PC,PC,PC,PC,PC,PC,PC,PC,PC,PC,PC,PC,PC,PC,PC,PC,PC,PC,PC,PC,PC,PC,PC,PC,PC,PC,PC,PC,PC,PC,PC,PC,PC,PC-,PC,PC,PC,PC,PC,PC,PC,PC,PC,PC-,PC,PC,PC
219,[219] LIGHT FUEL OIL,TX+,TX+,TX,TX,TX,TX,TX,TX,TX,TX,TX,TX,TX,TX,TX,TX,TX,TX,TX,T,HY,HY,HY,TX,TX,TX,TX,TX,HX,HX,HX,HX,TX,TX,TX,TX,TX,TX,TX,TX,TX,TA-,TX,TX,TX,TX,TX,TX,TX,TX,TX,TA-,TX,TX,TX,TX,T,TX,TX,H-,H-,TX,H,TX,TX,TX,TX,TX,TX,TX,TX,TX,TX,TX,TX,TX,TX,TX,TX,TX,T,TX,TX,TX,TX,TX,TX,TX,TX,TX,TX,TX,TX,TX,TX,TX,TX,TX,TX,TX,TX,TX,TX,TX,TX,TX,TX,TX,TX,TX,TX,TX,TX,TX,TX,TX,TX,TX,TX,TX+,TX,TX,TX,TX,TX,TX,TX,TX,TX,TX,TX,TX,TX,TX,TX,TX,TX,TX,TX+,TX,TX,TX,TX,TX,TX,TX,TX,TX,TX,TX,TX,TX,TX,TX,TX,TX,TX,TX,TX,TX,H-,H-,H-,TX,TX,T,T,T,T,T,HX,TX,TX,TX,TX,TX,HX,TX,TX,TX+,TX,TX,TX,TX,TX+,TX,TX,T,HX,T,TX,TX,TX,TX,TX,TX,T,TX,TX,TX,TX,TX,TX,TX,TX,TX,TX,TX,TX,HY,T,T,TX,TX,TX,TX,TX,TX,H,TX,TX,TX,HX,TX,TX,TX,TX,TX,TX,TX+,TX,TX,TX,TX,TX,TX,TX,TX,TX,TX,TX,TX,TX,TX,TX,TX,TX,TX,TX,TX,TX,TX,TX,TX,TX,TX,T,TX,TX,HX,T,T,TX,TX,TX,TX,TX,TX,TX,TX,TX,TX,TX,TX,TX,TX,TX,TX,TX,TX,TX,TX,TX,TX+,TX,TX,TX,TX,TX,TX,TX,TX,TX,TX,TX+,TX,TX,TX,TX,TX,TX,TX,TX,TX,TX,TX,TX,TX,TX,TX,TX,TX,TX,TX,TX,TX,TX,TX,TX,TX,TX,TX,TX,TX,TX,TX,TX,TX,TX,TX,TX,TX,TX,TX,TX,TX,TX,TX,TX,TX,TX,TX,TX,TX,TX,TX,TX,TX,TX,TX,TX,TX,TX,HX,T,HX,H,TX,TX,T,TX,TX,TX,TX,TX,TX,TX,TX,HX,TX,TX,TX,TX,TX,TX,TX,TX,TX,TX,TX,TX,TX,TX,TX,TX,TX,TX,TX,TX,TX,TX,TX,TX,TX,TX,TX,TX,TX,TX,TX,TX,TX,TX,TX,TX,TX,TX,TX,TX,T,HO,TX,TX,TX,TX,TX,TX,H-,TX,TX,TX,T,HO,TX,TX,TX,TX,H-,HX,HX,TX
220,[220] LINEAR ALKYL BENZENES (LAB),IJ+,IJ+,IJ,IJ,IJ,IJ,IJ,IJ,IJ,IJ,IJ,IJ,IJ,IJ,IJ,IJ,IJ,IJ,IJ,DF,IJ,IJ,IJ,IJ,IJ,IJ,IJ,IJ,DF,DF,DF,DF,IJ,IJ,IJ,IJ,IJ,IJ,IJ,IJ,IJ,DF-,IJ,IJ,IJ,IJ,IJ,IJ,IJ,IJ,IJ,DF-,DF,IJ,IJ,IJ,DF,IJ,IJ,DF-,DF-,IJ,DF,IJ,IJ,IJ,IJ,IJ,IJ,IJ,IJ,IJ,IJ,IJ,IJ,IJ,IJ,IJ,IJ,IJ,DF,IJ,IJ,IJ,IJ,IJ,IJ,IJ,IJ,IJ,IJ,IJ,IJ,IJ,IJ,IJ,IJ,IJ,IJ,IJ,IJ,IJ,IJ,IJ,IJ,IJ,IJ,IJ,IJ,IJ,IJ,IJ,IJ,IJ,IJ,IJ,IJ,IJ,IJ,IJ+,IJ,IJ,IJ,IJ,IJ,IJ,IJ,IJ,IJ,IJ,IJ,IJ,IJ,IJ,IJ,IJ,IJ,IJ,IJ+,IJ,IJ,IJ,IJ,IJ,IJ,IJ,IJ,IJ,IJ,IJ,IJ,IJ,IJ,IJ,IJ,IJ,IJ,IJ,IJ,IJ,DF-,DF-,DF-,IJ,IJ,DF,DF,DF,DF,DF,DF,IJ,IJ,IJ,IJ,IJ,IJ,IJ,IJ,IJ+,IJ,IJ,IJ,IJ,IJ+,IJ,IJ,DF,IJ,DF,IJ,IJ,IJ,IJ,IJ,IJ,DF,IJ,IJ,IJ,IJ,IJ,IJ,IJ,IJ,IJ,IJ,IJ,IJ,IJ,DF,DF,IJ,IJ,IJ,IJ,IJ,IJ,DF,X,IJ,IJ,IJ,IJ,IJ,IJ,IJ,IJ,IJ,IJ+,IJ,IJ,IJ,IJ,IJ,IJ,IJ,IJ,IJ,IJ,IJ,IJ,IJ,IJ,IJ,IJ,IJ,IJ,IJ,IJ,IJ,IJ,IJ,IJ,IJ,IJ,DF,IJ,IJ,IJ,DF,DF,IJ,IJ,IJ,IJ,IJ,IJ,IJ,IJ,IJ,IJ,IJ,IJ,IJ,IJ,IJ,IJ,IJ,IJ,IJ,IJ,IJ,IJ+,IJ,IJ,IJ,IJ,IJ,IJ,IJ,IJ,IJ,IJ,IJ+,IJ,IJ,IJ,IJ,IJ,IJ,IJ,IJ,IJ,IJ,IJ,IJ,IJ,IJ,IJ,IJ,IJ,IJ,IJ,IJ,IJ,IJ,IJ,IJ,IJ,IJ,IJ,IJ,IJ,IJ,IJ,IJ,IJ,IJ,IJ,IJ,IJ,IJ,IJ,DF,IJ,IJ,IJ,IJ,IJ,IJ,IJ,IJ,IJ,IJ,IJ,IJ,IJ,IJ,IJ,DF,IJ,IJ,IJ,DF,IJ,DF,IJ,IJ,DF,DF,IJ,DF,DF,IJ,IJ,IJ,IJ,IJ,IJ,IJ,IJ,IJ,IJ,IJ,DF,DF,IJ,IJ,IJ,IJ,IJ,IJ,IJ,IJ,IJ,IJ,IJ,IJ,IJ,IJ,IJ,IJ,IJ,IJ,IJ,IJ,IJ,IJ,IJ,IJ,IJ,IJ,IJ,IJ,IJ,IJ,IJ,IJ,DF,DF,IJ,DF,DF,IJ,IJ,IJ,DF-,IJ,IJ,IJ,DF,DF,IJ,IJ,IJ,IJ,DF-,IJ,IJ,IJ
221,LINSEED OIL,PA+,PA+,PA,PA,PA,PA,PA,PA,PA,PA,PA,PA,PA,PA,PA,PA,PA,PA,PA,PA,HY,HY,HY,PA,PA,PA,PA,PA,PA,PA,PA,PA,PA,PA,PA,PA,PA,PA,PA,PA,PA,PA-,PA,PA,PA,PA,PA,PA,PA,PA,PA,PA-,PA,PA,PA,PA,PA,PA,PA,PA-,PA-,PA,PA,PA,PA,PA,PA,PA,PA,PA,PA,PA,PA,PA,PA,PA,PA,PA,PA,PA,PA,PA,PA,PA,PA,PA,PA,PA,PA,PA,PA,PA,PA,PA,PA,PA,PA,PA,PA,PA,PA,PA,PA,PA,PA,PA,PA,PA,PA,PA,PA,PA,PA,PA,PA,PA,PA,PA,PA,PA+,PA,PA,PA,PA,PA,PA,PA,PA,PA,PA,PA,PA,PA,PA,PA,PA,PA,PA,PA+,PA,PA,PA,PA,PA,PA,PA,PA,PA,PA,PA,PA,PA,PA,PA,PA,PA,PA,PA,PA,PA,PA-,PA-,PA-,PA,PA,PA,PA,PA,PA,PA,PA,PA,PA,PA,PA,PA,PA,PA,PA,PA+,PA,PA,PA,PA,PA+,PA,PA,PA,PA,PA,PA,PA,PA,PA,PA,PA,PA,PA,PA,PA,PA,PA,PA,PA,PA,PA,PA,PA,PA,HY,PA,PA,PA,PA,PA,PA,PA,PA,PA,PA,X,PA,PA,PA,PA,PA,PA,PA,PA,PA+,PA,PA,PA,PA,PA,PA,PA,PA,PA,PA,PA,PA,PA,PA,PA,PA,PA,PA,PA,PA,PA,PA,PA,PA,PA,PA,PA,PA,PA,PA,PA,PA,PA,PA,PA,PA,PA,PA,PA,PA,PA,PA,PA,PA,PA,PA,PA,PA,PA,PA,PA,PA,PA,PA+,PA,PA,PA,PA,PA,PA,PA,PA,PA,PA,PA+,PA,PA,PA,PA,PA,PA,PA,PA,PA,PA,PA,PA,PA,PA,PA,PA,PA,PA,PA,PA,PA,PA,PA,PA,PA,PA,PA,PA,PA,PA,PA,PA,PA,PA,PA,PA,PA,PA,PA,PA,PA,PA,PA,PA,PA,PA,PA,PA,PA,PA,PA,PA,PA,PA,PA,PA,PA,PA,PA,PA,PA,PA,PA,PA,PA,PA,PA,PA,PA,PA,PA,PA,PA,PA,PA,PA,PA,PA,PA,PA,PA,PA,PA,PA,PA,PA,PA,PA,PA,PA,PA,PA,PA,PA,PA,PA,PA,PA,PA,PA,PA,PA,PA,PA,PA,PA,PA,PA,PA,PA,PA,PA,PA,PA,PA,PA,PA,PA,PA,PA,PA,PA,PA-,PA,PA,PA,PA,PA,PA,PA,PA,PA,PA-,PA,PA,PA
222,Lube Oil Additives,OA+,OA+,OA,OA,OA,OA,OA,OA,OA,OA,OA,OA,OA,OA,OA,OA,OA,OA,OA,OA,OA,OA,OA,OA,OA,OA,OA,OA,OA,OA,OA,OA,OA,OA,OA,OA,OA,OA,OA,OA,OA,OA-,OA,OA,OA,OA,OA,OA,OA,OA,OA,OA-,OA,OA,OA,OA,OA,OA,OA,OA-,OA-,OA,OA,OA,OA,OA,OA,OA,OA,OA,OA,OA,OA,OA,OA,OA,OA,OA,OA,OA,OA,OA,OA,OA,OA,OA,OA,OA,OA,OA,OA,OA,OA,OA,OA,OA,OA,OA,OA,OA,OA,OA,OA,OA,OA,OA,OA,OA,OA,OA,OA,OA,OA,OA,OA,OA,OA,OA,OA,OA+,OA,OA,OA,OA,OA,OA,OA,OA,OA,OA,OA,OA,OA,OA,OA,OA,OA,OA,OA+,OA,OA,OA,OA,OA,OA,OA,OA,OA,OA,OA,OA,OA,OA,OA,OA,OA,OA,OA,OA,OA,OA-,OA-,OA-,OA,OA,OA,OA,OA,OA,OA,OA,OA,OA,OA,OA,OA,OA,OA,OA,OA+,OA,OA,OA,OA,OA+,OA,OA,OA,OA,OA,OA,OA,OA,OA,OA,OA,OA,OA,OA,OA,OA,OA,OA,OA,OA,OA,OA,OA,OA,OA,OA,OA,OA,OA,OA,OA,OA,OA,OA,OA,OA,X,OA,OA,OA,OA,OA,OA,OA,OA+,OA,OA,OA,OA,OA,OA,OA,OA,OA,OA,OA,OA,OA,OA,OA,OA,OA,OA,OA,OA,OA,OA,OA,OA,OA,OA,OA,OA,OA,OA,OA,OA,OA,OA,OA,OA,OA,OA,OA,OA,OA,OA,OA,OA,OA,OA,OA,OA,OA,OA,OA,OA,OA,OA+,OA,OA,OA,OA,OA,OA,OA,OA,OA,OA,OA+,OA,OA,OA,OA,OA,OA,OA,OA,OA,OA,OA,OA,OA,OA,OA,OA,OA,OA,OA,OA,OA,OA,OA,OA,OA,OA,OA,OA,OA,OA,OA,OA,OA,OA,OA,OA,OA,OA,OA,OA,OA,OA,OA,OA,OA,OA,OA,OA,OA,OA,OA,OA,OA,OA,OA,OA,OA,OA,OA,OA,OA,OA,OA,OA,OA,OA,OA,OA,OA,OA,OA,OA,OA,OA,OA,OA,OA,OA,OA,OA,OA,OA,OA,OA,OA,OA,OA,OA,OA,OA,OA,OA,OA,OA,OA,OA,OA,OA,OA,OA,OA,OA,OA,OA,OA,OA,OA,OA,OA,OA,OA,OA,OA,OA,OA,OA,OA,OA,OA,OA,OA,OA,OA-,OA,OA,OA,OA,OA,OA,OA,OA,OA,OA-,OA,OA,OA
223,[223] LUBRICATING OILS,O+,O+,O,O,O,O,O,O,O,O,O,O,O,O,O,O,O,O,O,HX,HY,HY,HY,O,O,O,O,O,HX,HX,HX,HX,O,O,O,O,O,O,O,O,O,O-,O,O,O,O,O,O,O,O,O,O-,O,O,O,O,O,O,O,H-,H-,O,H,O,O,O,O,O,O,O,O,O,O,O,O,O,O,O,O,O,H,O,O,O,O,O,O,O,O,O,O,O,O,O,O,O,O,O,O,O,O,O,O,O,O,O,O,O,O,O,O,O,O,O,O,O,O,O,O,O+,O,O,O,O,O,O,O,O,O,O,O,O,O,O,O,O,O,O,O+,O,O,O,O,O,O,O,O,O,O,O,O,O,O,O,O,O,O,O,O,O,H-,H-,H-,O,O,H,H,H,HI,HI,HX,O,O,O,O,O,H,O,O,O+,O,O,O,O,O+,O,O,HX,H,HX,O,O,O,O,O,O,HI,O,O,O,O,O,O,O,O,O,O,O,O,HY,HA,HA,O,O,O,O,O,O,H,O,O,O,HM,O,O,O,O,O,O,O+,O,O,O,O,O,O,O,O,O,O,O,O,O,O,O,O,O,O,O,O,O,O,O,O,O,O,HI,O,O,H,H,H,O,O,O,O,O,O,O,O,O,O,O,O,O,O,O,O,O,O,O,O,O,O+,O,O,O,O,O,O,O,O,O,O,O+,O,O,O,O,O,O,O,O,O,O,O,O,O,O,O,O,O,O,O,O,O,O,O,O,O,O,O,O,O,O,O,O,O,O,O,O,O,O,O,O,O,O,O,O,O,O,O,O,O,O,O,O,O,O,O,O,O,O,H,HX,H,H,O,O,HA,O,O,O,O,O,O,O,O,HX,O,O,O,O,O,O,O,O,O,O,O,O,O,O,O,O,O,O,O,O,O,O,O,O,O,O,O,O,O,O,O,O,O,O,O,O,O,O,O,O,HX,H,O,O,O,O,O,O,H-,O,O,O,HX,H,O,O,O,O,H-,HX,HX,O
224,Maize Oil,PA+,PA+,PA,PA,PA,PA,PA,PA,PA,PA,PA,PA,PA,PA,PA,PA,PA,PA,PA,PA,HY,HY,HY,PA,PA,PA,PA,PA,PA,PA,PA,PA,PA,PA,PA,PA,PA,PA,PA,PA,PA,PA-,PA,PA,PA,PA,PA,PA,PA,PA,PA,PA-,PA,PA,PA,PA,PA,PA,PA,PA-,PA-,PA,PA,PA,PA,PA,PA,PA,PA,PA,PA,PA,PA,PA,PA,PA,PA,PA,PA,PA,PA,PA,PA,PA,PA,PA,PA,PA,PA,PA,PA,PA,PA,PA,PA,PA,PA,PA,PA,PA,PA,PA,PA,PA,PA,PA,PA,PA,PA,PA,PA,PA,PA,PA,PA,PA,PA,PA,PA,PA+,PA,PA,PA,PA,PA,PA,PA,PA,PA,PA,PA,PA,PA,PA,PA,PA,PA,PA,PA+,PA,PA,PA,PA,PA,PA,PA,PA,PA,PA,PA,PA,PA,PA,PA,PA,PA,PA,PA,PA,PA,PA-,PA-,PA-,PA,PA,PA,PA,PA,PA,PA,PA,PA,PA,PA,PA,PA,PA,PA,PA,PA+,PA,PA,PA,PA,PA+,PA,PA,PA,PA,PA,PA,PA,PA,PA,PA,PA,PA,PA,PA,PA,PA,PA,PA,PA,PA,PA,PA,PA,PA,HY,PA,PA,PA,PA,PA,PA,PA,PA,PA,PA,PA,PA,PA,X,PA,PA,PA,PA,PA,PA+,PA,PA,PA,PA,PA,PA,PA,PA,PA,PA,PA,PA,PA,PA,PA,PA,PA,PA,PA,PA,PA,PA,PA,PA,PA,PA,PA,PA,PA,PA,PA,PA,PA,PA,PA,PA,PA,PA,PA,PA,PA,PA,PA,PA,PA,PA,PA,PA,PA,PA,PA,PA,PA,PA+,PA,PA,PA,PA,PA,PA,PA,PA,PA,PA,PA+,PA,PA,PA,PA,PA,PA,PA,PA,PA,PA,PA,PA,PA,PA,PA,PA,PA,PA,PA,PA,PA,PA,PA,PA,PA,PA,PA,PA,PA,PA,PA,PA,PA,PA,PA,PA,PA,PA,PA,PA,PA,PA,PA,PA,PA,PA,PA,PA,PA,PA,PA,PA,PA,PA,PA,PA,PA,PA,PA,PA,PA,PA,PA,PA,PA,PA,PA,PA,PA,PA,PA,PA,PA,PA,PA,PA,PA,PA,PA,PA,PA,PA,PA,PA,PA,PA,PA,PA,PA,PA,PA,PA,PA,PA,PA,PA,PA,PA,PA,PA,PA,PA,PA,PA,PA,PA,PA,PA,PA,PA,PA,PA,PA,PA,PA,PA,PA,PA,PA,PA,PA,PA,PA-,PA,PA,PA,PA,PA,PA,PA,PA,PA,PA-,PA,PA,PA
225,Maleic Anhydride,DE+,DE+,DE,DE,DE,DE,DE,DE,DE,DE,DE,DE,DE,DE,DE,DE,DE,DE,DE,DE,DE,DE,DE,DE,DE,DE,DE,DE,DE,DE,DE,DE,DE,DE,DE,DE,DE,DE,DE,DE,DE,DE-,DE,DE,DE,DE,DE,DE,DE,DE,DE,DE-,DE,DE,DE,DE,DE,DE,DE,DE-,DE-,DE,DE,DE,DE,DE,DE,DE,DE,DE,DE,DE,DE,DE,DE,DE,DE,DE,DE,DE,DE,DE,DE,DE,DE,DE,DE,DE,DE,DE,DE,DE,DE,DE,DE,DE,DE,DE,DE,DE,DE,DE,DE,DE,DE,DE,DE,DE,DE,DE,DE,DE,DE,DE,DE,DE,DE,DE,DE,DE+,DE,DE,DE,DE,DE,DE,DE,DE,DE,DE,DE,DE,DE,DE,DE,DE,DE,DE,DE+,DE,DE,DE,DE,DE,DE,DE,DE,DE,DE,DE,DE,DE,DE,DE,DE,DE,DE,DE,DE,DE,DE-,DE-,DE-,DE,DE,DE,DE,DE,DE,DE,DE,DE,DE,DE,DE,DE,DE,DE,DE,DE+,DE,DE,DE,DE,DE+,DE,DE,DE,DE,DE,DE,DE,DE,DE,DE,DE,DE,DE,DE,DE,DE,DE,DE,DE,DE,DE,DE,DE,DE,DE,DE,DE,DE,DE,DE,DE,DE,DE,DE,DE,DE,DE,DE,DE,X,DE,DE,DE,DE,DE+,DE,DE,DE,DE,DE,DE,DE,DE,DE,DE,DE,DE,DE,DE,DE,DE,DE,DE,DE,DE,DE,DE,DE,DE,DE,DE,DE,DE,DE,DE,DE,DE,DE,DE,DE,DE,DE,DE,DE,DE,DE,DE,DE,DE,DE,DE,DE,DE,DE,DE,DE,DE,DE,DE+,DE,DE,DE,DE,DE,DE,DE,DE,DE,DE,DE+,DE,DE,DE,DE,DE,DE,DE,DE,DE,DE,DE,DE,DE,DE,DE,DE,DE,DE,DE,DE,DE,DE,DE,DE,DE,DE,DE,DE,DE,DE,DE,DE,DE,DE,DE,DE,DE,DE,DE,DE,DE,DE,DE,DE,DE,DE,DE,DE,DE,DE,DE,DE,DE,DE,DE,DE,DE,DE,DE,DE,DE,DE,DE,DE,DE,DE,DE,DE,DE,DE,DE,DE,DE,DE,DE,DE,DE,DE,DE,DE,DE,DE,DE,DE,DE,DE,DE,DE,DE,DE,DE,DE,DE,DE,DE,DE,DE,DE,DE,DE,DE,DE,DE,DE,DE,DE,DE,DE,DE,DE,DE,DE,DE,DE,DE,DE,DE,DE,DE,DE,DE,DE,DE-,DE,DE,DE,DE,DE,DE,DE,DE,DE,DE-,DE,DE,DE
226,Mesityl Oxide,C+,C+,C,C,C,C,C,C,C,C,C,C,C,C,C,C,C,C,C,C,C,C,C,C,C,C,C,C,C,C,C,C,C,C,C,C,C,C,C,C,C,C-,C,C,C,C,C,C,C,C,C,C-,C,C,C,C,C,C,C,C-,C-,C,C,C,C,C,C,C,C,C,C,C,C,C,C,C,C,C,C,C,C,C,C,C,C,C,C,C,C,C,C,C,C,C,C,C,C,C,C,C,C,C,C,C,C,C,C,C,C,C,C,C,C,C,C,C,C,C,C,C+,C,C,C,C,C,C,C,C,C,C,C,C,C,C,C,C,C,C,C+,C,C,C,C,C,C,C,C,C,C,C,C,C,C,C,C,C,C,C,C,C,C-,C-,C-,C,C,C,C,C,C,C,C,C,C,C,C,C,C,C,C,C+,C,C,C,C,C+,C,C,C,C,C,C,C,C,C,C,C,C,C,C,C,C,C,C,C,C,C,C,C,C,C,C,C,C,C,C,C,C,C,C,C,C,C,C,C,C,X,C,C,C,C+,C,C,C,C,C,C,C,C,C,C,C,C,C,C,C,C,C,C,C,C,C,C,C,C,C,C,C,C,C,C,C,C,C,C,C,C,C,C,C,C,C,C,C,C,C,C,C,C,C,C,C,C,C,C+,C,C,C,C,C,C,C,C,C,C,C+,C,C,C,C,C,C,C,C,C,C,C,C,C,C,C,C,C,C,C,C,C,C,C,C,C,C,C,C,C,C,C,C,C,C,C,C,C,C,C,C,C,C,C,C,C,C,C,C,C,C,C,C,C,C,C,C,C,C,C,C,C,C,C,C,C,C,C,C,C,C,C,C,C,C,C,C,C,C,C,C,C,C,C,C,C,C,C,C,C,C,C,C,C,C,C,C,C,C,C,C,C,C,C,C,C,C,C,C,C,C,C,C,C,C,C,C,C,C,C,C,C,C,C-,C,C,C,C,C,C,C,C,C,C-,C,C,C
227,Meta-Dichlorobenzene,IA+,IA+,IA,IA,IA,IA,IA,IA,IA,IA,IA,IA,IA,IA,IA,IA,IA,IA,IA,D,IA,IA,IA,IA,IA,IA,IA,IA,D,D,D,IA,IA,IA,IA,IA,IA,IA,IA,IA,IA,D-,IA,IA,IA,IA,IA,IA,IA,IA,IA,D-,D,IA,IA,IA,D,IA,IA,D-,D-,IA,D,IA,IA,IA,IA,IA,IA,IA,IA,IA,IA,IA,IA,IA,IA,IA,IA,IA,D,IA,IA,IA,IA,IA,IA,IA,IA,IA,IA,IA,IA,IA,IA,IA,IA,IA,IA,IA,IA,IA,IA,IA,IA,IA,IA,IA,IA,IA,IA,IA,IA,IA,IA,IA,IA,IA,IA,IA+,IA,IA,IA,IA,IA,IA,IA,IA,IA,IA,IA,IA,IA,IA,IA,IA,IA,IA,IA+,IA,IA,IA,IA,IA,IA,IA,IA,IA,IA,IA,IA,IA,D,IA,IA,IA,IA,IA,IA,IA,D-,D-,D-,IA,IA,D,D,D,D,D,D,IA,IA,IA,IA,IA,IA,IA,IA,IA+,IA,IA,IA,IA,IA+,IA,IA,D,IA,D,IA,IA,IA,IA,IA,IA,D,IA,IA,IA,IA,IA,IA,IA,IA,IA,IA,IA,IA,IA,D,D,IA,IA,IA,IA,IA,IA,D,IA,IA,IA,IA,IA,IA,IA,X,IA,IA,IA+,IA,IA,IA,IA,IA,IA,IA,IA,IA,IA,IA,IA,IA,IA,IA,IA,IA,IA,IA,IA,IA,IA,IA,IA,IA,IA,D,IA,IA,IA,D,D,IA,IA,IA,IA,IA,IA,IA,IA,IA,IA,IA,IA,IA,IA,IA,IA,IA,IA,IA,IA,IA,IA+,IA,IA,IA,IA,IA,IA,IA,IA,IA,IA,IA+,IA,IA,IA,IA,IA,IA,IA,IA,IA,IA,IA,D,IA,IA,IA,IA,IA,IA,IA,IA,IA,IA,IA,IA,IA,IA,IA,IA,IA,IA,IA,IA,IA,IA,IA,IA,IA,IA,IA,IA,IA,IA,IA,IA,IA,IA,IA,IA,IA,IA,IA,IA,IA,IA,IA,D,IA,IA,IA,D,IA,D,IA,IA,D,IA,IA,IA,IA,IA,IA,IA,IA,IA,IA,IA,IA,IA,IA,IA,D,D,IA,IA,IA,IA,IA,IA,IA,IA,IA,IA,IA,IA,IA,IA,IA,IA,IA,IA,IA,IA,IA,IA,IA,IA,IA,IA,IA,IA,IA,IA,IA,IA,D,D,IA,IA,IA,IA,IA,D,D-,IA,IA,IA,D,D,IA,IA,IA,IA,D-,IA,IA,IA
228,Methacrylic Acid,FA+,FA+,FA,FA,FA,FA,FA,FA,FA,FA,FA,FA,FA,FA,FA,FA,FA,FA,FA,FA,FA,FA,FA,FA,FA,FA,FA,FA,FA,FA,FA,FA,FA,FA,FA,FA,FA,FA,FA,FA,FA,FA-,FA,FA,FA,FA,FA,FA,FA,FA,FA,FA-,FA,FA,FA,FA,FA,FA,FA,FA-,FA-,FA,FA,FA,FA,FA,FA,FA,FA,FA,FA,FA,FA,FA,FA,FA,FA,FA,FA,FA,FA,FA,FA,FA,FA,FA,FA,FA,FA,FA,FA,FA,FA,FA,FA,FA,FA,FA,FA,FA,FA,FA,FA,FA,FA,FA,FA,FA,FA,FA,FA,FA,FA,FA,FA,FA,FA,FA,FA,FA+,FA,FA,FA,FA,FA,FA,FA,FA,FA,FA,FA,FA,FA,FA,FA,FA,FA,FA,FA+,FA,FA,FA,FA,FA,FA,FA,FA,FA,FA,FA,FA,FA,FA,FA,FA,FA,FA,FA,FA,FA,FA-,FA-,FA-,FA,FA,FA,FA,FA,FA,FA,FA,FA,FA,FA,FA,FA,FA,FA,FA,FA+,FA,FA,FA,FA,FA+,FA,FA,FA,FA,FA,FA,FA,FA,FA,FA,FA,FA,FA,FA,FA,FA,FA,FA,FA,FA,FA,FA,FA,FA,FA,FA,FA,FA,FA,FA,FA,FA,FA,FA,FA,FA,FA,FA,FA,FA,FA,FA,X,FA,FA+,FA,FA,FA,FA,FA,FA,FA,FA,FA,FA,FA,FA,FA,FA,FA,FA,FA,FA,FA,FA,FA,FA,FA,FA,FA,FA,FA,FA,FA,FA,FA,FA,FA,FA,FA,FA,FA,FA,FA,FA,FA,FA,FA,FA,FA,FA,FA,FA,FA,FA,FA,FA,FA,FA+,FA,FA,FA,FA,FA,FA,FA,FA,FA,FA,FA+,FA,FA,FA,FA,FA,FA,FA,FA,FA,FA,FA,FA,FA,FA,FA,FA,FA,FA,FA,FA,FA,FA,FA,FA,FA,FA,FA,FA,FA,FA,FA,FA,FA,FA,FA,FA,FA,FA,FA,FA,FA,FA,FA,FA,FA,FA,FA,FA,FA,FA,FA,FA,FA,FA,FA,FA,FA,FA,FA,FA,FA,FA,FA,FA,FA,FA,FA,FA,FA,FA,FA,FA,FA,FA,FA,FA,FA,FA,FA,FA,FA,FA,FA,FA,FA,FA,FA,FA,FA,FA,FA,FA,FA,FA,FA,FA,FA,FA,FA,FA,FA,FA,FA,FA,FA,FA,FA,FA,FA,FA,FA,FA,FA,FA,FA,FA,FA,FA,FA,FA,FA,FA,FA-,FA,FA,FA,FA,FA,FA,FA,FA,FA,FA-,FA,FA,FA
229,Methacrylonitrile,BD+,BD+,BD,BD,BD,BD,BD,BD,BD,BD,BD,BD,BD,BD,BD,BD,BD,BD,BD,BD,BD,BD,BD,BD,BD,BD,BD,BD,BD,BD,BD,BD,BD,BD,BD,BD,BD,BD,BD,BD,BD,BB-,BD,BD,BD,BD,BD,BD,BD,BD,BD,BB-,BD,BD,BD,BD,BB,BD,BD,BB-,BB-,BD,BB,BD,BD,BD,BD,BD,BD,BD,BD,BD,BD,BD,BD,BD,BD,BD,BD,BD,BD,BD,BD,BD,BD,BD,BD,BD,BD,BD,BD,BD,BD,BD,BD,BD,BD,BD,BD,BD,BD,BD,BD,BD,BD,BD,BD,BD,BD,BD,BD,BD,BD,BD,BD,BD,BD,BD,BD,BD+,BD,BD,BD,BD,BD,BD,BD,BD,BD,BD,BD,BD,BD,BD,BD,BD,BD,BD,BD+,BD,BD,BD,BD,BD,BD,BD,BD,BD,BD,BD,BD,BD,BD,BD,BD,BD,BD,BD,BD,BD,BB-,BB-,BB-,BD,BD,BD,BD,BD,BD,BD,BD,BD,BD,BD,BD,BD,BD,BD,BD,BD+,BD,BD,BD,BD,BD+,BD,BD,BD,BD,BD,BD,BD,BD,BD,BD,BD,BD,BD,BD,BD,BD,BD,BD,BD,BD,BD,BD,BD,BD,BD,BD,BD,BD,BD,BD,BD,BD,BD,BB,BD,BD,BD,BD,BD,BD,BD,BD,BD,X,BD+,BD,BD,BD,BD,BD,BD,BD,BD,BD,BD,BD,BD,BD,BD,BD,BD,BD,BD,BD,BD,BD,BD,BD,BD,BD,BD,BD,BD,BD,BD,BD,BD,BD,BD,BD,BD,BD,BD,BD,BD,BD,BD,BD,BD,BD,BD,BD,BD,BD,BD,BD,BD,BD,BD+,BD,BD,BD,BD,BD,BD,BD,BD,BD,BD,BD+,BD,BD,BD,BD,BD,BD,BD,BD,BD,BD,BD,BD,BD,BD,BD,BD,BD,BD,BD,BD,BD,BD,BD,BD,BD,BD,BD,BD,BD,BD,BD,BD,BD,BD,BD,BD,BD,BD,BD,BD,BD,BD,BD,BD,BD,BD,BD,BD,BD,BD,BD,BD,BD,BD,BD,BD,BD,BD,BD,BD,BD,BB,BD,BD,BD,BD,BD,BD,BD,BD,BD,BD,BD,BD,BD,BD,BD,BD,BD,BD,BD,BD,BD,BD,BD,BD,BD,BD,BD,BD,BD,BD,BD,BD,BD,BD,BD,BD,BD,BD,BD,BD,BD,BD,BD,BD,BD,BD,BD,BD,BD,BD,BD,BD,BD,BB,BD,BD,BD,BD,BD,BD,BB-,BD,BD,BD,BD,BB,BD,BD,BD,BD,BB-,BD,BD,BD
230,Methanol,A+,A+,A,A,A,A,A,A,A,A,A,A,A,A,A,A,A,A,A,A,A,A,A,A,A,A,A,A,A,A,A,A,A,A,A,A,A,A,A,A,A,A-,A,A,A,A,A,A,A,A,A,A-,A,A,A,A,A,A,A,A-,A-,A,A,A,A,A,A,A,A,A,A,A,A,A,A,A,A,A,A,A,A,A,A,A,A,A,A,A,A,A,A,A,A,A,A,A,A,A,A,A,A,A,A,A,A,A,A,A,A,A,A,A,A,A,A,A,A,A,A,A+,A,A,A,A,A,A,A,A,A,A,A,A,A,A,A,A,A,A,A+,A,A,A,A,A,A,A,A,A,A,A,A,A,A,A,A,A,A,A,A,A,A-,A-,A-,A,A,A,A,A,A,A,A,A,A,A,A,A,A,A,A,A+,A,A,A,A,A+,A,A,A,A,A,A,A,A,A,A,A,A,A,A,A,A,A,A,A,A,A,A,A,A,A,A,A,A,A,A,A,A,A,A,A,A,A,A,A,A,A,A,A,A,X+,A,A,A,A,A,A,A,A,A,A,A,A,A,A,A,A,A,A,A,A,A,A,A,A,A,A,A,A,A,A,A,A,A,A,A,A,A,A,A,A,A,A,A,A,A,A,A,A,A,A,A,A,A,A+,A,A,A,A,A,A,A,A,A,A,A+,A,A,A,A,A,A,A,A,A,A,A,A,A,A,A,A,A,A,A,A,A,A,A,A,A,A,A,A,A,A,A,A,A,A,A,A,A,A,A,A,A,A,A,A,A,A,A,A,A,A,A,A,A,A,A,A,A,A,A,A,A,A,A,A,A,A,A,A,A,A,A,A,A,A,A,A,A,A,A,A,A,A,A,A,A,A,A,A,A,A,A,A,A,A,A,A,A,A,A,A,A,A,A,A,A,A,A,A,A,A,A,A,A,A,A,A,A,A,A,A,A,A,A-,A,A,A,A,A,A,A,A,A,A-,A,A,A
231,3-Methoxy-1-Butanol,C+,C+,C,C,C,C,C,C,C,C,C,C,C,C,C,C,C,C,C,C,C,C,C,C,C,C,C,C,C,C,C,C,C,C,C,C,C,C,C,C,C,C-,C,C,C,C,C,C,C,C,C,C-,C,C,C,C,C,C,C,C-,C-,C,C,C,C,C,C,C,C,C,C,C,C,C,C,C,C,C,C,C,C,C,C,C,C,C,C,C,C,C,C,C,C,C,C,C,C,C,C,C,C,C,C,C,C,C,C,C,C,C,C,C,C,C,C,C,C,C,C,C+,C,C,C,C,C,C,C,C,C,C,C,C,C,C,C,C,C,C,C+,C,C,C,C,C,C,C,C,C,C,C,C,C,C,C,C,C,C,C,C,C,C-,C-,C-,C,C,C,C,C,C,C,C,C,C,C,C,C,C,C,C,C+,C,C,C,C,C+,C,C,C,C,C,C,C,C,C,C,C,C,C,C,C,C,C,C,C,C,C,C,C,C,C,C,C,C,C,C,C,C,C,C,C,C,C,C,C,C,C,C,C,C,C+,X,C,C,C,C,C,C,C,C,C,C,C,C,C,C,C,C,C,C,C,C,C,C,C,C,C,C,C,C,C,C,C,C,C,C,C,C,C,C,C,C,C,C,C,C,C,C,C,C,C,C,C,C,C+,C,C,C,C,C,C,C,C,C,C,C+,C,C,C,C,C,C,C,C,C,C,C,C,C,C,C,C,C,C,C,C,C,C,C,C,C,C,C,C,C,C,C,C,C,C,C,C,C,C,C,C,C,C,C,C,C,C,C,C,C,C,C,C,C,C,C,C,C,C,C,C,C,C,C,C,C,C,C,C,C,C,C,C,C,C,C,C,C,C,C,C,C,C,C,C,C,C,C,C,C,C,C,C,C,C,C,C,C,C,C,C,C,C,C,C,C,C,C,C,C,C,C,C,C,C,C,C,C,C,C,C,C,C,C-,C,C,C,C,C,C,C,C,C,C-,C,C,C
232,3-Methoxybutyl Acetate,C+,C+,C,C,C,C,C,C,C,C,C,C,C,C,C,C,C,C,C,C,C,C,C,C,C,C,C,C,C,C,C,C,C,C,C,C,C,C,C,C,C,C-,C,C,C,C,C,C,C,C,C,C-,C,C,C,C,C,C,C,C-,C-,C,C,C,C,C,C,C,C,C,C,C,C,C,C,C,C,C,C,C,C,C,C,C,C,C,C,C,C,C,C,C,C,C,C,C,C,C,C,C,C,C,C,C,C,C,C,C,C,C,C,C,C,C,C,C,C,C,C,C+,C,C,C,C,C,C,C,C,C,C,C,C,C,C,C,C,C,C,C+,C,C,C,C,C,C,C,C,C,C,C,C,C,C,C,C,C,C,C,C,C,C-,C-,C-,C,C,C,C,C,C,C,C,C,C,C,C,C,C,C,C,C+,C,C,C,C,C+,C,C,C,C,C,C,C,C,C,C,C,C,C,C,C,C,C,C,C,C,C,C,C,C,C,C,C,C,C,C,C,C,C,C,C,C,C,C,C,C,C,C,C,C,C+,C,X,C,C,C,C,C,C,C,C,C,C,C,C,C,C,C,C,C,C,C,C,C,C,C,C,C,C,C,C,C,C,C,C,C,C,C,C,C,C,C,C,C,C,C,C,C,C,C,C,C,C,C,C+,C,C,C,C,C,C,C,C,C,C,C+,C,C,C,C,C,C,C,C,C,C,C,C,C,C,C,C,C,C,C,C,C,C,C,C,C,C,C,C,C,C,C,C,C,C,C,C,C,C,C,C,C,C,C,C,C,C,C,C,C,C,C,C,C,C,C,C,C,C,C,C,C,C,C,C,C,C,C,C,C,C,C,C,C,C,C,C,C,C,C,C,C,C,C,C,C,C,C,C,C,C,C,C,C,C,C,C,C,C,C,C,C,C,C,C,C,C,C,C,C,C,C,C,C,C,C,C,C,C,C,C,C,C,C-,C,C,C,C,C,C,C,C,C,C-,C,C,C
233,Methyl Amyl Alcohol,BA+,BA+,BA,BA,BA,BA,BA,BA,BA,BA,BA,BA,BA,BA,BA,BA,BA,BA,BA,BA,BA,BA,BA,BA,BA,BA,BA,BA,BA,BA,BA,BA,BA,BA,BA,BA,BA,BA,BA,BA,BA,BA-,BA,BA,BA,BA,BA,BA,BA,BA,BA,BA-,BA,BA,BA,BA,BA,BA,BA,BA-,BA-,BA,BA,BA,BA,BA,BA,BA,BA,BA,BA,BA,BA,BA,BA,BA,BA,BA,BA,BA,BA,BA,BA,BA,BA,BA,BA,BA,BA,BA,BA,BA,BA,BA,BA,BA,BA,BA,BA,BA,BA,BA,BA,BA,BA,BA,BA,BA,BA,BA,BA,BA,BA,BA,BA,BA,BA,BA,BA,BA+,BA,BA,BA,BA,BA,BA,BA,BA,BA,BA,BA,BA,BA,BA,BA,BA,BA,BA,BA+,BA,BA,BA,BA,BA,BA,BA,BA,BA,BA,BA,BA,BA,BA,BA,BA,BA,BA,BA,BA,BA,BA-,BA-,BA-,BA,BA,BA,BA,BA,BA,BA,BA,BA,BA,BA,BA,BA,BA,BA,BA,BA+,BA,BA,BA,BA,BA+,BA,BA,BA,BA,BA,BA,BA,BA,BA,BA,BA,BA,BA,BA,BA,BA,BA,BA,BA,BA,BA,BA,BA,BA,BA,BA,BA,BA,BA,BA,BA,BA,BA,BA,BA,BA,BA,BA,BA,BA,BA,BA,BA,BA,BA+,BA,BA,X,BA,BA,BA,BA,BA,BA,BA,BA,BA,BA,BA,BA,BA,BA,BA,BA,BA,BA,BA,BA,BA,BA,BA,BA,BA,BA,BA,BA,BA,BA,BA,BA,BA,BA,BA,BA,BA,BA,BA,BA,BA,BA,BA,BA,BA,BA,BA,BA,BA,BA,BA+,BA,BA,BA,BA,BA,BA,BA,BA,BA,BA,BA+,BA,BA,BA,BA,BA,BA,BA,BA,BA,BA,BA,BA,BA,BA,BA,BA,BA,BA,BA,BA,BA,BA,BA,BA,BA,BA,BA,BA,BA,BA,BA,BA,BA,BA,BA,BA,BA,BA,BA,BA,BA,BA,BA,BA,BA,BA,BA,BA,BA,BA,BA,BA,BA,BA,BA,BA,BA,BA,BA,BA,BA,BA,BA,BA,BA,BA,BA,BA,BA,BA,BA,BA,BA,BA,BA,BA,BA,BA,BA,BA,BA,BA,BA,BA,BA,BA,BA,BA,BA,BA,BA,BA,BA,BA,BA,BA,BA,BA,BA,BA,BA,BA,BA,BA,BA,BA,BA,BA,BA,BA,BA,BA,BA,BA,BA,BA,BA,BA,BA,BA,BA,BA,BA-,BA,BA,BA,BA,BA,BA,BA,BA,BA,BA-,BA,BA,BA
234,Methyl Formate,BA+,BA+,BA,BA,BA,BA,BA,BA,BA,BA,BA,BA,BA,BA,BA,BA,BA,BA,BA,BA,BA,BA,BA,BA,BA,BA,BA,BA,BA,BA,BA,BA,BA,BA,BA,BA,BA,BA,BA,BA,BA,BA-,BA,BA,BA,BA,BA,BA,BA,BA,BA,BA-,BA,BA,BA,BA,BA,BA,BA,BA-,BA-,BA,BA,BA,BA,BA,BA,BA,BA,BA,BA,BA,BA,BA,BA,BA,BA,BA,BA,BA,BA,BA,BA,BA,BA,BA,BA,BA,BA,BA,BA,BA,BA,BA,BA,BA,BA,BA,BA,BA,BA,BA,BA,BA,BA,BA,BA,BA,BA,BA,BA,BA,BA,BA,BA,BA,BA,BA,BA,BA+,BA,BA,BA,BA,BA,BA,BA,BA,BA,BA,BA,BA,BA,BA,BA,BA,BA,BA,BA+,BA,BA,BA,BA,BA,BA,BA,BA,BA,BA,BA,BA,BA,BA,BA,BA,BA,BA,BA,BA,BA,BA-,BA-,BA-,BA,BA,BA,BA,BA,BA,BA,BA,BA,BA,BA,BA,BA,BA,BA,BA,BA+,BA,BA,BA,BA,BA+,BA,BA,BA,BA,BA,BA,BA,BA,BA,BA,BA,BA,BA,BA,BA,BA,BA,BA,BA,BA,BA,BA,BA,BA,BA,BA,BA,BA,BA,BA,BA,BA,BA,BA,BA,BA,BA,BA,BA,BA,BA,BA,BA,BA,BA+,BA,BA,BA,X,BA,BA,BA,BA,BA,BA,BA,BA,BA,BA,BA,BA,BA,BA,BA,BA,BA,BA,BA,BA,BA,BA,BA,BA,BA,BA,BA,BA,BA,BA,BA,BA,BA,BA,BA,BA,BA,BA,BA,BA,BA,BA,BA,BA,BA,BA,BA,BA,BA,BA+,BA,BA,BA,BA,BA,BA,BA,BA,BA,BA,BA+,BA,BA,BA,BA,BA,BA,BA,BA,BA,BA,BA,BA,BA,BA,BA,BA,BA,BA,BA,BA,BA,BA,BA,BA,BA,BA,BA,BA,BA,BA,BA,BA,BA,BA,BA,BA,BA,BA,BA,BA,BA,BA,BA,BA,BA,BA,BA,BA,BA,BA,BA,BA,BA,BA,BA,BA,BA,BA,BA,BA,BA,BA,BA,BA,BA,BA,BA,BA,BA,BA,BA,BA,BA,BA,BA,BA,BA,BA,BA,BA,BA,BA,BA,BA,BA,BA,BA,BA,BA,BA,BA,BA,BA,BA,BA,BA,BA,BA,BA,BA,BA,BA,BA,BA,BA,BA,BA,BA,BA,BA,BA,BA,BA,BA,BA,BA,BA,BA,BA,BA,BA,BA,BA-,BA,BA,BA,BA,BA,BA,BA,BA,BA,BA-,BA,BA,BA
235,Methyl tert-Butyl Ether (MTBE),c+,C+,C,C,C,C,C,C,C,C,C,C,C,C,C,C,C,C,C,C,C,C,C,C,C,C,C,C,C,C,C,C,C,C,C,C,C,C,C,C,C,C-,C,C,C,C,C,C,C,C,C,C-,C,C,C,C,C,C,C,C-,C-,C,C,C,C,C,C,C,C,C,C,C,C,C,C,C,C,C,C,C,C,C,C,C,C,C,C,C,C,C,C,C,C,C,C,C,C,C,C,C,C,C,C,C,C,C,C,C,C,C,C,C,C,C,C,C,C,C,C,C+,C,C,C,C,C,C,C,C,C,C,C,C,C,C,C,C,C,C,C+,C,C,C,C,C,C,C,C,C,C,C,C,C,C,C,C,C,C,C,C,C,C-,C-,C-,C,C,C,C,C,C,C,C,C,C,C,C,C,C,C,C,C+,C,C,C,C,C+,C,C,C,C,C,C,C,C,C,C,C,C,C,C,C,C,C,C,C,C,C,C,C,C,C,C,C,C,C,C,C,C,C,C,C,C,C,C,C,C,C,C,C,C,C+,C,C,C,C,X,C,C,C,C,C,C,C,C,C,C,C,C,C,C,C,C,C,C,C,C,C,C,C,C,C,C,C,C,C,C,C,C,C,C,C,C,C,C,C,C,C,C,C,C,C,C,C,C,C+,C,C,C,C,C,C,C,C,C,C,C+,C,C,C,C,C,C,C,C,C,C,C,C,C,C,C,C,C,C,C,C,C,C,C,C,C,C,C,C,C,C,C,C,C,C,C,C,C,C,C,C,C,C,C,C,C,C,C,C,C,C,C,C,C,C,C,C,C,C,C,C,C,C,C,C,C,C,C,C,C,C,C,C,C,C,C,C,C,C,C,C,C,C,C,C,C,C,C,C,C,C,C,C,C,C,C,C,C,C,C,C,C,C,C,C,C,C,C,C,C,C,C,C,C,C,C,C,C,C,C,C,C,C,C-,C,C,C,C,C,C,C,C,C,C-,C,C,C
236,2-Methyl-1-Pentene,B+,B+,B,B,B,B,B,B,B,B,B,B,B,B,B,B,B,B,B,B,B,B,B,B,B,B,B,B,B,B,B,B,B,B,B,B,B,B,B,B,B,B-,B,B,B,B,B,B,B,B,B,B-,B,B,B,B,B,B,B,B-,B-,B,B,B,B,B,B,B,B,B,B,B,B,B,B,B,B,B,B,B,B,B,B,B,B,B,B,B,B,B,B,B,B,B,B,B,B,B,B,B,B,B,B,B,B,B,B,B,B,B,B,B,B,B,B,B,B,B,B,B+,B,B,B,B,B,B,B,B,B,B,B,B,B,B,B,B,B,B,B+,B,B,B,B,B,B,B,B,B,B,B,B,B,B,B,B,B,B,B,B,B,B-,B-,B-,B,B,B,B,B,B,B,B,B,B,B,B,B,B,B,B,B+,B,B,B,B,B+,B,B,B,B,B,B,B,B,B,B,B,B,B,B,B,B,B,B,B,B,B,B,B,B,B,B,B,B,B,B,B,B,B,B,B,B,B,B,B,B,B,B,B,B,B+,B,B,B,B,B,X,B,B,B,B,B,B,B,B,B,B,B,B,B,B,B,B,B,B,B,B,B,B,B,B,B,B,B,B,B,B,B,B,B,B,B,B,B,B,B,B,B,B,B,B,B,B,B,B+,B,B,B,B,B,B,B,B,B,B,B+,B,B,B,B,B,B,B,B,B,B,B,B,B,B,B,B,B,B,B,B,B,B,B,B,B,B,B,B,B,B,B,B,B,B,B,B,B,B,B,B,B,B,B,B,B,B,B,B,B,B,B,B,B,B,B,B,B,B,B,B,B,B,B,B,B,B,B,B,B,B,B,B,B,B,B,B,B,B,B,B,B,B,B,B,B,B,B,B,B,B,B,B,B,B,B,B,B,B,B,B,B,B,B,B,B,B,B,B,B,B,B,B,B,B,B,B,B,B,B,B,B,B,B-,B,B,B,B,B,B,B,B,B,B-,B,B,B
237,1-Methyl-2-Pyrrolidone,BA+,BA+,BA,BA,BA,BA,BA,BA,BA,BA,BA,BA,BA,BA,BA,BA,BA,BA,BA,BA,BA,BA,BA,BA,BA,BA,BA,BA,BA,BA,BA,BA,BA,BA,BA,BA,BA,BA,BA,BA,BA,BA-,BA,BA,BA,BA,BA,BA,BA,BA,BA,BA-,BA,BA,BA,BA,BA,BA,BA,BA-,BA-,BA,BA,BA,BA,BA,BA,BA,BA,BA,BA,BA,BA,BA,BA,BA,BA,BA,BA,BA,BA,BA,BA,BA,BA,BA,BA,BA,BA,BA,BA,BA,BA,BA,BA,BA,BA,BA,BA,BA,BA,BA,BA,BA,BA,BA,BA,BA,BA,BA,BA,BA,BA,BA,BA,BA,BA,BA,BA,BA+,BA,BA,BA,BA,BA,BA,BA,BA,BA,BA,BA,BA,BA,BA,BA,BA,BA,BA,BA+,BA,BA,BA,BA,BA,BA,BA,BA,BA,BA,BA,BA,BA,BA,BA,BA,BA,BA,BA,BA,BA,BA-,BA-,BA-,BA,BA,BA,BA,BA,BA,BA,BA,BA,BA,BA,BA,BA,BA,BA,BA,BA+,BA,BA,BA,BA,BA+,BA,BA,BA,BA,BA,BA,BA,BA,BA,BA,BA,BA,BA,BA,BA,BA,BA,BA,BA,BA,BA,BA,BA,BA,BA,BA,BA,BA,BA,BA,BA,BA,BA,BA,BA,BA,BA,BA,BA,BA,BA,BA,BA,BA,BA+,BA,BA,BA,BA,BA,BA,X,BA,BA,BA,BA,BA,BA,BA,BA,BA,BA,BA,BA,BA,BA,BA,BA,BA,BA,BA,BA,BA,BA,BA,BA,BA,BA,BA,BA,BA,BA,BA,BA,BA,BA,BA,BA,BA,BA,BA,BA,BA,BA,BA,BA,BA,BA,BA+,BA,BA,BA,BA,BA,BA,BA,BA,BA,BA,BA+,BA,BA,BA,BA,BA,BA,BA,BA,BA,BA,BA,BA,BA,BA,BA,BA,BA,BA,BA,BA,BA,BA,BA,BA,BA,BA,BA,BA,BA,BA,BA,BA,BA,BA,BA,BA,BA,BA,BA,BA,BA,BA,BA,BA,BA,BA,BA,BA,BA,BA,BA,BA,BA,BA,BA,BA,BA,BA,BA,BA,BA,BA,BA,BA,BA,BA,BA,BA,BA,BA,BA,BA,BA,BA,BA,BA,BA,BA,BA,BA,BA,BA,BA,BA,BA,BA,BA,BA,BA,BA,BA,BA,BA,BA,BA,BA,BA,BA,BA,BA,BA,BA,BA,BA,BA,BA,BA,BA,BA,BA,BA,BA,BA,BA,BA,BA,BA,BA,BA,BA,BA,BA,BA-,BA,BA,BA,BA,BA,BA,BA,BA,BA,BA-,BA,BA,BA
238,2-Methyl-5-Ethylpyridine,ND+,ND+,ND,ND,ND,ND,ND,ND,ND,ND,ND,ND,ND,ND,ND,ND,ND,ND,ND,D,ND,ND,ND,ND,ND,ND,ND,ND,D,D,D,D,ND,ND,ND,ND,ND,ND,ND,ND,ND,D-,ND,ND,ND,ND,ND,ND,ND,ND,ND,D-,D,ND,ND,ND,D,ND,ND,D-,D-,ND,D,ND,ND,ND,ND,ND,ND,ND,ND,ND,ND,ND,ND,ND,ND,ND,ND,ND,D,ND,ND,ND,ND,ND,ND,ND,ND,ND,ND,ND,ND,ND,ND,ND,ND,ND,ND,ND,ND,ND,ND,ND,ND,ND,ND,ND,ND,ND,ND,ND,ND,ND,ND,ND,ND,ND,ND,ND+,ND,ND,ND,ND,ND,ND,ND,ND,ND,ND,ND,ND,ND,ND,ND,ND,ND,ND,ND+,ND,ND,ND,ND,ND,ND,ND,ND,ND,ND,ND,ND,ND,D,ND,ND,ND,ND,ND,ND,ND,D-,D-,D-,ND,ND,D,D,D,D,D,D,ND,ND,ND,ND,ND,D,ND,ND,ND+,ND,ND,ND,ND,ND+,ND,ND,D,D,D,ND,ND,ND,ND,ND,ND,D,ND,ND,ND,ND,ND,ND,ND,ND,ND,ND,ND,ND,ND,D,D,ND,ND,ND,ND,ND,ND,D,ND,ND,ND,ND,ND,ND,ND,ND,ND,ND,ND+,ND,ND,ND,ND,ND,ND,ND,X,ND,ND,ND,ND,ND,ND,ND,ND,ND,ND,ND,ND,ND,ND,ND,ND,ND,ND,D,ND,ND,D,D,D,ND,ND,ND,ND,ND,ND,ND,ND,ND,ND,ND,ND,ND,ND,ND,ND,ND,ND,ND,ND,ND,ND+,ND,ND,ND,ND,ND,ND,ND,ND,ND,ND,ND+,ND,ND,ND,ND,ND,ND,ND,ND,ND,ND,ND,D,ND,ND,ND,ND,ND,ND,ND,ND,ND,ND,ND,ND,ND,ND,ND,ND,ND,ND,ND,ND,ND,ND,ND,ND,ND,ND,ND,ND,ND,ND,ND,ND,ND,ND,ND,ND,ND,ND,ND,ND,ND,ND,ND,D,ND,ND,D,D,D,D,ND,ND,D,ND,ND,ND,ND,ND,ND,ND,ND,ND,ND,ND,ND,ND,ND,ND,D,D,ND,ND,ND,ND,ND,ND,ND,ND,ND,ND,ND,ND,ND,ND,ND,ND,ND,ND,ND,ND,ND,ND,ND,ND,ND,ND,ND,ND,ND,ND,ND,ND,D,D,ND,ND,ND,ND,ND,D,D-,ND,ND,ND,D,D,ND,ND,ND,ND,D-,ND,ND,ND
239,Methyl Acetate,B+,B+,B,B,B,B,B,B,B,B,B,B,B,B,B,B,B,B,B,B,B,B,B,B,B,B,B,B,B,B,B,B,B,B,B,B,B,B,B,B,B,B-,B,B,B,B,B,B,B,B,B,B-,B,B,B,B,B,B,B,B-,B-,B,B,B,B,B,B,B,B,B,B,B,B,B,B,B,B,B,B,B,B,B,B,B,B,B,B,B,B,B,B,B,B,B,B,B,B,B,B,B,B,B,B,B,B,B,B,B,B,B,B,B,B,B,B,B,B,B,B,B+,B,B,B,B,B,B,B,B,B,B,B,B,B,B,B,B,B,B,B+,B,B,B,B,B,B,B,B,B,B,B,B,B,B,B,B,B,B,B,B,B,B-,B-,B-,B,B,B,B,B,B,B,B,B,B,B,B,B,B,B,B,B+,B,B,B,B,B+,B,B,B,B,B,B,B,B,B,B,B,B,B,B,B,B,B,B,B,B,B,B,B,B,B,B,B,B,B,B,B,B,B,B,B,B,B,B,B,B,B,B,B,B,B+,B,B,B,B,B,B,B,B,X,B,B,B,B,B,B,B,B,B,B,B,B,B,B,B,B,B,B,B,B,B,B,B,B,B,B,B,B,B,B,B,B,B,B,B,B,B,B,B,B,B,B,B,B,B+,B,B,B,B,B,B,B,B,B,B,B+,B,B,B,B,B,B,B,B,B,B,B,B,B,B,B,B,B,B,B,B,B,B,B,B,B,B,B,B,B,B,B,B,B,B,B,B,B,B,B,B,B,B,B,B,B,B,B,B,B,B,B,B,B,B,B,B,B,B,B,B,B,B,B,B,B,B,B,B,B,B,B,B,B,B,B,B,B,B,B,B,B,B,B,B,B,B,B,B,B,B,B,B,B,B,B,B,B,B,B,B,B,B,B,B,B,B,B,B,B,B,B,B,B,B,B,B,B,B,B,B,B,B,B-,B,B,B,B,B,B,B,B,B,B-,B,B,B
240,Methyl Acetoacetate,B+,B+,B,B,B,B,B,B,B,B,B,B,B,B,B,B,B,B,B,B,B,B,B,B,B,B,B,B,B,B,B,B,B,B,B,B,B,B,B,B,B,B-,B,B,B,B,B,B,B,B,B,B-,B,B,B,B,B,B,B,B-,B-,B,B,B,B,B,B,B,B,B,B,B,B,B,B,B,B,B,B,B,B,B,B,B,B,B,B,B,B,B,B,B,B,B,B,B,B,B,B,B,B,B,B,B,B,B,B,B,B,B,B,B,B,B,B,B,B,B,B,B+,B,B,B,B,B,B,B,B,B,B,B,B,B,B,B,B,B,B,B+,B,B,B,B,B,B,B,B,B,B,B,B,B,B,B,B,B,B,B,B,B,B-,B-,B-,B,B,B,B,B,B,B,B,B,B,B,B,B,B,B,B,B+,B,B,B,B,B+,B,B,B,B,B,B,B,B,B,B,B,B,B,B,B,B,B,B,B,B,B,B,B,B,B,B,B,B,B,B,B,B,B,B,B,B,B,B,B,B,B,B,B,B,B+,B,B,B,B,B,B,B,B,B,X,B,B,B,B,B,B,B,B,B,B,B,B,B,B,B,B,B,B,B,B,B,B,B,B,B,B,B,B,B,B,B,B,B,B,B,B,B,B,B,B,B,B,B,B+,B,B,B,B,B,B,B,B,B,B,B+,B,B,B,B,B,B,B,B,B,B,B,B,B,B,B,B,B,B,B,B,B,B,B,B,B,B,B,B,B,B,B,B,B,B,B,B,B,B,B,B,B,B,B,B,B,B,B,B,B,B,B,B,B,B,B,B,B,B,B,B,B,B,B,B,B,B,B,B,B,B,B,B,B,B,B,B,B,B,B,B,B,B,B,B,B,B,B,B,B,B,B,B,B,B,B,B,B,B,B,B,B,B,B,B,B,B,B,B,B,B,B,B,B,B,B,B,B,B,B,B,B,B,B-,B,B,B,B,B,B,B,B,B,B-,B,B,B
241,Methyl Acrylate,MA+,MA+,MA,MA,MA,MA,MA,MA,MA,MA,MA,MA,MA,MA,MA,MA,MA,MA,MA,M,MA,MA,MA,MA,MA,MA,MA,MA,M,M,M,M,MA,MA,MA,MA,MA,MA,MA,MA,MA,M-,MA,MA,MA,MA,MA,MA,MA,MA,MA,M-,MA,MA,MA,MA,M,MA,MA,M-,M-,MA,M,MA,MA,MA,MA,MA,MA,MA,MA,MA,MA,MA,MA,MA,MA,MA,MA,MA,M,MA,MA,MA,MA,MA,MA,MA,MA,MA,MA,MA,MA,MA,MA,MA,MA,MA,MA,MA,MA,MA,MA,MA,MA,MA,MA,MA,MA,MA,MA,MA,MA,MA,MA,MA,MA,MA,MA,MA+,MA,MA,MA,MA,MA,MA,MA,M,MA,MA,MA,MA,MA,MA,MA,MA,MA,MA,MA+,MA,MA,MA,MA,MA,MA,MA,M,MA,M,MA,MA,MA,MA,MA,MA,MA,MA,MA,MA,MA,M-,M-,M-,MA,MA,M,M,M,M,M,M,MA,MA,MA,MA,MA,MA,MA,MA,MA+,MA,MA,MA,MA,MA+,MA,MA,M,MA,M,M,MA,MA,M,MA,M,M,MA,MA,MA,MA,MA,MA,MA,MA,MA,MA,MA,MA,MA,M,M,MA,MA,MA,MA,MA,MA,M,MA,MA,MA,MA,MA,MA,MA,MA,MA,MA,MA+,MA,MA,MA,MA,MA,MA,MA,MA,MA,MA,X,MA,MA,MA,MA,MA,MA,MA,M,MA,MA,MA,MA,MA,MA,MA,M,MA,MA,MA,M,M,MA,MA,MA,MA,MA,MA,MA,MA,MA,MA,MA,MA,MA,M,MA,MA,M,MA,MA,MA,MA,MA+,MA,MA,MA,MA,MA,MA,MA,MA,MA,MA,MA+,MA,MA,MA,MA,MA,MA,MA,MA,MA,MA,MA,MA,MA,MA,MA,MA,MA,MA,MA,MA,MA,MA,MA,MA,MA,MA,MA,MA,MA,MA,MA,MA,MA,MA,MA,MA,MA,MA,MA,MA,MA,MA,MA,MA,MA,MA,MA,MA,MA,MA,MA,MA,MA,MA,MA,M,MA,MA,MA,M,MA,M,MA,MA,M,MA,MA,MA,MA,MA,MA,MA,MA,MA,MA,MA,MA,MA,MA,MA,M,M,MA,MA,M,MA,MA,MA,MA,MA,MA,MA,MA,MA,MA,MA,MA,MA,MA,MA,MA,MA,MA,MA,MA,MA,MA,MA,MA,MA,MA,MA,MA,MA,M,M,MA,MA,MA,MA,MA,MA,M-,MA,MA,MA,M,M,MA,MA,MA,MA,M-,MA,MA,MA
242,Methylamine Solutions (42% or Less),BA+,BA+,BA,BA,BA,BA,BA,BA,BA,BA,BA,BA,BA,BA,BA,BA,BA,BA,BA,BA,BA,BA,BA,BA,BA,BA,BA,BA,BA,BA,BA,BA,BA,BA,BA,BA,BA,BA,BA,BA,BA,BA-,BA,BA,BA,BA,BA,BA,BA,BA,BA,BA-,BA,BA,BA,BA,BA,BA,BA,BA-,BA-,BA,BA,BA,BA,BA,BA,BA,BA,BA,BA,BA,BA,BA,BA,BA,BA,BA,BA,BA,BA,BA,BA,BA,BA,BA,BA,BA,BA,BA,BA,BA,BA,BA,BA,BA,BA,BA,BA,BA,BA,BA,BA,BA,BA,BA,BA,BA,BA,BA,BA,BA,BA,BA,BA,BA,BA,BA,BA,BA+,BA,BA,BA,BA,BA,BA,BA,BA,BA,BA,BA,BA,BA,BA,BA,BA,BA,BA,BA+,BA,BA,BA,BA,BA,BA,BA,BA,BA,BA,BA,BA,BA,BA,BA,BA,BA,BA,BA,BA,BA,BA-,BA-,BA-,BA,BA,BA,BA,BA,BA,BA,BA,BA,BA,BA,BA,BA,BA,BA,BA,BA+,BA,BA,BA,BA,BA+,BA,BA,BA,BA,BA,BA,BA,BA,BA,BA,BA,BA,BA,BA,BA,BA,BA,BA,BA,BA,BA,BA,BA,BA,BA,BA,BA,BA,BA,BA,BA,BA,BA,BA,BA,BA,BA,BA,BA,BA,BA,BA,BA,BA,BA+,BA,BA,BA,BA,BA,BA,BA,BA,BA,BA,BA,X,BA,BA,BA,BA,BA,BA,BA,BA,BA,BA,BA,BA,BA,BA,BA,BA,BA,BA,BA,BA,BA,BA,BA,BA,BA,BA,BA,BA,BA,BA,BA,BA,BA,BA,BA,BA,BA,BA,BA,BA,BA,BA+,BA,BA,BA,BA,BA,BA,BA,BA,BA,BA,BA+,BA,BA,BA,BA,BA,BA,BA,BA,BA,BA,BA,BA,BA,BA,BA,BA,BA,BA,BA,BA,BA,BA,BA,BA,BA,BA,BA,BA,BA,BA,BA,BA,BA,BA,BA,BA,BA,BA,BA,BA,BA,BA,BA,BA,BA,BA,BA,BA,BA,BA,BA,BA,BA,BA,BA,BA,BA,BA,BA,BA,BA,BA,BA,BA,BA,BA,BA,BA,BA,BA,BA,BA,BA,BA,BA,BA,BA,BA,BA,BA,BA,BA,BA,BA,BA,BA,BA,BA,BA,BA,BA,BA,BA,BA,BA,BA,BA,BA,BA,BA,BA,BA,BA,BA,BA,BA,BA,BA,BA,BA,BA,BA,BA,BA,BA,BA,BA,BA,BA,BA,BA,BA,BA-,BA,BA,BA,BA,BA,BA,BA,BA,BA,BA-,BA,BA,BA
243,Methyl Amyl Acetate,BA+,BA+,BA,BA,BA,BA,BA,BA,BA,BA,BA,BA,BA,BA,BA,BA,BA,BA,BA,BA,BA,BA,BA,BA,BA,BA,BA,BA,BA,BA,BA,BA,BA,BA,BA,BA,BA,BA,BA,BA,BA,BA-,BA,BA,BA,BA,BA,BA,BA,BA,BA,BA-,BA,BA,BA,BA,BA,BA,BA,BA-,BA-,BA,BA,BA,BA,BA,BA,BA,BA,BA,BA,BA,BA,BA,BA,BA,BA,BA,BA,BA,BA,BA,BA,BA,BA,BA,BA,BA,BA,BA,BA,BA,BA,BA,BA,BA,BA,BA,BA,BA,BA,BA,BA,BA,BA,BA,BA,BA,BA,BA,BA,BA,BA,BA,BA,BA,BA,BA,BA,BA+,BA,BA,BA,BA,BA,BA,BA,BA,BA,BA,BA,BA,BA,BA,BA,BA,BA,BA,BA+,BA,BA,BA,BA,BA,BA,BA,BA,BA,BA,BA,BA,BA,BA,BA,BA,BA,BA,BA,BA,BA,BA-,BA-,BA-,BA,BA,BA,BA,BA,BA,BA,BA,BA,BA,BA,BA,BA,BA,BA,BA,BA+,BA,BA,BA,BA,BA+,BA,BA,BA,BA,BA,BA,BA,BA,BA,BA,BA,BA,BA,BA,BA,BA,BA,BA,BA,BA,BA,BA,BA,BA,BA,BA,BA,BA,BA,BA,BA,BA,BA,BA,BA,BA,BA,BA,BA,BA,BA,BA,BA,BA,BA+,BA,BA,BA,BA,BA,BA,BA,BA,BA,BA,BA,BA,X,BA,BA,BA,BA,BA,BA,BA,BA,BA,BA,BA,BA,BA,BA,BA,BA,BA,BA,BA,BA,BA,BA,BA,BA,BA,BA,BA,BA,BA,BA,BA,BA,BA,BA,BA,BA,BA,BA,BA,BA,BA+,BA,BA,BA,BA,BA,BA,BA,BA,BA,BA,BA+,BA,BA,BA,BA,BA,BA,BA,BA,BA,BA,BA,BA,BA,BA,BA,BA,BA,BA,BA,BA,BA,BA,BA,BA,BA,BA,BA,BA,BA,BA,BA,BA,BA,BA,BA,BA,BA,BA,BA,BA,BA,BA,BA,BA,BA,BA,BA,BA,BA,BA,BA,BA,BA,BA,BA,BA,BA,BA,BA,BA,BA,BA,BA,BA,BA,BA,BA,BA,BA,BA,BA,BA,BA,BA,BA,BA,BA,BA,BA,BA,BA,BA,BA,BA,BA,BA,BA,BA,BA,BA,BA,BA,BA,BA,BA,BA,BA,BA,BA,BA,BA,BA,BA,BA,BA,BA,BA,BA,BA,BA,BA,BA,BA,BA,BA,BA,BA,BA,BA,BA,BA,BA,BA-,BA,BA,BA,BA,BA,BA,BA,BA,BA,BA-,BA,BA,BA
244,Methyl Amyl Ketone,BA+,BA+,BA,BA,BA,BA,BA,BA,BA,BA,BA,BA,BA,BA,BA,BA,BA,BA,BA,BA,BA,BA,BA,BA,BA,BA,BA,BA,BA,BA,BA,BA,BA,BA,BA,BA,BA,BA,BA,BA,BA,BA-,BA,BA,BA,BA,BA,BA,BA,BA,BA,BA-,BA,BA,BA,BA,BA,BA,BA,BA-,BA-,BA,BA,BA,BA,BA,BA,BA,BA,BA,BA,BA,BA,BA,BA,BA,BA,BA,BA,BA,BA,BA,BA,BA,BA,BA,BA,BA,BA,BA,BA,BA,BA,BA,BA,BA,BA,BA,BA,BA,BA,BA,BA,BA,BA,BA,BA,BA,BA,BA,BA,BA,BA,BA,BA,BA,BA,BA,BA,BA+,BA,BA,BA,BA,BA,BA,BA,BA,BA,BA,BA,BA,BA,BA,BA,BA,BA,BA,BA+,BA,BA,BA,BA,BA,BA,BA,BA,BA,BA,BA,BA,BA,BA,BA,BA,BA,BA,BA,BA,BA,BA-,BA-,BA-,BA,BA,BA,BA,BA,BA,BA,BA,BA,BA,BA,BA,BA,BA,BA,BA,BA+,BA,BA,BA,BA,BA+,BA,BA,BA,BA,BA,BA,BA,BA,BA,BA,BA,BA,BA,BA,BA,BA,BA,BA,BA,BA,BA,BA,BA,BA,BA,BA,BA,BA,BA,BA,BA,BA,BA,BA,BA,BA,BA,BA,BA,BA,BA,BA,BA,BA,BA+,BA,BA,BA,BA,BA,BA,BA,BA,BA,BA,BA,BA,BA,X,BA,BA,BA,BA,BA,BA,BA,BA,BA,BA,BA,BA,BA,BA,BA,BA,BA,BA,BA,BA,BA,BA,BA,BA,BA,BA,BA,BA,BA,BA,BA,BA,BA,BA,BA,BA,BA,BA,BA,BA+,BA,BA,BA,BA,BA,BA,BA,BA,BA,BA,BA+,BA,BA,BA,BA,BA,BA,BA,BA,BA,BA,BA,BA,BA,BA,BA,BA,BA,BA,BA,BA,BA,BA,BA,BA,BA,BA,BA,BA,BA,BA,BA,BA,BA,BA,BA,BA,BA,BA,BA,BA,BA,BA,BA,BA,BA,BA,BA,BA,BA,BA,BA,BA,BA,BA,BA,BA,BA,BA,BA,BA,BA,BA,BA,BA,BA,BA,BA,BA,BA,BA,BA,BA,BA,BA,BA,BA,BA,BA,BA,BA,BA,BA,BA,BA,BA,BA,BA,BA,BA,BA,BA,BA,BA,BA,BA,BA,BA,BA,BA,BA,BA,BA,BA,BA,BA,BA,BA,BA,BA,BA,BA,BA,BA,BA,BA,BA,BA,BA,BA,BA,BA,BA,BA-,BA,BA,BA,BA,BA,BA,BA,BA,BA,BA-,BA,BA,BA
245,Methylene Chloride,AB+,AB+,AB,AB,AB,AB,AB,AB,AB,AB,AB,AB,AB,AB,AB,AB,AB,AB,AB,AB,AB,AB,AB,AB,AB,AB,AB,AB,AB,AB,AB,AB,AB,AB,AB,AB,AB,AB,AB,AB,AB,AB-,AB,AB,AB,AB,AB,AB,AB,AB,AB,AB-,AB,AB,AB,AB,AB,AB,AB,AB-,AB-,AB,AB,AB,AB,AB,AB,AB,AB,AB,AB,AB,AB,AB,AB,AB,AB,AB,AB,AB,AB,AB,AB,AB,AB,AB,AB,AB,AB,AB,AB,AB,AB,AB,AB,AB,AB,AB,AB,AB,AB,AB,AB,AB,AB,AB,AB,AB,AB,AB,AB,AB,AB,AB,AB,AB,AB,AB,AB,AB+,AB,AB,AB,AB,AB,AB,AB,AB,AB,AB,AB,AB,AB,AB,AB,AB,AB,AB,AB+,AB,AB,AB,AB,AB,AB,AB,AB,AB,AB,AB,AB,AB,AB,AB,AB,AB,AB,AB,AB,AB,AB-,AB-,AB-,AB,AB,AB,AB,AB,AB,AB,AB,AB,AB,AB,AB,AB,AB,AB,AB,AB+,AB,AB,AB,AB,AB+,AB,AB,AB,AB,AB,AB,AB,AB,AB,AB,AB,AB,AB,AB,AB,AB,AB,AB,AB,AB,AB,AB,AB,AB,AB,AB,AB,AB,AB,AB,AB,AB,AB,AB,AB,AB,AB,AB,AB,AB,AB,AB,AB,AB,AB+,AB,AB,AB,AB,AB,AB,AB,AB,AB,AB,AB,AB,AB,AB,X,AB,AB,AB,AB,AB,AB,AB,AB,AB,AB,AB,AB,AB,AB,AB,AB,AB,AB,AB,AB,AB,AB,AB,AB,AB,AB,AB,AB,AB,AB,AB,AB,AB,AB,AB,AB,AB,AB,AB+,AB,AB,AB,AB,AB,AB,AB,AB,AB,AB,AB+,AB,AB,AB,AB,AB,AB,AB,AB,AB,AB,AB,AB,AB,AB,AB,AB,AB,AB,AB,AB,AB,AB,AB,AB,AB,AB,AB,AB,AB,AB,AB,AB,AB,AB,AB,AB,AB,AB,AB,AB,AB,AB,AB,AB,AB,AB,AB,AB,AB,AB,AB,AB,AB,AB,AB,AB,AB,AB,AB,AB,AB,AB,AB,AB,AB,AB,AB,AB,AB,AB,AB,AB,AB,AB,AB,AB,AB,AB,AB,AB,AB,AB,AB,AB,AB,AB,AB,AB,AB,AB,AB,AB,AB,AB,AB,AB,AB,AB,AB,AB,AB,AB,AB,AB,AB,AB,AB,AB,AB,AB,AB,AB,AB,AB,AB,AB,AB,AB,AB,AB,AB,AB,AB-,AB,AB,AB,AB,AB,AB,AB,AB,AB,AB-,AB,AB,AB
246,Methylenediphenyl Isocyanate (MDI),S+,S+,S,S,S,S,S,S,S,S,S,S,S,S,S,S,S,S,S,S,S,S,S,S,S,S,S,S,S,S,S,S,S,S,S,S,S,S,S,S,S,S-,S,S,S,S,S,S,S,S,S,S-,S,S,S,S,S,S,S,S-,S-,S,S,S,S,S,S,S,S,S,S,S,S,S,S,S,S,S,S,S,S,S,S,S,S,S,S,S,S,S,S,S,S,S,S,S,S,S,S,S,S,S,S,S,S,S,S,S,S,S,S,S,S,S,S,S,S,S,S,S+,S,S,S,S,S,S,S,S,S,S,S,S,S,S,S,S,S,S,S+,S,S,S,S,S,S,S,S,S,S,S,S,S,S,S,S,S,S,S,S,S,S-,S-,S-,S,S,S,S,S,S,S,S,S,S,S,S,S,S,S,S,S+,S,S,S,S,S+,S,S,S,S,S,S,S,S,S,S,S,S,S,S,S,S,S,S,S,S,S,S,S,S,S,S,S,S,S,S,S,S,S,S,S,S,S,S,S,S,S,S,S,S,S+,S,S,S,S,S,S,S,S,S,S,S,S,S,S,S,X,S,S,S,S,S,S,S,S,S,S,S,S,S,S,S,S,S,S,S,S,S,S,S,S,S,S,S,S,S,S,S,S,S,S,S,S,S,S+,S,S,S,S,S,S,S,S,S,S,S+,S,S,S,S,S,S,S,S,S,S,S,S,S,S,S,S,S,S,S,S,S,S,S,S,S,S,S,S,S,S,S,S,S,S,S,S,S,S,S,S,S,S,S,S,S,S,S,S,S,S,S,S,S,S,S,S,S,S,S,S,S,S,S,S,S,S,S,S,S,S,S,S,S,S,S,S,S,S,S,S,S,S,S,S,S,S,S,S,S,S,S,S,S,S,S,S,S,S,S,S,S,S,S,S,S,S,S,S,S,S,S,S,S,S,S,S,S,S,S,S,S,S,S-,S,S,S,S,S,S,S,S,S,S-,S,S,S
247,Methyl Ethyl Ketone (MEK),AB+,AB+,AB,AB,AB,AB,AB,AB,AB,AB,AB,AB,AB,AB,AB,AB,AB,AB,AB,AB,AB,AB,AB,AB,AB,AB,AB,AB,AB,AB,AB,AB,AB,AB,AB,AB,AB,AB,AB,AB,AB,AB-,AB,AB,AB,AB,AB,AB,AB,AB,AB,AB-,AB,AB,AB,AB,AB,AB,AB,AB-,AB-,AB,AB,AB,AB,AB,AB,AB,AB,AB,AB,AB,AB,AB,AB,AB,AB,AB,AB,AB,AB,AB,AB,AB,AB,AB,AB,AB,AB,AB,AB,AB,AB,AB,AB,AB,AB,AB,AB,AB,AB,AB,AB,AB,AB,AB,AB,AB,AB,AB,AB,AB,AB,AB,AB,AB,AB,AB,AB,AB+,AB,AB,AB,AB,AB,AB,AB,AB,AB,AB,AB,AB,AB,AB,AB,AB,AB,AB,AB+,AB,AB,AB,AB,AB,AB,AB,AB,AB,AB,AB,AB,AB,AB,AB,AB,AB,AB,AB,AB,AB,AB-,AB-,AB-,AB,AB,AB,AB,AB,AB,AB,AB,AB,AB,AB,AB,AB,AB,AB,AB,AB+,AB,AB,AB,AB,AB+,AB,AB,AB,AB,AB,AB,AB,AB,AB,AB,AB,AB,AB,AB,AB,AB,AB,AB,AB,AB,AB,AB,AB,AB,AB,AB,AB,AB,AB,AB,AB,AB,AB,AB,AB,AB,AB,AB,AB,AB,AB,AB,AB,AB,AB+,AB,AB,AB,AB,AB,AB,AB,AB,AB,AB,AB,AB,AB,AB,AB,AB,X,AB,AB,AB,AB,AB,AB,AB,AB,AB,AB,AB,AB,AB,AB,AB,AB,AB,AB,AB,AB,AB,AB,AB,AB,AB,AB,AB,AB,AB,AB,AB,AB,AB,AB,AB,AB,AB+,AB,AB,AB,AB,AB,AB,AB,AB,AB,AB,AB+,AB,AB,AB,AB,AB,AB,AB,AB,AB,AB,AB,AB,AB,AB,AB,AB,AB,AB,AB,AB,AB,AB,AB,AB,AB,AB,AB,AB,AB,AB,AB,AB,AB,AB,AB,AB,AB,AB,AB,AB,AB,AB,AB,AB,AB,AB,AB,AB,AB,AB,AB,AB,AB,AB,AB,AB,AB,AB,AB,AB,AB,AB,AB,AB,AB,AB,AB,AB,AB,AB,AB,AB,AB,AB,AB,AB,AB,AB,AB,AB,AB,AB,AB,AB,AB,AB,AB,AB,AB,AB,AB,AB,AB,AB,AB,AB,AB,AB,AB,AB,AB,AB,AB,AB,AB,AB,AB,AB,AB,AB,AB,AB,AB,AB,AB,AB,AB,AB,AB,AB,AB,AB,AB-,AB,AB,AB,AB,AB,AB,AB,AB,AB,AB-,AB,AB,AB
248,Methyl Isobutyl Ketone (MIBK),B+,B+,B,B,B,B,B,B,B,B,B,B,B,B,B,B,B,B,B,B,B,B,B,B,B,B,B,B,B,B,B,B,B,B,B,B,B,B,B,B,B,B-,B,B,B,B,B,B,B,B,B,B-,B,B,B,B,B,B,B,B-,B-,B,B,B,B,B,B,B,B,B,B,B,B,B,B,B,B,B,B,B,B,B,B,B,B,B,B,B,B,B,B,B,B,B,B,B,B,B,B,B,B,B,B,B,B,B,B,B,B,B,B,B,B,B,B,B,B,B,B,B+,B,B,B,B,B,B,B,B,B,B,B,B,B,B,B,B,B,B,B+,B,B,B,B,B,B,B,B,B,B,B,B,B,B,B,B,B,B,B,B,B,B-,B-,B-,B,B,B,B,B,B,B,B,B,B,B,B,B,B,B,B,B+,B,B,B,B,B+,B,B,B,B,B,B,B,B,B,B,B,B,B,B,B,B,B,B,B,B,B,B,B,B,B,B,B,B,B,B,B,B,B,B,B,B,B,B,B,B,B,B,B,B,B+,B,B,B,B,B,B,B,B,B,B,B,B,B,B,B,B,B,X,B,B,B,B,B,B,B,B,B,B,B,B,B,B,B,B,B,B,B,B,B,B,B,B,B,B,B,B,B,B,B,B,B,B,B,B+,B,B,B,B,B,B,B,B,B,B,B+,B,B,B,B,B,B,B,B,B,B,B,B,B,B,B,B,B,B,B,B,B,B,B,B,B,B,B,B,B,B,B,B,B,B,B,B,B,B,B,B,B,B,B,B,B,B,B,B,B,B,B,B,B,B,B,B,B,B,B,B,B,B,B,B,B,B,B,B,B,B,B,B,B,B,B,B,B,B,B,B,B,B,B,B,B,B,B,B,B,B,B,B,B,B,B,B,B,B,B,B,B,B,B,B,B,B,B,B,B,B,B,B,B,B,B,B,B,B,B,B,B,B,B-,B,B,B,B,B,B,B,B,B,B-,B,B,B
249,Methyl Methacrylate,MA+,MA+,MA,MA,MA,MA,MA,MA,MA,MA,MA,MA,MA,MA,MA,MA,MA,MA,MA,M,MA,MA,MA,MA,MA,MA,MA,MA,M,M,M,M,MA,MA,MA,MA,MA,MA,MA,MA,MA,M-,MA,MA,MA,MA,MA,MA,MA,MA,MA,M-,MA,MA,MA,MA,M,MA,MA,M-,M-,MA,M,MA,MA,MA,MA,MA,MA,MA,MA,MA,MA,MA,MA,MA,MA,MA,MA,MA,M,MA,MA,MA,MA,MA,MA,MA,MA,MA,MA,MA,MA,MA,MA,MA,MA,MA,MA,MA,MA,MA,MA,MA,MA,MA,MA,MA,MA,MA,MA,MA,MA,MA,MA,MA,MA,MA,MA,MA+,MA,MA,MA,MA,MA,MA,MA,M,MA,MA,MA,MA,MA,MA,MA,MA,MA,MA,MA+,MA,MA,MA,MA,MA,MA,MA,M,MA,M,MA,MA,MA,MA,MA,MA,MA,MA,MA,MA,MA,M-,M-,M-,MA,MA,M,M,M,M,M,M,MA,MA,MA,MA,MA,MA,MA,MA,MA+,MA,MA,MA,MA,MA+,MA,MA,M,MA+,M,M,MA,MA,M,MA,M,M,MA,MA,MA,MA,MA,MA,MA,MA,MA,MA,MA,MA,MA,M,M,MA,MA,MA,MA,MA,MA,M,MA,MA,MA,MA,MA,MA,MA,MA,MA,MA,MA+,MA,MA,MA,MA,MA,MA,MA,MA,MA,MA,M,MA,MA,MA,MA,MA,MA,MA,X,MA,MA,MA,MA,MA,MA,MA,M,MA,MA,MA,M,M,MA,MA,MA,MA,MA,MA,MA,MA,MA,MA,MA,MA,MA,M,MA,MA,M,MA,MA,MA,MA,MA+,MA,MA,MA,MA,MA,MA,MA,MA,MA,MA,MA+,MA,MA,MA,MA,MA,MA,MA,MA,MA,MA,MA,MA,MA,MA,MA,MA,MA,MA,MA,MA,MA,MA,MA,MA,MA,MA,MA,MA,MA,MA,MA,MA,MA,MA,MA,MA,MA,MA,MA,MA,MA,MA,MA,MA,MA,MA,MA,MA,MA,MA,MA,MA,MA,MA,MA,M,MA,MA,MA,M,MA,M,MA,MA,M,MA,MA,MA,MA,MA,MA,MA,MA,MA,MA,MA,MA,MA,MA,MA,M,M,MA,MA,M,MA,MA,MA,MA,MA,MA,MA,MA,MA,MA,MA,MA,MA,MA,MA,MA,MA,MA,MA,MA,MA,MA,MA,MA,MA,MA,MA,MA,MA,M,M,MA,MA,MA,MA,MA,MA,M-,MA,MA,MA,M,M,MA,MA,MA,MA,M-,MA,MA,MA
250,[250] METHYLNAPHTHALENES,IB+,IB+,IB,IB,IB,IB,IB,IB,IB,IB,IB,IB,IB,IB,IB,IB,IB,IB,IB,DD,IB,IB,IB,IB,IB,IB,IB,IB,DD,DD,DD,DD,IB,IB,IB,IB,IB,IB,IB,IB,IB,DD-,IB,IB,IB,IB,IB,IB,IB,IB,IB,DD-,IB,IB,IB,IB,DD,IB,IB,DD-,DD-,IB,DD,IB,IB,IB,IB,IB,IB,IB,IB,IB,IB,IB,IB,IB,IB,IB,IB,IB,DD,IB,IB,IB,IB,IB,IB,IB,IB,IB,IB,IB,IB,IB,IB,IB,IB,IB,IB,IB,IB,IB,IB,IB,IB,IB,IB,IB,IB,IB,IB,IB,IB,IB,IB,IB,IB,IB,IB,IB+,IB,IB,IB,IB,IB,IB,IB,IB,IB,IB,IB,IB,IB,IB,IB,IB,IB,IB,IB+,IB,IB,IB,IB,IB,IB,IB,IB,IB,IB,IB,IB,IB,IB,IB,IB,IB,IB,IB,IB,IB,DD-,DD-,DD-,IB,IB,DD,DD,DD,DD,DD,DD,IB,IB,IB,IB,IB,DD,IB,IB,IB+,IB,IB,IB,IB,IB+,IB,IB,DD,DD,DD,IB,IB,IB,IB,IB,IB,DD,IB,IB,IB,IB,IB,IB,IB,IB,IB,IB,IB,IB,IB,DD,DD,IB,IB,IB,IB,IB,IB,DD,IB,IB,IB,DD,IB,IB,IB,IB,IB,IB,IB+,IB,IB,IB,IB,IB,IB,IB,IB,IB,IB,IB,IB,IB,IB,IB,IB,IB,IB,IB,X,IB,IB,IB,IB,IB,IB,DD,IB,IB,DD,DD,DD,IB,IB,IB,IB,IB,IB,IB,IB,IB,IB,IB,IB,IB,IB,IB,IB,IB,IB,IB,IB,IB,IB+,IB,IB,IB,IB,IB,IB,IB,IB,IB,IB,IB+,IB,IB,IB,IB,IB,IB,IB,IB,IB,IB,IB,IB,IB,IB,IB,IB,IB,IB,IB,IB,IB,IB,IB,IB,IB,IB,IB,IB,IB,IB,IB,IB,IB,IB,IB,IB,IB,IB,IB,DD,IB,IB,IB,IB,IB,IB,IB,IB,IB,IB,IB,IB,IB,IB,IB,DD,IB,IB,DD,DD,DD,DD,IB,IB,DD,DD,IB,DD,DD,IB,IB,IB,IB,IB,IB,IB,IB,IB,IB,IB,DD,DD,IB,IB,IB,IB,IB,IB,IB,IB,IB,IB,IB,IB,IB,IB,IB,IB,IB,IB,IB,IB,IB,IB,IB,IB,IB,IB,IB,IB,IB,IB,IB,IB,DD,DD,IB,IB,IB,IB,IB,IB,DD-,IB,IB,IB,DD,DD,IB,IB,IB,IB,DD-,IB,IB,IB
251,Methyl Propyl Ketone,B+,B+,B,B,B,B,B,B,B,B,B,B,B,B,B,B,B,B,B,B,B,B,B,B,B,B,B,B,B,B,B,B,B,B,B,B,B,B,B,B,B,B-,B,B,B,B,B,B,B,B,B,B-,B,B,B,B,B,B,B,B-,B-,B,B,B,B,B,B,B,B,B,B,B,B,B,B,B,B,B,B,B,B,B,B,B,B,B,B,B,B,B,B,B,B,B,B,B,B,B,B,B,B,B,B,B,B,B,B,B,B,B,B,B,B,B,B,B,B,B,B,B+,B,B,B,B,B,B,B,B,B,B,B,B,B,B,B,B,B,B,B+,B,B,B,B,B,B,B,B,B,B,B,B,B,B,B,B,B,B,B,B,B,B-,B-,B-,B,B,B,B,B,B,B,B,B,B,B,B,B,B,B,B,B+,B,B,B,B,B+,B,B,B,B,B,B,B,B,B,B,B,B,B,B,B,B,B,B,B,B,B,B,B,B,B,B,B,B,B,B,B,B,B,B,B,B,B,B,B,B,B,B,B,B,B+,B,B,B,B,B,B,B,B,B,B,B,B,B,B,B,B,B,B,B,B,X,B,B,B,B,B,B,B,B,B,B,B,B,B,B,B,B,B,B,B,B,B,B,B,B,B,B,B,B,B,B,B,B,B+,B,B,B,B,B,B,B,B,B,B,B+,B,B,B,B,B,B,B,B,B,B,B,B,B,B,B,B,B,B,B,B,B,B,B,B,B,B,B,B,B,B,B,B,B,B,B,B,B,B,B,B,B,B,B,B,B,B,B,B,B,B,B,B,B,B,B,B,B,B,B,B,B,B,B,B,B,B,B,B,B,B,B,B,B,B,B,B,B,B,B,B,B,B,B,B,B,B,B,B,B,B,B,B,B,B,B,B,B,B,B,B,B,B,B,B,B,B,B,B,B,B,B,B,B,B,B,B,B,B,B,B,B,B,B-,B,B,B,B,B,B,B,B,B,B-,B,B,B
252,Methyl Salicylate,D+,D+,D,D,D,D,D,D,D,D,D,D,D,D,D,D,D,D,D,D,D,D,D,D,D,D,D,D,D,D,D,D,D,D,D,D,D,D,D,D,D,D-,D,D,D,D,D,D,D,D,D,D-,D,D,D,D,D,D,D,D-,D-,D,D,D,D,D,D,D,D,D,D,D,D,D,D,D,D,D,D,D,D,D,D,D,D,D,D,D,D,D,D,D,D,D,D,D,D,D,D,D,D,D,D,D,D,D,D,D,D,D,D,D,D,D,D,D,D,D,D,D+,D,D,D,D,D,D,D,D,D,D,D,D,D,D,D,D,D,D,D+,D,D,D,D,D,D,D,D,D,D,D,D,D,D,D,D,D,D,D,D,D,D-,D-,D-,D,D,D,D,D,D,D,D,D,D,D,D,D,D,D,D,D+,D,D,D,D,D+,D,D,D,D,D,D,D,D,D,D,D,D,D,D,D,D,D,D,D,D,D,D,D,D,D,D,D,D,D,D,D,D,D,D,D,D,D,D,D,D,D,D,D,D,D+,D,D,D,D,D,D,D,D,D,D,D,D,D,D,D,D,D,D,D,D,D,X,D,D,D,D,D,D,D,D,D,D,D,D,D,D,D,D,D,D,D,D,D,D,D,D,D,D,D,D,D,D,D,D+,D,D,D,D,D,D,D,D,D,D,D+,D,D,D,D,D,D,D,D,D,D,D,D,D,D,D,D,D,D,D,D,D,D,D,D,D,D,D,D,D,D,D,D,D,D,D,D,D,D,D,D,D,D,D,D,D,D,D,D,D,D,D,D,D,D,D,D,D,D,D,D,D,D,D,D,D,D,D,D,D,D,D,D,D,D,D,D,D,D,D,D,D,D,D,D,D,D,D,D,D,D,D,D,D,D,D,D,D,D,D,D,D,D,D,D,D,D,D,D,D,D,D,D,D,D,D,D,D,D,D,D,D,D,D-,D,D,D,D,D,D,D,D,D,D-,D,D,D
253,α-Methylstyrene,NA+,NA+,NA,NA,NA,NA,NA,NA,NA,NA,NA,NA,NA,NA,NA,NA,NA,NA,NA,N,NA,NA,NA,NA,NA,NA,NA,NA,N,N,N,N,NA,NA,NA,NA,NA,NA,NA,NA,NA,N-,NA,NA,NA,NA,NA,NA,NA,NA,NA,N-,NA,NA,NA,NA,N,NA,NA,N-,N-,NA,N,NA,NA,NA,NA,NA,NA,NA,NA,NA,NA,NA,NA,NA,NA,NA,NA,NA,N,NA,NA,NA,NA,NA,NA,NA,NA,NA,NA,NA,NA,NA,NA,NA,NA,NA,NA,NA,NA,NA,NA,NA,NA,NA,NA,NA,NA,NA,NA,NA,NA,NA,NA,NA,NA,NA,NA,NA+,NA,NA,NA,NA,NA,NA,NA,NA,NA,NA,NA,NA,NA,NA,NA,NA,NA,NA,NA+,NA,NA,NA,NA,NA,NA,NA,NA,NA,NA,NA,NA,NA,NA,NA,NA,NA,NA,NA,NA,NA,N-,N-,N-,NA,NA,N,N,N,N,N,N,NA,NA,NA,NA,NA,N,NA,NA,NA+,NA,NA,NA,NA,NA+,NA,NA,N,N,N,NA,NA,NA,NA,NA,NA,N,NA,NA,NA,NA,NA,NA,NA,NA,NA,NA,NA,NA,NA,N,N,NA,NA,NA,NA,NA,NA,N,NA,NA,NA,NA,NA,NA,NA,NA,NA,NA,NA+,NA,NA,NA,NA,NA,NA,NA,NA,NA,NA,NA,NA,NA,NA,NA,NA,NA,NA,NA,NA,NA,NA,X,NA,NA,NA,N,NA,NA,N,N,N,NA,NA,NA,NA,NA,NA,NA,NA,NA,NA,NA,NA,NA,NA,NA,NA,NA,NA,NA,NA,NA,NA+,NA,NA,NA,NA,NA,NA,NA,NA,NA,NA,NA+,NA,NA,NA,NA,NA,NA,NA,NA,NA,NA,NA,NA,NA,NA,NA,NA,NA,NA,NA,NA,NA,NA,NA,NA,NA,NA,NA,NA,NA,NA,NA,NA,NA,NA,NA,NA,NA,NA,NA,NA,NA,NA,NA,NA,NA,NA,NA,NA,NA,NA,NA,NA,NA,NA,NA,N,NA,NA,N,N,N,N,NA,NA,N,NA,NA,NA,NA,NA,NA,NA,NA,NA,NA,NA,NA,NA,NA,NA,N,N,NA,NA,NA,NA,NA,NA,NA,NA,NA,NA,NA,NA,NA,NA,NA,NA,NA,NA,NA,NA,NA,NA,NA,NA,NA,NA,NA,NA,NA,NA,NA,NA,N,N,NA,NA,NA,NA,NA,NA,N-,NA,NA,NA,N,N,NA,NA,NA,NA,N-,NA,NA,NA
254,Mixed Aromatics,C+,C+,C,C,C,C,C,C,C,C,C,C,C,C,C,C,C,C,C,C,C,C,C,C,C,C,C,C,C,C,C,C,C,C,C,C,C,C,C,C,C,C-,C,C,C,C,C,C,C,C,C,C-,C,C,C,C,C,C,C,C-,C-,C,C,C,C,C,C,C,C,C,C,C,C,C,C,C,C,C,C,C,C,C,C,C,C,C,C,C,C,C,C,C,C,C,C,C,C,C,C,C,C,C,C,C,C,C,C,C,C,C,C,C,C,C,C,C,C,C,C,C+,C,C,C,C,C,C,C,C,C,C,C,C,C,C,C,C,C,C,C+,C,C,C,C,C,C,C,C,C,C,C,C,C,C,C,C,C,C,C,C,C,C-,C-,C-,C,C,C,C,C,C,C,C,C,C,C,C,C,C,C,C,C+,C,C,C,C,C+,C,C,C,C,C,C,C,C,C,C,C,C,C,C,C,C,C,C,C,C,C,C,C,C,C,C,C,C,C,C,C,C,C,C,C,C,C,C,C,C,C,C,C,C,C+,C,C,C,C,C,C,C,C,C,C,C,C,C,C,C,C,C,C,C,C,C,C,C,X,C,C,C,C,C,C,C,C,C,C,C,C,C,C,C,C,C,C,C,C,C,C,C,C,C,C,C,C,C,C+,C,C,C,C,C,C,C,C,C,C,C+,C,C,C,C,C,C,C,C,C,C,C,C,C,C,C,C,C,C,C,C,C,C,C,C,C,C,C,C,C,C,C,C,C,C,C,C,C,C,C,C,C,C,C,C,C,C,C,C,C,C,C,C,C,C,C,C,C,C,C,C,C,C,C,C,C,C,C,C,C,C,C,C,C,C,C,C,C,C,C,C,C,C,C,C,C,C,C,C,C,C,C,C,C,C,C,C,C,C,C,C,C,C,C,C,C,C,C,C,C,C,C,C,C,C,C,C,C,C,C,C,C,C,C-,C,C,C,C,C,C,C,C,C,C-,C,C,C
255,Molasses,DD+,DD+,DD,DD,DD,DD,DD,DD,DD,DD,DD,DD,DD,DD,DD,DD,DD,DD,DD,DD,DD,DD,DD,DD,DD,DD,DD,DD,DD,DD,DD,DD,DD,DD,DD,DD,DD,DD,DD,DD,DD,DD-,DD,DD,DD,DD,DD,DD,DD,DD,DD,DD-,DD,DD,DD,DD,DD,DD,DD,DD-,DD-,DD,DD,DD,DD,DD,DD,DD,DD,DD,DD,DD,DD,DD,DD,DD,DD,DD,DD,DD,DD,DD,DD,DD,DD,DD,DD,DD,DD,DD,DD,DD,DD,DD,DD,DD,DD,DD,DD,DD,DD,DD,DD,DD,DD,DD,DD,DD,DD,DD,DD,DD,DD,DD,DD,DD,DD,DD,DD,DD+,DD,DD,DD,DD,DD,DD,DD,DD,DD,DD,DD,DD,DD,DD,DD,DD,DD,DD,DD+,DD,DD,DD,DD,DD,DD,DD,DD,DD,DD,DD,DD,DD,DD,DD,DD,DD,DD,DD,DD,DD,DD-,DD-,DD-,DD,DD,DD,DD,DD,DD,DD,DD,DD,DD,DD,DD,DD,DD,DD,DD,DD+,DD,DD,DD,DD,DD+,DD,DD,DD,DD,DD,DD,DD,DD,DD,DD,DD,DD,DD,DD,DD,DD,DD,DD,DD,DD,DD,DD,DD,DD,DD,DD,DD,DD,DD,DD,DD,DD,DD,DD,DD,DD,DD,DD,DD,DD,DD,DD,DD,DD,DD+,DD,DD,DD,DD,DD,DD,DD,DD,DD,DD,DD,DD,DD,DD,DD,DD,DD,DD,DD,DD,DD,DD,DD,DD,X,DD,DD,DD,DD,DD,DD,DD,DD,DD,DD,DD,DD,DD,DD,DD,DD,DD,DD,DD,DD,DD,DD,DD,DD,DD,DD,DD,DD,DD+,DD,DD,DD,DD,DD,DD,DD,DD,DD,DD,DD+,DD,DD,DD,DD,DD,DD,DD,DD,DD,DD,DD,DD,DD,DD,DD,DD,DD,DD,DD,DD,DD,DD,DD,DD,DD,DD,DD,DD,DD,DD,DD,DD,DD,DD,DD,DD,DD,DD,DD,DD,DD,DD,DD,DD,DD,DD,DD,DD,DD,DD,DD,DD,DD,DD,DD,DD,DD,DD,DD,DD,DD,DD,DD,DD,DD,DD,DD,DD,DD,DD,DD,DD,DD,DD,DD,DD,DD,DD,DD,DD,DD,DD,DD,DD,DD,DD,DD,DD,DD,DD,DD,DD,DD,DD,DD,DD,DD,DD,DD,DD,DD,DD,DD,DD,DD,DD,DD,DD,DD,DD,DD,DD,DD,DD,DD,DD,DD,DD,DD,DD,DD,DD,DD-,DD,DD,DD,DD,DD,DD,DD,DD,DD,DD-,DD,DD,DD
256,Morpholine,C+,C+,C,C,C,C,C,C,C,C,C,C,C,C,C,C,C,C,C,C,C,C,C,C,C,C,C,C,C,C,C,C,C,C,C,C,C,C,C,C,C,C-,C,C,C,C,C,C,C,C,C,C-,C,C,C,C,C,C,C,C-,C-,C,C,C,C,C,C,C,C,C,C,C,C,C,C,C,C,C,C,C,C,C,C,C,C,C,C,C,C,C,C,C,C,C,C,C,C,C,C,C,C,C,C,C,C,C,C,C,C,C,C,C,C,C,C,C,C,C,C,C+,C,C,C,C,C,C,C,C,C,C,C,C,C,C,C,C,C,C,C+,C,C,C,C,C,C,C,C,C,C,C,C,C,C,C,C,C,C,C,C,C,C-,C-,C-,C,C,C,C,C,C,C,C,C,C,C,C,C,C,C,C,C+,C,C,C,C,C+,C,C,C,C,C,C,C,C,C,C,C,C,C,C,C,C,C,C,C,C,C,C,C,C,C,C,C,C,C,C,C,C,C,C,C,C,C,C,C,C,C,C,C,C,C+,C,C,C,C,C,C,C,C,C,C,C,C,C,C,C,C,C,C,C,C,C,C,C,C,C,X,C,C,C,C,C,C,C,C,C,C,C,C,C,C,C,C,C,C,C,C,C,C,C,C,C,C,C,C+,C,C,C,C,C,C,C,C,C,C,C+,C,C,C,C,C,C,C,C,C,C,C,C,C,C,C,C,C,C,C,C,C,C,C,C,C,C,C,C,C,C,C,C,C,C,C,C,C,C,C,C,C,C,C,C,C,C,C,C,C,C,C,C,C,C,C,C,C,C,C,C,C,C,C,C,C,C,C,C,C,C,C,C,C,C,C,C,C,C,C,C,C,C,C,C,C,C,C,C,C,C,C,C,C,C,C,C,C,C,C,C,C,C,C,C,C,C,C,C,C,C,C,C,C,C,C,C,C,C,C,C,C,C,C-,C,C,C,C,C,C,C,C,C,C-,C,C,C
257,Motor Gasoline Containing Ethanol,IA+,IA+,IA,IA,IA,IA,IA,IA,IA,IA,IA,IA,IA,IA,IA,IA,IA,IA,IA,HG,H,HB,HH,IA,IA,IA,IA,IA,HH,HH,HH,HH,IA,IA,IA,IA,IA,IA,IA,IA,IA,D-,IA,IA,IA,IA,IA,IA,IA,IA,IA,D-,D,IA,IA,IA,D,IA,IA,H-,H-,IA,HC,IA,IA,IA,IA,IA,IA,IA,IA,IA,IA,IA,IA,IA,IA,IA,IA,IA,HC,IA,IA,IA,IA,IA,IA,IA,IA,IA,IA,IA,IA,IA,IA,IA,IA,IA,IA,IA,IA,IA,IA,IA,IA,IA,IA,IA,IA,IA,IA,IA,IA,IA,IA,IA,IA,IA,IA,IA+,IA,IA,IA,IA,IA,IA,IA,IA,IA,IA,IA,IA,IA,IA,IA,IA,IA,IA,IA+,IA,IA,IA,IA,IA,IA,IA,IA,IA,IA,IA,IA,IA,D,IA,IA,IA,IA,IA,IA,IA,HC-,HC-,HC-,IA,IA,HC,HC,HC,H,H,HG,IA,IA,IA,IA,IA,HB,IA,IA,IA+,IA,IA,IA,IA,IA+,IA,IA,HG,HB,HG,IA,IA,IA,IA,IA,IA,H,IA,IA,IA,IA,IA,IA,IA,IA,IA,IA,IA,IA,HH,HC,HC,IA,IA,IA,IA,IA,IA,HC,D,IA,IA,HG,IA,IA,IA,IA,IA,IA,IA+,IA,IA,IA,IA,IA,IA,IA,IA,IA,IA,IA,IA,IA,IA,IA,IA,IA,IA,IA,IA,IA,IA,IA,IA,IA,IA,H,IA,IA,HB,H,H,IA,IA,IA,IA,IA,IA,IA,IA,IA,IA,IA,IA,IA,IA,IA,IA,IA,IA,IA,IA,IA,IA+,IA,IA,IA,IA,IA,IA,IA,IA,IA,IA,IA+,IA,IA,IA,IA,IA,IA,IA,IA,IA,IA,IA,D,IA,IA,IA,IA,IA,IA,IA,IA,IA,IA,IA,IA,IA,IA,IA,IA,IA,IA,IA,IA,IA,IA,IA,IA,IA,IA,IA,D,IA,IA,IA,IA,IA,IA,IA,IA,IA,IA,IA,IA,IA,IA,IA,D,IA,IA,HB,HG,HB,HC,IA,IA,HC,D,IA,D,D,IA,IA,IA,IA,HH,IA,IA,IA,IA,IA,IA,D,D,IA,IA,IA,IA,IA,IA,IA,IA,IA,IA,IA,IA,IA,IA,IA,IA,IA,IA,IA,IA,IA,IA,IA,IA,IA,IA,IA,IA,IA,IA,IA,IA,HG,HC,IA,IA,IA,IA,IA,D,HD-,IA,IA,IA,HG,HC,IA,IA,IA,IA,HC-,HH,HH,IA
258,Myristic Acid,PB+,PB+,PB,PB,PB,PB,PB,PB,PB,PB,PB,PB,PB,PB,PB,PB,PB,PB,PB,PB,HY,HY,HY,PB,PB,PB,PB,PB,PB,PB,PB,PB,PB,PB,PB,PB,PB,PB,PB,PB,PB,PB-,PB,PB,PB,PB,PB,PB,PB,PB,PB,PB-,PB,PB,PB,PB,PB,PB,PB,PB-,PB-,PB,PB,PB,PB,PB,PB,PB,PB,PB,PB,PB,PB,PB,PB,PB,PB,PB,PB,PB,PB,PB,PB,PB,PB,PB,PB,PB,PB,PB,PB,PB,PB,PB,PB,PB,PB,PB,PB,PB,PB,PB,PB,PB,PB,PB,PB,PB,PB,PB,PB,PB,PB,PB,PB,PB,PB,PB,PB,PB+,PB,PB,PB,PB,PB,PB,PB,PB,PB,PB,PB,PB,PB,PB,PB,PB,PB,PB,PB+,PB,PB,PB,PB,PB,PB,PB,PB,PB,PB,PB,PB,PB,PB,PB,PB,PB,PB,PB,PB,PB,PB-,PB-,PB-,PB,PB,PB,PB,PB,PB,PB,PB,PB,PB,PB,PB,PB,PB,PB,PB,PB+,PB,PB,PB,PB,PB+,PB,PB,PB,PB,PB,PB,PB,PB,PB,PB,PB,PB,PB,PB,PB,PB,PB,PB,PB,PB,PB,PB,PB,PB,HY,PB,PB,PB,PB,PB,PB,PB,PB,PB,PB,PB,PB,PB,PB,PB,PB,PB,PB,PB,PB+,PB,PB,PB,PB,PB,PB,PB,PB,PB,PB,PB,PB,PB,PB,PB,PB,PB,PB,PB,PB,PB,PB,PB,PB,PB,PB,PB,X,PB,PB,PB,PB,PB,PB,PB,PB,PB,PB,PB,PB,PB,PB,PB,PB,PB,PB,PB,PB,PB,PB,PB,PB,PB,PB+,PB,PB,PB,PB,PB,PB,PB,PB,PB,PB,PB+,PB,PB,PB,PB,PB,PB,PB,PB,PB,PB,PB,PB,PB,PB,PB,PB,PB,PB,PB,PB,PB,PB,PB,PB,PB,PB,PB,PB,PB,PB,PB,PB,PB,PB,PB,PB,PB,PB,PB,PB,PB,PB,PB,PB,PB,PB,PB,PB,PB,PB,PB,PB,PB,PB,PB,PB,PB,PB,PB,PB,PB,PB,PB,PB,PB,PB,PB,PB,PB,PB,PB,PB,PB,PB,PB,PB,PB,PB,PB,PB,PB,PB,PB,PB,PB,PB,PB,PB,PB,PB,PB,PB,PB,PB,PB,PB,PB,PB,PB,PB,PB,PB,PB,PB,PB,PB,PB,PB,PB,PB,PB,PB,PB,PB,PB,PB,PB,PB,PB,PB,PB,PB,PB-,PB,PB,PB,PB,PB,PB,PB,PB,PB,PB-,PB,PB,PB
259,"N,N-Dimethylcyclohexylamine",GC+,GC+,GC,GC,GC,GC,GC,GC,GC,GC,GC,GC,GC,GC,GC,GC,GC,GC,GC,GC,GC,GC,GC,GC,GC,GC,GC,GC,GC,GC,GC,GC,GC,GC,GC,GC,GC,GC,GC,GC,GC,GC-,GC,GC,GC,GC,GC,GC,GC,GC,GC,GC-,GC,GC,GC,GC,GC,GC,GC,GC-,GC-,GC,GC,GC,GC,GC,GC,GC,GC,GC,GC,GC,GC,GC,GC,GC,GC,GC,GC,GC,GC,GC,GC,GC,GC,GC,GC,GC,GC,GC,GC,GC,GC,GC,GC,GC,GC,GC,GC,GC,GC,GC,GC,GC,GC,GC,GC,GC,GC,GC,GC,GC,GC,GC,GC,GC,GC,GC,GC,GC+,GC,GC,GC,GC,GC,GC,GC,GC,GC,GC,GC,GC,GC,GC,GC,GC,GC,GC,GC+,GC,GC,GC,GC,GC,GC,GC,GC,GC,GC,GC,GC,GC,GC,GC,GC,GC,GC,GC,GC,GC,GC-,GC-,GC-,GC,GC,GC,GC,GC,GC,GC,GC,GC,GC,GC,GC,GC,GC,GC,GC,GC+,GC,GC,GC,GC,GC+,GC,GC,GC,GC,GC,GC,GC,GC,GC,GC,GC,GC,GC,GC,GC,GC,GC,GC,GC,GC,GC,GC,GC,GC,GC,GC,GC,GC,GC,GC,GC,GC,GC,GC,GC,GC,GC,GC,GC,GC,GC,GC,GC,GC,GC+,GC,GC,GC,GC,GC,GC,GC,GC,GC,GC,GC,GC,GC,GC,GC,GC,GC,GC,GC,GC,GC,GC,GC,GC,GC,GC,GC,GC,X,GC,GC,GC,GC,GC,GC,GC,GC,GC,GC,GC,GC,GC,GC,GC,GC,GC,GC,GC,GC,GC,GC,GC,GC,GC+,GC,GC,GC,GC,GC,GC,GC,GC,GC,GC,GC+,GC,GC,GC,GC,GC,GC,GC,GC,GC,GC,GC,GC,GC,GC,GC,GC,GC,GC,GC,GC,GC,GC,GC,GC,GC,GC,GC,GC,GC,GC,GC,GC,GC,GC,GC,GC,GC,GC,GC,GC,GC,GC,GC,GC,GC,GC,GC,GC,GC,GC,GC,GC,GC,GC,GC,GC,GC,GC,GC,GC,GC,GC,GC,GC,GC,GC,GC,GC,GC,GC,GC,GC,GC,GC,GC,GC,GC,GC,GC,GC,GC,GC,GC,GC,GC,GC,GC,GC,GC,GC,GC,GC,GC,GC,GC,GC,GC,GC,GC,GC,GC,GC,GC,GC,GC,GC,GC,GC,GC,GC,GC,GC,GC,GC,GC,GC,GC,GC,GC,GC,GC,GC,GC-,GC,GC,GC,GC,GC,GC,GC,GC,GC,GC-,GC,GC,GC
260,Naphtha,DH+,DH+,DH,DH,DH,CF,DH,DH,DH,DH,DH,DH,DH,DH,DH,DH,DH,DH,DH,HG,HH,HB,HH,DH,DH,DH,DH,DH,HH,HH,HH,HH,DH,DH,DH,DH,DH,DH,DH,DH,DH,CF-,DH,CF,DH,DH,DH,DH,DH,DH,DH,CF-,CF,CF,CF,CF,CF,CF,DH,H-,H-,DH,HC,DH,DH,DH,DH,DH,DH,DH,DH,DH,DH,DH,DH,DH,DH,DH,DH,DH,HC,DH,DH,DH,DH,DH,DH,DH,DH,DH,DH,DH,DH,DH,DH,DH,DH,DH,DH,DH,DH,DH,DH,DH,DH,DH,DH,DH,DH,DH,DH,DH,DH,DH,DH,DH,DH,DH,DH,DH+,DH,DH,DH,DH,DH,DH,DH,DH,DH,DH,DH,DH,DH,DH,DH,DH,DH,DH,DH+,DH,DH,DH,DH,DH,DH,DH,DH,DH,DH,DH,DH,CF,CF,CF,CF,DH,DH,DH,DH,DH,HC-,HC-,HC-,DH,DH,HC,HC,HC,H,H,HG,DH,DH,DH,DH,CF,H,DH,DH,DH+,DH,DH,DH,DH,DH+,DH,DH,HG,H,HG,DH,DH,DH,DH,DH,DH,H,DH,DH,DH,DH,DH,DH,DH,DH,DH,DH,DH,DH,HH,HC,HC,DH,DH,CF,DH,CF,DH,HC,DH,CF,CF,HG,CF,DH,DH,DH,DH,DH,DH+,DH,DH,DH,DH,DH,DH,DH,DH,DH,DH,DH,DH,DH,DH,DH,DH,DH,DH,DH,DH,DH,DH,DH,DH,CF,DH,H,CF,DH,H,H,H,DH,CF,DH,DH,DH,DH,DH,DH,DH,DH,DH,DH,DH,DH,DH,DH,DH,DH,DH,DH,DH,DH+,DH,DH,DH,DH,DH,DH,DH,DH,DH,DH,DH+,DH,CF,DH,DH,DH,DH,DH,CF,CF,CF,CF,CF,CF,CF,CF,CF,CF,CF,CF,CF,DH,CF,DH,DH,DH,DH,DH,DH,CF,CF,DH,CF,DH,DH,DH,CF,DH,DH,DH,CF,DH,DH,DH,DH,DH,DH,DH,DH,DH,DH,DH,DH,DH,DH,DH,CF,CF,CF,H,HG,H,HC,CF,DH,HC,CF,D,CF,CF,DH,CF,DH,DH,HH,CF,DH,DH,DH,CF,CF,CF,CF,CF,DH,DH,DH,DH,DH,DH,DH,DH,DH,DH,DH,DH,DH,DH,DH,DH,DH,DH,DH,DH,DH,DH,DH,DH,DH,DH,DH,DH,DH,DH,CF,HG,HC,DH,CF,CF,CF,CF,CF,HD-,DH,CF,CF,HG,HC,DH,DH,DH,DH,HC-,HH,HH,DH
261,Natural Gas Condensate,IA+,IA+,IA,IA,IA,IA,IA,IA,IA,IA,IA,IA,IA,IA,IA,IA,IA,IA,IA,HG,HH,HB,HH,IA,IA,IA,IA,IA,HH,HH,HH,HH,IA,IA,IA,IA,IA,IA,IA,IA,IA,D-,IA,IA,IA,IA,IA,IA,IA,IA,IA,D-,D,IA,IA,IA,D,IA,IA,H-,H-,IA,HC,IA,IA,IA,IA,IA,IA,IA,IA,IA,IA,IA,IA,IA,IA,IA,IA,IA,HC,IA,IA,IA,IA,IA,IA,IA,IA,IA,IA,IA,IA,IA,IA,IA,IA,IA,IA,IA,IA,IA,IA,IA,IA,IA,IA,IA,IA,IA,IA,IA,IA,IA,IA,IA,IA,IA,IA,IA+,IA,IA,IA,IA,IA,IA,IA,IA,IA,IA,IA,IA,IA,IA,IA,IA,IA,IA,IA+,IA,IA,IA,IA,IA,IA,IA,IA,IA,IA,IA,IA,IA,D,IA,IA,IA,IA,IA,IA,IA,HC-,HC-,HC-,IA,IA,HC,HC,HC,H,H,HG,IA,IA,IA,IA,IA,H,IA,IA,IA+,IA,IA,IA,IA,IA+,IA,IA,HG,H,HG,IA,IA,IA,IA,IA,IA,H,IA,IA,IA,IA,IA,IA,IA,IA,IA,IA,IA,IA,HH,HC,HC,IA,IA,IA,IA,IA,IA,HC,IA,IA,IA,HG,IA,IA,IA,IA,IA,IA,IA+,IA,IA,IA,IA,IA,IA,IA,IA,IA,IA,IA,IA,IA,IA,IA,IA,IA,IA,IA,IA,IA,IA,IA,IA,IA,IA,H,IA,IA,H,HC,HC,IA,IA,IA,IA,IA,IA,IA,IA,IA,IA,IA,IA,IA,IA,IA,IA,IA,IA,IA,IA,IA,IA+,IA,IA,IA,IA,IA,IA,IA,IA,IA,IA,IA+,IA,IA,IA,IA,IA,IA,IA,IA,IA,IA,IA,D,IA,IA,IA,IA,IA,IA,IA,IA,IA,IA,IA,IA,IA,IA,IA,IA,IA,IA,IA,IA,IA,IA,IA,IA,IA,IA,IA,IA,IA,IA,IA,IA,IA,IA,IA,IA,IA,IA,IA,IA,IA,IA,IA,D,IA,IA,H,HG,H,HC,IA,IA,HC,D,HH,D,IA,IA,IA,IA,IA,HH,IA,IA,IA,IA,IA,IA,D,D,IA,IA,IA,IA,IA,IA,IA,IA,IA,IA,IA,IA,IA,IA,IA,IA,IA,IA,IA,IA,IA,IA,IA,IA,IA,IA,IA,IA,IA,IA,IA,IA,HG,HC,IA,IA,IA,IA,IA,D,HD-,IA,IA,IA,HG,HC,IA,IA,IA,IA,HC-,HH,HH,IA
262,Natural Gasoline,IA+,IA+,IA,IA,IA,IA,IA,IA,IA,IA,IA,IA,IA,IA,IA,IA,IA,IA,IA,HG,HH,HB,HH,IA,IA,IA,IA,IA,HH,HH,HH,HH,IA,IA,IA,IA,IA,IA,IA,IA,IA,D-,IA,IA,IA,IA,IA,IA,IA,IA,IA,D-,D,IA,IA,IA,D,IA,IA,H-,H-,IA,HC,IA,IA,IA,IA,IA,IA,IA,IA,IA,IA,IA,IA,IA,IA,IA,IA,IA,HC,IA,IA,IA,IA,IA,IA,IA,IA,IA,IA,IA,IA,IA,IA,IA,IA,IA,IA,IA,IA,IA,IA,IA,IA,IA,IA,IA,IA,IA,IA,IA,IA,IA,IA,IA,IA,IA,IA,IA+,IA,IA,IA,IA,IA,IA,IA,IA,IA,IA,IA,IA,IA,IA,IA,IA,IA,IA,IA+,IA,IA,IA,IA,IA,IA,IA,IA,IA,IA,IA,IA,IA,D,IA,IA,IA,IA,IA,IA,IA,HC-,HC-,HC-,IA,IA,HC,HC,HC,H,H,HG,IA,IA,IA,IA,IA,H,IA,IA,IA+,IA,IA,IA,IA,IA+,IA,IA,HG,H,HG,IA,IA,IA,IA,IA,IA,H,IA,IA,IA,IA,IA,IA,IA,IA,IA,IA,IA,IA,HH,HC,HC,IA,IA,IA,IA,IA,IA,HC,IA,IA,IA,HG,IA,IA,IA,IA,IA,IA,IA+,IA,IA,IA,IA,IA,IA,IA,IA,IA,IA,IA,IA,IA,IA,IA,IA,IA,IA,IA,IA,IA,IA,IA,IA,IA,IA,H,IA,IA,H,HC,HC,IA,IA,IA,IA,IA,IA,IA,IA,IA,IA,IA,IA,IA,IA,IA,IA,IA,IA,IA,IA,IA,IA+,IA,IA,IA,IA,IA,IA,IA,IA,IA,IA,IA+,IA,IA,IA,IA,IA,IA,IA,IA,IA,IA,IA,D,IA,IA,IA,IA,IA,IA,IA,IA,IA,IA,IA,IA,IA,IA,IA,IA,IA,IA,IA,IA,IA,IA,IA,IA,IA,IA,IA,IA,IA,IA,IA,IA,IA,IA,IA,IA,IA,IA,IA,IA,IA,IA,IA,D,IA,IA,H,HG,H,HC,IA,IA,HC,D,HH,D,IA,IA,IA,IA,IA,HH,IA,IA,IA,IA,IA,IA,D,D,IA,IA,IA,IA,IA,IA,IA,IA,IA,IA,IA,IA,IA,IA,IA,IA,IA,IA,IA,IA,IA,IA,IA,IA,IA,IA,IA,IA,IA,IA,IA,IA,HG,HC,IA,IA,IA,IA,IA,D,HD-,IA,IA,IA,HG,HC,IA,IA,IA,IA,HC-,HH,HH,IA
263,Neodecanoic Acid,D+,D+,D,D,D,D,D,D,D,D,D,D,D,D,D,D,D,D,D,D,D,D,D,D,D,D,D,D,D,D,D,D,D,D,D,D,D,D,D,D,D,D-,D,D,D,D,D,D,D,D,D,D-,D,D,D,D,D,D,D,D-,D-,D,D,D,D,D,D,D,D,D,D,D,D,D,D,D,D,D,D,D,D,D,D,D,D,D,D,D,D,D,D,D,D,D,D,D,D,D,D,D,D,D,D,D,D,D,D,D,D,D,D,D,D,D,D,D,D,D,D,D+,D,D,D,D,D,D,D,D,D,D,D,D,D,D,D,D,D,D,D+,D,D,D,D,D,D,D,D,D,D,D,D,D,D,D,D,D,D,D,D,D,D-,D-,D-,D,D,D,D,D,D,D,D,D,D,D,D,D,D,D,D,D+,D,D,D,D,D+,D,D,D,D,D,D,D,D,D,D,D,D,D,D,D,D,D,D,D,D,D,D,D,D,D,D,D,D,D,D,D,D,D,D,D,D,D,D,D,D,D,D,D,D,D+,D,D,D,D,D,D,D,D,D,D,D,D,D,D,D,D,D,D,D,D,D,D,D,D,D,D,D,D,D,D,D,D,X,D,D,D,D,D,D,D,D,D,D,D,D,D,D,D,D,D,D,D,D,D+,D,D,D,D,D,D,D,D,D,D,D+,D,D,D,D,D,D,D,D,D,D,D,D,D,D,D,D,D,D,D,D,D,D,D,D,D,D,D,D,D,D,D,D,D,D,D,D,D,D,D,D,D,D,D,D,D,D,D,D,D,D,D,D,D,D,D,D,D,D,D,D,D,D,D,D,D,D,D,D,D,D,D,D,D,D,D,D,D,D,D,D,D,D,D,D,D,D,D,D,D,D,D,D,D,D,D,D,D,D,D,D,D,D,D,D,D,D,D,D,D,D,D,D,D,D,D,D,D,D,D,D,D,D,D-,D,D,D,D,D,D,D,D,D,D-,D,D,D
264,[264] NESSOLS,DH+,DH+,DH,DH,DH,CF,DH,DH,DH,DH,DH,DH,DH,DH,DH,DH,DH,DH,DH,CF,DH,DH,DH,DH,DH,DH,DH,DH,CF,CF,CF,CF,DH,DH,DH,DH,DH,DH,DH,DH,DH,CF-,DH,CF,DH,DH,DH,DH,DH,DH,DH,CF-,CF,CF,CF,CF,CF,DH,DH,CF-,CF-,DH,CF,DH,DH,DH,DH,DH,DH,DH,DH,DH,DH,DH,DH,DH,DH,DH,DH,DH,CF,DH,DH,DH,DH,DH,DH,DH,DH,DH,DH,DH,DH,DH,DH,DH,DH,DH,DH,DH,DH,DH,DH,DH,DH,DH,DH,DH,DH,DH,DH,DH,DH,DH,DH,DH,DH,DH,DH,DH+,DH,DH,DH,DH,DH,DH,DH,DH,DH,DH,DH,DH,DH,DH,DH,DH,DH,DH,DH+,DH,DH,DH,DH,DH,DH,DH,DH,DH,DH,DH,DH,DH,CF,CF,CF,DH,DH,DH,DH,DH,CF-,CF-,CF-,DH,DH,CF,CF,CF,CF,CF,CF,DH,DH,DH,DH,CF,CF,DH,DH,DH+,DH,DH,DH,DH,DH+,DH,DH,CF,CF,CF,DH,DH,DH,DH,DH,DH,CF,DH,DH,DH,DH,DH,DH,DH,DH,DH,DH,DH,DH,DH,CF,CF,DH,DH,CF,DH,CF,DH,CF,DH,CF,CF,CF,CF,DH,DH,DH,DH,DH,DH+,DH,DH,DH,DH,DH,DH,DH,DH,DH,DH,DH,DH,DH,DH,DH,DH,DH,DH,DH,DH,DH,DH,DH,DH,CF,DH,CF,CF,DH,CF,CF,CF,DH,X,DH,DH,DH,DH,DH,DH,DH,DH,DH,DH,DH,DH,DH,DH,DH,DH,DH,DH,DH,DH+,DH,DH,DH,DH,DH,DH,DH,DH,DH,DH,DH+,DH,CF,DH,DH,DH,DH,DH,CF,CF,CF,CF,CF,CF,CF,CF,CF,CF,CF,CF,CF,DH,CF,DH,DH,DH,DH,DH,DH,CF,CF,DH,CF,DH,DH,DH,CF,DH,DH,DH,CF,DH,DH,DH,DH,DH,DH,DH,DH,DH,DH,DH,DH,DH,DH,DH,CF,CF,CF,CF,CF,CF,CF,CF,DH,CF,CF,CF,CF,CF,DH,DH,DH,DH,CF,CF,DH,DH,DH,CF,CF,CF,CF,CF,DH,DH,DH,DH,DH,DH,DH,DH,DH,DH,DH,DH,DH,DH,DH,DH,DH,DH,DH,DH,DH,DH,DH,DH,DH,DH,DH,DH,DH,DH,CF,CF,CF,DH,CF,CF,CF,CF,CF,CF-,DH,CF,CF,CF,CF,DH,DH,DH,DH,CF-,DH,DH,DH
265,Nitric Acid (<70%),F+,F+,F,F,F,F,F,F,F,F,F,F,F,F,F,F,F,F,F,F,F,F,F,F,F,F,F,F,F,F,F,F,F,F,F,F,F,F,F,F,F,F-,F,F,F,F,F,F,F,F,F,F-,F,F,F,F,F,F,F,F-,F-,F,F,F,F,F,F,F,F,F,F,F,F,F,F,F,F,F,F,F,F,F,F,F,F,F,F,F,F,F,F,F,F,F,F,F,F,F,F,F,F,F,F,F,F,F,F,F,F,F,F,F,F,F,F,F,F,F,F,F+,F,F,F,F,F,F,F,F,F,F,F,F,F,F,F,F,F,F,F+,F,F,F,F,F,F,F,F,F,F,F,F,F,F,F,F,F,F,F,F,F,F-,F-,F-,F,F,F,F,F,F,F,F,F,F,F,F,F,F,F,F,F+,F,F,F,F,F+,F,F,F,F,F,F,F,F,F,F,F,F,F,F,F,F,F,F,F,F,F,F,F,F,F,F,F,F,F,F,F,F,F,F,F,F,F,F,F,F,F,F,F,F,F+,F,F,F,F,F,F,F,F,F,F,F,F,F,F,F,F,F,F,F,F,F,F,F,F,F,F,F,F,F,F,F,F,F,F,X,F,F,F,F,F,F,F,F,F,F,F,F,F,F,F,F,F,F,F+,F,F,F,F,F,F,F,F,F,F,F+,F,F,F,F,F,F,F,F,F,F,F,F,F,F,F,F,F,F,F,F,F,F,F,F,F,F,F,F,F,F,F,F,F,F,F,F,F,F,F,F,F,F,F,F,F,F,F,F,F,F,F,F,F,F,F,F,F,F,F,F,F,F,F,F,F,F,F,F,F,F,F,F,F,F,F,F,F,F,F,F,F,F,F,F,F,F,F,F,F,F,F,F,F,F,F,F,F,F,F,F,F,F,F,F,F,F,F,F,F,F,F,F,F,F,F,F,F,F,F,F,F,F,F-,F,F,F,F,F,F,F,F,F,F-,F,F,F
266,Nitrobenzene,NC+,NC+,NC,NC,NC,NC,NC,NC,NC,NC,NC,NC,NC,NC,NC,NC,NC,NC,NC,DD,NC,NC,NC,NC,NC,NC,NC,NC,DD,DD,DD,DD,NC,NC,NC,NC,NC,NC,NC,NC,NC,DD-,NC,NC,NC,NC,NC,NC,NC,NC,NC,DD-,NC,NC,NC,NC,DD,NC,NC,DD-,DD-,NC,DD,NC,NC,NC,NC,NC,NC,NC,NC,NC,NC,NC,NC,NC,NC,NC,NC,NC,DD,NC,NC,NC,NC,NC,NC,NC,NC,NC,NC,NC,NC,NC,NC,NC,NC,NC,NC,NC,NC,NC,NC,NC,NC,NC,NC,NC,NC,NC,NC,NC,NC,NC,NC,NC,NC,NC,NC,NC+,NC,NC,NC,NC,NC,NC,NC,NC,NC,NC,NC,NC,NC,NC,NC,NC,NC,NC,NC+,NC,NC,NC,NC,NC,NC,NC,NC,NC,NC,NC,NC,NC,NC,NC,NC,NC,NC,NC,NC,NC,DD-,DD-,DD-,NC,NC,DD,DD,DD,DD,DD,DD,NC,NC,NC,NC,NC,NC,NC,NC,NC+,NC,NC,NC,NC,NC+,NC,NC,DD,NC,DD,NC,NC,NC,NC,NC,NC,DD,NC,NC,NC,NC,NC,NC,NC,NC,NC,NC,NC,NC,NC,DD,DD,NC,NC,NC,NC,NC,NC,DD,NC,NC,NC,NC,NC,NC,NC,NC,NC,NC,NC+,NC,NC,NC,NC,NC,NC,NC,NC,NC,NC,NC,NC,NC,NC,NC,NC,NC,NC,NC,NC,NC,NC,NC,NC,NC,NC,DD,NC,NC,NC,DD,DD,NC,NC,NC,X,NC,NC,NC,NC,NC,NC,NC,NC,NC,NC,NC,NC,NC,NC,NC,NC,NC,NC+,NC,NC,NC,NC,NC,NC,NC,NC,NC,NC,NC+,NC,NC,NC,NC,NC,NC,NC,NC,NC,NC,NC,NC,NC,NC,NC,NC,NC,NC,NC,NC,NC,NC,NC,NC,NC,NC,NC,NC,NC,NC,NC,NC,NC,NC,NC,NC,NC,NC,NC,NC,NC,NC,NC,NC,NC,NC,NC,NC,NC,NC,NC,NC,NC,NC,NC,DD,NC,NC,NC,DD,NC,DD,NC,NC,DD,NC,NC,NC,NC,NC,NC,NC,NC,NC,NC,NC,NC,NC,NC,NC,DD,DD,NC,NC,NC,NC,NC,NC,NC,NC,NC,NC,NC,NC,NC,NC,NC,NC,NC,NC,NC,NC,NC,NC,NC,NC,NC,NC,NC,NC,NC,NC,NC,NC,DD,DD,NC,NC,NC,NC,NC,NC,DD-,NC,NC,NC,DD,DD,NC,NC,NC,NC,DD-,NC,NC,NC
267,Nitroethane,B+,B+,B,B,B,B,B,B,B,B,B,B,B,B,B,B,B,B,B,B,B,B,B,B,B,B,B,B,B,B,B,B,B,B,B,B,B,B,B,B,B,B-,B,B,B,B,B,B,B,B,B,B-,B,B,B,B,B,B,B,B-,B-,B,B,B,B,B,B,B,B,B,B,B,B,B,B,B,B,B,B,B,B,B,B,B,B,B,B,B,B,B,B,B,B,B,B,B,B,B,B,B,B,B,B,B,B,B,B,B,B,B,B,B,B,B,B,B,B,B,B,B+,B,B,B,B,B,B,B,B,B,B,B,B,B,B,B,B,B,B,B+,B,B,B,B,B,B,B,B,B,B,B,B,B,B,B,B,B,B,B,B,B,B-,B-,B-,B,B,B,B,B,B,B,B,B,B,B,B,B,B,B,B,B+,B,B,B,B,B+,B,B,B,B,B,B,B,B,B,B,B,B,B,B,B,B,B,B,B,B,B,B,B,B,B,B,B,B,B,B,B,B,B,B,B,B,B,B,B,B,B,B,B,B,B+,B,B,B,B,B,B,B,B,B,B,B,B,B,B,B,B,B,B,B,B,B,B,B,B,B,B,B,B,B,B,B,B,B,B,B,B,X,B,B,B,B,B,B,B,B,B,B,B,B,B,B,B,B,B+,B,B,B,B,B,B,B,B,B,B,B+,B,B,B,B,B,B,B,B,B,B,B,B,B,B,B,B,B,B,B,B,B,B,B,B,B,B,B,B,B,B,B,B,B,B,B,B,B,B,B,B,B,B,B,B,B,B,B,B,B,B,B,B,B,B,B,B,B,B,B,B,B,B,B,B,B,B,B,B,B,B,B,B,B,B,B,B,B,B,B,B,B,B,B,B,B,B,B,B,B,B,B,B,B,B,B,B,B,B,B,B,B,B,B,B,B,B,B,B,B,B,B,B,B,B,B,B,B,B,B,B,B,B,B-,B,B,B,B,B,B,B,B,B,B-,B,B,B
268,[268] NITROPROPANES,B+,B+,B,B,B,B,B,B,B,B,B,B,B,B,B,B,B,B,B,B,B,B,B,B,B,B,B,B,B,B,B,B,B,B,B,B,B,B,B,B,B,B-,B,B,B,B,B,B,B,B,B,B-,B,B,B,B,B,B,B,B-,B-,B,B,B,B,B,B,B,B,B,B,B,B,B,B,B,B,B,B,B,B,B,B,B,B,B,B,B,B,B,B,B,B,B,B,B,B,B,B,B,B,B,B,B,B,B,B,B,B,B,B,B,B,B,B,B,B,B,B,B+,B,B,B,B,B,B,B,B,B,B,B,B,B,B,B,B,B,B,B+,B,B,B,B,B,B,B,B,B,B,B,B,B,B,B,B,B,B,B,B,B,B-,B-,B-,B,B,B,B,B,B,B,B,B,B,B,B,B,B,B,B,B+,B,B,B,B,B+,B,B,B,B,B,B,B,B,B,B,B,B,B,B,B,B,B,B,B,B,B,B,B,B,B,B,B,B,B,B,B,B,B,B,B,B,B,B,B,B,B,B,B,B,B+,B,B,B,B,B,B,B,B,B,B,B,B,B,B,B,B,B,B,B,B,B,B,B,B,B,B,B,B,B,B,B,B,B,B,B,B,B,X,B,B,B,B,B,B,B,B,B,B,B,B,B,B,B,B+,B,B,B,B,B,B,B,B,B,B,B+,B,B,B,B,B,B,B,B,B,B,B,B,B,B,B,B,B,B,B,B,B,B,B,B,B,B,B,B,B,B,B,B,B,B,B,B,B,B,B,B,B,B,B,B,B,B,B,B,B,B,B,B,B,B,B,B,B,B,B,B,B,B,B,B,B,B,B,B,B,B,B,B,B,B,B,B,B,B,B,B,B,B,B,B,B,B,B,B,B,B,B,B,B,B,B,B,B,B,B,B,B,B,B,B,B,B,B,B,B,B,B,B,B,B,B,B,B,B,B,B,B,B,B-,B,B,B,B,B,B,B,B,B,B-,B,B,B
269,n-Octyl Acetate,D+,D+,D,D,D,D,D,D,D,D,D,D,D,D,D,D,D,D,D,D,D,D,D,D,D,D,D,D,D,D,D,D,D,D,D,D,D,D,D,D,D,D-,D,D,D,D,D,D,D,D,D,D-,D,D,D,D,D,D,D,D-,D-,D,D,D,D,D,D,D,D,D,D,D,D,D,D,D,D,D,D,D,D,D,D,D,D,D,D,D,D,D,D,D,D,D,D,D,D,D,D,D,D,D,D,D,D,D,D,D,D,D,D,D,D,D,D,D,D,D,D,D+,D,D,D,D,D,D,D,D,D,D,D,D,D,D,D,D,D,D,D+,D,D,D,D,D,D,D,D,D,D,D,D,D,D,D,D,D,D,D,D,D,D-,D-,D-,D,D,D,D,D,D,D,D,D,D,D,D,D,D,D,D,D+,D,D,D,D,D+,D,D,D,D,D,D,D,D,D,D,D,D,D,D,D,D,D,D,D,D,D,D,D,D,D,D,D,D,D,D,D,D,D,D,D,D,D,D,D,D,D,D,D,D,D+,D,D,D,D,D,D,D,D,D,D,D,D,D,D,D,D,D,D,D,D,D,D,D,D,D,D,D,D,D,D,D,D,D,D,D,D,D,D,X,D,D,D,D,D,D,D,D,D,D,D,D,D,D,D+,D,D,D,D,D,D,D,D,D,D,D+,D,D,D,D,D,D,D,D,D,D,D,D,D,D,D,D,D,D,D,D,D,D,D,D,D,D,D,D,D,D,D,D,D,D,D,D,D,D,D,D,D,D,D,D,D,D,D,D,D,D,D,D,D,D,D,D,D,D,D,D,D,D,D,D,D,D,D,D,D,D,D,D,D,D,D,D,D,D,D,D,D,D,D,D,D,D,D,D,D,D,D,D,D,D,D,D,D,D,D,D,D,D,D,D,D,D,D,D,D,D,D,D,D,D,D,D,D,D,D,D,D,D,D-,D,D,D,D,D,D,D,D,D,D-,D,D,D
270,Nonanoic Acid,CE+,CE+,CE,CE,CE,CE,CE,CE,CE,CE,CE,CE,CE,CE,CE,CE,CE,CE,CE,CE,CE,CE,CE,CE,CE,CE,CE,CE,CE,CE,CE,CE,CE,CE,CE,CE,CE,CE,CE,CE,CE,CE-,CE,CE,CE,CE,CE,CE,CE,CE,CE,CE-,CE,CE,CE,CE,CE,CE,CE,CE-,CE-,CE,CE,CE,CE,CE,CE,CE,CE,CE,CE,CE,CE,CE,CE,CE,CE,CE,CE,CE,CE,CE,CE,CE,CE,CE,CE,CE,CE,CE,CE,CE,CE,CE,CE,CE,CE,CE,CE,CE,CE,CE,CE,CE,CE,CE,CE,CE,CE,CE,CE,CE,CE,CE,CE,CE,CE,CE,CE,CE+,CE,CE,CE,CE,CE,CE,CE,CE,CE,CE,CE,CE,CE,CE,CE,CE,CE,CE,CE+,CE,CE,CE,CE,CE,CE,CE,CE,CE,CE,CE,CE,CE,CE,CE,CE,CE,CE,CE,CE,CE,CE-,CE-,CE-,CE,CE,CE,CE,CE,CE,CE,CE,CE,CE,CE,CE,CE,CE,CE,CE,CE+,CE,CE,CE,CE,CE+,CE,CE,CE,CE,CE,CE,CE,CE,CE,CE,CE,CE,CE,CE,CE,CE,CE,CE,CE,CE,CE,CE,CE,CE,CE,CE,CE,CE,CE,CE,CE,CE,CE,CE,CE,CE,CE,CE,CE,CE,CE,CE,CE,CE,CE+,CE,CE,CE,CE,CE,CE,CE,CE,CE,CE,CE,CE,CE,CE,CE,CE,CE,CE,CE,CE,CE,CE,CE,CE,CE,CE,CE,CE,CE,CE,CE,CE,CE,CE,CE,CE,CE,CE,CE,X,CE,CE,CE,CE,CE,CE,CE,CE,CE,CE,CE,CE,CE,CE+,CE,CE,CE,CE,CE,CE,CE,CE,CE,CE,CE+,CE,CE,CE,CE,CE,CE,CE,CE,CE,CE,CE,CE,CE,CE,CE,CE,CE,CE,CE,CE,CE,CE,CE,CE,CE,CE,CE,CE,CE,CE,CE,CE,CE,CE,CE,CE,CE,CE,CE,CE,CE,CE,CE,CE,CE,CE,CE,CE,CE,CE,CE,CE,CE,CE,CE,CE,CE,CE,CE,CE,CE,CE,CE,CE,CE,CE,CE,CE,CE,CE,CE,CE,CE,CE,CE,CE,CE,CE,CE,CE,CE,CE,CE,CE,CE,CE,CE,CE,CE,CE,CE,CE,CE,CE,CE,CE,CE,CE,CE,CE,CE,CE,CE,CE,CE,CE,CE,CE,CE,CE,CE,CE,CE,CE,CE,CE,CE,CE,CE,CE,CE,CE,CE-,CE,CE,CE,CE,CE,CE,CE,CE,CE,CE-,CE,CE,CE
271,1-Nonanol,IA+,IA+,IA,IA,IA,IA,IA,IA,IA,IA,IA,IA,IA,IA,IA,IA,IA,IA,IA,D,IA,IA,IA,IA,IA,IA,IA,IA,D,D,D,D,IA,IA,IA,IA,IA,IA,IA,IA,IA,D-,IA,D,IA,IA,IA,IA,IA,IA,IA,D-,D,D,D,IA,D,IA,IA,D-,D-,IA,D,IA,IA,IA,IA,IA,IA,IA,IA,IA,IA,IA,IA,IA,IA,IA,IA,IA,D,IA,IA,IA,IA,IA,IA,IA,IA,IA,IA,IA,IA,IA,IA,IA,IA,IA,IA,IA,IA,IA,IA,IA,IA,IA,IA,IA,IA,IA,IA,IA,IA,IA,IA,IA,IA,IA,IA,IA+,IA,IA,IA,IA,IA,IA,IA,IA,IA,IA,IA,IA,IA,IA,IA,IA,IA,IA,IA+,IA,IA,IA,IA,IA,IA,IA,IA,IA,IA,IA,IA,IA,D,D,D,IA,IA,IA,IA,IA,D-,D-,D-,IA,IA,D,D,D,D,D,D,IA,IA,IA,IA,D,D,IA,IA,IA+,IA,IA,IA,IA,IA+,IA,IA,D,D,D,IA,IA,IA,IA,IA,IA,D,IA,IA,IA,IA,IA,IA,IA,IA,IA,IA,IA,IA,IA,D,D,IA,IA,D,IA,D,IA,D,IA,D,D,D,IA,IA,IA,IA,IA,IA,IA+,IA,IA,IA,IA,IA,IA,IA,IA,IA,IA,IA,IA,IA,IA,IA,IA,IA,IA,IA,IA,IA,IA,IA,IA,D,IA,D,D,IA,D,D,D,IA,IA,IA,IA,IA,IA,IA,IA,X,IA,IA,IA,IA,IA,IA,IA,IA,IA,IA,IA,IA,IA+,IA,IA,IA,IA,IA,IA,IA,IA,IA,IA,IA+,IA,D,IA,IA,IA,IA,IA,D,D,D,D,D,D,D,D,D,D,D,D,D,IA,IA,IA,IA,IA,IA,IA,IA,IA,IA,IA,IA,IA,IA,IA,IA,IA,IA,IA,D,IA,IA,IA,IA,IA,IA,IA,IA,IA,IA,IA,IA,IA,IA,IA,D,D,D,D,D,D,D,IA,IA,D,D,IA,D,D,IA,IA,IA,IA,IA,D,IA,IA,IA,IA,D,D,D,D,IA,IA,IA,IA,IA,IA,IA,IA,IA,IA,IA,IA,IA,IA,IA,IA,IA,IA,IA,IA,IA,IA,IA,IA,IA,IA,IA,IA,IA,IA,D,D,D,IA,D,D,D,D,D,D-,IA,IA,D,D,D,IA,IA,IA,IA,D-,IA,IA,IA
272,Nonene,D+,D+,D,D,D,D,D,D,D,D,D,D,D,D,D,D,D,D,D,D,D,D,D,D,D,D,D,D,D,D,D,D,D,D,D,D,D,D,D,D,D,D-,D,D,D,D,D,D,D,D,D,D-,D,D,D,D,D,D,D,D-,D-,D,D,D,D,D,D,D,D,D,D,D,D,D,D,D,D,D,D,D,D,D,D,D,D,D,D,D,D,D,D,D,D,D,D,D,D,D,D,D,D,D,D,D,D,D,D,D,D,D,D,D,D,D,D,D,D,D,D,D+,D,D,D,D,D,D,D,D,D,D,D,D,D,D,D,D,D,D,D+,D,D,D,D,D,D,D,D,D,D,D,D,D,D,D,D,D,D,D,D,D,D-,D-,D-,D,D,D,D,D,D,D,D,D,D,D,D,D,D,D,D,D+,D,D,D,D,D+,D,D,D,D,D,D,D,D,D,D,D,D,D,D,D,D,D,D,D,D,D,D,D,D,D,D,D,D,D,D,D,D,D,D,D,D,D,D,D,D,D,D,D,D,D+,D,D,D,D,D,D,D,D,D,D,D,D,D,D,D,D,D,D,D,D,D,D,D,D,D,D,D,D,D,D,D,D,D,D,D,D,D,D,D,D,D,X,D,D,D,D,D,D,D,D,D,D,D,D+,D,D,D,D,D,D,D,D,D,D,D+,D,D,D,D,D,D,D,D,D,D,D,D,D,D,D,D,D,D,D,D,D,D,D,D,D,D,D,D,D,D,D,D,D,D,D,D,D,D,D,D,D,D,D,D,D,D,D,D,D,D,D,D,D,D,D,D,D,D,D,D,D,D,D,D,D,D,D,D,D,D,D,D,D,D,D,D,D,D,D,D,D,D,D,D,D,D,D,D,D,D,D,D,D,D,D,D,D,D,D,D,D,D,D,D,D,D,D,D,D,D,D,D,D,D,D,D,D,D,D,D,D,D,D-,D,D,D,D,D,D,D,D,D,D-,D,D,D
273,Nonylphenol,DD+,DD+,DD,DD,DD,DD,DD,DD,DD,DD,DD,DD,DD,DD,DD,DD,DD,DD,DD,DD,DD,DD,DD,DD,DD,DD,DD,DD,DD,DD,DD,DD,DD,DD,DD,DD,DD,DD,DD,DD,DD,DD-,DD,DD,DD,DD,DD,DD,DD,DD,DD,DD-,DD,DD,DD,DD,DD,DD,DD,DD-,DD-,DD,DD,DD,DD,DD,DD,DD,DD,DD,DD,DD,DD,DD,DD,DD,DD,DD,DD,DD,DD,DD,DD,DD,DD,DD,DD,DD,DD,DD,DD,DD,DD,DD,DD,DD,DD,DD,DD,DD,DD,DD,DD,DD,DD,DD,DD,DD,DD,DD,DD,DD,DD,DD,DD,DD,DD,DD,DD,DD+,DD,DD,DD,DD,DD,DD,DD,DD,DD,DD,DD,DD,DD,DD,DD,DD,DD,DD,DD+,DD,DD,DD,DD,DD,DD,DD,DD,DD,DD,DD,DD,DD,DD,DD,DD,DD,DD,DD,DD,DD,DD-,DD-,DD-,DD,DD,DD,DD,DD,DD,DD,DD,DD,DD,DD,DD,DD,DD,DD,DD,DD+,DD,DD,DD,DD,DD+,DD,DD,DD,DD,DD,DD,DD,DD,DD,DD,DD,DD,DD,DD,DD,DD,DD,DD,DD,DD,DD,DD,DD,DD,DD,DD,DD,DD,DD,DD,DD,DD,DD,DD,DD,DD,DD,DD,DD,DD,DD,DD,DD,DD,DD+,DD,DD,DD,DD,DD,DD,DD,DD,DD,DD,DD,DD,DD,DD,DD,DD,DD,DD,DD,DD,DD,DD,DD,DD,DD,DD,DD,DD,DD,DD,DD,DD,DD,DD,DD,DD,DD,DD,DD,DD,DD,DD,X,DD,DD,DD,DD,DD,DD,DD,DD,DD,DD,DD+,DD,DD,DD,DD,DD,DD,DD,DD,DD,DD,DD+,DD,DD,DD,DD,DD,DD,DD,DD,DD,DD,DD,DD,DD,DD,DD,DD,DD,DD,DD,DD,DD,DD,DD,DD,DD,DD,DD,DD,DD,DD,DD,DD,DD,DD,DD,DD,DD,DD,DD,DD,DD,DD,DD,DD,DD,DD,DD,DD,DD,DD,DD,DD,DD,DD,DD,DD,DD,DD,DD,DD,DD,DD,DD,DD,DD,DD,DD,DD,DD,DD,DD,DD,DD,DD,DD,DD,DD,DD,DD,DD,DD,DD,DD,DD,DD,DD,DD,DD,DD,DD,DD,DD,DD,DD,DD,DD,DD,DD,DD,DD,DD,DD,DD,DD,DD,DD,DD,DD,DD,DD,DD,DD,DD,DD,DD,DD,DD,DD,DD,DD,DD,DD,DD-,DD,DD,DD,DD,DD,DD,DD,DD,DD,DD-,DD,DD,DD
274,Norm-Alkanes (C10+),IB+,IB+,IB,IB,IB,IB,IB,IB,IB,IB,IB,IB,IB,IB,IB,IB,IB,IB,IB,DD,IB,IB,IB,IB,IB,IB,IB,IB,DD,DD,DD,DD,IB,IB,IB,IB,IB,IB,IB,IB,IB,DD-,IB,DD,IB,IB,IB,IB,IB,IB,IB,DD-,DD,DD,DD,IB,DD,IB,IB,DD-,DD-,IB,DD,IB,IB,IB,IB,IB,IB,IB,IB,IB,IB,IB,IB,IB,IB,IB,IB,IB,DD,IB,IB,IB,IB,IB,IB,IB,IB,IB,IB,IB,IB,IB,IB,IB,IB,IB,IB,IB,IB,IB,IB,IB,IB,IB,IB,IB,IB,IB,IB,IB,IB,IB,IB,IB,IB,IB,IB,IB+,IB,IB,IB,IB,IB,IB,IB,IB,IB,IB,IB,IB,IB,IB,IB,IB,IB,IB,IB+,IB,IB,IB,IB,IB,IB,IB,IB,IB,IB,IB,IB,IB,DD,DD,DD,IB,IB,IB,IB,IB,DD-,DD-,DD-,IB,IB,DD,DD,DD,DD,DD,DD,IB,IB,IB,IB,DD,IB,IB,IB,IB+,IB,IB,IB,IB,IB+,IB,IB,DD,IB,DD,IB,IB,IB,IB,IB,IB,DD,IB,IB,IB,IB,IB,IB,IB,IB,IB,IB,IB,IB,IB,DD,DD,IB,IB,DD,IB,DD,IB,DD,IB,DD,DD,DD,IB,IB,IB,IB,IB,IB,IB+,IB,IB,IB,IB,IB,IB,IB,IB,IB,IB,IB,IB,IB,IB,IB,IB,IB,IB,IB,IB,IB,IB,IB,IB,DD,IB,DD,DD,IB,IB,DD,DD,IB,IB,IB,IB,IB,IB,IB,IB,IB,IB,IB,X,IB,IB,IB,IB,IB,IB,IB,IB,IB,IB+,IB,IB,IB,IB,IB,IB,IB,IB,IB,IB,IB+,IB,DD,IB,IB,IB,IB,IB,DD,DD,DD,DD,DD,DD,DD,DD,DD,DD,DD,DD,DD,IB,IB,IB,IB,IB,IB,IB,IB,IB,IB,IB,IB,IB,IB,IB,IB,IB,IB,IB,DD,IB,IB,IB,IB,IB,IB,IB,IB,IB,IB,IB,IB,IB,IB,IB,DD,DD,DD,IB,DD,IB,DD,IB,IB,DD,DD,IB,DD,DD,IB,IB,IB,IB,IB,DD,IB,IB,IB,IB,DD,DD,DD,DD,IB,IB,IB,IB,IB,IB,IB,IB,IB,IB,IB,IB,IB,IB,IB,IB,IB,IB,IB,IB,IB,IB,IB,IB,IB,IB,IB,IB,IB,IB,DD,DD,DD,IB,DD,DD,DD,DD,DD,DD-,IB,IB,DD,DD,DD,IB,IB,IB,IB,DD-,IB,IB,IB
275,n-Butanol,C+,C+,C,C,C,C,C,C,C,C,C,C,C,C,C,C,C,C,C,C,C,C,C,C,C,C,C,C,C,C,C,C,C,C,C,C,C,C,C,C,C,C-,C,C,C,C,C,C,C,C,C,C-,C,C,C,C,C,C,C,C-,C-,C,C,C,C,C,C,C,C,C,C,C,C,C,C,C,C,C,C,C,C,C,C,C,C,C,C,C,C,C,C,C,C,C,C,C,C,C,C,C,C,C,C,C,C,C,C,C,C,C,C,C,C,C,C,C,C,C,C,C+,C,C,C,C,C,C,C,C,C,C,C,C,C,C,C,C,C,C,C+,C,C,C,C,C,C,C,C,C,C,C,C,C,C,C,C,C,C,C,C,C,C-,C-,C-,C,C,C,C,C,C,C,C,C,C,C,C,C,C,C,C,C+,C,C,C,C,C+,C,C,C,C,C,C,C,C,C,C,C,C,C,C,C,C,C,C,C,C,C,C,C,C,C,C,C,C,C,C,C,C,C,C,C,C,C,C,C,C,C,C,C,C,C+,C,C,C,C,C,C,C,C,C,C,C,C,C,C,C,C,C,C,C,C,C,C,C,C,C,C,C,C,C,C,C,C,C,C,C,C,C,C,C,C,C,C,C,C,X,C,C,C,C,C,C,C,C,C+,C,C,C,C,C,C,C,C,C,C,C+,C,C,C,C,C,C,C,C,C,C,C,C,C,C,C,C,C,C,C,C,C,C,C,C,C,C,C,C,C,C,C,C,C,C,C,C,C,C,C,C,C,C,C,C,C,C,C,C,C,C,C,C,C,C,C,C,C,C,C,C,C,C,C,C,C,C,C,C,C,C,C,C,C,C,C,C,C,C,C,C,C,C,C,C,C,C,C,C,C,C,C,C,C,C,C,C,C,C,C,C,C,C,C,C,C,C,C,C,C,C,C,C,C,C,C,C,C,C,C,C,C,C,C-,C,C,C,C,C,C,C,C,C,C-,C,C,C
276,n-Butyl Acrylate,MA+,MA+,MA,MA,MA,MA,MA,MA,MA,MA,MA,MA,MA,MA,MA,MA,MA,MA,MA,M,MA,MA,MA,MA,MA,MA,MA,MA,M,M,M,M,MA,MA,MA,MA,MA,MA,MA,MA,MA,M-,MA,MA,MA,MA,MA,MA,MA,MA,MA,M-,MA,MA,MA,MA,M,MA,MA,M-,M-,MA,M,MA,MA,MA,MA,MA,MA,MA,MA,MA,MA,MA,MA,MA,MA,MA,MA,MA,M,MA,MA,MA,MA,MA,MA,MA,MA,MA,MA,MA,MA,MA,MA,MA,MA,MA,MA,MA,MA,MA,MA,MA,MA,MA,MA,MA,MA,MA,MA,MA,MA,MA,MA,MA,MA,MA,MA,MA+,MA,MA,MA,MA,MA,MA,MA,M,MA,MA,MA,MA,MA,MA,MA,MA,MA,MA,MA+,MA,MA,MA,MA,MA,MA,MA,M,MA,M,MA,MA,MA,MA,MA,MA,MA,MA,MA,MA,MA,M-,M-,M-,MA,MA,M,M,M,M,M,M,MA,MA,MA,MA,MA,MA,MA,MA,MA+,MA,MA,MA,MA,MA+,MA,MA,M,MA,M,M,MA,MA,M,MA,M,M,MA,MA,MA,MA,MA,MA,MA,MA,MA,MA,MA,MA,MA,M,M,MA,MA,MA,MA,MA,MA,M,MA,MA,MA,MA,MA,MA,MA,MA,MA,MA,MA+,MA,MA,MA,MA,MA,MA,MA,MA,MA,MA,M,MA,MA,MA,MA,MA,MA,MA,M,MA,MA,MA,MA,MA,MA,MA,M,MA,MA,MA,M,M,MA,MA,MA,MA,MA,MA,MA,MA,MA,MA,MA,MA,MA,X,MA,MA,M,MA,MA,MA,MA,MA+,MA,MA,MA,MA,MA,MA,MA,MA,MA,MA,MA+,MA,MA,MA,MA,MA,MA,MA,MA,MA,MA,MA,MA,MA,MA,MA,MA,MA,MA,MA,MA,MA,MA,MA,MA,MA,MA,MA,MA,MA,MA,MA,MA,MA,MA,MA,MA,MA,MA,MA,MA,MA,MA,MA,MA,MA,MA,MA,MA,MA,MA,MA,MA,MA,MA,MA,M,MA,MA,MA,M,MA,M,MA,MA,M,MA,MA,MA,MA,MA,MA,MA,MA,MA,MA,MA,MA,MA,MA,MA,M,M,MA,MA,M,MA,MA,MA,MA,MA,MA,MA,MA,MA,MA,MA,MA,MA,MA,MA,MA,MA,MA,MA,MA,MA,MA,MA,MA,MA,MA,MA,MA,MA,M,M,MA,MA,MA,MA,MA,MA,M-,MA,MA,MA,M,M,MA,MA,MA,MA,M-,MA,MA,MA
277,n-Butylamine,G+,G+,G,G,G,G,G,G,G,G,G,G,G,G,G,G,G,G,G,G,G,G,G,G,G,G,G,G,G,G,G,G,G,G,G,G,G,G,G,G,G,G-,G,G,G,G,G,G,G,G,G,G-,G,G,G,G,G,G,G,G-,G-,G,G,G,G,G,G,G,G,G,G,G,G,G,G,G,G,G,G,G,G,G,G,G,G,G,G,G,G,G,G,G,G,G,G,G,G,G,G,G,G,G,G,G,G,G,G,G,G,G,G,G,G,G,G,G,G,G,G,G+,G,G,G,G,G,G,G,G,G,G,G,G,G,G,G,G,G,G,G+,G,G,G,G,G,G,G,G,G,G,G,G,G,G,G,G,G,G,G,G,G,G-,G-,G-,G,G,G,G,G,G,G,G,G,G,G,G,G,G,G,G,G+,G,G,G,G,G+,G,G,G,G,G,G,G,G,G,G,G,G,G,G,G,G,G,G,G,G,G,G,G,G,G,G,G,G,G,G,G,G,G,G,G,G,G,G,G,G,G,G,G,G,G+,G,G,G,G,G,G,G,G,G,G,G,G,G,G,G,G,G,G,G,G,G,G,G,G,G,G,G,G,G,G,G,G,G,G,G,G,G,G,G,G,G,G,G,G,G,G,X,G,G,G,G,G,G,G+,G,G,G,G,G,G,G,G,G,G,G+,G,G,G,G,G,G,G,G,G,G,G,G,G,G,G,G,G,G,G,G,G,G,G,G,G,G,G,G,G,G,G,G,G,G,G,G,G,G,G,G,G,G,G,G,G,G,G,G,G,G,G,G,G,G,G,G,G,G,G,G,G,G,G,G,G,G,G,G,G,G,G,G,G,G,G,G,G,G,G,G,G,G,G,G,G,G,G,G,G,G,G,G,G,G,G,G,G,G,G,G,G,G,G,G,G,G,G,G,G,G,G,G,G,G,G,G,G,G,G,G,G,G,G-,G,G,G,G,G,G,G,G,G,G-,G,G,G
278,n-Butyl Butyrate,DA+,DA+,DA,DA,DA,DA,DA,DA,DA,DA,DA,DA,DA,DA,DA,DA,DA,DA,DA,DA,DA,DA,DA,DA,DA,DA,DA,DA,DA,DA,DA,DA,DA,DA,DA,DA,DA,DA,DA,DA,DA,DA-,DA,DA,DA,DA,DA,DA,DA,DA,DA,DA-,DA,DA,DA,DA,DA,DA,DA,DA-,DA-,DA,DA,DA,DA,DA,DA,DA,DA,DA,DA,DA,DA,DA,DA,DA,DA,DA,DA,DA,DA,DA,DA,DA,DA,DA,DA,DA,DA,DA,DA,DA,DA,DA,DA,DA,DA,DA,DA,DA,DA,DA,DA,DA,DA,DA,DA,DA,DA,DA,DA,DA,DA,DA,DA,DA,DA,DA,DA,DA+,DA,DA,DA,DA,DA,DA,DA,DA,DA,DA,DA,DA,DA,DA,DA,DA,DA,DA,DA+,DA,DA,DA,DA,DA,DA,DA,DA,DA,DA,DA,DA,DA,DA,DA,DA,DA,DA,DA,DA,DA,DA-,DA-,DA-,DA,DA,DA,DA,DA,DA,DA,DA,DA,DA,DA,DA,DA,DA,DA,DA,DA+,DA,DA,DA,DA,DA+,DA,DA,DA,DA,DA,DA,DA,DA,DA,DA,DA,DA,DA,DA,DA,DA,DA,DA,DA,DA,DA,DA,DA,DA,DA,DA,DA,DA,DA,DA,DA,DA,DA,DA,DA,DA,DA,DA,DA,DA,DA,DA,DA,DA,DA+,DA,DA,DA,DA,DA,DA,DA,DA,DA,DA,DA,DA,DA,DA,DA,DA,DA,DA,DA,DA,DA,DA,DA,DA,DA,DA,DA,DA,DA,DA,DA,DA,DA,DA,DA,DA,DA,DA,DA,DA,DA,DA,DA,DA,DA,DA,DA,X,DA,DA,DA,DA,DA,DA+,DA,DA,DA,DA,DA,DA,DA,DA,DA,DA,DA+,DA,DA,DA,DA,DA,DA,DA,DA,DA,DA,DA,DA,DA,DA,DA,DA,DA,DA,DA,DA,DA,DA,DA,DA,DA,DA,DA,DA,DA,DA,DA,DA,DA,DA,DA,DA,DA,DA,DA,DA,DA,DA,DA,DA,DA,DA,DA,DA,DA,DA,DA,DA,DA,DA,DA,DA,DA,DA,DA,DA,DA,DA,DA,DA,DA,DA,DA,DA,DA,DA,DA,DA,DA,DA,DA,DA,DA,DA,DA,DA,DA,DA,DA,DA,DA,DA,DA,DA,DA,DA,DA,DA,DA,DA,DA,DA,DA,DA,DA,DA,DA,DA,DA,DA,DA,DA,DA,DA,DA,DA,DA,DA,DA,DA,DA,DA,DA,DA,DA,DA,DA,DA,DA-,DA,DA,DA,DA,DA,DA,DA,DA,DA,DA-,DA,DA,DA
279,Norm-Butyl Methacrylate,MA+,MA+,MA,MA,MA,MA,MA,MA,MA,MA,MA,MA,MA,MA,MA,MA,MA,MA,MA,M,MA,MA,MA,MA,MA,MA,MA,MA,M,M,M,M,MA,MA,MA,MA,MA,MA,MA,MA,MA,M-,MA,MA,MA,MA,MA,MA,MA,MA,MA,M-,MA,MA,MA,MA,M,MA,MA,M-,M-,MA,M,MA,MA,MA,MA,MA,MA,MA,MA,MA,MA,MA,MA,MA,MA,MA,MA,MA,M,MA,MA,MA,MA,MA,MA,MA,MA,MA,MA,MA,MA,MA,MA,MA,MA,MA,MA,MA,MA,MA,MA,MA,MA,MA,MA,MA,MA,MA,MA,MA,MA,MA,MA,MA,MA,MA,MA,MA+,MA,MA,MA,MA,MA,MA,MA,M,MA,MA,MA,MA,MA,MA,MA,MA,MA,MA,MA+,MA,MA,MA,MA,MA,MA,MA,M,MA,M,MA,MA,MA,MA,MA,MA,MA,MA,MA,MA,MA,M-,M-,M-,MA,MA,M,M,M,M,M,M,MA,MA,MA,MA,MA,MA,MA,MA,MA+,MA,MA,MA,MA,MA+,MA,MA,M,MA,M,M,MA,MA,M,MA,M,M,MA,MA,MA,MA,MA,MA,MA,MA,MA,MA,MA,MA,MA,M,M,MA,MA,MA,MA,MA,MA,M,MA,MA,MA,MA,MA,MA,MA,MA,MA,MA,MA+,MA,MA,MA,MA,MA,MA,MA,MA,MA,MA,M,MA,MA,MA,MA,MA,MA,MA,M,MA,MA,MA,MA,MA,MA,MA,M,MA,MA,MA,M,M,MA,MA,MA,MA,MA,MA,MA,MA,MA,MA,MA,MA,MA,M,MA,MA,X,MA,MA,MA,MA,MA+,MA,MA,MA,MA,MA,MA,MA,MA,MA,MA,MA+,MA,MA,MA,MA,MA,MA,MA,MA,MA,MA,MA,MA,MA,MA,MA,MA,MA,MA,MA,MA,MA,MA,MA,MA,MA,MA,MA,MA,MA,MA,MA,MA,MA,MA,MA,MA,MA,MA,MA,MA,MA,MA,MA,MA,MA,MA,MA,MA,MA,MA,MA,MA,MA,MA,MA,M,MA,MA,MA,M,MA,M,MA,MA,M,MA,MA,MA,MA,MA,MA,MA,MA,MA,MA,MA,MA,MA,MA,MA,M,M,MA,MA,M,MA,MA,MA,MA,MA,MA,MA,MA,MA,MA,MA,MA,MA,MA,MA,MA,MA,MA,MA,MA,MA,MA,MA,MA,MA,MA,MA,MA,MA,M,M,MA,MA,MA,MA,MA,MA,M-,MA,MA,MA,M,M,MA,MA,MA,MA,M-,MA,MA,MA
280,Norm-Dodecane,IA+,IA+,IA,IA,IA,IA,IA,IA,IA,IA,IA,IA,IA,IA,IA,IA,IA,IA,IA,D,IA,IA,IA,IA,IA,IA,IA,IA,D,D,D,D,IA,IA,IA,IA,IA,IA,IA,IA,IA,D-,IA,IA,IA,IA,IA,IA,IA,IA,IA,D-,D,D,D,IA,D,IA,IA,D-,D-,IA,D,IA,IA,IA,IA,IA,IA,IA,IA,IA,IA,IA,IA,IA,IA,IA,IA,IA,D,IA,IA,IA,IA,IA,IA,IA,IA,IA,IA,IA,IA,IA,IA,IA,IA,IA,IA,IA,IA,IA,IA,IA,IA,IA,IA,IA,IA,IA,IA,IA,IA,IA,IA,IA,IA,IA,IA,IA+,IA,IA,IA,IA,IA,IA,IA,IA,IA,IA,IA,IA,IA,IA,IA,IA,IA,IA,IA+,IA,IA,IA,IA,IA,IA,IA,IA,IA,IA,IA,IA,IA,D,D,D,IA,IA,IA,IA,IA,D-,D-,D-,IA,IA,D,D,D,D,D,D,IA,IA,IA,IA,D,D,IA,IA,IA+,IA,IA,IA,IA,IA+,IA,IA,D,D,D,IA,IA,IA,IA,IA,IA,D,IA,IA,IA,IA,IA,IA,IA,IA,IA,IA,IA,IA,IA,D,D,IA,IA,D,IA,D,IA,D,IA,D,D,D,IA,IA,IA,IA,IA,IA,IA+,IA,IA,IA,IA,IA,IA,IA,IA,IA,IA,IA,IA,IA,IA,IA,IA,IA,IA,IA,IA,IA,IA,IA,IA,D,IA,D,D,IA,D,D,D,IA,IA,IA,IA,IA,IA,IA,IA,IA,IA,IA,IA,IA,IA,IA,IA,IA,X,IA,IA,IA,IA+,IA,IA,IA,IA,IA,IA,IA,IA,IA,IA,IA+,IA,D,IA,IA,IA,IA,IA,D,D,D,D,D,D,D,D,D,D,D,D,D,IA,IA,IA,IA,IA,IA,IA,IA,IA,IA,IA,IA,IA,IA,IA,IA,IA,IA,IA,D,IA,IA,IA,IA,IA,IA,IA,IA,IA,IA,IA,IA,IA,IA,IA,D,D,D,D,D,D,D,IA,IA,D,D,IA,D,D,IA,IA,IA,IA,D,D,IA,IA,IA,IA,D,D,D,D,IA,IA,IA,IA,IA,IA,IA,IA,IA,IA,IA,IA,IA,IA,IA,IA,IA,IA,IA,IA,IA,IA,IA,IA,IA,IA,IA,IA,IA,IA,D,D,D,IA,D,D,D,D,D,D-,IA,IA,D,D,D,IA,IA,IA,IA,D-,IA,IA,IA
281,Norm-Heptane,C+,C+,C,C,C,C,C,C,C,C,C,C,C,C,C,C,C,C,C,C,C,C,C,C,C,C,C,C,C,C,C,C,C,C,C,C,C,C,C,C,C,C-,C,C,C,C,C,C,C,C,C,C-,C,C,C,C,C,C,C,C-,C-,C,C,C,C,C,C,C,C,C,C,C,C,C,C,C,C,C,C,C,C,C,C,C,C,C,C,C,C,C,C,C,C,C,C,C,C,C,C,C,C,C,C,C,C,C,C,C,C,C,C,C,C,C,C,C,C,C,C,C+,C,C,C,C,C,C,C,C,C,C,C,C,C,C,C,C,C,C,C+,C,C,C,C,C,C,C,C,C,C,C,C,C,C,C,C,C,C,C,C,C,C-,C-,C-,C,C,C,C,C,C,C,C,C,C,C,C,C,C,C,C,C+,C,C,C,C,C+,C,C,C,C,C,C,C,C,C,C,C,C,C,C,C,C,C,C,C,C,C,C,C,C,C,C,C,C,C,C,C,C,C,C,C,C,C,C,C,C,C,C,C,C,C+,C,C,C,C,C,C,C,C,C,C,C,C,C,C,C,C,C,C,C,C,C,C,C,C,C,C,C,C,C,C,C,C,C,C,C,C,C,C,C,C,C,C,C,C,C,C,C,C,C,C,X,C,C,C+,C,C,C,C,C,C,C,C,C,C,C+,C,C,C,C,C,C,C,C,C,C,C,C,C,C,C,C,C,C,C,C,C,C,C,C,C,C,C,C,C,C,C,C,C,C,C,C,C,C,C,C,C,C,C,C,C,C,C,C,C,C,C,C,C,C,C,C,C,C,C,C,C,C,C,C,C,C,C,C,C,C,C,C,C,C,C,C,C,C,C,C,C,C,C,C,C,C,C,C,C,C,C,C,C,C,C,C,C,C,C,C,C,C,C,C,C,C,C,C,C,C,C,C,C,C,C,C,C,C,C,C,C,C,C-,C,C,C,C,C,C,C,C,C,C-,C,C,C
282,Norm-Heptanoic Acid,D+,D+,D,D,D,D,D,D,D,D,D,D,D,D,D,D,D,D,D,D,D,D,D,D,D,D,D,D,D,D,D,D,D,D,D,D,D,D,D,D,D,D-,D,D,D,D,D,D,D,D,D,D-,D,D,D,D,D,D,D,D-,D-,D,D,D,D,D,D,D,D,D,D,D,D,D,D,D,D,D,D,D,D,D,D,D,D,D,D,D,D,D,D,D,D,D,D,D,D,D,D,D,D,D,D,D,D,D,D,D,D,D,D,D,D,D,D,D,D,D,D,D+,D,D,D,D,D,D,D,D,D,D,D,D,D,D,D,D,D,D,D+,D,D,D,D,D,D,D,D,D,D,D,D,D,D,D,D,D,D,D,D,D,D-,D-,D-,D,D,D,D,D,D,D,D,D,D,D,D,D,D,D,D,D+,D,D,D,D,D+,D,D,D,D,D,D,D,D,D,D,D,D,D,D,D,D,D,D,D,D,D,D,D,D,D,D,D,D,D,D,D,D,D,D,D,D,D,D,D,D,D,D,D,D,D+,D,D,D,D,D,D,D,D,D,D,D,D,D,D,D,D,D,D,D,D,D,D,D,D,D,D,D,D,D,D,D,D,D,D,D,D,D,D,D,D,D,D,D,D,D,D,D,D,D,D,D,X,D,D+,D,D,D,D,D,D,D,D,D,D,D+,D,D,D,D,D,D,D,D,D,D,D,D,D,D,D,D,D,D,D,D,D,D,D,D,D,D,D,D,D,D,D,D,D,D,D,D,D,D,D,D,D,D,D,D,D,D,D,D,D,D,D,D,D,D,D,D,D,D,D,D,D,D,D,D,D,D,D,D,D,D,D,D,D,D,D,D,D,D,D,D,D,D,D,D,D,D,D,D,D,D,D,D,D,D,D,D,D,D,D,D,D,D,D,D,D,D,D,D,D,D,D,D,D,D,D,D,D,D,D,D,D,D,D-,D,D,D,D,D,D,D,D,D,D-,D,D,D
283,Norm-Heptenes (Mixed Isomers),C+,C+,C,C,C,C,C,C,C,C,C,C,C,C,C,C,C,C,C,C,C,C,C,C,C,C,C,C,C,C,C,C,C,C,C,C,C,C,C,C,C,C-,C,C,C,C,C,C,C,C,C,C-,C,C,C,C,C,C,C,C-,C-,C,C,C,C,C,C,C,C,C,C,C,C,C,C,C,C,C,C,C,C,C,C,C,C,C,C,C,C,C,C,C,C,C,C,C,C,C,C,C,C,C,C,C,C,C,C,C,C,C,C,C,C,C,C,C,C,C,C,C+,C,C,C,C,C,C,C,C,C,C,C,C,C,C,C,C,C,C,C+,C,C,C,C,C,C,C,C,C,C,C,C,C,C,C,C,C,C,C,C,C,C-,C-,C-,C,C,C,C,C,C,C,C,C,C,C,C,C,C,C,C,C+,C,C,C,C,C+,C,C,C,C,C,C,C,C,C,C,C,C,C,C,C,C,C,C,C,C,C,C,C,C,C,C,C,C,C,C,C,C,C,C,C,C,C,C,C,C,C,C,C,C,C+,C,C,C,C,C,C,C,C,C,C,C,C,C,C,C,C,C,C,C,C,C,C,C,C,C,C,C,C,C,C,C,C,C,C,C,C,C,C,C,C,C,C,C,C,C,C,C,C,C,C,C,C,X,C+,C,C,C,C,C,C,C,C,C,C,C+,C,C,C,C,C,C,C,C,C,C,C,C,C,C,C,C,C,C,C,C,C,C,C,C,C,C,C,C,C,C,C,C,C,C,C,C,C,C,C,C,C,C,C,C,C,C,C,C,C,C,C,C,C,C,C,C,C,C,C,C,C,C,C,C,C,C,C,C,C,C,C,C,C,C,C,C,C,C,C,C,C,C,C,C,C,C,C,C,C,C,C,C,C,C,C,C,C,C,C,C,C,C,C,C,C,C,C,C,C,C,C,C,C,C,C,C,C,C,C,C,C,C,C-,C,C,C,C,C,C,C,C,C,C-,C,C,C
284,Norm-Hexane,C+,C+,C,C,C,C,C,C,C,C,C,C,C,C,C,C,C,C,C,C,C,C,C,C,C,C,C,C,C,C,C,C,C,C,C,C,C,C,C,C,C,C-,C,C,C,C,C,C,C,C,C,C-,C,C,C,C,C,C,C,C-,C-,C,C,C,C,C,C,C,C,C,C,C,C,C,C,C,C,C,C,C,C,C,C,C,C,C,C,C,C,C,C,C,C,C,C,C,C,C,C,C,C,C,C,C,C,C,C,C,C,C,C,C,C,C,C,C,C,C,C,C+,C,C,C,C,C,C,C,C,C,C,C,C,C,C,C,C,C,C,C+,C,C,C,C,C,C,C,C,C,C,C,C,C,C,C,C,C,C,C,C,C,C-,C-,C-,C,C,C,C,C,C,C,C,C,C,C,C,C,C,C,C,C+,C,C,C,C,C+,C,C,C,C,C,C,C,C,C,C,C,C,C,C,C,C,C,C,C,C,C,C,C,C,C,C,C,C,C,C,C,C,C,C,C,C,C,C,C,C,C,C,C,C,C+,C,C,C,C,C,C,C,C,C,C,C,C,C,C,C,C,C,C,C,C,C,C,C,C,C,C,C,C,C,C,C,C,C,C,C,C,C,C,C,C,C,C,C,C,C,C,C,C,C,C,C,C,C,X+,C,C,C,C,C,C,C,C,C,C,C+,C,C,C,C,C,C,C,C,C,C,C,C,C,C,C,C,C,C,C,C,C,C,C,C,C,C,C,C,C,C,C,C,C,C,C,C,C,C,C,C,C,C,C,C,C,C,C,C,C,C,C,C,C,C,C,C,C,C,C,C,C,C,C,C,C,C,C,C,C,C,C,C,C,C,C,C,C,C,C,C,C,C,C,C,C,C,C,C,C,C,C,C,C,C,C,C,C,C,C,C,C,C,C,C,C,C,C,C,C,C,C,C,C,C,C,C,C,C,C,C,C,C,C-,C,C,C,C,C,C,C,C,C,C-,C,C,C
285,Norm-Nonane,C+,C+,C,C,C,C,C,C,C,C,C,C,C,C,C,C,C,C,C,C,C,C,C,C,C,C,C,C,C,C,C,C,C,C,C,C,C,C,C,C,C,C-,C,C,C,C,C,C,C,C,C,C-,C,C,C,C,C,C,C,C-,C-,C,C,C,C,C,C,C,C,C,C,C,C,C,C,C,C,C,C,C,C,C,C,C,C,C,C,C,C,C,C,C,C,C,C,C,C,C,C,C,C,C,C,C,C,C,C,C,C,C,C,C,C,C,C,C,C,C,C,C+,C,C,C,C,C,C,C,C,C,C,C,C,C,C,C,C,C,C,C+,C,C,C,C,C,C,C,C,C,C,C,C,C,C,C,C,C,C,C,C,C,C-,C-,C-,C,C,C,C,C,C,C,C,C,C,C,C,C,C,C,C,C+,C,C,C,C,C+,C,C,C,C,C,C,C,C,C,C,C,C,C,C,C,C,C,C,C,C,C,C,C,C,C,C,C,C,C,C,C,C,C,C,C,C,C,C,C,C,C,C,C,C,C+,C,C,C,C,C,C,C,C,C,C,C,C,C,C,C,C,C,C,C,C,C,C,C,C,C,C,C,C,C,C,C,C,C,C,C,C,C,C,C,C,C,C,C,C,C,C,C,C,C,C,C,C,C,C+,X,C,C,C,C,C,C,C,C,C,C+,C,C,C,C,C,C,C,C,C,C,C,C,C,C,C,C,C,C,C,C,C,C,C,C,C,C,C,C,C,C,C,C,C,C,C,C,C,C,C,C,C,C,C,C,C,C,C,C,C,C,C,C,C,C,C,C,C,C,C,C,C,C,C,C,C,C,C,C,C,C,C,C,C,C,C,C,C,C,C,C,C,C,C,C,C,C,C,C,C,C,C,C,C,C,C,C,C,C,C,C,C,C,C,C,C,C,C,C,C,C,C,C,C,C,C,C,C,C,C,C,C,C,C-,C,C,C,C,C,C,C,C,C,C-,C,C,C
286,Norm-Pentane,AB+,AB+,AB,AB,AB,AB,AB,AB,AB,AB,AB,AB,AB,AB,AB,AB,AB,AB,AB,AB,AB,AB,AB,AB,AB,AB,AB,AB,AB,AB,AB,AB,AB,AB,AB,AB,AB,AB,AB,AB,AB,AB-,AB,AB,AB,AB,AB,AB,AB,AB,AB,AB-,AB,AB,AB,AB,AB,AB,AB,AB-,AB-,AB,AB,AB,AB,AB,AB,AB,AB,AB,AB,AB,AB,AB,AB,AB,AB,AB,AB,AB,AB,AB,AB,AB,AB,AB,AB,AB,AB,AB,AB,AB,AB,AB,AB,AB,AB,AB,AB,AB,AB,AB,AB,AB,AB,AB,AB,AB,AB,AB,AB,AB,AB,AB,AB,AB,AB,AB,AB,AB+,AB,AB,AB,AB,AB,AB,AB,AB,AB,AB,AB,AB,AB,AB,AB,AB,AB,AB,AB+,AB,AB,AB,AB,AB,AB,AB,AB,AB,AB,AB,AB,AB,AB,AB,AB,AB,AB,AB,AB,AB,AB-,AB-,AB-,AB,AB,AB,AB,AB,AB,AB,AB,AB,AB,AB,AB,AB,AB,AB,AB,AB+,AB,AB,AB,AB,AB+,AB,AB,AB,AB,AB,AB,AB,AB,AB,AB,AB,AB,AB,AB,AB,AB,AB,AB,AB,AB,AB,AB,AB,AB,AB,AB,AB,AB,AB,AB,AB,AB,AB,AB,AB,AB,AB,AB,AB,AB,AB,AB,AB,AB,AB+,AB,AB,AB,AB,AB,AB,AB,AB,AB,AB,AB,AB,AB,AB,AB,AB,AB,AB,AB,AB,AB,AB,AB,AB,AB,AB,AB,AB,AB,AB,AB,AB,AB,AB,AB,AB,AB,AB,AB,AB,AB,AB,AB,AB,AB,AB,AB,AB,AB,AB,AB,AB,AB,AB+,AB,X,AB,AB,AB,AB,AB,AB,AB,AB,AB+,AB,AB,AB,AB,AB,AB,AB,AB,AB,AB,AB,AB,AB,AB,AB,AB,AB,AB,AB,AB,AB,AB,AB,AB,AB,AB,AB,AB,AB,AB,AB,AB,AB,AB,AB,AB,AB,AB,AB,AB,AB,AB,AB,AB,AB,AB,AB,AB,AB,AB,AB,AB,AB,AB,AB,AB,AB,AB,AB,AB,AB,AB,AB,AB,AB,AB,AB,AB,AB,AB,AB,AB,AB,AB,AB,AB,AB,AB,AB,AB,AB,AB,AB,AB,AB,AB,AB,AB,AB,AB,AB,AB,AB,AB,AB,AB,AB,AB,AB,AB,AB,AB,AB,AB,AB,AB,AB,AB,AB,AB,AB,AB,AB,AB,AB,AB,AB,AB,AB,AB,AB,AB,AB-,AB,AB,AB,AB,AB,AB,AB,AB,AB,AB-,AB,AB,AB
287,Norm-Propanol,B+,B+,B,B,B,B,B,B,B,B,B,B,B,B,B,B,B,B,B,B,B,B,B,B,B,B,B,B,B,B,B,B,B,B,B,B,B,B,B,B,B,B-,B,B,B,B,B,B,B,B,B,B-,B,B,B,B,B,B,B,B-,B-,B,B,B,B,B,B,B,B,B,B,B,B,B,B,B,B,B,B,B,B,B,B,B,B,B,B,B,B,B,B,B,B,B,B,B,B,B,B,B,B,B,B,B,B,B,B,B,B,B,B,B,B,B,B,B,B,B,B,B+,B,B,B,B,B,B,B,B,B,B,B,B,B,B,B,B,B,B,B+,B,B,B,B,B,B,B,B,B,B,B,B,B,B,B,B,B,B,B,B,B,B-,B-,B-,B,B,B,B,B,B,B,B,B,B,B,B,B,B,B,B,B+,B,B,B,B,B+,B,B,B,B,B,B,B,B,B,B,B,B,B,B,B,B,B,B,B,B,B,B,B,B,B,B,B,B,B,B,B,B,B,B,B,B,B,B,B,B,B,B,B,B,B+,B,B,B,B,B,B,B,B,B,B,B,B,B,B,B,B,B,B,B,B,B,B,B,B,B,B,B,B,B,B,B,B,B,B,B,B,B,B,B,B,B,B,B,B,B,B,B,B,B,B,B,B,B,B+,B,B,X,B,B,B,B,B,B,B,B+,B,B,B,B,B,B,B,B,B,B,B,B,B,B,B,B,B,B,B,B,B,B,B,B,B,B,B,B,B,B,B,B,B,B,B,B,B,B,B,B,B,B,B,B,B,B,B,B,B,B,B,B,B,B,B,B,B,B,B,B,B,B,B,B,B,B,B,B,B,B,B,B,B,B,B,B,B,B,B,B,B,B,B,B,B,B,B,B,B,B,B,B,B,B,B,B,B,B,B,B,B,B,B,B,B,B,B,B,B,B,B,B,B,B,B,B,B,B,B,B,B,B,B-,B,B,B,B,B,B,B,B,B,B-,B,B,B
288,Norm-Propanolamine,GA+,GA+,GA,GA,GA,GA,GA,GA,GA,GA,GA,GA,GA,GA,GA,GA,GA,GA,GA,GA,GA,GA,GA,GA,GA,GA,GA,GA,GA,GA,GA,GA,GA,GA,GA,GA,GA,GA,GA,GA,GA,GA-,GA,GA,GA,GA,GA,GA,GA,GA,GA,GA-,GA,GA,GA,GA,GA,GA,GA,GA-,GA-,GA,GA,GA,GA,GA,GA,GA,GA,GA,GA,GA,GA,GA,GA,GA,GA,GA,GA,GA,GA,GA,GA,GA,GA,GA,GA,GA,GA,GA,GA,GA,GA,GA,GA,GA,GA,GA,GA,GA,GA,GA,GA,GA,GA,GA,GA,GA,GA,GA,GA,GA,GA,GA,GA,GA,GA,GA,GA,GA+,GA,GA,GA,GA,GA,GA,GA,GA,GA,GA,GA,GA,GA,GA,GA,GA,GA,GA,GA+,GA,GA,GA,GA,GA,GA,GA,GA,GA,GA,GA,GA,GA,GA,GA,GA,GA,GA,GA,GA,GA,GA-,GA-,GA-,GA,GA,GA,GA,GA,GA,GA,GA,GA,GA,GA,GA,GA,GA,GA,GA,GA+,GA,GA,GA,GA,GA+,GA,GA,GA,GA,GA,GA,GA,GA,GA,GA,GA,GA,GA,GA,GA,GA,GA,GA,GA,GA,GA,GA,GA,GA,GA,GA,GA,GA,GA,GA,GA,GA,GA,GA,GA,GA,GA,GA,GA,GA,GA,GA,GA,GA,GA+,GA,GA,GA,GA,GA,GA,GA,GA,GA,GA,GA,GA,GA,GA,GA,GA,GA,GA,GA,GA,GA,GA,GA,GA,GA,GA,GA,GA,GA,GA,GA,GA,GA,GA,GA,GA,GA,GA,GA,GA,GA,GA,GA,GA,GA,GA,GA,GA,GA,GA,GA,GA,GA,GA+,GA,GA,GA,X,GA,GA,GA,GA,GA,GA,GA+,GA,GA,GA,GA,GA,GA,GA,GA,GA,GA,GA,GA,GA,GA,GA,GA,GA,GA,GA,GA,GA,GA,GA,GA,GA,GA,GA,GA,GA,GA,GA,GA,GA,GA,GA,GA,GA,GA,GA,GA,GA,GA,GA,GA,GA,GA,GA,GA,GA,GA,GA,GA,GA,GA,GA,GA,GA,GA,GA,GA,GA,GA,GA,GA,GA,GA,GA,GA,GA,GA,GA,GA,GA,GA,GA,GA,GA,GA,GA,GA,GA,GA,GA,GA,GA,GA,GA,GA,GA,GA,GA,GA,GA,GA,GA,GA,GA,GA,GA,GA,GA,GA,GA,GA,GA,GA,GA,GA,GA,GA,GA,GA,GA,GA,GA,GA,GA,GA,GA,GA,GA,GA,GA-,GA,GA,GA,GA,GA,GA,GA,GA,GA,GA-,GA,GA,GA
289,Norm-Propyl Acetate,B+,B+,B,B,B,B,B,B,B,B,B,B,B,B,B,B,B,B,B,B,B,B,B,B,B,B,B,B,B,B,B,B,B,B,B,B,B,B,B,B,B,B-,B,B,B,B,B,B,B,B,B,B-,B,B,B,B,B,B,B,B-,B-,B,B,B,B,B,B,B,B,B,B,B,B,B,B,B,B,B,B,B,B,B,B,B,B,B,B,B,B,B,B,B,B,B,B,B,B,B,B,B,B,B,B,B,B,B,B,B,B,B,B,B,B,B,B,B,B,B,B,B+,B,B,B,B,B,B,B,B,B,B,B,B,B,B,B,B,B,B,B+,B,B,B,B,B,B,B,B,B,B,B,B,B,B,B,B,B,B,B,B,B,B-,B-,B-,B,B,B,B,B,B,B,B,B,B,B,B,B,B,B,B,B+,B,B,B,B,B+,B,B,B,B,B,B,B,B,B,B,B,B,B,B,B,B,B,B,B,B,B,B,B,B,B,B,B,B,B,B,B,B,B,B,B,B,B,B,B,B,B,B,B,B,B+,B,B,B,B,B,B,B,B,B,B,B,B,B,B,B,B,B,B,B,B,B,B,B,B,B,B,B,B,B,B,B,B,B,B,B,B,B,B,B,B,B,B,B,B,B,B,B,B,B,B,B,B,B,B+,B,B,B,B,X,B,B,B,B,B,B+,B,B,B,B,B,B,B,B,B,B,B,B,B,B,B,B,B,B,B,B,B,B,B,B,B,B,B,B,B,B,B,B,B,B,B,B,B,B,B,B,B,B,B,B,B,B,B,B,B,B,B,B,B,B,B,B,B,B,B,B,B,B,B,B,B,B,B,B,B,B,B,B,B,B,B,B,B,B,B,B,B,B,B,B,B,B,B,B,B,B,B,B,B,B,B,B,B,B,B,B,B,B,B,B,B,B,B,B,B,B,B,B,B,B,B,B,B,B,B,B,B,B,B-,B,B,B,B,B,B,B,B,B,B-,B,B,B
290,N-Propylamine,G+,G+,G,G,G,G,G,G,G,G,G,G,G,G,G,G,G,G,G,G,G,G,G,G,G,G,G,G,G,G,G,G,G,G,G,G,G,G,G,G,G,G-,G,G,G,G,G,G,G,G,G,G-,G,G,G,G,G,G,G,G-,G-,G,G,G,G,G,G,G,G,G,G,G,G,G,G,G,G,G,G,G,G,G,G,G,G,G,G,G,G,G,G,G,G,G,G,G,G,G,G,G,G,G,G,G,G,G,G,G,G,G,G,G,G,G,G,G,G,G,G,G+,G,G,G,G,G,G,G,G,G,G,G,G,G,G,G,G,G,G,G+,G,G,G,G,G,G,G,G,G,G,G,G,G,G,G,G,G,G,G,G,G,G-,G-,G-,G,G,G,G,G,G,G,G,G,G,G,G,G,G,G,G,G+,G,G,G,G,G+,G,G,G,G,G,G,G,G,G,G,G,G,G,G,G,G,G,G,G,G,G,G,G,G,G,G,G,G,G,G,G,G,G,G,G,G,G,G,G,G,G,G,G,G,G+,G,G,G,G,G,G,G,G,G,G,G,G,G,G,G,G,G,G,G,G,G,G,G,G,G,G,G,G,G,G,G,G,G,G,G,G,G,G,G,G,G,G,G,G,G,G,G,G,G,G,G,G,G,G+,G,G,G,G,G,X,G,G,G,G,G+,G,G,G,G,G,G,G,G,G,G,G,G,G,G,G,G,G,G,G,G,G,G,G,G,G,G,G,G,G,G,G,G,G,G,G,G,G,G,G,G,G,G,G,G,G,G,G,G,G,G,G,G,G,G,G,G,G,G,G,G,G,G,G,G,G,G,G,G,G,G,G,G,G,G,G,G,G,G,G,G,G,G,G,G,G,G,G,G,G,G,G,G,G,G,G,G,G,G,G,G,G,G,G,G,G,G,G,G,G,G,G,G,G,G,G,G,G,G,G,G,G,G,G-,G,G,G,G,G,G,G,G,G,G-,G,G,G
291,1-Octadecanol,DE+,DE+,DE,DE,DE,DE,DE,DE,DE,DE,DE,DE,DE,DE,DE,DE,DE,DE,DE,DE,DE,DE,DE,DE,DE,DE,DE,DE,DE,DE,DE,DE,DE,DE,DE,DE,DE,DE,DE,DE,DE,DE-,DE,DE,DE,DE,DE,DE,DE,DE,DE,DE-,DE,DE,DE,DE,DE,DE,DE,DE-,DE-,DE,DE,DE,DE,DE,DE,DE,DE,DE,DE,DE,DE,DE,DE,DE,DE,DE,DE,DE,DE,DE,DE,DE,DE,DE,DE,DE,DE,DE,DE,DE,DE,DE,DE,DE,DE,DE,DE,DE,DE,DE,DE,DE,DE,DE,DE,DE,DE,DE,DE,DE,DE,DE,DE,DE,DE,DE,DE,DE+,DE,DE,DE,DE,DE,DE,DE,DE,DE,DE,DE,DE,DE,DE,DE,DE,DE,DE,DE+,DE,DE,DE,DE,DE,DE,DE,DE,DE,DE,DE,DE,DE,DE,DE,DE,DE,DE,DE,DE,DE,DE-,DE-,DE-,DE,DE,DE,DE,DE,DE,DE,DE,DE,DE,DE,DE,DE,DE,DE,DE,DE+,DE,DE,DE,DE,DE+,DE,DE,DE,DE,DE,DE,DE,DE,DE,DE,DE,DE,DE,DE,DE,DE,DE,DE,DE,DE,DE,DE,DE,DE,DE,DE,DE,DE,DE,DE,DE,DE,DE,DE,DE,DE,DE,DE,DE,DE,DE,DE,DE,DE,DE+,DE,DE,DE,DE,DE,DE,DE,DE,DE,DE,DE,DE,DE,DE,DE,DE,DE,DE,DE,DE,DE,DE,DE,DE,DE,DE,DE,DE,DE,DE,DE,DE,DE,DE,DE,DE,DE,DE,DE,DE,DE,DE,DE,DE,DE,DE,DE,DE,DE,DE,DE,DE,DE,DE+,DE,DE,DE,DE,DE,DE,X,DE,DE,DE,DE+,DE,DE,DE,DE,DE,DE,DE,DE,DE,DE,DE,DE,DE,DE,DE,DE,DE,DE,DE,DE,DE,DE,DE,DE,DE,DE,DE,DE,DE,DE,DE,DE,DE,DE,DE,DE,DE,DE,DE,DE,DE,DE,DE,DE,DE,DE,DE,DE,DE,DE,DE,DE,DE,DE,DE,DE,DE,DE,DE,DE,DE,DE,DE,DE,DE,DE,DE,DE,DE,DE,DE,DE,DE,DE,DE,DE,DE,DE,DE,DE,DE,DE,DE,DE,DE,DE,DE,DE,DE,DE,DE,DE,DE,DE,DE,DE,DE,DE,DE,DE,DE,DE,DE,DE,DE,DE,DE,DE,DE,DE,DE,DE,DE,DE,DE,DE,DE,DE,DE,DE,DE,DE,DE-,DE,DE,DE,DE,DE,DE,DE,DE,DE,DE-,DE,DE,DE
292,[292] OCTANES,C+,C+,C,C,C,C,C,C,C,C,C,C,C,C,C,C,C,C,C,C,C,C,C,C,C,C,C,C,C,C,C,C,C,C,C,C,C,C,C,C,C,C-,C,C,C,C,C,C,C,C,C,C-,C,C,C,C,C,C,C,C-,C-,C,C,C,C,C,C,C,C,C,C,C,C,C,C,C,C,C,C,C,C,C,C,C,C,C,C,C,C,C,C,C,C,C,C,C,C,C,C,C,C,C,C,C,C,C,C,C,C,C,C,C,C,C,C,C,C,C,C,C+,C,C,C,C,C,C,C,C,C,C,C,C,C,C,C,C,C,C,C+,C,C,C,C,C,C,C,C,C,C,C,C,C,C,C,C,C,C,C,C,C,C-,C-,C-,C,C,C,C,C,C,C,C,C,C,C,C,C,C,C,C,C+,C,C,C,C,C+,C,C,C,C,C,C,C,C,C,C,C,C,C,C,C,C,C,C,C,C,C,C,C,C,C,C,C,C,C,C,C,C,C,C,C,C,C,C,C,C,C,C,C,C,C+,C,C,C,C,C,C,C,C,C,C,C,C,C,C,C,C,C,C,C,C,C,C,C,C,C,C,C,C,C,C,C,C,C,C,C,C,C,C,C,C,C,C,C,C,C,C,C,C,C,C,C,C,C,C+,C,C,C,C,C,C,C,X,C,C,C+,C,C,C,C,C,C,C,C,C,C,C,C,C,C,C,C,C,C,C,C,C,C,C,C,C,C,C,C,C,C,C,C,C,C,C,C,C,C,C,C,C,C,C,C,C,C,C,C,C,C,C,C,C,C,C,C,C,C,C,C,C,C,C,C,C,C,C,C,C,C,C,C,C,C,C,C,C,C,C,C,C,C,C,C,C,C,C,C,C,C,C,C,C,C,C,C,C,C,C,C,C,C,C,C,C,C,C,C,C,C,C,C,C,C,C,C,C,C,C,C,C,C,C-,C,C,C,C,C,C,C,C,C,C-,C,C,C
293,Octanoic Acid (All Isomers),PB+,PB+,PB,PB,PB,PB,PB,PB,PB,PB,PB,PB,PB,PB,PB,PB,PB,PB,PB,PB,PB,PB,PB,PB,PB,PB,PB,PB,PB,PB,PB,PB,PB,PB,PB,PB,PB,PB,PB,PB,PB,PB-,PB,PB,PB,PB,PB,PB,PB,PB,PB,PB-,PB,PB,PB,PB,PB,PB,PB,PB-,PB-,PB,PB,PB,PB,PB,PB,PB,PB,PB,PB,PB,PB,PB,PB,PB,PB,PB,PB,PB,PB,PB,PB,PB,PB,PB,PB,PB,PB,PB,PB,PB,PB,PB,PB,PB,PB,PB,PB,PB,PB,PB,PB,PB,PB,PB,PB,PB,PB,PB,PB,PB,PB,PB,PB,PB,PB,PB,PB,PB+,PB,PB,PB,PB,PB,PB,PB,PB,PB,PB,PB,PB,PB,PB,PB,PB,PB,PB,PB+,PB,PB,PB,PB,PB,PB,PB,PB,PB,PB,PB,PB,PB,PB,PB,PB,PB,PB,PB,PB,PB,PB-,PB-,PB-,PB,PB,PB,PB,PB,PB,PB,PB,PB,PB,PB,PB,PB,PB,PB,PB,PB+,PB,PB,PB,PB,PB+,PB,PB,PB,PB,PB,PB,PB,PB,PB,PB,PB,PB,PB,PB,PB,PB,PB,PB,PB,PB,PB,PB,PB,PB,PB,PB,PB,PB,PB,PB,PB,PB,PB,PB,PB,PB,PB,PB,PB,PB,PB,PB,PB,PB,PB+,PB,PB,PB,PB,PB,PB,PB,PB,PB,PB,PB,PB,PB,PB,PB,PB,PB,PB,PB,PB,PB,PB,PB,PB,PB,PB,PB,PB,PB,PB,PB,PB,PB,PB,PB,PB,PB,PB,PB,PB,PB,PB,PB,PB,PB,PB,PB,PB,PB,PB,PB,PB,PB,PB+,PB,PB,PB,PB,PB,PB,PB,PB,X,PB,PB+,PB,PB,PB,PB,PB,PB,PB,PB,PB,PB,PB,PB,PB,PB,PB,PB,PB,PB,PB,PB,PB,PB,PB,PB,PB,PB,PB,PB,PB,PB,PB,PB,PB,PB,PB,PB,PB,PB,PB,PB,PB,PB,PB,PB,PB,PB,PB,PB,PB,PB,PB,PB,PB,PB,PB,PB,PB,PB,PB,PB,PB,PB,PB,PB,PB,PB,PB,PB,PB,PB,PB,PB,PB,PB,PB,PB,PB,PB,PB,PB,PB,PB,PB,PB,PB,PB,PB,PB,PB,PB,PB,PB,PB,PB,PB,PB,PB,PB,PB,PB,PB,PB,PB,PB,PB,PB,PB,PB,PB,PB,PB,PB,PB,PB,PB,PB,PB,PB,PB,PB,PB,PB,PB-,PB,PB,PB,PB,PB,PB,PB,PB,PB,PB-,PB,PB,PB
294,1-Octanol,DD+,DD+,DD,DD,DD,DD,DD,DD,DD,DD,DD,DD,DD,DD,DD,DD,DD,DD,DD,DD,DD,DD,DD,DD,DD,DD,DD,DD,DD,DD,DD,DD,DD,DD,DD,DD,DD,DD,DD,DD,DD,DD-,DD,DD,DD,DD,DD,DD,DD,DD,DD,DD-,DD,DD,DD,DD,DD,DD,DD,DD-,DD-,DD,DD,DD,DD,DD,DD,DD,DD,DD,DD,DD,DD,DD,DD,DD,DD,DD,DD,DD,DD,DD,DD,DD,DD,DD,DD,DD,DD,DD,DD,DD,DD,DD,DD,DD,DD,DD,DD,DD,DD,DD,DD,DD,DD,DD,DD,DD,DD,DD,DD,DD,DD,DD,DD,DD,DD,DD,DD,DD+,DD,DD,DD,DD,DD,DD,DD,DD,DD,DD,DD,DD,DD,DD,DD,DD,DD,DD,DD+,DD,DD,DD,DD,DD,DD,DD,DD,DD,DD,DD,DD,DD,DD,DD,DD,DD,DD,DD,DD,DD,DD-,DD-,DD-,DD,DD,DD,DD,DD,DD,DD,DD,DD,DD,DD,DD,DD,DD,DD,DD,DD+,DD,DD,DD,DD,DD+,DD,DD,DD,DD,DD,DD,DD,DD,DD,DD,DD,DD,DD,DD,DD,DD,DD,DD,DD,DD,DD,DD,DD,DD,DD,DD,DD,DD,DD,DD,DD,DD,DD,DD,DD,DD,DD,DD,DD,DD,DD,DD,DD,DD,DD+,DD,DD,DD,DD,DD,DD,DD,DD,DD,DD,DD,DD,DD,DD,DD,DD,DD,DD,DD,DD,DD,DD,DD,DD,DD,DD,DD,DD,DD,DD,DD,DD,DD,DD,DD,DD,DD,DD,DD,DD,DD,DD,DD,DD,DD,DD,DD,DD,DD,DD,DD,DD,DD,DD+,DD,DD,DD,DD,DD,DD,DD,DD,DD,X,DD+,DD,DD,DD,DD,DD,DD,DD,DD,DD,DD,DD,DD,DD,DD,DD,DD,DD,DD,DD,DD,DD,DD,DD,DD,DD,DD,DD,DD,DD,DD,DD,DD,DD,DD,DD,DD,DD,DD,DD,DD,DD,DD,DD,DD,DD,DD,DD,DD,DD,DD,DD,DD,DD,DD,DD,DD,DD,DD,DD,DD,DD,DD,DD,DD,DD,DD,DD,DD,DD,DD,DD,DD,DD,DD,DD,DD,DD,DD,DD,DD,DD,DD,DD,DD,DD,DD,DD,DD,DD,DD,DD,DD,DD,DD,DD,DD,DD,DD,DD,DD,DD,DD,DD,DD,DD,DD,DD,DD,DD,DD,DD,DD,DD,DD,DD,DD,DD,DD,DD,DD,DD,DD,DD-,DD,DD,DD,DD,DD,DD,DD,DD,DD,DD-,DD,DD,DD
295,Octenes (Mixed Isomers),C+,C+,C,C,C,C,C,C,C,C,C,C,C,C,C,C,C,C,C,C,C,C,C,C,C,C,C,C,C,C,C,C,C,C,C,C,C,C,C,C,C,C-,C,C,C,C,C,C,C,C,C,C-,C,C,C,C,C,C,C,C-,C-,C,C,C,C,C,C,C,C,C,C,C,C,C,C,C,C,C,C,C,C,C,C,C,C,C,C,C,C,C,C,C,C,C,C,C,C,C,C,C,C,C,C,C,C,C,C,C,C,C,C,C,C,C,C,C,C,C,C,C+,C,C,C,C,C,C,C,C,C,C,C,C,C,C,C,C,C,C,C+,C,C,C,C,C,C,C,C,C,C,C,C,C,C,C,C,C,C,C,C,C,C-,C-,C-,C,C,C,C,C,C,C,C,C,C,C,C,C,C,C,C,C+,C,C,C,C,C+,C,C,C,C,C,C,C,C,C,C,C,C,C,C,C,C,C,C,C,C,C,C,C,C,C,C,C,C,C,C,C,C,C,C,C,C,C,C,C,C,C,C,C,C,C+,C,C,C,C,C,C,C,C,C,C,C,C,C,C,C,C,C,C,C,C,C,C,C,C,C,C,C,C,C,C,C,C,C,C,C,C,C,C,C,C,C,C,C,C,C,C,C,C,C,C,C,C,C,C+,C,C,C,C,C,C,C,C,C,C,X+,C,C,C,C,C,C,C,C,C,C,C,C,C,C,C,C,C,C,C,C,C,C,C,C,C,C,C,C,C,C,C,C,C,C,C,C,C,C,C,C,C,C,C,C,C,C,C,C,C,C,C,C,C,C,C,C,C,C,C,C,C,C,C,C,C,C,C,C,C,C,C,C,C,C,C,C,C,C,C,C,C,C,C,C,C,C,C,C,C,C,C,C,C,C,C,C,C,C,C,C,C,C,C,C,C,C,C,C,C,C,C,C,C,C,C,C,C,C,C,C,C,C,C-,C,C,C,C,C,C,C,C,C,C-,C,C,C
296,[296] OLEFINS (C13+),IJ+,IJ+,IJ,IJ,IJ,IJ,IJ,IJ,IJ,IJ,IJ,IJ,IJ,IJ,IJ,IJ,IJ,IJ,IJ,DF,IJ,IJ,IJ,IJ,IJ,IJ,IJ,IJ,DF,DF,DF,DF,IJ,IJ,IJ,IJ,IJ,IJ,IJ,IJ,IJ,DF-,IJ,DF,IJ,IJ,IJ,IJ,IJ,IJ,IJ,DF-,DF,DF,DF,IJ,DF,IJ,IJ,DF-,DF-,IJ,DF,IJ,IJ,IJ,IJ,IJ,IJ,IJ,IJ,IJ,IJ,IJ,IJ,IJ,IJ,IJ,IJ,IJ,DF,IJ,IJ,IJ,IJ,IJ,IJ,IJ,IJ,IJ,IJ,IJ,IJ,IJ,IJ,IJ,IJ,IJ,IJ,IJ,IJ,IJ,IJ,IJ,IJ,IJ,IJ,IJ,IJ,IJ,IJ,IJ,IJ,IJ,IJ,IJ,IJ,IJ,IJ,IJ+,IJ,IJ,IJ,IJ,IJ,IJ,IJ,IJ,IJ,IJ,IJ,IJ,IJ,IJ,IJ,IJ,IJ,IJ,IJ+,IJ,IJ,IJ,IJ,IJ,IJ,IJ,IJ,IJ,IJ,IJ,IJ,IJ,DF,DF,DF,IJ,IJ,IJ,IJ,IJ,DF-,DF-,DF-,IJ,IJ,DF,DF,DF,DF,DF,DF,IJ,IJ,IJ,IJ,DF,IJ,IJ,IJ,IJ+,IJ,IJ,IJ,IJ,IJ+,IJ,IJ,DF,IJ,DF,IJ,IJ,IJ,IJ,IJ,IJ,DF,IJ,IJ,IJ,IJ,IJ,IJ,IJ,IJ,IJ,IJ,IJ,IJ,IJ,DF,DF,IJ,IJ,DF,IJ,DF,IJ,DF,IJ,DF,DF,DF,IJ,IJ,IJ,IJ,IJ,IJ,IJ+,IJ,IJ,IJ,IJ,IJ,IJ,IJ,IJ,IJ,IJ,IJ,IJ,IJ,IJ,IJ,IJ,IJ,IJ,IJ,IJ,IJ,IJ,IJ,IJ,DF,IJ,DF,DF,IJ,IJ,DF,DF,IJ,IJ,IJ,IJ,IJ,IJ,IJ,IJ,IJ,IJ,IJ,IJ,IJ,IJ,IJ,IJ,IJ,IJ,IJ,IJ,IJ,IJ+,IJ,IJ,IJ,IJ,IJ,IJ,IJ,IJ,IJ,IJ,IJ+,X,DF,IJ,IJ,IJ,IJ,IJ,DF,DF,DF,DF,DF,DF,DF,DF,DF,DF,DF,DF,DF,IJ,IJ,IJ,IJ,IJ,IJ,IJ,IJ,IJ,IJ,IJ,IJ,IJ,IJ,IJ,IJ,IJ,IJ,IJ,DF,IJ,IJ,IJ,IJ,IJ,IJ,IJ,IJ,IJ,IJ,IJ,IJ,IJ,IJ,IJ,DF,DF,DF,IJ,DF,IJ,DF,IJ,IJ,DF,DF,IJ,DF,DF,IJ,IJ,IJ,IJ,IJ,DF,IJ,IJ,IJ,IJ,DF,DF,DF,DF,IJ,IJ,IJ,IJ,IJ,IJ,IJ,IJ,IJ,IJ,IJ,IJ,IJ,IJ,IJ,IJ,IJ,IJ,IJ,IJ,IJ,IJ,IJ,IJ,IJ,IJ,IJ,IJ,IJ,IJ,DF,DF,DF,IJ,DF,DF,DF,DF,DF,DF-,IJ,IJ,DF,DF,DF,IJ,IJ,IJ,IJ,DF-,IJ,IJ,IJ
297,Oleic Acid,PB+,PB+,PB,PB,PB,PB,PB,PB,PB,PB,PB,PB,PB,PB,PB,PB,PB,PB,PB,PB,HY,HY,HY,PB,PB,PB,PB,PB,PB,PB,PB,PB,PB,PB,PB,PB,PB,PB,PB,PB,PB,PB-,PB,PB,PB,PB,PB,PB,PB,PB,PB,PB-,PB,PB,PB,PB,PB,PB,PB,PB-,PB-,PB,PB,PB,PB,PB,PB,PB,PB,PB,PB,PB,PB,PB,PB,PB,PB,PB,PB,PB,PB,PB,PB,PB,PB,PB,PB,PB,PB,PB,PB,PB,PB,PB,PB,PB,PB,PB,PB,PB,PB,PB,PB,PB,PB,PB,PB,PB,PB,PB,PB,PB,PB,PB,PB,PB,PB,PB,PB,PB+,PB,PB,PB,PB,PB,PB,PB,PB,PB,PB,PB,PB,PB,PB,PB,PB,PB,PB,PB+,PB,PB,PB,PB,PB,PB,PB,PB,PB,PB,PB,PB,PB,PB,PB,PB,PB,PB,PB,PB,PB,PB-,PB-,PB-,PB,PB,PB,PB,PB,PB,PB,PB,PB,PB,PB,PB,PB,PB,PB,PB,PB+,PB,PB,PB,PB,PB+,PB,PB,PB,PB,PB,PB,PB,PB,PB,PB,PB,PB,PB,PB,PB,PB,PB,PB,PB,PB,PB,PB,PB,PB,HY,PB,PB,PB,PB,PB,PB,PB,PB,PB,PB,PB,PB,PB,PB,PB,PB,PB,PB,PB,PB+,PB,PB,PB,PB,PB,PB,PB,PB,PB,PB,PB,PB,PB,PB,PB,PB,PB,PB,PB,PB,PB,PB,PB,PB,PB,PB,PB,PB,PB,PB,PB,PB,PB,PB,PB,PB,PB,PB,PB,PB,PB,PB,PB,PB,PB,PB,PB,PB,PB,PB,PB,PB,PB,PB+,PB,PB,PB,PB,PB,PB,PB,PB,PB,PB,PB+,PB,X,PB,PB,PB,PB,PB,PB,PB,PB,PB,PB,PB,PB,PB,PB,PB,PB,PB,PB,PB,PB,PB,PB,PB,PB,PB,PB,PB,PB,PB,PB,PB,PB,PB,PB,PB,PB,PB,PB,PB,PB,PB,PB,PB,PB,PB,PB,PB,PB,PB,PB,PB,PB,PB,PB,PB,PB,PB,PB,PB,PB,PB,PB,PB,PB,PB,PB,PB,PB,PB,PB,PB,PB,PB,PB,PB,PB,PB,PB,PB,PB,PB,PB,PB,PB,PB,PB,PB,PB,PB,PB,PB,PB,PB,PB,PB,PB,PB,PB,PB,PB,PB,PB,PB,PB,PB,PB,PB,PB,PB,PB,PB,PB,PB,PB,PB,PB,PB,PB,PB,PB,PB-,PB,PB,PB,PB,PB,PB,PB,PB,PB,PB-,PB,PB,PB
298,Olive Oil,P+,P+,P,P,P,P,P,P,P,P,P,P,P,P,P,P,P,P,P,P,HY,HY,HY,P,P,P,P,P,P,P,P,P,P,P,P,P,P,P,P,P,P,P-,P,P,P,P,P,P,P,P,P,P-,P,P,P,P,P,P,P,P-,P-,P,P,P,P,P,P,P,P,P,P,P,P,P,P,P,P,P,P,P,P,P,P,P,P,P,P,P,P,P,P,P,P,P,P,P,P,P,P,P,P,P,P,P,P,P,P,P,P,P,P,P,P,P,P,P,P,P,P,P+,P,P,P,P,P,P,P,P,P,P,P,P,P,P,P,P,P,P,P+,P,P,P,P,P,P,P,P,P,P,P,P,P,P,P,P,P,P,P,P,P,P-,P-,P-,P,P,P,P,P,P,P,P,P,P,P,P,P,P,P,P,P+,P,P,P,P,P+,P,P,P,P,P,P,P,P,P,P,P,P,P,P,P,P,P,P,P,P,P,P,P,P,HY,P,P,P,P,P,P,P,P,P,P,P,P,P,P,P,P,P,P,P,P+,P,P,P,P,P,P,P,P,P,P,P,P,P,P,P,P,P,P,P,P,P,P,P,P,P,P,P,P,P,P,P,P,P,P,P,P,P,P,P,P,P,P,P,P,P,P,P,P,P,P,P,P,P,P+,P,P,P,P,P,P,P,P,P,P,P+,P,P,X,P,P,P,P,P,P,P,P,P,P,P,P,P,P,P,P,P,P,P,P,P,P,P,P,P,P,P,P,P,P,P,P,P,P,P,P,P,P,P,P,P,P,P,P,P,P,P,P,P,P,P,P,P,P,P,P,P,P,P,P,P,P,P,P,P,P,P,P,P,P,P,P,P,P,P,P,P,P,P,P,P,P,P,P,P,P,P,P,P,P,P,P,P,P,P,P,P,P,P,P,P,P,P,P,P,P,P,P,P,P,P,P,P,P,P,P,P,P,P,P-,P,P,P,P,P,P,P,P,P,P-,P,P,P
299,O-Nitrophenol (Molten),DG+,DG+,DG,DG,DG,DG,DG,DG,DG,DG,DG,DG,DG,DG,DG,DG,DG,DG,DG,DE,DG,DG,DG,DG,DG,DG,DG,DG,DE,DE,DE,DE,DG,DG,DG,DG,DG,DG,DG,DG,DG,DE-,DG,DG,DG,DG,DG,DG,DG,DG,DG,DE-,DE,DG,DG,DG,DE,DG,DG,DE-,DE-,DG,DE,DG,DG,DG,DG,DG,DG,DG,DG,DG,DG,DG,DG,DG,DG,DG,DG,DG,DE,DG,DG,DG,DG,DG,DG,DG,DG,DG,DG,DG,DG,DG,DG,DG,DG,DG,DG,DG,DG,DG,DG,DG,DG,DG,DG,DG,DG,DG,DG,DG,DG,DG,DG,DG,DG,DG,DG,DG+,DG,DG,DG,DG,DG,DG,DG,DG,DG,DG,DG,DG,DG,DG,DG,DG,DG,DG,DG+,DG,DG,DG,DG,DG,DG,DG,DG,DG,DG,DG,DG,DG,DE,DG,DG,DG,DG,DG,DG,DG,DE-,DE-,DE-,DG,DG,DE,DE,DE,DE,DE,DE,DG,DG,DG,DG,DG,DG,DG,DG,DG+,DG,DG,DG,DG,DG+,DG,DG,DE,DG,DE,DG,DG,DG,DG,DG,DG,DE,DG,DG,DG,DG,DG,DG,DG,DG,DG,DG,DG,DG,DG,DE,DE,DG,DG,DG,DG,DG,DG,DE,DG,DG,DG,DG,DG,DG,DG,DG,DG,DG,DG+,DG,DG,DG,DG,DG,DG,DG,DG,DG,DG,DG,DG,DG,DG,DG,DG,DG,DG,DG,DG,DG,DG,DG,DG,DG,DG,DE,DG,DG,DG,DE,DE,DG,DG,DG,DG,DG,DG,DG,DG,DG,DG,DG,DG,DG,DG,DG,DG,DG,DG,DG,DG,DG,DG+,DG,DG,DG,DG,DG,DG,DG,DG,DG,DG,DG+,DG,DG,DG,X,DG,DG,DG,DG,DG,DG,DG,DE,DG,DG,DG,DG,DG,DG,DG,DG,DG,DG,DG,DG,DG,DG,DG,DG,DG,DG,DG,DG,DG,DG,DG,DG,DG,DG,DG,DE,DG,DG,DG,DG,DG,DG,DG,DG,DG,DG,DG,DG,DG,DG,DG,DE,DG,DG,DG,DE,DG,DE,DG,DG,DE,DE,DG,DE,DE,DG,DG,DG,DG,DG,DG,DG,DG,DG,DG,DG,DE,DE,DG,DG,DG,DG,DG,DG,DG,DG,DG,DG,DG,DG,DG,DG,DG,DG,DG,DG,DG,DG,DG,DG,DG,DG,DG,DG,DG,DG,DG,DG,DG,DG,DE,DE,DG,DE,DG,DG,DG,DE,DE-,DG,DG,DG,DE,DE,DG,DG,DG,DG,DE-,DG,DG,DG
300,Ortho-Dichlorobenzene,IA+,IA+,IA,IA,IA,IA,IA,IA,IA,IA,IA,IA,IA,IA,IA,IA,IA,IA,IA,D,IA,IA,IA,IA,IA,IA,IA,IA,D,D,D,D,IA,IA,IA,IA,IA,IA,IA,IA,IA,D-,IA,IA,IA,IA,IA,IA,IA,IA,IA,D-,D,IA,IA,IA,D,IA,IA,D-,D-,IA,D,IA,IA,IA,IA,IA,IA,IA,IA,IA,IA,IA,IA,IA,IA,IA,IA,IA,D,IA,IA,IA,IA,IA,IA,IA,IA,IA,IA,IA,IA,IA,IA,IA,IA,IA,IA,IA,IA,IA,IA,IA,IA,IA,IA,IA,IA,IA,IA,IA,IA,IA,IA,IA,IA,IA,IA,IA+,IA,IA,IA,IA,IA,IA,IA,IA,IA,IA,IA,IA,IA,IA,IA,IA,IA,IA,IA+,IA,IA,IA,IA,IA,IA,IA,IA,IA,IA,IA,IA,IA,D,IA,IA,IA,IA,IA,IA,IA,D-,D-,D-,IA,IA,D,D,D,D,D,D,IA,IA,IA,IA,IA,IA,IA,IA,IA+,IA,IA,IA,IA,IA+,IA,IA,D,IA,D,IA,IA,IA,IA,IA,IA,D,IA,IA,IA,IA,IA,IA,IA,IA,IA,IA,IA,IA,IA,D,D,IA,IA,IA,IA,IA,IA,D,IA,IA,IA,IA,IA,IA,IA,IA,IA,IA,IA+,IA,IA,IA,IA,IA,IA,IA,IA,IA,IA,IA,IA,IA,IA,IA,IA,IA,IA,IA,IA,IA,IA,IA,IA,IA,IA,D,IA,IA,IA,D,D,IA,IA,IA,IA,IA,IA,IA,IA,IA,IA,IA,IA,IA,IA,IA,IA,IA,IA,IA,IA,IA,IA+,IA,IA,IA,IA,IA,IA,IA,IA,IA,IA,IA+,IA,IA,IA,IA,X,IA,IA,IA,IA,IA,IA,D,IA,IA,IA,IA,IA,IA,IA,IA,IA,IA,IA,IA,IA,IA,IA,IA,IA,IA,IA,IA,IA,IA,IA,IA,IA,IA,IA,IA,IA,IA,IA,IA,IA,IA,IA,IA,IA,IA,IA,IA,IA,IA,IA,D,IA,IA,IA,D,IA,D,IA,IA,D,IA,IA,IA,IA,IA,IA,IA,IA,IA,IA,IA,IA,IA,IA,IA,D,D,IA,IA,IA,IA,IA,IA,IA,IA,IA,IA,IA,IA,IA,IA,IA,IA,IA,IA,IA,IA,IA,IA,IA,IA,IA,IA,IA,IA,IA,IA,IA,IA,D,D,IA,IA,IA,IA,IA,D,D-,IA,IA,IA,D,D,IA,IA,IA,IA,D-,IA,IA,IA
301,Ortho-Nitrotoluene,IA+,IA+,IA,IA,IA,IA,IA,IA,IA,IA,IA,IA,IA,IA,IA,IA,IA,IA,IA,D,IA,IA,IA,IA,IA,IA,IA,IA,D,D,D,D,IA,IA,IA,IA,IA,IA,IA,IA,IA,D-,IA,IA,IA,IA,IA,IA,IA,IA,IA,D-,D,IA,IA,IA,D,IA,IA,D-,D-,IA,D,IA,IA,IA,IA,IA,IA,IA,IA,IA,IA,IA,IA,IA,IA,IA,IA,IA,D,IA,IA,IA,IA,IA,IA,IA,IA,IA,IA,IA,IA,IA,IA,IA,IA,IA,IA,IA,IA,IA,IA,IA,IA,IA,IA,IA,IA,IA,IA,IA,IA,IA,IA,IA,IA,IA,IA,IA+,IA,IA,IA,IA,IA,IA,IA,IA,IA,IA,IA,IA,IA,IA,IA,IA,IA,IA,IA+,IA,IA,IA,IA,IA,IA,IA,IA,IA,IA,IA,IA,IA,D,IA,IA,IA,IA,IA,IA,IA,D-,D-,D-,IA,IA,D,D,D,D,D,D,IA,IA,IA,IA,IA,IA,IA,IA,IA+,IA,IA,IA,IA,IA+,IA,IA,D,IA,D,IA,IA,IA,IA,IA,IA,D,IA,IA,IA,IA,IA,IA,IA,IA,IA,IA,IA,IA,IA,D,D,IA,IA,IA,IA,IA,IA,D,IA,IA,IA,IA,IA,IA,IA,IA,IA,IA,IA+,IA,IA,IA,IA,IA,IA,IA,IA,IA,IA,IA,IA,IA,IA,IA,IA,IA,IA,IA,IA,IA,IA,IA,IA,IA,IA,D,IA,IA,IA,D,D,IA,IA,IA,IA,IA,IA,IA,IA,IA,IA,IA,IA,IA,IA,IA,IA,IA,IA,IA,IA,IA,IA+,IA,IA,IA,IA,IA,IA,IA,IA,IA,IA,IA+,IA,IA,IA,IA,IA,X,IA,IA,IA,IA,IA,D,IA,IA,IA,IA,IA,IA,IA,IA,IA,IA,IA,IA,IA,IA,IA,IA,IA,IA,IA,IA,IA,IA,IA,IA,IA,IA,IA,IA,IA,IA,IA,IA,IA,IA,IA,IA,IA,IA,IA,IA,IA,IA,IA,D,IA,IA,IA,D,IA,D,IA,IA,D,IA,IA,IA,IA,IA,IA,IA,IA,IA,IA,IA,IA,IA,IA,IA,D,D,IA,IA,IA,IA,IA,IA,IA,IA,IA,IA,IA,IA,IA,IA,IA,IA,IA,IA,IA,IA,IA,IA,IA,IA,IA,IA,IA,IA,IA,IA,IA,IA,D,D,IA,IA,IA,IA,IA,D,D-,IA,IA,IA,D,D,IA,IA,IA,IA,D-,IA,IA,IA
302,Ortho-Toluidine,D+,D+,D,D,D,D,D,D,D,D,D,D,D,D,D,D,D,D,D,D,D,D,D,D,D,D,D,D,D,D,D,D,D,D,D,D,D,D,D,D,D,D-,D,D,D,D,D,D,D,D,D,D-,D,D,D,D,D,D,D,D-,D-,D,D,D,D,D,D,D,D,D,D,D,D,D,D,D,D,D,D,D,D,D,D,D,D,D,D,D,D,D,D,D,D,D,D,D,D,D,D,D,D,D,D,D,D,D,D,D,D,D,D,D,D,D,D,D,D,D,D,D+,D,D,D,D,D,D,D,D,D,D,D,D,D,D,D,D,D,D,D+,D,D,D,D,D,D,D,D,D,D,D,D,D,D,D,D,D,D,D,D,D,D-,D-,D-,D,D,D,D,D,D,D,D,D,D,D,D,D,D,D,D,D+,D,D,D,D,D+,D,D,D,D,D,D,D,D,D,D,D,D,D,D,D,D,D,D,D,D,D,D,D,D,D,D,D,D,D,D,D,D,D,D,D,D,D,D,D,D,D,D,D,D,D+,D,D,D,D,D,D,D,D,D,D,D,D,D,D,D,D,D,D,D,D,D,D,D,D,D,D,D,D,D,D,D,D,D,D,D,D,D,D,D,D,D,D,D,D,D,D,D,D,D,D,D,D,D,D+,D,D,D,D,D,D,D,D,D,D,D+,D,D,D,D,D,D,X,D,D,D,D,D,D,D,D,D,D,D,D,D,D,D,D,D,D,D,D,D,D,D,D,D,D,D,D,D,D,D,D,D,D,D,D,D,D,D,D,D,D,D,D,D,D,D,D,D,D,D,D,D,D,D,D,D,D,D,D,D,D,D,D,D,D,D,D,D,D,D,D,D,D,D,D,D,D,D,D,D,D,D,D,D,D,D,D,D,D,D,D,D,D,D,D,D,D,D,D,D,D,D,D,D,D,D,D,D,D,D,D,D,D,D,D-,D,D,D,D,D,D,D,D,D,D-,D,D,D
303,Palm Fatty Acid Distillate,PB+,PB+,PB,PB,PB,PB,PB,PB,PB,PB,PB,PB,PB,PB,PB,PB,PB,PB,PB,PB,HY,HY,HY,PB,PB,PB,PB,PB,PB,PB,PB,PB,PB,PB,PB,PB,PB,PB,PB,PB,PB,PB-,PB,PB,PB,PB,PB,PB,PB,PB,PB,PB-,PB,PB,PB,PB,PB,PB,PB,PB-,PB-,PB,PB,PB,PB,PB,PB,PB,PB,PB,PB,PB,PB,PB,PB,PB,PB,PB,PB,PB,PB,PB,PB,PB,PB,PB,PB,PB,PB,PB,PB,PB,PB,PB,PB,PB,PB,PB,PB,PB,PB,PB,PB,PB,PB,PB,PB,PB,PB,PB,PB,PB,PB,PB,PB,PB,PB,PB,PB,PB+,PB,PB,PB,PB,PB,PB,PB,PB,PB,PB,PB,PB,PB,PB,PB,PB,PB,PB,PB+,PB,PB,PB,PB,PB,PB,PB,PB,PB,PB,PB,PB,PB,PB,PB,PB,PB,PB,PB,PB,PB,PB-,PB-,PB-,PB,PB,PB,PB,PB,PB,PB,PB,PB,PB,PB,PB,PB,PB,PB,PB,PB+,PB,PB,PB,PB,PB+,PB,PB,PB,PB,PB,PB,PB,PB,PB,PB,PB,PB,PB,PB,PB,PB,PB,PB,PB,PB,PB,PB,PB,PB,HY,PB,PB,PB,PB,PB,PB,PB,PB,PB,PB,PB,PB,PB,PB,PB,PB,PB,PB,PB,PB+,PB,PB,PB,PB,PB,PB,PB,PB,PB,PB,PB,PB,PB,PB,PB,PB,PB,PB,PB,PB,PB,PB,PB,PB,PB,PB,PB,PB,PB,PB,PB,PB,PB,PB,PB,PB,PB,PB,PB,PB,PB,PB,PB,PB,PB,PB,PB,PB,PB,PB,PB,PB,PB,PB+,PB,PB,PB,PB,PB,PB,PB,PB,PB,PB,PB+,PB,PB,PB,PB,PB,PB,PB,X,PB,PB,PB,PB,PB,PB,PB,PB,PB,PB,PB,PB,PB,PB,PB,PB,PB,PB,PB,PB,PB,PB,PB,PB,PB,PB,PB,PB,PB,PB,PB,PB,PB,PB,PB,PB,PB,PB,PB,PB,PB,PB,PB,PB,PB,PB,PB,PB,PB,PB,PB,PB,PB,PB,PB,PB,PB,PB,PB,PB,PB,PB,PB,PB,PB,PB,PB,PB,PB,PB,PB,PB,PB,PB,PB,PB,PB,PB,PB,PB,PB,PB,PB,PB,PB,PB,PB,PB,PB,PB,PB,PB,PB,PB,PB,PB,PB,PB,PB,PB,PB,PB,PB,PB,PB,PB,PB,PB,PB,PB,PB,PB,PB,PB,PB-,PB,PB,PB,PB,PB,PB,PB,PB,PB,PB-,PB,PB,PB
304,Palm Kernel Fatty Acid Distillate,PB+,PB+,PB,PB,PB,PB,PB,PB,PB,PB,PB,PB,PB,PB,PB,PB,PB,PB,PB,PB,HY,HY,HY,PB,PB,PB,PB,PB,PB,PB,PB,PB,PB,PB,PB,PB,PB,PB,PB,PB,PB,PB-,PB,PB,PB,PB,PB,PB,PB,PB,PB,PB-,PB,PB,PB,PB,PB,PB,PB,PB-,PB-,PB,PB,PB,PB,PB,PB,PB,PB,PB,PB,PB,PB,PB,PB,PB,PB,PB,PB,PB,PB,PB,PB,PB,PB,PB,PB,PB,PB,PB,PB,PB,PB,PB,PB,PB,PB,PB,PB,PB,PB,PB,PB,PB,PB,PB,PB,PB,PB,PB,PB,PB,PB,PB,PB,PB,PB,PB,PB,PB+,PB,PB,PB,PB,PB,PB,PB,PB,PB,PB,PB,PB,PB,PB,PB,PB,PB,PB,PB+,PB,PB,PB,PB,PB,PB,PB,PB,PB,PB,PB,PB,PB,PB,PB,PB,PB,PB,PB,PB,PB,PB-,PB-,PB-,PB,PB,PB,PB,PB,PB,PB,PB,PB,PB,PB,PB,PB,PB,PB,PB,PB+,PB,PB,PB,PB,PB+,PB,PB,PB,PB,PB,PB,PB,PB,PB,PB,PB,PB,PB,PB,PB,PB,PB,PB,PB,PB,PB,PB,PB,PB,HY,PB,PB,PB,PB,PB,PB,PB,PB,PB,PB,PB,PB,PB,PB,PB,PB,PB,PB,PB,PB+,PB,PB,PB,PB,PB,PB,PB,PB,PB,PB,PB,PB,PB,PB,PB,PB,PB,PB,PB,PB,PB,PB,PB,PB,PB,PB,PB,PB,PB,PB,PB,PB,PB,PB,PB,PB,PB,PB,PB,PB,PB,PB,PB,PB,PB,PB,PB,PB,PB,PB,PB,PB,PB,PB+,PB,PB,PB,PB,PB,PB,PB,PB,PB,PB,PB+,PB,PB,PB,PB,PB,PB,PB,PB,X,PB,PB,PB,PB,PB,PB,PB,PB,PB,PB,PB,PB,PB,PB,PB,PB,PB,PB,PB,PB,PB,PB,PB,PB,PB,PB,PB,PB,PB,PB,PB,PB,PB,PB,PB,PB,PB,PB,PB,PB,PB,PB,PB,PB,PB,PB,PB,PB,PB,PB,PB,PB,PB,PB,PB,PB,PB,PB,PB,PB,PB,PB,PB,PB,PB,PB,PB,PB,PB,PB,PB,PB,PB,PB,PB,PB,PB,PB,PB,PB,PB,PB,PB,PB,PB,PB,PB,PB,PB,PB,PB,PB,PB,PB,PB,PB,PB,PB,PB,PB,PB,PB,PB,PB,PB,PB,PB,PB,PB,PB,PB,PB,PB,PB-,PB,PB,PB,PB,PB,PB,PB,PB,PB,PB-,PB,PB,PB
305,Palm Mid Fraction,P+,P+,P,P,P,P,P,P,P,P,P,P,P,P,P,P,P,P,P,P,HY,HY,HY,P,P,P,P,P,P,P,P,P,P,P,P,P,P,P,P,P,P,P-,P,P,P,P,P,P,P,P,P,P-,P,P,P,P,P,P,P,P-,P-,P,P,P,P,P,P,P,P,P,P,P,P,P,P,P,P,P,P,P,P,P,P,P,P,P,P,P,P,P,P,P,P,P,P,P,P,P,P,P,P,P,P,P,P,P,P,P,P,P,P,P,P,P,P,P,P,P,P,P+,P,P,P,P,P,P,P,P,P,P,P,P,P,P,P,P,P,P,P+,P,P,P,P,P,P,P,P,P,P,P,P,P,P,P,P,P,P,P,P,P,P-,P-,P-,P,P,P,P,P,P,P,P,P,P,P,P,P,P,P,P,P+,P,P,P,P,P+,P,P,P,P,P,P,P,P,P,P,P,P,P,P,P,P,P,P,P,P,P,P,P,P,HY,P,P,P,P,P,P,P,P,P,P,P,P,P,P,P,P,P,P,P,P+,P,P,P,P,P,P,P,P,P,P,P,P,P,P,P,P,P,P,P,P,P,P,P,P,P,P,P,P,P,P,P,P,P,P,P,P,P,P,P,P,P,P,P,P,P,P,P,P,P,P,P,P,P,P+,P,P,P,P,P,P,P,P,P,P,P+,P,P,P,P,P,P,P,P,P,X,P,P,P,P,P,P,P,P,P,P,P,P,P,P,P,P,P,P,P,P,P,P,P,P,P,P,P,P,P,P,P,P,P,P,P,P,P,P,P,P,P,P,P,P,P,P,P,P,P,P,P,P,P,P,P,P,P,P,P,P,P,P,P,P,P,P,P,P,P,P,P,P,P,P,P,P,P,P,P,P,P,P,P,P,P,P,P,P,P,P,P,P,P,P,P,P,P,P,P,P,P,P,P,P,P,P,P,P,P,P,P,P,P-,P,P,P,P,P,P,P,P,P,P-,P,P,P
306,Palm Oil,P+,P+,P,P,P,P,P,P,P,P,P,P,P,P,P,P,P,P,P,P,HY,HY,HY,P,P,P,P,P,P,P,P,P,P,P,P,P,P,P,P,P,P,P-,P,P,P,P,P,P,P,P,P,P-,P,P,P,P,P,P,P,P-,P-,P,P,P,P,P,P,P,P,P,P,P,P,P,P,P,P,P,P,P,P,P,P,P,P,P,P,P,P,P,P,P,P,P,P,P,P,P,P,P,P,P,P,P,P,P,P,P,P,P,P,P,P,P,P,P,P,P,P,P+,P,P,P,P,P,P,P,P,P,P,P,P,P,P,P,P,P,P,P+,P,P,P,P,P,P,P,P,P,P,P,P,P,P,P,P,P,P,P,P,P,P-,P-,P-,P,P,P,P,P,P,P,P,P,P,P,P,P,P,P,P,P+,P,P,P,P,P+,P,P,P,P,P,P,P,P,P,P,P,P,P,P,P,P,P,P,P,P,P,P,P,P,HY,P,P,P,P,P,P,P,P,P,P,P,P,P,P,P,P,P,P,P,P+,P,P,P,P,P,P,P,P,P,P,P,P,P,P,P,P,P,P,P,P,P,P,P,P,P,P,P,P,P,P,P,P,P,P,P,P,P,P,P,P,P,P,P,P,P,P,P,P,P,P,P,P,P,P+,P,P,P,P,P,P,P,P,P,P,P+,P,P,P,P,P,P,P,P,P,P,X,P,P,P,P,P,P,P,P,P,P,P,P,P,P,P,P,P,P,P,P,P,P,P,P,P,P,P,P,P,P,P,P,P,P,P,P,P,P,P,P,P,P,P,P,P,P,P,P,P,P,P,P,P,P,P,P,P,P,P,P,P,P,P,P,P,P,P,P,P,P,P,P,P,P,P,P,P,P,P,P,P,P,P,P,P,P,P,P,P,P,P,P,P,P,P,P,P,P,P,P,P,P,P,P,P,P,P,P,P,P,P,P-,P,P,P,P,P,P,P,P,P,P-,P,P,P
307,Palm Oil Fatty Acid Methyl Ester,IH+,IH+,IH,IH,IH,DF,IH,IH,IH,IH,IH,IH,IH,IH,IH,IH,IH,IH,IH,DF,HY,HY,HY,IH,IH,IH,IH,IH,DF,DF,DF,DF,IH,IH,IH,IH,IH,IH,IH,IH,IH,DF-,IH,DF,IH,IH,IH,IH,IH,IH,IH,DF-,DF,DF,DF,DF,DF,IH,IH,DF-,DF-,IH,DF,IH,IH,IH,IH,IH,IH,IH,IH,IH,IH,IH,IH,IH,IH,IH,IH,IH,DF,IH,IH,IH,IH,IH,IH,IH,IH,IH,IH,IH,IH,IH,IH,IH,IH,IH,IH,IH,IH,IH,IH,IH,IH,IH,IH,IH,IH,IH,IH,IH,IH,IH,IH,IH,IH,IH,IH,IH+,IH,IH,IH,IH,IH,IH,IH,IH,IH,IH,IH,IH,IH,IH,IH,IH,IH,IH,IH+,IH,IH,IH,IH,IH,IH,IH,IH,IH,IH,IH,IH,IH,DF,DF,DF,IH,IH,IH,IH,IH,DF-,DF-,DF-,IH,IH,DF,DF,DF,DF,DF,DF,IH,IH,IH,IH,DF,IH,IH,IH,IH+,IH,IH,IH,IH,IH+,IH,IH,DF,IH,DF,IH,IH,IH,IH,IH,IH,DF,IH,IH,IH,IH,IH,IH,IH,IH,IH,IH,IH,IH,HY,DF,DF,IH,IH,DF,IH,DF,IH,DF,IH,DF,DF,IH,DF,IH,IH,IH,IH,IH,IH+,IH,IH,IH,IH,IH,IH,IH,IH,IH,IH,IH,IH,IH,IH,IH,IH,IH,IH,IH,IH,IH,IH,IH,IH,DF,IH,DF,DF,IH,IH,DF,DF,IH,IH,IH,IH,IH,IH,IH,IH,IH,IH,IH,IH,IH,IH,IH,IH,IH,IH,IH,IH,IH,IH+,IH,IH,IH,IH,IH,IH,IH,IH,IH,IH,IH+,IH,DF,IH,IH,IH,IH,IH,DF,DF,DF,DF,X,DF,DF,DF,DF,DF,DF,DF,DF,IH,IH,IH,IH,IH,IH,IH,IH,IH,IH,IH,IH,IH,IH,IH,DF,IH,IH,IH,DF,IH,IH,IH,IH,IH,IH,IH,IH,IH,IH,IH,IH,IH,IH,IH,DF,DF,DF,IH,DF,IH,DF,DF,IH,DF,DF,IH,DF,DF,IH,IH,IH,IH,IH,DF,IH,IH,IH,DF,DF,DF,DF,DF,IH,IH,IH,IH,IH,IH,IH,IH,IH,IH,IH,IH,IH,IH,IH,IH,IH,IH,IH,IH,IH,IH,IH,IH,IH,IH,IH,IH,IH,IH,DF,DF,DF,IH,DF,DF,DF,DF,IH,DF-,IH,IH,DF,DF,DF,IH,IH,IH,IH,DF-,IH,IH,IH
308,Palm Oil Mill Effluent,P+,P+,P,P,P,P,P,P,P,P,P,P,P,P,P,P,P,P,P,P,HY,HY,HY,P,P,P,P,P,P,P,P,P,P,P,P,P,P,P,P,P,P,P-,P,P,P,P,P,P,P,P,P,P-,P,P,P,P,P,P,P,P-,P-,P,P,P,P,P,P,P,P,P,P,P,P,P,P,P,P,P,P,P,P,P,P,P,P,P,P,P,P,P,P,P,P,P,P,P,P,P,P,P,P,P,P,P,P,P,P,P,P,P,P,P,P,P,P,P,P,P,P,P+,P,P,P,P,P,P,P,P,P,P,P,P,P,P,P,P,P,P,P+,P,P,P,P,P,P,P,P,P,P,P,P,P,P,P,P,P,P,P,P,P,P-,P-,P-,P,P,P,P,P,P,P,P,P,P,P,P,P,P,P,P,P+,P,P,P,P,P+,P,P,P,P,P,P,P,P,P,P,P,P,P,P,P,P,P,P,P,P,P,P,P,P,HY,P,P,P,P,P,P,P,P,P,P,P,P,P,P,P,P,P,P,P,P+,P,P,P,P,P,P,P,P,P,P,P,P,P,P,P,P,P,P,P,P,P,P,P,P,P,P,P,P,P,P,P,P,P,P,P,P,P,P,P,P,P,P,P,P,P,P,P,P,P,P,P,P,P,P+,P,P,P,P,P,P,P,P,P,P,P+,P,P,P,P,P,P,P,P,P,P,P,P,X,P,P,P,P,P,P,P,P,P,P,P,P,P,P,P,P,P,P,P,P,P,P,P,P,P,P,P,P,P,P,P,P,P,P,P,P,P,P,P,P,P,P,P,P,P,P,P,P,P,P,P,P,P,P,P,P,P,P,P,P,P,P,P,P,P,P,P,P,P,P,P,P,P,P,P,P,P,P,P,P,P,P,P,P,P,P,P,P,P,P,P,P,P,P,P,P,P,P,P,P,P,P,P,P,P,P,P,P,P,P-,P,P,P,P,P,P,P,P,P,P-,P,P,P
309,Palm Oil Mill Effluent Oil Fatty Acid Distillate,PB+,PB+,PB,PB,PB,PB,PB,PB,PB,PB,PB,PB,PB,PB,PB,PB,PB,PB,PB,PB,HY,HY,HY,PB,PB,PB,PB,PB,PB,PB,PB,PB,PB,PB,PB,PB,PB,PB,PB,PB,PB,PB-,PB,PB,PB,PB,PB,PB,PB,PB,PB,PB-,PB,PB,PB,PB,PB,PB,PB,PB-,PB-,PB,PB,PB,PB,PB,PB,PB,PB,PB,PB,PB,PB,PB,PB,PB,PB,PB,PB,PB,PB,PB,PB,PB,PB,PB,PB,PB,PB,PB,PB,PB,PB,PB,PB,PB,PB,PB,PB,PB,PB,PB,PB,PB,PB,PB,PB,PB,PB,PB,PB,PB,PB,PB,PB,PB,PB,PB,PB,PB+,PB,PB,PB,PB,PB,PB,PB,PB,PB,PB,PB,PB,PB,PB,PB,PB,PB,PB,PB+,PB,PB,PB,PB,PB,PB,PB,PB,PB,PB,PB,PB,PB,PB,PB,PB,PB,PB,PB,PB,PB,PB-,PB-,PB-,PB,PB,PB,PB,PB,PB,PB,PB,PB,PB,PB,PB,PB,PB,PB,PB,PB+,PB,PB,PB,PB,PB+,PB,PB,PB,PB,PB,PB,PB,PB,PB,PB,PB,PB,PB,PB,PB,PB,PB,PB,PB,PB,PB,PB,PB,PB,HY,PB,PB,PB,PB,PB,PB,PB,PB,PB,PB,PB,PB,PB,PB,PB,PB,PB,PB,PB,PB+,PB,PB,PB,PB,PB,PB,PB,PB,PB,PB,PB,PB,PB,PB,PB,PB,PB,PB,PB,PB,PB,PB,PB,PB,PB,PB,PB,PB,PB,PB,PB,PB,PB,PB,PB,PB,PB,PB,PB,PB,PB,PB,PB,PB,PB,PB,PB,PB,PB,PB,PB,PB,PB,PB+,PB,PB,PB,PB,PB,PB,PB,PB,PB,PB,PB+,PB,PB,PB,PB,PB,PB,PB,PB,PB,PB,PB,PB,PB,X,PB,PB,PB,PB,PB,PB,PB,PB,PB,PB,PB,PB,PB,PB,PB,PB,PB,PB,PB,PB,PB,PB,PB,PB,PB,PB,PB,PB,PB,PB,PB,PB,PB,PB,PB,PB,PB,PB,PB,PB,PB,PB,PB,PB,PB,PB,PB,PB,PB,PB,PB,PB,PB,PB,PB,PB,PB,PB,PB,PB,PB,PB,PB,PB,PB,PB,PB,PB,PB,PB,PB,PB,PB,PB,PB,PB,PB,PB,PB,PB,PB,PB,PB,PB,PB,PB,PB,PB,PB,PB,PB,PB,PB,PB,PB,PB,PB,PB,PB,PB,PB,PB,PB,PB,PB,PB,PB,PB,PB-,PB,PB,PB,PB,PB,PB,PB,PB,PB,PB-,PB,PB,PB
310,Palmitic Acid,PB+,PB+,PB,PB,PB,PB,PB,PB,PB,PB,PB,PB,PB,PB,PB,PB,PB,PB,PB,PB,HY,HY,HY,PB,PB,PB,PB,PB,PB,PB,PB,PB,PB,PB,PB,PB,PB,PB,PB,PB,PB,PB-,PB,PB,PB,PB,PB,PB,PB,PB,PB,PB-,PB,PB,PB,PB,PB,PB,PB,PB-,PB-,PB,PB,PB,PB,PB,PB,PB,PB,PB,PB,PB,PB,PB,PB,PB,PB,PB,PB,PB,PB,PB,PB,PB,PB,PB,PB,PB,PB,PB,PB,PB,PB,PB,PB,PB,PB,PB,PB,PB,PB,PB,PB,PB,PB,PB,PB,PB,PB,PB,PB,PB,PB,PB,PB,PB,PB,PB,PB,PB+,PB,PB,PB,PB,PB,PB,PB,PB,PB,PB,PB,PB,PB,PB,PB,PB,PB,PB,PB+,PB,PB,PB,PB,PB,PB,PB,PB,PB,PB,PB,PB,PB,PB,PB,PB,PB,PB,PB,PB,PB,PB-,PB-,PB-,PB,PB,PB,PB,PB,PB,PB,PB,PB,PB,PB,PB,PB,PB,PB,PB,PB+,PB,PB,PB,PB,PB+,PB,PB,PB,PB,PB,PB,PB,PB,PB,PB,PB,PB,PB,PB,PB,PB,PB,PB,PB,PB,PB,PB,PB,PB,HY,PB,PB,PB,PB,PB,PB,PB,PB,PB,PB,PB,PB,PB,PB,PB,PB,PB,PB,PB,PB+,PB,PB,PB,PB,PB,PB,PB,PB,PB,PB,PB,PB,PB,PB,PB,PB,PB,PB,PB,PB,PB,PB,PB,PB,PB,PB,PB,PB,PB,PB,PB,PB,PB,PB,PB,PB,PB,PB,PB,PB,PB,PB,PB,PB,PB,PB,PB,PB,PB,PB,PB,PB,PB,PB+,PB,PB,PB,PB,PB,PB,PB,PB,PB,PB,PB+,PB,PB,PB,PB,PB,PB,PB,PB,PB,PB,PB,PB,PB,PB,X,PB,PB,PB,PB,PB,PB,PB,PB,PB,PB,PB,PB,PB,PB,PB,PB,PB,PB,PB,PB,PB,PB,PB,PB,PB,PB,PB,PB,PB,PB,PB,PB,PB,PB,PB,PB,PB,PB,PB,PB,PB,PB,PB,PB,PB,PB,PB,PB,PB,PB,PB,PB,PB,PB,PB,PB,PB,PB,PB,PB,PB,PB,PB,PB,PB,PB,PB,PB,PB,PB,PB,PB,PB,PB,PB,PB,PB,PB,PB,PB,PB,PB,PB,PB,PB,PB,PB,PB,PB,PB,PB,PB,PB,PB,PB,PB,PB,PB,PB,PB,PB,PB,PB,PB,PB,PB,PB,PB-,PB,PB,PB,PB,PB,PB,PB,PB,PB,PB-,PB,PB,PB
311,Palm Kernel Fatty Acid,PB+,PB+,PB,PB,PB,PB,PB,PB,PB,PB,PB,PB,PB,PB,PB,PB,PB,PB,PB,PB,HY,HY,HY,PB,PB,PB,PB,PB,PB,PB,PB,PB,PB,PB,PB,PB,PB,PB,PB,PB,PB,PB-,PB,PB,PB,PB,PB,PB,PB,PB,PB,PB-,PB,PB,PB,PB,PB,PB,PB,PB-,PB-,PB,PB,PB,PB,PB,PB,PB,PB,PB,PB,PB,PB,PB,PB,PB,PB,PB,PB,PB,PB,PB,PB,PB,PB,PB,PB,PB,PB,PB,PB,PB,PB,PB,PB,PB,PB,PB,PB,PB,PB,PB,PB,PB,PB,PB,PB,PB,PB,PB,PB,PB,PB,PB,PB,PB,PB,PB,PB,PB+,PB,PB,PB,PB,PB,PB,PB,PB,PB,PB,PB,PB,PB,PB,PB,PB,PB,PB,PB+,PB,PB,PB,PB,PB,PB,PB,PB,PB,PB,PB,PB,PB,PB,PB,PB,PB,PB,PB,PB,PB,PB-,PB-,PB-,PB,PB,PB,PB,PB,PB,PB,PB,PB,PB,PB,PB,PB,PB,PB,PB,PB+,PB,PB,PB,PB,PB+,PB,PB,PB,PB,PB,PB,PB,PB,PB,PB,PB,PB,PB,PB,PB,PB,PB,PB,PB,PB,PB,PB,PB,PB,HY,PB,PB,PB,PB,PB,PB,PB,PB,PB,PB,PB,PB,PB,PB,PB,PB,PB,PB,PB,PB+,PB,PB,PB,PB,PB,PB,PB,PB,PB,PB,PB,PB,PB,PB,PB,PB,PB,PB,PB,PB,PB,PB,PB,PB,PB,PB,PB,PB,PB,PB,PB,PB,PB,PB,PB,PB,PB,PB,PB,PB,PB,PB,PB,PB,PB,PB,PB,PB,PB,PB,PB,PB,PB,PB+,PB,PB,PB,PB,PB,PB,PB,PB,PB,PB,PB+,PB,PB,PB,PB,PB,PB,PB,PB,PB,PB,PB,PB,PB,PB,PB,X,PB,PB,PB,PB,PB,PB,PB,PB,PB,PB,PB,PB,PB,PB,PB,PB,PB,PB,PB,PB,PB,PB,PB,PB,PB,PB,PB,PB,PB,PB,PB,PB,PB,PB,PB,PB,PB,PB,PB,PB,PB,PB,PB,PB,PB,PB,PB,PB,PB,PB,PB,PB,PB,PB,PB,PB,PB,PB,PB,PB,PB,PB,PB,PB,PB,PB,PB,PB,PB,PB,PB,PB,PB,PB,PB,PB,PB,PB,PB,PB,PB,PB,PB,PB,PB,PB,PB,PB,PB,PB,PB,PB,PB,PB,PB,PB,PB,PB,PB,PB,PB,PB,PB,PB,PB,PB,PB-,PB,PB,PB,PB,PB,PB,PB,PB,PB,PB-,PB,PB,PB
312,Palm Kernel Oil,P+,P+,P,P,P,P,P,P,P,P,P,P,P,P,P,P,P,P,P,P,HY,HY,HY,P,P,P,P,P,P,P,P,P,P,P,P,P,P,P,P,P,P,P-,P,P,P,P,P,P,P,P,P,P-,P,P,P,P,P,P,P,P-,P-,P,P,P,P,P,P,P,P,P,P,P,P,P,P,P,P,P,P,P,P,P,P,P,P,P,P,P,P,P,P,P,P,P,P,P,P,P,P,P,P,P,P,P,P,P,P,P,P,P,P,P,P,P,P,P,P,P,P,P+,P,P,P,P,P,P,P,P,P,P,P,P,P,P,P,P,P,P,P+,P,P,P,P,P,P,P,P,P,P,P,P,P,P,P,P,P,P,P,P,P,P-,P-,P-,P,P,P,P,P,P,P,P,P,P,P,P,P,P,P,P,P+,P,P,P,P,P+,P,P,P,P,P,P,P,P,P,P,P,P,P,P,P,P,P,P,P,P,P,P,P,P,HY,P,P,P,P,P,P,P,P,P,P,P,P,P,P,P,P,P,P,P,P+,P,P,P,P,P,P,P,P,P,P,P,P,P,P,P,P,P,P,P,P,P,P,P,P,P,P,P,P,P,P,P,P,P,P,P,P,P,P,P,P,P,P,P,P,P,P,P,P,P,P,P,P,P,P+,P,P,P,P,P,P,P,P,P,P,P+,P,P,P,P,P,P,P,P,P,P,P,P,P,P,P,P,X,P,P,P,P,P,P,P,P,P,P,P,P,P,P,P,P,P,P,P,P,P,P,P,P,P,P,P,P,P,P,P,P,P,P,P,P,P,P,P,P,P,P,P,P,P,P,P,P,P,P,P,P,P,P,P,P,P,P,P,P,P,P,P,P,P,P,P,P,P,P,P,P,P,P,P,P,P,P,P,P,P,P,P,P,P,P,P,P,P,P,P,P,P,P,P,P,P,P,P,P,P,P,P,P,P,P-,P,P,P,P,P,P,P,P,P,P-,P,P,P
313,Palm Kernel Stearin,P+,P+,P,P,P,P,P,P,P,P,P,P,P,P,P,P,P,P,P,P,HY,HY,HY,P,P,P,P,P,P,P,P,P,P,P,P,P,P,P,P,P,P,P-,P,P,P,P,P,P,P,P,P,P-,P,P,P,P,P,P,P,P-,P-,P,P,P,P,P,P,P,P,P,P,P,P,P,P,P,P,P,P,P,P,P,P,P,P,P,P,P,P,P,P,P,P,P,P,P,P,P,P,P,P,P,P,P,P,P,P,P,P,P,P,P,P,P,P,P,P,P,P,P+,P,P,P,P,P,P,P,P,P,P,P,P,P,P,P,P,P,P,P+,P,P,P,P,P,P,P,P,P,P,P,P,P,P,P,P,P,P,P,P,P,P-,P-,P-,P,P,P,P,P,P,P,P,P,P,P,P,P,P,P,P,P+,P,P,P,P,P+,P,P,P,P,P,P,P,P,P,P,P,P,P,P,P,P,P,P,P,P,P,P,P,P,HY,P,P,P,P,P,P,P,P,P,P,P,P,P,P,P,P,P,P,P,P+,P,P,P,P,P,P,P,P,P,P,P,P,P,P,P,P,P,P,P,P,P,P,P,P,P,P,P,P,P,P,P,P,P,P,P,P,P,P,P,P,P,P,P,P,P,P,P,P,P,P,P,P,P,P+,P,P,P,P,P,P,P,P,P,P,P+,P,P,P,P,P,P,P,P,P,P,P,P,P,P,P,P,P,X,P,P,P,P,P,P,P,P,P,P,P,P,P,P,P,P,P,P,P,P,P,P,P,P,P,P,P,P,P,P,P,P,P,P,P,P,P,P,P,P,P,P,P,P,P,P,P,P,P,P,P,P,P,P,P,P,P,P,P,P,P,P,P,P,P,P,P,P,P,P,P,P,P,P,P,P,P,P,P,P,P,P,P,P,P,P,P,P,P,P,P,P,P,P,P,P,P,P,P,P,P,P,P,P,P-,P,P,P,P,P,P,P,P,P,P-,P,P,P
314,Palm Olein,P+,P+,P,P,P,P,P,P,P,P,P,P,P,P,P,P,P,P,P,P,HY,HY,HY,P,P,P,P,P,P,P,P,P,P,P,P,P,P,P,P,P,P,P-,P,P,P,P,P,P,P,P,P,P-,P,P,P,P,P,P,P,P-,P-,P,P,P,P,P,P,P,P,P,P,P,P,P,P,P,P,P,P,P,P,P,P,P,P,P,P,P,P,P,P,P,P,P,P,P,P,P,P,P,P,P,P,P,P,P,P,P,P,P,P,P,P,P,P,P,P,P,P,P+,P,P,P,P,P,P,P,P,P,P,P,P,P,P,P,P,P,P,P+,P,P,P,P,P,P,P,P,P,P,P,P,P,P,P,P,P,P,P,P,P,P-,P-,P-,P,P,P,P,P,P,P,P,P,P,P,P,P,P,P,P,P+,P,P,P,P,P+,P,P,P,P,P,P,P,P,P,P,P,P,P,P,P,P,P,P,P,P,P,P,P,P,HY,P,P,P,P,P,P,P,P,P,P,P,P,P,P,P,P,P,P,P,P+,P,P,P,P,P,P,P,P,P,P,P,P,P,P,P,P,P,P,P,P,P,P,P,P,P,P,P,P,P,P,P,P,P,P,P,P,P,P,P,P,P,P,P,P,P,P,P,P,P,P,P,P,P,P+,P,P,P,P,P,P,P,P,P,P,P+,P,P,P,P,P,P,P,P,P,P,P,P,P,P,P,P,P,P,X,P,P,P,P,P,P,P,P,P,P,P,P,P,P,P,P,P,P,P,P,P,P,P,P,P,P,P,P,P,P,P,P,P,P,P,P,P,P,P,P,P,P,P,P,P,P,P,P,P,P,P,P,P,P,P,P,P,P,P,P,P,P,P,P,P,P,P,P,P,P,P,P,P,P,P,P,P,P,P,P,P,P,P,P,P,P,P,P,P,P,P,P,P,P,P,P,P,P,P,P,P,P,P,P-,P,P,P,P,P,P,P,P,P,P-,P,P,P
315,Palm Stearin,P+,P+,P,P,P,P,P,P,P,P,P,P,P,P,P,P,P,P,P,P,HY,HY,HY,P,P,P,P,P,P,P,P,P,P,P,P,P,P,P,P,P,P,P-,P,P,P,P,P,P,P,P,P,P-,P,P,P,P,P,P,P,P-,P-,P,P,P,P,P,P,P,P,P,P,P,P,P,P,P,P,P,P,P,P,P,P,P,P,P,P,P,P,P,P,P,P,P,P,P,P,P,P,P,P,P,P,P,P,P,P,P,P,P,P,P,P,P,P,P,P,P,P,P+,P,P,P,P,P,P,P,P,P,P,P,P,P,P,P,P,P,P,P+,P,P,P,P,P,P,P,P,P,P,P,P,P,P,P,P,P,P,P,P,P,P-,P-,P-,P,P,P,P,P,P,P,P,P,P,P,P,P,P,P,P,P+,P,P,P,P,P+,P,P,P,P,P,P,P,P,P,P,P,P,P,P,P,P,P,P,P,P,P,P,P,P,HY,P,P,P,P,P,P,P,P,P,P,P,P,P,P,P,P,P,P,P,P+,P,P,P,P,P,P,P,P,P,P,P,P,P,P,P,P,P,P,P,P,P,P,P,P,P,P,P,P,P,P,P,P,P,P,P,P,P,P,P,P,P,P,P,P,P,P,P,P,P,P,P,P,P,P+,P,P,P,P,P,P,P,P,P,P,P+,P,P,P,P,P,P,P,P,P,P,P,P,P,P,P,P,P,P,P,X,P,P,P,P,P,P,P,P,P,P,P,P,P,P,P,P,P,P,P,P,P,P,P,P,P,P,P,P,P,P,P,P,P,P,P,P,P,P,P,P,P,P,P,P,P,P,P,P,P,P,P,P,P,P,P,P,P,P,P,P,P,P,P,P,P,P,P,P,P,P,P,P,P,P,P,P,P,P,P,P,P,P,P,P,P,P,P,P,P,P,P,P,P,P,P,P,P,P,P,P,P,P,P-,P,P,P,P,P,P,P,P,P,P-,P,P,P
316,PARA-CYMENE,DA+,DA+,DA,DA,DA,DA,DA,DA,DA,DA,DA,DA,DA,DA,DA,DA,DA,DA,DA,DA,DA,DA,DA,DA,DA,DA,DA,DA,DA,DA,DA,DA,DA,DA,DA,DA,DA,DA,DA,DA,DA,DA-,DA,DA,DA,DA,DA,DA,DA,DA,DA,DA-,DA,DA,DA,DA,DA,DA,DA,DA-,DA-,DA,DA,DA,DA,DA,DA,DA,DA,DA,DA,DA,DA,DA,DA,DA,DA,DA,DA,DA,DA,DA,DA,DA,DA,DA,DA,DA,DA,DA,DA,DA,DA,DA,DA,DA,DA,DA,DA,DA,DA,DA,DA,DA,DA,DA,DA,DA,DA,DA,DA,DA,DA,DA,DA,DA,DA,DA,DA,DA+,DA,DA,DA,DA,DA,DA,DA,DA,DA,DA,DA,DA,DA,DA,DA,DA,DA,DA,DA+,DA,DA,DA,DA,DA,DA,DA,DA,DA,DA,DA,DA,DA,DA,DA,DA,DA,DA,DA,DA,DA,DA-,DA-,DA-,DA,DA,DA,DA,DA,DA,DA,DA,DA,DA,DA,DA,DA,DA,DA,DA,DA+,DA,DA,DA,DA,DA+,DA,DA,DA,DA,DA,DA,DA,DA,DA,DA,DA,DA,DA,DA,DA,DA,DA,DA,DA,DA,DA,DA,DA,DA,DA,DA,DA,DA,DA,DA,DA,DA,DA,DA,DA,DA,DA,DA,DA,DA,DA,DA,DA,DA,DA+,DA,DA,DA,DA,DA,DA,DA,DA,DA,DA,DA,DA,DA,DA,DA,DA,DA,DA,DA,DA,DA,DA,DA,DA,DA,DA,DA,DA,DA,DA,DA,DA,DA,DA,DA,DA,DA,DA,DA,DA,DA,DA,DA,DA,DA,DA,DA,DA,DA,DA,DA,DA,DA,DA+,DA,DA,DA,DA,DA,DA,DA,DA,DA,DA,DA+,DA,DA,DA,DA,DA,DA,DA,DA,DA,DA,DA,DA,DA,DA,DA,DA,DA,DA,DA,DA,X,DA,DA,DA,DA,DA,DA,DA,DA,DA,DA,DA,DA,DA,DA,DA,DA,DA,DA,DA,DA,DA,DA,DA,DA,DA,DA,DA,DA,DA,DA,DA,DA,DA,DA,DA,DA,DA,DA,DA,DA,DA,DA,DA,DA,DA,DA,DA,DA,DA,DA,DA,DA,DA,DA,DA,DA,DA,DA,DA,DA,DA,DA,DA,DA,DA,DA,DA,DA,DA,DA,DA,DA,DA,DA,DA,DA,DA,DA,DA,DA,DA,DA,DA,DA,DA,DA,DA,DA,DA,DA,DA,DA,DA,DA,DA,DA,DA,DA,DA,DA,DA,DA-,DA,DA,DA,DA,DA,DA,DA,DA,DA,DA-,DA,DA,DA
317,PARAFFIN WAX,OB+,OB+,OB,OB,OB,OB,OB,OB,OB,OB,OB,OB,OB,OB,OB,OB,OB,OB,OB,OB,OB,OB,OB,OB,OB,OB,OB,OB,OB,OB,OB,OB,OB,OB,OB,OB,OB,OB,OB,OB,OB,OB-,OB,OB,OB,OB,OB,OB,OB,OB,OB,OB-,OB,OB,OB,OB,OB,OB,OB,OB-,OB-,OB,OB,OB,OB,OB,OB,OB,OB,OB,OB,OB,OB,OB,OB,OB,OB,OB,OB,OB,OB,OB,OB,OB,OB,OB,OB,OB,OB,OB,OB,OB,OB,OB,OB,OB,OB,OB,OB,OB,OB,OB,OB,OB,OB,OB,OB,OB,OB,OB,OB,OB,OB,OB,OB,OB,OB,OB,OB,OB+,OB,OB,OB,OB,OB,OB,OB,OB,OB,OB,OB,OB,OB,OB,OB,OB,OB,OB,OB+,OB,OB,OB,OB,OB,OB,OB,OB,OB,OB,OB,OB,OB,OB,OB,OB,OB,OB,OB,OB,OB,OB-,OB-,OB-,OB,OB,OB,OB,OB,OB,OB,OB,OB,OB,OB,OB,OB,OB,OB,OB,OB+,OB,OB,OB,OB,OB+,OB,OB,OB,OB,OB,OB,OB,OB,OB,OB,OB,OB,OB,OB,OB,OB,OB,OB,OB,OB,OB,OB,OB,OB,OB,OB,OB,OB,OB,OB,OB,OB,OB,OB,OB,OB,OB,OB,OB,OB,OB,OB,OB,OB,OB+,OB,OB,OB,OB,OB,OB,OB,OB,OB,OB,OB,OB,OB,OB,OB,OB,OB,OB,OB,OB,OB,OB,OB,OB,OB,OB,OB,OB,OB,OB,OB,OB,OB,OB,OB,OB,OB,OB,OB,OB,OB,OB,OB,OB,OB,OB,OB,OB,OB,OB,OB,OB,OB,OB+,OB,OB,OB,OB,OB,OB,OB,OB,OB,OB,OB+,OB,OB,OB,OB,OB,OB,OB,OB,OB,OB,OB,OB,OB,OB,OB,OB,OB,OB,OB,OB,OB,X,OB,OB,OB,OB,OB,OB,OB,OB,OB,OB,OB,OB,OB,OB,OB,OB,OB,OB,OB,OB,OB,OB,OB,OB,OB,OB,OB,OB,OB,OB,OB,OB,OB,OB,OB,OB,OB,OB,OB,OB,OB,OB,OB,OB,OB,OB,OB,OB,OB,OB,OB,OB,OB,OB,OB,OB,OB,OB,OB,OB,OB,OB,OB,OB,OB,OB,OB,OB,OB,OB,OB,OB,OB,OB,OB,OB,OB,OB,OB,OB,OB,OB,OB,OB,OB,OB,OB,OB,OB,OB,OB,OB,OB,OB,OB,OB,OB,OB,OB,OB,OB-,OB,OB,OB,OB,OB,OB,OB,OB,OB,OB-,OB,OB,OB
318,PARALDEHYDE,BC+,BC+,BC,BC,BC,BC,BC,BC,BC,BC,BC,BC,BC,BC,BC,BC,BC,BC,BC,BC,BC,BC,BC,BC,BC,BC,BC,BC,BC,BC,BC,BC,BC,BC,BC,BC,BC,BC,BC,BC,BC,BC-,BC,BC,BC,BC,BC,BC,BC,BC,BC,BC-,BC,BC,BC,BC,BC,BC,BC,BC-,BC-,BC,BC,BC,BC,BC,BC,BC,BC,BC,BC,BC,BC,BC,BC,BC,BC,BC,BC,BC,BC,BC,BC,BC,BC,BC,BC,BC,BC,BC,BC,BC,BC,BC,BC,BC,BC,BC,BC,BC,BC,BC,BC,BC,BC,BC,BC,BC,BC,BC,BC,BC,BC,BC,BC,BC,BC,BC,BC,BC+,BC,BC,BC,BC,BC,BC,BC,BC,BC,BC,BC,BC,BC,BC,BC,BC,BC,BC,BC+,BC,BC,BC,BC,BC,BC,BC,BC,BC,BC,BC,BC,BC,BC,BC,BC,BC,BC,BC,BC,BC,BC-,BC-,BC-,BC,BC,BC,BC,BC,BC,BC,BC,BC,BC,BC,BC,BC,BC,BC,BC,BC+,BC,BC,BC,BC,BC+,BC,BC,BC,BC,BC,BC,BC,BC,BC,BC,BC,BC,BC,BC,BC,BC,BC,BC,BC,BC,BC,BC,BC,BC,BC,BC,BC,BC,BC,BC,BC,BC,BC,BC,BC,BC,BC,BC,BC,BC,BC,BC,BC,BC,BC+,BC,BC,BC,BC,BC,BC,BC,BC,BC,BC,BC,BC,BC,BC,BC,BC,BC,BC,BC,BC,BC,BC,BC,BC,BC,BC,BC,BC,BC,BC,BC,BC,BC,BC,BC,BC,BC,BC,BC,BC,BC,BC,BC,BC,BC,BC,BC,BC,BC,BC,BC,BC,BC,BC+,BC,BC,BC,BC,BC,BC,BC,BC,BC,BC,BC+,BC,BC,BC,BC,BC,BC,BC,BC,BC,BC,BC,BC,BC,BC,BC,BC,BC,BC,BC,BC,BC,BC,X,BC,BC,BC,BC,BC,BC,BC,BC,BC,BC,BC,BC,BC,BC,BC,BC,BC,BC,BC,BC,BC,BC,BC,BC,BC,BC,BC,BC,BC,BC,BC,BC,BC,BC,BC,BC,BC,BC,BC,BC,BC,BC,BC,BC,BC,BC,BC,BC,BC,BC,BC,BC,BC,BC,BC,BC,BC,BC,BC,BC,BC,BC,BC,BC,BC,BC,BC,BC,BC,BC,BC,BC,BC,BC,BC,BC,BC,BC,BC,BC,BC,BC,BC,BC,BC,BC,BC,BC,BC,BC,BC,BC,BC,BC,BC,BC,BC,BC,BC,BC-,BC,BC,BC,BC,BC,BC,BC,BC,BC,BC-,BC,BC,BC
319,PARA-NITROTOLUENE,DG+,DG+,DG,DG,DG,DG,DG,DG,DG,DG,DG,DG,DG,DG,DG,DG,DG,DG,DG,DE,DG,DG,DG,DG,DG,DG,DG,DG,DE,DE,DE,DE,DG,DG,DG,DG,DG,DG,DG,DG,DG,DE-,DG,DG,DG,DG,DG,DG,DG,DG,DG,DE-,DG,DG,DG,DG,DE,DG,DG,DE-,DE-,DG,DE,DG,DG,DG,DG,DG,DG,DG,DG,DG,DG,DG,DG,DG,DG,DG,DG,DG,DE,DG,DG,DG,DG,DG,DG,DG,DG,DG,DG,DG,DG,DG,DG,DG,DG,DG,DG,DG,DG,DG,DG,DG,DG,DG,DG,DG,DG,DG,DG,DG,DG,DG,DG,DG,DG,DG,DG,DG+,DG,DG,DG,DG,DG,DG,DG,DG,DG,DG,DG,DG,DG,DG,DG,DG,DG,DG,DG+,DG,DG,DG,DG,DG,DG,DG,DG,DG,DG,DG,DG,DG,DG,DG,DG,DG,DG,DG,DG,DG,DE-,DE-,DE-,DG,DG,DE,DE,DE,DE,DE,DE,DG,DG,DG,DG,DG,DG,DG,DG,DG+,DG,DG,DG,DG,DG+,DG,DG,DE,DG,DE,DG,DG,DG,DG,DG,DG,DE,DG,DG,DG,DG,DG,DG,DG,DG,DG,DG,DG,DG,DG,DE,DE,DG,DG,DG,DG,DG,DG,DE,DG,DG,DG,DG,DG,DG,DG,DG,DG,DG,DG+,DG,DG,DG,DG,DG,DG,DG,DG,DG,DG,DG,DG,DG,DG,DG,DG,DG,DG,DG,DG,DG,DG,DG,DG,DG,DG,DE,DG,DG,DG,DE,DE,DG,DG,DG,DG,DG,DG,DG,DG,DG,DG,DG,DG,DG,DG,DG,DG,DG,DG,DG,DG,DG,DG+,DG,DG,DG,DG,DG,DG,DG,DG,DG,DG,DG+,DG,DG,DG,DG,DG,DG,DG,DG,DG,DG,DG,DG,DG,DG,DG,DG,DG,DG,DG,DG,DG,DG,DG,X,DG,DG,DG,DG,DG,DG,DG,DG,DG,DG,DG,DG,DG,DG,DG,DG,DG,DG,DG,DG,DG,DG,DG,DG,DG,DG,DG,DG,DG,DG,DG,DE,DG,DG,DG,DE,DG,DE,DG,DG,DE,DE,DG,DE,DG,DG,DG,DG,DG,DG,DG,DG,DG,DG,DG,DG,DE,DE,DG,DG,DG,DG,DG,DG,DG,DG,DG,DG,DG,DG,DG,DG,DG,DG,DG,DG,DG,DG,DG,DG,DG,DG,DG,DG,DG,DG,DG,DG,DG,DG,DE,DE,DG,DG,DG,DG,DG,DG,DE-,DG,DG,DG,DE,DE,DG,DG,DG,DG,DE-,DG,DG,DG
320,PARA-VINYLTOLUENE,BE+,BE+,BE,BE,BE,BE,BE,BE,BE,BE,BE,BE,BE,BE,BE,BE,BE,BE,BE,BE,BE,BE,BE,BE,BE,BE,BE,BE,BE,BE,BE,BE,BE,BE,BE,BE,BE,BE,BE,BE,BE,BE-,BE,BE,BE,BE,BE,BE,BE,BE,BE,BE-,BE,BE,BE,BE,BE,BE,BE,BE-,BE-,BE,BE,BE,BE,BE,BE,BE,BE,BE,BE,BE,BE,BE,BE,BE,BE,BE,BE,BE,BE,BE,BE,BE,BE,BE,BE,BE,BE,BE,BE,BE,BE,BE,BE,BE,BE,BE,BE,BE,BE,BE,BE,BE,BE,BE,BE,BE,BE,BE,BE,BE,BE,BE,BE,BE,BE,BE,BE,BE+,BE,BE,BE,BE,BE,BE,BE,BE,BE,BE,BE,BE,BE,BE,BE,BE,BE,BE,BE+,BE,BE,BE,BE,BE,BE,BE,BE,BE,BE,BE,BE,BE,BE,BE,BE,BE,BE,BE,BE,BE,BE-,BE-,BE-,BE,BE,BE,BE,BE,BE,BE,BE,BE,BE,BE,BE,BE,BE,BE,BE,BE+,BE,BE,BE,BE,BE+,BE,BE,BE,BE,BE,BE,BE,BE,BE,BE,BE,BE,BE,BE,BE,BE,BE,BE,BE,BE,BE,BE,BE,BE,BE,BE,BE,BE,BE,BE,BE,BE,BE,BE,BE,BE,BE,BE,BE,BE,BE,BE,BE,BE,BE+,BE,BE,BE,BE,BE,BE,BE,BE,BE,BE,BE,BE,BE,BE,BE,BE,BE,BE,BE,BE,BE,BE,BE,BE,BE,BE,BE,BE,BE,BE,BE,BE,BE,BE,BE,BE,BE,BE,BE,BE,BE,BE,BE,BE,BE,BE,BE,BE,BE,BE,BE,BE,BE,BE+,BE,BE,BE,BE,BE,BE,BE,BE,BE,BE,BE+,BE,BE,BE,BE,BE,BE,BE,BE,BE,BE,BE,BE,BE,BE,BE,BE,BE,BE,BE,BE,BE,BE,BE,BE,X,BE,BE,BE,BE,BE,BE,BE,BE,BE,BE,BE,BE,BE,BE,BE,BE,BE,BE,BE,BE,BE,BE,BE,BE,BE,BE,BE,BE,BE,BE,BE,BE,BE,BE,BE,BE,BE,BE,BE,BE,BE,BE,BE,BE,BE,BE,BE,BE,BE,BE,BE,BE,BE,BE,BE,BE,BE,BE,BE,BE,BE,BE,BE,BE,BE,BE,BE,BE,BE,BE,BE,BE,BE,BE,BE,BE,BE,BE,BE,BE,BE,BE,BE,BE,BE,BE,BE,BE,BE,BE,BE,BE,BE,BE,BE,BE,BE,BE-,BE,BE,BE,BE,BE,BE,BE,BE,BE,BE-,BE,BE,BE
321,PENTACHLOROETHANE,DA+,DA+,DA,DA,DA,DA,DA,DA,DA,DA,DA,DA,DA,DA,DA,DA,DA,DA,DA,DA,DA,DA,DA,DA,DA,DA,DA,DA,DA,DA,DA,DA,DA,DA,DA,DA,DA,DA,DA,DA,DA,DA-,DA,DA,DA,DA,DA,DA,DA,DA,DA,DA-,DA,DA,DA,DA,DA,DA,DA,DA-,DA-,DA,DA,DA,DA,DA,DA,DA,DA,DA,DA,DA,DA,DA,DA,DA,DA,DA,DA,DA,DA,DA,DA,DA,DA,DA,DA,DA,DA,DA,DA,DA,DA,DA,DA,DA,DA,DA,DA,DA,DA,DA,DA,DA,DA,DA,DA,DA,DA,DA,DA,DA,DA,DA,DA,DA,DA,DA,DA,DA+,DA,DA,DA,DA,DA,DA,DA,DA,DA,DA,DA,DA,DA,DA,DA,DA,DA,DA,DA+,DA,DA,DA,DA,DA,DA,DA,DA,DA,DA,DA,DA,DA,DA,DA,DA,DA,DA,DA,DA,DA,DA-,DA-,DA-,DA,DA,DA,DA,DA,DA,DA,DA,DA,DA,DA,DA,DA,DA,DA,DA,DA+,DA,DA,DA,DA,DA+,DA,DA,DA,DA,DA,DA,DA,DA,DA,DA,DA,DA,DA,DA,DA,DA,DA,DA,DA,DA,DA,DA,DA,DA,DA,DA,DA,DA,DA,DA,DA,DA,DA,DA,DA,DA,DA,DA,DA,DA,DA,DA,DA,DA,DA+,DA,DA,DA,DA,DA,DA,DA,DA,DA,DA,DA,DA,DA,DA,DA,DA,DA,DA,DA,DA,DA,DA,DA,DA,DA,DA,DA,DA,DA,DA,DA,DA,DA,DA,DA,DA,DA,DA,DA,DA,DA,DA,DA,DA,DA,DA,DA,DA,DA,DA,DA,DA,DA,DA+,DA,DA,DA,DA,DA,DA,DA,DA,DA,DA,DA+,DA,DA,DA,DA,DA,DA,DA,DA,DA,DA,DA,DA,DA,DA,DA,DA,DA,DA,DA,DA,DA,DA,DA,DA,DA,X,DA,DA,DA,DA,DA,DA,DA,DA,DA,DA,DA,DA,DA,DA,DA,DA,DA,DA,DA,DA,DA,DA,DA,DA,DA,DA,DA,DA,DA,DA,DA,DA,DA,DA,DA,DA,DA,DA,DA,DA,DA,DA,DA,DA,DA,DA,DA,DA,DA,DA,DA,DA,DA,DA,DA,DA,DA,DA,DA,DA,DA,DA,DA,DA,DA,DA,DA,DA,DA,DA,DA,DA,DA,DA,DA,DA,DA,DA,DA,DA,DA,DA,DA,DA,DA,DA,DA,DA,DA,DA,DA,DA,DA,DA,DA,DA,DA-,DA,DA,DA,DA,DA,DA,DA,DA,DA,DA-,DA,DA,DA
322,"1,3-PENTADIENE",BE+,BE+,BE,BE,BE,BE,BE,BE,BE,BE,BE,BE,BE,BE,BE,BE,BE,BE,BE,BE,BE,BE,BE,BE,BE,BE,BE,BE,BE,BE,BE,BE,BE,BE,BE,BE,BE,BE,BE,BE,BE,BA-,BE,BE,BE,BE,BE,BE,BE,BE,BE,BA-,BE,BE,BE,BE,BA,BE,BE,BA-,BA-,BE,BA,BE,BE,BE,BE,BE,BE,BE,BE,BE,BE,BE,BE,BE,BE,BE,BE,BE,BE,BE,BE,BE,BE,BE,BE,BE,BE,BE,BE,BE,BE,BE,BE,BE,BE,BE,BE,BE,BE,BE,BE,BE,BE,BE,BE,BE,BE,BE,BE,BE,BE,BE,BE,BE,BE,BE,BE,BE+,BE,BE,BE,BE,BE,BE,BE,BE,BE,BE,BE,BE,BE,BE,BE,BE,BE,BE,BE+,BE,BE,BE,BE,BE,BE,BE,BE,BE,BE,BE,BE,BE,BE,BE,BE,BE,BE,BE,BE,BE,BA-,BA-,BA-,BE,BE,BE,BE,BE,BE,BE,BE,BE,BE,BE,BE,BE,BE,BE,BE,BE+,BE,BE,BE,BE,BE+,BE,BE,BE,BE,BE,BE,BE,BE,BE,BE,BE,BE,BE,BE,BE,BE,BE,BE,BE,BE,BE,BE,BE,BE,BE,BE,BE,BE,BE,BE,BE,BE,BE,BA,BE,BE,BE,BE,BE,BE,BE,BE,BE,BE,BE+,BE,BE,BE,BE,BE,BE,BE,BE,BE,BE,BE,BE,BE,BE,BE,BE,BE,BE,BE,BE,BE,BE,BE,BE,BE,BE,BE,BE,BE,BE,BE,BE,BE,BE,BE,BE,BE,BE,BE,BE,BE,BE,BE,BE,BE,BE,BE,BE,BE,BE,BE,BE,BE,BE+,BE,BE,BE,BE,BE,BE,BE,BE,BE,BE,BE+,BE,BE,BE,BE,BE,BE,BE,BE,BE,BE,BE,BE,BE,BE,BE,BE,BE,BE,BE,BE,BE,BE,BE,BE,BE,BE,X,BE,BE,BE,BE,BE,BE,BE,BE,BE,BE,BE,BE,BE,BE,BE,BE,BE,BE,BE,BE,BE,BE,BE,BE,BE,BE,BE,BE,BE,BE,BE,BE,BE,BE,BA,BE,BE,BE,BE,BE,BE,BE,BE,BE,BE,BE,BE,BE,BE,BE,BE,BE,BE,BE,BE,BE,BE,BE,BE,BE,BE,BE,BE,BE,BE,BE,BE,BE,BE,BE,BE,BE,BE,BE,BE,BE,BE,BE,BE,BE,BE,BE,BE,BE,BE,BE,BE,BE,BA,BE,BE,BE,BE,BE,BE,BA-,BE,BE,BE,BE,BA,BE,BE,BE,BE,BA-,BE,BE,BE
323,PERCHLOROETHYLENE,C+,C+,C,C,C,C,C,C,C,C,C,C,C,C,C,C,C,C,C,C,C,C,C,C,C,C,C,C,C,C,C,C,C,C,C,C,C,C,C,C,C,C-,C,C,C,C,C,C,C,C,C,C-,C,C,C,C,C,C,C,C-,C-,C,C,C,C,C,C,C,C,C,C,C,C,C,C,C,C,C,C,C,C,C,C,C,C,C,C,C,C,C,C,C,C,C,C,C,C,C,C,C,C,C,C,C,C,C,C,C,C,C,C,C,C,C,C,C,C,C,C,C+,C,C,C,C,C,C,C,C,C,C,C,C,C,C,C,C,C,C,C+,C,C,C,C,C,C,C,C,C,C,C,C,C,C,C,C,C,C,C,C,C,C-,C-,C-,C,C,C,C,C,C,C,C,C,C,C,C,C,C,C,C,C+,C,C,C,C,C+,C,C,C,C,C,C,C,C,C,C,C,C,C,C,C,C,C,C,C,C,C,C,C,C,C,C,C,C,C,C,C,C,C,C,C,C,C,C,C,C,C,C,C,C,C+,C,C,C,C,C,C,C,C,C,C,C,C,C,C,C,C,C,C,C,C,C,C,C,C,C,C,C,C,C,C,C,C,C,C,C,C,C,C,C,C,C,C,C,C,C,C,C,C,C,C,C,C,C,C+,C,C,C,C,C,C,C,C,C,C,C+,C,C,C,C,C,C,C,C,C,C,C,C,C,C,C,C,C,C,C,C,C,C,C,C,C,C,C,X,C,C,C,C,C,C,C,C,C,C,C,C,C,C,C,C,C,C,C,C,C,C,C,C,C,C,C,C,C,C,C,C,C,C,C,C,C,C,C,C,C,C,C,C,C,C,C,C,C,C,C,C,C,C,C,C,C,C,C,C,C,C,C,C,C,C,C,C,C,C,C,C,C,C,C,C,C,C,C,C,C,C,C,C,C,C,C,C,C,C,C,C,C,C,C-,C,C,C,C,C,C,C,C,C,C-,C,C,C
324,PETROLATUM,OB+,OB+,OB,OB,OB,OB,OB,OB,OB,OB,OB,OB,OB,OB,OB,OB,OB,OB,OB,OB,OB,OB,OB,OB,OB,OB,OB,OB,OB,OB,OB,OB,OB,OB,OB,OB,OB,OB,OB,OB,OB,OB-,OB,OB,OB,OB,OB,OB,OB,OB,OB,OB-,OB,OB,OB,OB,OB,OB,OB,OB-,OB-,OB,OB,OB,OB,OB,OB,OB,OB,OB,OB,OB,OB,OB,OB,OB,OB,OB,OB,OB,OB,OB,OB,OB,OB,OB,OB,OB,OB,OB,OB,OB,OB,OB,OB,OB,OB,OB,OB,OB,OB,OB,OB,OB,OB,OB,OB,OB,OB,OB,OB,OB,OB,OB,OB,OB,OB,OB,OB,OB+,OB,OB,OB,OB,OB,OB,OB,OB,OB,OB,OB,OB,OB,OB,OB,OB,OB,OB,OB+,OB,OB,OB,OB,OB,OB,OB,OB,OB,OB,OB,OB,OB,OB,OB,OB,OB,OB,OB,OB,OB,OB-,OB-,OB-,OB,OB,OB,OB,OB,OB,OB,OB,OB,OB,OB,OB,OB,OB,OB,OB,OB+,OB,OB,OB,OB,OB+,OB,OB,OB,OB,OB,OB,OB,OB,OB,OB,OB,OB,OB,OB,OB,OB,OB,OB,OB,OB,OB,OB,OB,OB,OB,OB,OB,OB,OB,OB,OB,OB,OB,OB,OB,OB,OB,OB,OB,OB,OB,OB,OB,OB,OB+,OB,OB,OB,OB,OB,OB,OB,OB,OB,OB,OB,OB,OB,OB,OB,OB,OB,OB,OB,OB,OB,OB,OB,OB,OB,OB,OB,OB,OB,OB,OB,OB,OB,OB,OB,OB,OB,OB,OB,OB,OB,OB,OB,OB,OB,OB,OB,OB,OB,OB,OB,OB,OB,OB+,OB,OB,OB,OB,OB,OB,OB,OB,OB,OB,OB+,OB,OB,OB,OB,OB,OB,OB,OB,OB,OB,OB,OB,OB,OB,OB,OB,OB,OB,OB,OB,OB,OB,OB,OB,OB,OB,OB,OB,X,OB,OB,OB,OB,OB,OB,OB,OB,OB,OB,OB,OB,OB,OB,OB,OB,OB,OB,OB,OB,OB,OB,OB,OB,OB,OB,OB,OB,OB,OB,OB,OB,OB,OB,OB,OB,OB,OB,OB,OB,OB,OB,OB,OB,OB,OB,OB,OB,OB,OB,OB,OB,OB,OB,OB,OB,OB,OB,OB,OB,OB,OB,OB,OB,OB,OB,OB,OB,OB,OB,OB,OB,OB,OB,OB,OB,OB,OB,OB,OB,OB,OB,OB,OB,OB,OB,OB,OB,OB,OB,OB,OB,OB,OB-,OB,OB,OB,OB,OB,OB,OB,OB,OB,OB-,OB,OB,OB
325,PETROLEUM WAX,OB+,OB+,OB,OB,OB,OB,OB,OB,OB,OB,OB,OB,OB,OB,OB,OB,OB,OB,OB,OB,OB,OB,OB,OB,OB,OB,OB,OB,OB,OB,OB,OB,OB,OB,OB,OB,OB,OB,OB,OB,OB,OB-,OB,OB,OB,OB,OB,OB,OB,OB,OB,OB-,OB,OB,OB,OB,OB,OB,OB,OB-,OB-,OB,OB,OB,OB,OB,OB,OB,OB,OB,OB,OB,OB,OB,OB,OB,OB,OB,OB,OB,OB,OB,OB,OB,OB,OB,OB,OB,OB,OB,OB,OB,OB,OB,OB,OB,OB,OB,OB,OB,OB,OB,OB,OB,OB,OB,OB,OB,OB,OB,OB,OB,OB,OB,OB,OB,OB,OB,OB,OB+,OB,OB,OB,OB,OB,OB,OB,OB,OB,OB,OB,OB,OB,OB,OB,OB,OB,OB,OB+,OB,OB,OB,OB,OB,OB,OB,OB,OB,OB,OB,OB,OB,OB,OB,OB,OB,OB,OB,OB,OB,OB-,OB-,OB-,OB,OB,OB,OB,OB,OB,OB,OB,OB,OB,OB,OB,OB,OB,OB,OB,OB+,OB,OB,OB,OB,OB+,OB,OB,OB,OB,OB,OB,OB,OB,OB,OB,OB,OB,OB,OB,OB,OB,OB,OB,OB,OB,OB,OB,OB,OB,OB,OB,OB,OB,OB,OB,OB,OB,OB,OB,OB,OB,OB,OB,OB,OB,OB,OB,OB,OB,OB+,OB,OB,OB,OB,OB,OB,OB,OB,OB,OB,OB,OB,OB,OB,OB,OB,OB,OB,OB,OB,OB,OB,OB,OB,OB,OB,OB,OB,OB,OB,OB,OB,OB,OB,OB,OB,OB,OB,OB,OB,OB,OB,OB,OB,OB,OB,OB,OB,OB,OB,OB,OB,OB,OB+,OB,OB,OB,OB,OB,OB,OB,OB,OB,OB,OB+,OB,OB,OB,OB,OB,OB,OB,OB,OB,OB,OB,OB,OB,OB,OB,OB,OB,OB,OB,OB,OB,OB,OB,OB,OB,OB,OB,OB,OB,X,OB,OB,OB,OB,OB,OB,OB,OB,OB,OB,OB,OB,OB,OB,OB,OB,OB,OB,OB,OB,OB,OB,OB,OB,OB,OB,OB,OB,OB,OB,OB,OB,OB,OB,OB,OB,OB,OB,OB,OB,OB,OB,OB,OB,OB,OB,OB,OB,OB,OB,OB,OB,OB,OB,OB,OB,OB,OB,OB,OB,OB,OB,OB,OB,OB,OB,OB,OB,OB,OB,OB,OB,OB,OB,OB,OB,OB,OB,OB,OB,OB,OB,OB,OB,OB,OB,OB,OB,OB,OB,OB,OB,OB-,OB,OB,OB,OB,OB,OB,OB,OB,OB,OB-,OB,OB,OB
326,PHENOL,DE+,DE+,DE,DE,DE,DE,DE,DE,DE,DE,DE,DE,DE,DE,DE,DE,DE,DE,DE,DE,DE,DE,DE,DE,DE,DE,DE,DE,DE,DE,DE,DE,DE,DE,DE,DE,DE,DE,DE,DE,DE,DE-,DE,DE,DE,DE,DE,DE,DE,DE,DE,DE-,DE,DE,DE,DE,DE,DE,DE,DE-,DE-,DE,DE,DE,DE,DE,DE,DE,DE,DE,DE,DE,DE,DE,DE,DE,DE,DE,DE,DE,DE,DE,DE,DE,DE,DE,DE,DE,DE,DE,DE,DE,DE,DE,DE,DE,DE,DE,DE,DE,DE,DE,DE,DE,DE,DE,DE,DE,DE,DE,DE,DE,DE,DE,DE,DE,DE,DE,DE,DE+,DE,DE,DE,DE,DE,DE,DE,DE,DE,DE,DE,DE,DE,DE,DE,DE,DE,DE,DE+,DE,DE,DE,DE,DE,DE,DE,DE,DE,DE,DE,DE,DE,DE,DE,DE,DE,DE,DE,DE,DE,DE-,DE-,DE-,DE,DE,DE,DE,DE,DE,DE,DE,DE,DE,DE,DE,DE,DE,DE,DE,DE+,DE,DE,DE,DE,DE+,DE,DE,DE,DE,DE,DE,DE,DE,DE,DE,DE,DE,DE,DE,DE,DE,DE,DE,DE,DE,DE,DE,DE,DE,DE,DE,DE,DE,DE,DE,DE,DE,DE,DE,DE,DE,DE,DE,DE,DE,DE,DE,DE,DE,DE+,DE,DE,DE,DE,DE,DE,DE,DE,DE,DE,DE,DE,DE,DE,DE,DE,DE,DE,DE,DE,DE,DE,DE,DE,DE,DE,DE,DE,DE,DE,DE,DE,DE,DE,DE,DE,DE,DE,DE,DE,DE,DE,DE,DE,DE,DE,DE,DE,DE,DE,DE,DE,DE,DE+,DE,DE,DE,DE,DE,DE,DE,DE,DE,DE,DE+,DE,DE,DE,DE,DE,DE,DE,DE,DE,DE,DE,DE,DE,DE,DE,DE,DE,DE,DE,DE,DE,DE,DE,DE,DE,DE,DE,DE,DE,DE,X,DE,DE,DE,DE,DE,DE,DE,DE,DE,DE,DE,DE,DE,DE,DE,DE,DE,DE,DE,DE,DE,DE,DE,DE,DE,DE,DE,DE,DE,DE,DE,DE,DE,DE,DE,DE,DE,DE,DE,DE,DE,DE,DE,DE,DE,DE,DE,DE,DE,DE,DE,DE,DE,DE,DE,DE,DE,DE,DE,DE,DE,DE,DE,DE,DE,DE,DE,DE,DE,DE,DE,DE,DE,DE,DE,DE,DE,DE,DE,DE,DE,DE,DE,DE,DE,DE,DE,DE,DE,DE,DE,DE-,DE,DE,DE,DE,DE,DE,DE,DE,DE,DE-,DE,DE,DE
327,PHOSPHORIC ACID,F+,F+,F,F,F,F,F,F,F,F,F,F,F,F,F,F,F,F,F,F,F,F,F,F,F,F,F,F,F,F,F,F,F,F,F,F,F,F,F,F,F,F-,F,F,F,F,F,F,F,F,F,F-,F,F,F,F,F,F,F,F-,F-,F,F,F,F,F,F,F,F,F,F,F,F,F,F,F,F,F,F,F,F,F,F,F,F,F,F,F,F,F,F,F,F,F,F,F,F,F,F,F,F,F,F,F,F,F,F,F,F,F,F,F,F,F,F,F,F,F,F,F+,F,F,F,F,F,F,F,F,F,F,F,F,F,F,F,F,F,F,F+,F,F,F,F,F,F,F,F,F,F,F,F,F,F,F,F,F,F,F,F,F,F-,F-,F-,F,F,F,F,F,F,F,F,F,F,F,F,F,F,F,F,F+,F,F,F,F,F+,F,F,F,F,F,F,F,F,F,F,F,F,F,F,F,F,F,F,F,F,F,F,F,F,F,F,F,F,F,F,F,F,F,F,F,F,F,F,F,F,F,F,F,F,F+,F,F,F,F,F,F,F,F,F,F,F,F,F,F,F,F,F,F,F,F,F,F,F,F,F,F,F,F,F,F,F,F,F,F,F,F,F,F,F,F,F,F,F,F,F,F,F,F,F,F,F,F,F,F+,F,F,F,F,F,F,F,F,F,F,F+,F,F,F,F,F,F,F,F,F,F,F,F,F,F,F,F,F,F,F,F,F,F,F,F,F,F,F,F,F,F,F,X,F,F,F,F,F,F,F,F,F,F,F,F,F,F,F,F,F,F,F,F,F,F,F,F,F,F,F,F,F,F,F,F,F,F,F,F,F,F,F,F,F,F,F,F,F,F,F,F,F,F,F,F,F,F,F,F,F,F,F,F,F,F,F,F,F,F,F,F,F,F,F,F,F,F,F,F,F,F,F,F,F,F,F,F,F,F,F,F,F,F,F-,F,F,F,F,F,F,F,F,F,F-,F,F,F
328,[328] PHTHALATES,KA+,KA+,KA,KA,KA,KA,KA,KA,KA,KA,KA,KA,KA,KA,KA,KA,KA,KA,KA,K,KA,KA,KA,KA,KA,KA,KA,KA,K,K,K,K,KA,KA,KA,KA,KA,KA,KA,KA,KA,K-,KA,KA,KA,KA,KA,KA,KA,KA,KA,K-,K,KA,KA,KA,K,KA,KA,K-,K-,KA,K,KA,KA,KA,KA,KA,KA,KA,KA,KA,KA,KA,KA,KA,KA,KA,KA,KA,K,KA,KA,KA,KA,KA,KA,KA,KA,KA,KA,KA,KA,KA,KA,KA,KA,KA,KA,KA,KA,KA,KA,KA,KA,KA,KA,KA,KA,KA,KA,KA,KA,KA,KA,KA,KA,KA,KA,KA+,KA,KA,KA,KA,KA,KA,KA,KA,KA,KA,KA,KA,KA,KA,KA,KA,KA,KA,KA+,KA,KA,KA,KA,KA,KA,KA,KA,KA,KA,KA,KA,KA,K,KA,KA,KA,KA,KA,KA,KA,K-,K-,K-,KA,KA,K,K,K,K,K,K,KA,KA,KA,KA,KA,KA,KA,KA,KA+,KA,KA,KA,KA,KA+,KA,KA,K,KA,K,KA,KA,KA,KA,KA,KA,K,KA,KA,KA,KA,KA,KA,KA,KA,KA,KA,KA,KA,KA,K,K,KA,KA,KA,KA,KA,KA,K,KA,KA,K,K,KA,KA,KA,KA,KA,KA,KA+,KA,KA,KA,KA,KA,KA,KA,KA,KA,KA,KA,KA,KA,KA,KA,KA,KA,KA,KA,KA,KA,KA,KA,KA,KA,KA,K,KA,KA,KA,K,K,KA,KA,KA,KA,KA,KA,KA,KA,KA,KA,KA,KA,KA,KA,KA,KA,KA,KA,KA,KA,KA,KA+,KA,KA,KA,KA,KA,KA,KA,KA,KA,KA,KA+,KA,KA,KA,KA,KA,KA,KA,KA,KA,KA,KA,K,KA,KA,KA,KA,KA,KA,KA,KA,KA,KA,KA,KA,KA,KA,KA,KA,KA,KA,KA,KA,X,KA,KA,KA,KA,KA,KA,K,KA,KA,KA,KA,KA,KA,KA,KA,KA,KA,KA,KA,KA,KA,KA,K,KA,KA,KA,K,KA,K,KA,KA,K,K,KA,K,K,KA,KA,KA,KA,KA,KA,KA,KA,KA,KA,KA,K,K,KA,KA,KA,KA,KA,KA,KA,KA,KA,KA,KA,KA,KA,KA,KA,KA,KA,KA,KA,KA,KA,KA,KA,KA,KA,KA,KA,KA,KA,KA,KA,KA,K,K,KA,K,K,KA,KA,K,K-,KA,KA,KA,K,K,KA,KA,KA,KA,K-,KA,KA,KA
329,[329] PICOLINES,ND+,ND+,ND,ND,ND,ND,ND,ND,ND,ND,ND,ND,ND,ND,ND,ND,ND,ND,ND,D,ND,ND,ND,ND,ND,ND,ND,ND,D,D,D,D,ND,ND,ND,ND,ND,ND,ND,ND,ND,D-,ND,ND,ND,ND,ND,ND,ND,ND,ND,D-,ND,ND,ND,ND,D,ND,ND,D-,D-,ND,D,ND,ND,ND,ND,ND,ND,ND,ND,ND,ND,ND,ND,ND,ND,ND,ND,ND,D,ND,ND,ND,ND,ND,ND,ND,ND,ND,ND,ND,ND,ND,ND,ND,ND,ND,ND,ND,ND,ND,ND,ND,ND,ND,ND,ND,ND,ND,ND,ND,ND,ND,ND,ND,ND,ND,ND,ND+,ND,ND,ND,ND,ND,ND,ND,ND,ND,ND,ND,ND,ND,ND,ND,ND,ND,ND,ND+,ND,ND,ND,ND,ND,ND,ND,ND,ND,ND,ND,ND,ND,ND,ND,ND,ND,ND,ND,ND,ND,D-,D-,D-,ND,ND,D,D,D,D,D,D,ND,ND,ND,ND,ND,ND,ND,ND,ND+,ND,ND,ND,ND,ND+,ND,ND,D,ND,D,ND,ND,ND,ND,ND,ND,D,ND,ND,ND,ND,ND,ND,ND,ND,ND,ND,ND,ND,ND,D,D,ND,ND,ND,ND,ND,ND,D,ND,ND,ND,ND,ND,ND,ND,ND,ND,ND,ND+,ND,ND,ND,ND,ND,ND,ND,ND,ND,ND,ND,ND,ND,ND,ND,ND,ND,ND,ND,ND,ND,ND,ND,ND,ND,ND,D,ND,ND,ND,D,D,ND,ND,ND,ND,ND,ND,ND,ND,ND,ND,ND,ND,ND,ND,ND,ND,ND,ND,ND,ND,ND,ND+,ND,ND,ND,ND,ND,ND,ND,ND,ND,ND,ND+,ND,ND,ND,ND,ND,ND,ND,ND,ND,ND,ND,ND,ND,ND,ND,ND,ND,ND,ND,ND,ND,ND,ND,ND,ND,ND,ND,ND,ND,ND,ND,ND,ND,X,ND,ND,ND,ND,ND,ND,ND,ND,ND,ND,ND,ND,ND,ND,ND,ND,ND,ND,ND,ND,ND,D,ND,ND,ND,D,ND,D,ND,ND,D,ND,ND,ND,ND,ND,ND,ND,ND,ND,ND,ND,ND,ND,ND,ND,D,D,ND,ND,ND,ND,ND,ND,ND,ND,ND,ND,ND,ND,ND,ND,ND,ND,ND,ND,ND,ND,ND,ND,ND,ND,ND,ND,ND,ND,ND,ND,ND,ND,D,D,ND,ND,ND,ND,ND,ND,D-,ND,ND,ND,D,D,ND,ND,ND,ND,D-,ND,ND,ND
330,[330] PINENES,DB+,DB+,DB,DB,DB,CF,DB,DB,DB,DB,DB,DB,DB,DB,DB,DB,DB,DB,DB,CF,DB,DB,DB,DB,DB,DB,DB,DB,CF,CF,CF,CF,DB,DB,DB,DB,DB,DB,DB,DB,DB,CF-,DB,CF,DB,DB,DB,DB,DB,DB,DB,CF-,CF,CF,CF,CF,CF,DB,DB,CF-,CF-,DB,CF,DB,DB,DB,DB,DB,DB,DB,DB,DB,DB,DB,DB,DB,DB,DB,DB,DB,CF,DB,DB,DB,DB,DB,DB,DB,DB,DB,DB,DB,DB,DB,DB,DB,DB,DB,DB,DB,DB,DB,DB,DB,DB,DB,DB,DB,DB,DB,DB,DB,DB,DB,DB,DB,DB,DB,DB,DB+,DB,DB,DB,DB,DB,DB,DB,DB,DB,DB,DB,DB,DB,DB,DB,DB,DB,DB,DB+,DB,DB,DB,DB,DB,DB,DB,DB,DB,DB,DB,DB,CF,CF,CF,CF,DB,DB,DB,DB,DB,CF-,CF-,CF-,DB,DB,CF,CF,CF,CF,CF,CF,DB,DB,DB,DB,CF,CF,DB,DB,DB+,DB,DB,DB,DB,DB+,DB,DB,CF,CF,CF,DB,DB,DB,DB,DB,DB,CF,DB,DB,DB,DB,DB,DB,DB,DB,DB,DB,DB,DB,DB,CF,CF,DB,DB,CF,DB,CF,DB,CF,DB,CF,CF,CF,CF,DB,DB,DB,DB,DB,DB+,DB,DB,DB,DB,DB,DB,DB,DB,DB,DB,DB,DB,DB,DB,DB,DB,DB,DB,DB,DB,DB,DB,DB,DB,CF,DB,CF,CF,DB,CF,CF,CF,DB,CF,DB,DB,DB,DB,DB,DB,DB,DB,DB,DB,DB,DB,DB,DB,DB,DB,DB,DB,DB,DB+,DB,DB,DB,DB,DB,DB,DB,DB,DB,DB,DB+,DB,CF,DB,DB,DB,DB,DB,CF,CF,CF,CF,CF,CF,CF,CF,CF,CF,CF,CF,CF,DB,CF,DB,DB,DB,DB,DB,DB,CF,CF,DB,CF,DB,DB,DB,CF,DB,DB,DB,CF,DB,DB,DB,DB,DB,DB,DB,DB,DB,DB,DB,DB,DB,DB,DB,CF,CF,CF,CF,CF,CF,CF,CF,DB,CF,CF,CF,CF,CF,DB,CF,DB,DB,CF,CF,DB,DB,DB,CF,CF,CF,CF,CF,DB,DB,DB,DB,DB,DB,DB,DB,DB,DB,DB,DB,DB,DB,DB,DB,DB,DB,DB,DB,DB,DB,DB,DB,DB,DB,DB,DB,DB,DB,CF,CF,CF,DB,CF,CF,CF,CF,CF,CF-,DB,CF,CF,CF,CF,DB,DB,DB,DB,CF-,DB,DB,DB
331,PINE OIL,P+,P+,P,P,P,P,P,P,P,P,P,P,P,P,P,P,P,P,P,P,HY,HY,HY,P,P,P,P,P,P,P,P,P,P,P,P,P,P,P,P,P,P,P-,P,P,P,P,P,P,P,P,P,P-,P,P,P,P,P,P,P,P-,P-,P,P,P,P,P,P,P,P,P,P,P,P,P,P,P,P,P,P,P,P,P,P,P,P,P,P,P,P,P,P,P,P,P,P,P,P,P,P,P,P,P,P,P,P,P,P,P,P,P,P,P,P,P,P,P,P,P,P,P+,P,P,P,P,P,P,P,P,P,P,P,P,P,P,P,P,P,P,P+,P,P,P,P,P,P,P,P,P,P,P,P,P,P,P,P,P,P,P,P,P,P-,P-,P-,P,P,P,P,P,P,P,P,P,P,P,P,P,P,P,P,P+,P,P,P,P,P+,P,P,P,P,P,P,P,P,P,P,P,P,P,P,P,P,P,P,P,P,P,P,P,P,HY,P,P,P,P,P,P,P,P,P,P,P,P,P,P,P,P,P,P,P,P+,P,P,P,P,P,P,P,P,P,P,P,P,P,P,P,P,P,P,P,P,P,P,P,P,P,P,P,P,P,P,P,P,P,P,P,P,P,P,P,P,P,P,P,P,P,P,P,P,P,P,P,P,P,P+,P,P,P,P,P,P,P,P,P,P,P+,P,P,P,P,P,P,P,P,P,P,P,P,P,P,P,P,P,P,P,P,P,P,P,P,P,P,P,P,P,P,P,P,P,P,P,X,P,P,P,P,P,P,P,P,P,P,P,P,P,P,P,P,P,P,P,P,P,P,P,P,P,P,P,P,P,P,P,P,P,P,P,P,P,P,P,P,P,P,P,P,P,P,P,P,P,P,P,P,P,P,P,P,P,P,P,P,P,P,P,P,P,P,P,P,P,P,P,P,P,P,P,P,P,P,P,P,P,P,P,P,P,P,P-,P,P,P,P,P,P,P,P,P,P-,P,P,P
332,POLYETHYLENE GLYCOLS,BC+,BC+,BC,BC,BC,BC,BC,BC,BC,BC,BC,BC,BC,BC,BC,BC,BC,BC,BC,BC,BC,BC,BC,BC,BC,BC,BC,BC,BC,BC,BC,BC,BC,BC,BC,BC,BC,BC,BC,BC,BC,BC-,BC,BC,BC,BC,BC,BC,BC,BC,BC,BC-,BC,BC,BC,BC,BC,BC,BC,BC-,BC-,BC,BC,BC,BC,BC,BC,BC,BC,BC,BC,BC,BC,BC,BC,BC,BC,BC,BC,BC,BC,BC,BC,BC,BC,BC,BC,BC,BC,BC,BC,BC,BC,BC,BC,BC,BC,BC,BC,BC,BC,BC,BC,BC,BC,BC,BC,BC,BC,BC,BC,BC,BC,BC,BC,BC,BC,BC,BC,BC+,BC,BC,BC,BC,BC,BC,BC,BC,BC,BC,BC,BC,BC,BC,BC,BC,BC,BC,BC+,BC,BC,BC,BC,BC,BC,BC,BC,BC,BC,BC,BC,BC,BC,BC,BC,BC,BC,BC,BC,BC,BC-,BC-,BC-,BC,BC,BC,BC,BC,BC,BC,BC,BC,BC,BC,BC,BC,BC,BC,BC,BC+,BC,BC,BC,BC,BC+,BC,BC,BC,BC,BC,BC,BC,BC,BC,BC,BC,BC,BC,BC,BC,BC,BC,BC,BC,BC,BC,BC,BC,BC,BC,BC,BC,BC,BC,BC,BC,BC,BC,BC,BC,BC,BC,BC,BC,BC,BC,BC,BC,BC,BC+,BC,BC,BC,BC,BC,BC,BC,BC,BC,BC,BC,BC,BC,BC,BC,BC,BC,BC,BC,BC,BC,BC,BC,BC,BC,BC,BC,BC,BC,BC,BC,BC,BC,BC,BC,BC,BC,BC,BC,BC,BC,BC,BC,BC,BC,BC,BC,BC,BC,BC,BC,BC,BC,BC+,BC,BC,BC,BC,BC,BC,BC,BC,BC,BC,BC+,BC,BC,BC,BC,BC,BC,BC,BC,BC,BC,BC,BC,BC,BC,BC,BC,BC,BC,BC,BC,BC,BC,BC,BC,BC,BC,BC,BC,BC,BC,BC,BC,BC,BC,BC,BC,X,BC,BC,BC,BC,BC,BC,BC,BC,BC,BC,BC,BC,BC,BC,BC,BC,BC,BC,BC,BC,BC,BC,BC,BC,BC,BC,BC,BC,BC,BC,BC,BC,BC,BC,BC,BC,BC,BC,BC,BC,BC,BC,BC,BC,BC,BC,BC,BC,BC,BC,BC,BC,BC,BC,BC,BC,BC,BC,BC,BC,BC,BC,BC,BC,BC,BC,BC,BC,BC,BC,BC,BC,BC,BC,BC,BC,BC,BC,BC,BC,BC,BC,BC,BC,BC,BC-,BC,BC,BC,BC,BC,BC,BC,BC,BC,BC-,BC,BC,BC
333,POLYMETHYLENE POLYPHENYL ISOCYANATE,S+,S+,S,S,S,S,S,S,S,S,S,S,S,S,S,S,S,S,S,S,S,S,S,S,S,S,S,S,S,S,S,S,S,S,S,S,S,S,S,S,S,S-,S,S,S,S,S,S,S,S,S,S-,S,S,S,S,S,S,S,S-,S-,S,S,S,S,S,S,S,S,S,S,S,S,S,S,S,S,S,S,S,S,S,S,S,S,S,S,S,S,S,S,S,S,S,S,S,S,S,S,S,S,S,S,S,S,S,S,S,S,S,S,S,S,S,S,S,S,S,S,S+,S,S,S,S,S,S,S,S,S,S,S,S,S,S,S,S,S,S,S+,S,S,S,S,S,S,S,S,S,S,S,S,S,S,S,S,S,S,S,S,S,S-,S-,S-,S,S,S,S,S,S,S,S,S,S,S,S,S,S,S,S,S+,S,S,S,S,S+,S,S,S,S,S,S,S,S,S,S,S,S,S,S,S,S,S,S,S,S,S,S,S,S,S,S,S,S,S,S,S,S,S,S,S,S,S,S,S,S,S,S,S,S,S+,S,S,S,S,S,S,S,S,S,S,S,S,S,S,S,S,S,S,S,S,S,S,S,S,S,S,S,S,S,S,S,S,S,S,S,S,S,S,S,S,S,S,S,S,S,S,S,S,S,S,S,S,S,S+,S,S,S,S,S,S,S,S,S,S,S+,S,S,S,S,S,S,S,S,S,S,S,S,S,S,S,S,S,S,S,S,S,S,S,S,S,S,S,S,S,S,S,S,S,S,S,S,S,X,S,S,S,S,S,S,S,S,S,S,S,S,S,S,S,S,S,S,S,S,S,S,S,S,S,S,S,S,S,S,S,S,S,S,S,S,S,S,S,S,S,S,S,S,S,S,S,S,S,S,S,S,S,S,S,S,S,S,S,S,S,S,S,S,S,S,S,S,S,S,S,S,S,S,S,S,S,S,S,S,S,S,S,S,S-,S,S,S,S,S,S,S,S,S,S-,S,S,S
334,POLYPROPYLENE GLYCOLS,BC+,BC+,BC,BC,BC,BC,BC,BC,BC,BC,BC,BC,BC,BC,BC,BC,BC,BC,BC,BC,BC,BC,BC,BC,BC,BC,BC,BC,BC,BC,BC,BC,BC,BC,BC,BC,BC,BC,BC,BC,BC,BC-,BC,BC,BC,BC,BC,BC,BC,BC,BC,BC-,BC,BC,BC,BC,BC,BC,BC,BC-,BC-,BC,BC,BC,BC,BC,BC,BC,BC,BC,BC,BC,BC,BC,BC,BC,BC,BC,BC,BC,BC,BC,BC,BC,BC,BC,BC,BC,BC,BC,BC,BC,BC,BC,BC,BC,BC,BC,BC,BC,BC,BC,BC,BC,BC,BC,BC,BC,BC,BC,BC,BC,BC,BC,BC,BC,BC,BC,BC,BC+,BC,BC,BC,BC,BC,BC,BC,BC,BC,BC,BC,BC,BC,BC,BC,BC,BC,BC,BC+,BC,BC,BC,BC,BC,BC,BC,BC,BC,BC,BC,BC,BC,BC,BC,BC,BC,BC,BC,BC,BC,BC-,BC-,BC-,BC,BC,BC,BC,BC,BC,BC,BC,BC,BC,BC,BC,BC,BC,BC,BC,BC+,BC,BC,BC,BC,BC+,BC,BC,BC,BC,BC,BC,BC,BC,BC,BC,BC,BC,BC,BC,BC,BC,BC,BC,BC,BC,BC,BC,BC,BC,BC,BC,BC,BC,BC,BC,BC,BC,BC,BC,BC,BC,BC,BC,BC,BC,BC,BC,BC,BC,BC+,BC,BC,BC,BC,BC,BC,BC,BC,BC,BC,BC,BC,BC,BC,BC,BC,BC,BC,BC,BC,BC,BC,BC,BC,BC,BC,BC,BC,BC,BC,BC,BC,BC,BC,BC,BC,BC,BC,BC,BC,BC,BC,BC,BC,BC,BC,BC,BC,BC,BC,BC,BC,BC,BC+,BC,BC,BC,BC,BC,BC,BC,BC,BC,BC,BC+,BC,BC,BC,BC,BC,BC,BC,BC,BC,BC,BC,BC,BC,BC,BC,BC,BC,BC,BC,BC,BC,BC,BC,BC,BC,BC,BC,BC,BC,BC,BC,BC,BC,BC,BC,BC,BC,BC,X,BC,BC,BC,BC,BC,BC,BC,BC,BC,BC,BC,BC,BC,BC,BC,BC,BC,BC,BC,BC,BC,BC,BC,BC,BC,BC,BC,BC,BC,BC,BC,BC,BC,BC,BC,BC,BC,BC,BC,BC,BC,BC,BC,BC,BC,BC,BC,BC,BC,BC,BC,BC,BC,BC,BC,BC,BC,BC,BC,BC,BC,BC,BC,BC,BC,BC,BC,BC,BC,BC,BC,BC,BC,BC,BC,BC,BC,BC,BC,BC,BC,BC,BC,BC-,BC,BC,BC,BC,BC,BC,BC,BC,BC,BC-,BC,BC,BC
335,POTASSIUM HYDROXIDE SOLUTION (45%),E+,E+,E,E,E,E,E,E,E,E,E,E,E,E,E,E,E,E,E,E,E,E,E,E,E,E,E,E,E,E,E,E,E,E,E,E,E,E,E,E,E,E-,E,E,E,E,E,E,E,E,E,E-,E,E,E,E,E,E,E,E-,E-,E,E,E,E,E,E,E,E,E,E,E,E,E,E,E,E,E,E,E,E,E,E,E,E,E,E,E,E,E,E,E,E,E,E,E,E,E,E,E,E,E,E,E,E,E,E,E,E,E,E,E,E,E,E,E,E,E,E,E+,E,E,E,E,E,E,E,E,E,E,E,E,E,E,E,E,E,E,E+,E,E,E,E,E,E,E,E,E,E,E,E,E,E,E,E,E,E,E,E,E,E-,E-,E-,E,E,E,E,E,E,E,E,E,E,E,E,E,E,E,E,E+,E,E,E,E,E+,E,E,E,E,E,E,E,E,E,E,E,E,E,E,E,E,E,E,E,E,E,E,E,E,E,E,E,E,E,E,E,E,E,E,E,E,E,E,E,E,E,E,E,E,E+,E,E,E,E,E,E,E,E,E,E,E,E,E,E,E,E,E,E,E,E,E,E,E,E,E,E,E,E,E,E,E,E,E,E,E,E,E,E,E,E,E,E,E,E,E,E,E,E,E,E,E,E,E,E+,E,E,E,E,E,E,E,E,E,E,E+,E,E,E,E,E,E,E,E,E,E,E,E,E,E,E,E,E,E,E,E,E,E,E,E,E,E,E,E,E,E,E,E,E,E,E,E,E,E,E,X,E,E,E,E,E,E,E,E,E,E,E,E,E,E,E,E,E,E,E,E,E,E,E,E,E,E,E,E,E,E,E,E,E,E,E,E,E,E,E,E,E,E,E,E,E,E,E,E,E,E,E,E,E,E,E,E,E,E,E,E,E,E,E,E,E,E,E,E,E,E,E,E,E,E,E,E,E,E,E,E,E,E,E-,E,E,E,E,E,E,E,E,E,E-,E,E,E
336,"1,3-PROPANEDIOL",BC+,BC+,BC,BC,BC,BC,BC,BC,BC,BC,BC,BC,BC,BC,BC,BC,BC,BC,BC,BC,BC,BC,BC,BC,BC,BC,BC,BC,BC,BC,BC,BC,BC,BC,BC,BC,BC,BC,BC,BC,BC,BC-,BC,BC,BC,BC,BC,BC,BC,BC,BC,BC-,BC,BC,BC,BC,BC,BC,BC,BC-,BC-,BC,BC,BC,BC,BC,BC,BC,BC,BC,BC,BC,BC,BC,BC,BC,BC,BC,BC,BC,BC,BC,BC,BC,BC,BC,BC,BC,BC,BC,BC,BC,BC,BC,BC,BC,BC,BC,BC,BC,BC,BC,BC,BC,BC,BC,BC,BC,BC,BC,BC,BC,BC,BC,BC,BC,BC,BC,BC,BC+,BC,BC,BC,BC,BC,BC,BC,BC,BC,BC,BC,BC,BC,BC,BC,BC,BC,BC,BC+,BC,BC,BC,BC,BC,BC,BC,BC,BC,BC,BC,BC,BC,BC,BC,BC,BC,BC,BC,BC,BC,BC-,BC-,BC-,BC,BC,BC,BC,BC,BC,BC,BC,BC,BC,BC,BC,BC,BC,BC,BC,BC+,BC,BC,BC,BC,BC+,BC,BC,BC,BC,BC,BC,BC,BC,BC,BC,BC,BC,BC,BC,BC,BC,BC,BC,BC,BC,BC,BC,BC,BC,BC,BC,BC,BC,BC,BC,BC,BC,BC,BC,BC,BC,BC,BC,BC,BC,BC,BC,BC,BC,BC+,BC,BC,BC,BC,BC,BC,BC,BC,BC,BC,BC,BC,BC,BC,BC,BC,BC,BC,BC,BC,BC,BC,BC,BC,BC,BC,BC,BC,BC,BC,BC,BC,BC,BC,BC,BC,BC,BC,BC,BC,BC,BC,BC,BC,BC,BC,BC,BC,BC,BC,BC,BC,BC,BC+,BC,BC,BC,BC,BC,BC,BC,BC,BC,BC,BC+,BC,BC,BC,BC,BC,BC,BC,BC,BC,BC,BC,BC,BC,BC,BC,BC,BC,BC,BC,BC,BC,BC,BC,BC,BC,BC,BC,BC,BC,BC,BC,BC,BC,BC,BC,BC,BC,BC,BC,BC,X,BC,BC,BC,BC,BC,BC,BC,BC,BC,BC,BC,BC,BC,BC,BC,BC,BC,BC,BC,BC,BC,BC,BC,BC,BC,BC,BC,BC,BC,BC,BC,BC,BC,BC,BC,BC,BC,BC,BC,BC,BC,BC,BC,BC,BC,BC,BC,BC,BC,BC,BC,BC,BC,BC,BC,BC,BC,BC,BC,BC,BC,BC,BC,BC,BC,BC,BC,BC,BC,BC,BC,BC,BC,BC,BC,BC,BC,BC,BC,BC,BC,BC-,BC,BC,BC,BC,BC,BC,BC,BC,BC,BC-,BC,BC,BC
337,PROPIONALDEHYDE,BA+,BA+,BA,BA,BA,BA,BA,BA,BA,BA,BA,BA,BA,BA,BA,BA,BA,BA,BA,BA,BA,BA,BA,BA,BA,BA,BA,BA,BA,BA,BA,BA,BA,BA,BA,BA,BA,BA,BA,BA,BA,BA-,BA,BA,BA,BA,BA,BA,BA,BA,BA,BA-,BA,BA,BA,BA,BA,BA,BA,BA-,BA-,BA,BA,BA,BA,BA,BA,BA,BA,BA,BA,BA,BA,BA,BA,BA,BA,BA,BA,BA,BA,BA,BA,BA,BA,BA,BA,BA,BA,BA,BA,BA,BA,BA,BA,BA,BA,BA,BA,BA,BA,BA,BA,BA,BA,BA,BA,BA,BA,BA,BA,BA,BA,BA,BA,BA,BA,BA,BA,BA+,BA,BA,BA,BA,BA,BA,BA,BA,BA,BA,BA,BA,BA,BA,BA,BA,BA,BA,BA+,BA,BA,BA,BA,BA,BA,BA,BA,BA,BA,BA,BA,BA,BA,BA,BA,BA,BA,BA,BA,BA,BA-,BA-,BA-,BA,BA,BA,BA,BA,BA,BA,BA,BA,BA,BA,BA,BA,BA,BA,BA,BA+,BA,BA,BA,BA,BA+,BA,BA,BA,BA,BA,BA,BA,BA,BA,BA,BA,BA,BA,BA,BA,BA,BA,BA,BA,BA,BA,BA,BA,BA,BA,BA,BA,BA,BA,BA,BA,BA,BA,BA,BA,BA,BA,BA,BA,BA,BA,BA,BA,BA,BA+,BA,BA,BA,BA,BA,BA,BA,BA,BA,BA,BA,BA,BA,BA,BA,BA,BA,BA,BA,BA,BA,BA,BA,BA,BA,BA,BA,BA,BA,BA,BA,BA,BA,BA,BA,BA,BA,BA,BA,BA,BA,BA,BA,BA,BA,BA,BA,BA,BA,BA,BA,BA,BA,BA+,BA,BA,BA,BA,BA,BA,BA,BA,BA,BA,BA+,BA,BA,BA,BA,BA,BA,BA,BA,BA,BA,BA,BA,BA,BA,BA,BA,BA,BA,BA,BA,BA,BA,BA,BA,BA,BA,BA,BA,BA,BA,BA,BA,BA,BA,BA,BA,BA,BA,BA,BA,BA,X,BA,BA,BA,BA,BA,BA,BA,BA,BA,BA,BA,BA,BA,BA,BA,BA,BA,BA,BA,BA,BA,BA,BA,BA,BA,BA,BA,BA,BA,BA,BA,BA,BA,BA,BA,BA,BA,BA,BA,BA,BA,BA,BA,BA,BA,BA,BA,BA,BA,BA,BA,BA,BA,BA,BA,BA,BA,BA,BA,BA,BA,BA,BA,BA,BA,BA,BA,BA,BA,BA,BA,BA,BA,BA,BA,BA,BA,BA,BA,BA,BA-,BA,BA,BA,BA,BA,BA,BA,BA,BA,BA-,BA,BA,BA
338,PROPIONIC ACID,BA+,BA+,BA,BA,BA,BA,BA,BA,BA,BA,BA,BA,BA,BA,BA,BA,BA,BA,BA,BA,BA,BA,BA,BA,BA,BA,BA,BA,BA,BA,BA,BA,BA,BA,BA,BA,BA,BA,BA,BA,BA,BA-,BA,BA,BA,BA,BA,BA,BA,BA,BA,BA-,BA,BA,BA,BA,BA,BA,BA,BA-,BA-,BA,BA,BA,BA,BA,BA,BA,BA,BA,BA,BA,BA,BA,BA,BA,BA,BA,BA,BA,BA,BA,BA,BA,BA,BA,BA,BA,BA,BA,BA,BA,BA,BA,BA,BA,BA,BA,BA,BA,BA,BA,BA,BA,BA,BA,BA,BA,BA,BA,BA,BA,BA,BA,BA,BA,BA,BA,BA,BA+,BA,BA,BA,BA,BA,BA,BA,BA,BA,BA,BA,BA,BA,BA,BA,BA,BA,BA,BA+,BA,BA,BA,BA,BA,BA,BA,BA,BA,BA,BA,BA,BA,BA,BA,BA,BA,BA,BA,BA,BA,BA-,BA-,BA-,BA,BA,BA,BA,BA,BA,BA,BA,BA,BA,BA,BA,BA,BA,BA,BA,BA+,BA,BA,BA,BA,BA+,BA,BA,BA,BA,BA,BA,BA,BA,BA,BA,BA,BA,BA,BA,BA,BA,BA,BA,BA,BA,BA,BA,BA,BA,BA,BA,BA,BA,BA,BA,BA,BA,BA,BA,BA,BA,BA,BA,BA,BA,BA,BA,BA,BA,BA+,BA,BA,BA,BA,BA,BA,BA,BA,BA,BA,BA,BA,BA,BA,BA,BA,BA,BA,BA,BA,BA,BA,BA,BA,BA,BA,BA,BA,BA,BA,BA,BA,BA,BA,BA,BA,BA,BA,BA,BA,BA,BA,BA,BA,BA,BA,BA,BA,BA,BA,BA,BA,BA,BA+,BA,BA,BA,BA,BA,BA,BA,BA,BA,BA,BA+,BA,BA,BA,BA,BA,BA,BA,BA,BA,BA,BA,BA,BA,BA,BA,BA,BA,BA,BA,BA,BA,BA,BA,BA,BA,BA,BA,BA,BA,BA,BA,BA,BA,BA,BA,BA,BA,BA,BA,BA,BA,BA,X,BA,BA,BA,BA,BA,BA,BA,BA,BA,BA,BA,BA,BA,BA,BA,BA,BA,BA,BA,BA,BA,BA,BA,BA,BA,BA,BA,BA,BA,BA,BA,BA,BA,BA,BA,BA,BA,BA,BA,BA,BA,BA,BA,BA,BA,BA,BA,BA,BA,BA,BA,BA,BA,BA,BA,BA,BA,BA,BA,BA,BA,BA,BA,BA,BA,BA,BA,BA,BA,BA,BA,BA,BA,BA,BA,BA,BA,BA,BA,BA-,BA,BA,BA,BA,BA,BA,BA,BA,BA,BA-,BA,BA,BA
339,PROPIONIC ANHYDRIDE,C+,C+,C,C,C,C,C,C,C,C,C,C,C,C,C,C,C,C,C,C,C,C,C,C,C,C,C,C,C,C,C,C,C,C,C,C,C,C,C,C,C,C-,C,C,C,C,C,C,C,C,C,C-,C,C,C,C,C,C,C,C-,C-,C,C,C,C,C,C,C,C,C,C,C,C,C,C,C,C,C,C,C,C,C,C,C,C,C,C,C,C,C,C,C,C,C,C,C,C,C,C,C,C,C,C,C,C,C,C,C,C,C,C,C,C,C,C,C,C,C,C,C+,C,C,C,C,C,C,C,C,C,C,C,C,C,C,C,C,C,C,C+,C,C,C,C,C,C,C,C,C,C,C,C,C,C,C,C,C,C,C,C,C,C-,C-,C-,C,C,C,C,C,C,C,C,C,C,C,C,C,C,C,C,C+,C,C,C,C,C+,C,C,C,C,C,C,C,C,C,C,C,C,C,C,C,C,C,C,C,C,C,C,C,C,C,C,C,C,C,C,C,C,C,C,C,C,C,C,C,C,C,C,C,C,C+,C,C,C,C,C,C,C,C,C,C,C,C,C,C,C,C,C,C,C,C,C,C,C,C,C,C,C,C,C,C,C,C,C,C,C,C,C,C,C,C,C,C,C,C,C,C,C,C,C,C,C,C,C,C+,C,C,C,C,C,C,C,C,C,C,C+,C,C,C,C,C,C,C,C,C,C,C,C,C,C,C,C,C,C,C,C,C,C,C,C,C,C,C,C,C,C,C,C,C,C,C,C,C,C,C,C,C,C,C,X,C,C,C,C,C,C,C,C,C,C,C,C,C,C,C,C,C,C,C,C,C,C,C,C,C,C,C,C,C,C,C,C,C,C,C,C,C,C,C,C,C,C,C,C,C,C,C,C,C,C,C,C,C,C,C,C,C,C,C,C,C,C,C,C,C,C,C,C,C,C,C,C,C,C,C,C,C,C,C-,C,C,C,C,C,C,C,C,C,C-,C,C,C
340,PROPIONITRILE,CA+,CA+,CA,CA,CA,CA,CA,CA,CA,CA,CA,CA,CA,CA,CA,CA,CA,CA,CA,CA,CA,CA,CA,CA,CA,CA,CA,CA,CA,CA,CA,CA,CA,CA,CA,CA,CA,CA,CA,CA,CA,CA-,CA,CA,CA,CA,CA,CA,CA,CA,CA,CA-,CA,CA,CA,CA,CA,CA,CA,CA-,CA-,CA,CA,CA,CA,CA,CA,CA,CA,CA,CA,CA,CA,CA,CA,CA,CA,CA,CA,CA,CA,CA,CA,CA,CA,CA,CA,CA,CA,CA,CA,CA,CA,CA,CA,CA,CA,CA,CA,CA,CA,CA,CA,CA,CA,CA,CA,CA,CA,CA,CA,CA,CA,CA,CA,CA,CA,CA,CA,CA+,CA,CA,CA,CA,CA,CA,CA,CA,CA,CA,CA,CA,CA,CA,CA,CA,CA,CA,CA+,CA,CA,CA,CA,CA,CA,CA,CA,CA,CA,CA,CA,CA,CA,CA,CA,CA,CA,CA,CA,CA,CA-,CA-,CA-,CA,CA,CA,CA,CA,CA,CA,CA,CA,CA,CA,CA,CA,CA,CA,CA,CA+,CA,CA,CA,CA,CA+,CA,CA,CA,CA,CA,CA,CA,CA,CA,CA,CA,CA,CA,CA,CA,CA,CA,CA,CA,CA,CA,CA,CA,CA,CA,CA,CA,CA,CA,CA,CA,CA,CA,CA,CA,CA,CA,CA,CA,CA,CA,CA,CA,CA,CA+,CA,CA,CA,CA,CA,CA,CA,CA,CA,CA,CA,CA,CA,CA,CA,CA,CA,CA,CA,CA,CA,CA,CA,CA,CA,CA,CA,CA,CA,CA,CA,CA,CA,CA,CA,CA,CA,CA,CA,CA,CA,CA,CA,CA,CA,CA,CA,CA,CA,CA,CA,CA,CA,CA+,CA,CA,CA,CA,CA,CA,CA,CA,CA,CA,CA+,CA,CA,CA,CA,CA,CA,CA,CA,CA,CA,CA,CA,CA,CA,CA,CA,CA,CA,CA,CA,CA,CA,CA,CA,CA,CA,CA,CA,CA,CA,CA,CA,CA,CA,CA,CA,CA,CA,CA,CA,CA,CA,CA,CA,X,CA,CA,CA,CA,CA,CA,CA,CA,CA,CA,CA,CA,CA,CA,CA,CA,CA,CA,CA,CA,CA,CA,CA,CA,CA,CA,CA,CA,CA,CA,CA,CA,CA,CA,CA,CA,CA,CA,CA,CA,CA,CA,CA,CA,CA,CA,CA,CA,CA,CA,CA,CA,CA,CA,CA,CA,CA,CA,CA,CA,CA,CA,CA,CA,CA,CA,CA,CA,CA,CA,CA,CA,CA,CA,CA,CA,CA,CA-,CA,CA,CA,CA,CA,CA,CA,CA,CA,CA-,CA,CA,CA
341,PROPYL CHLORIDE,B+,B+,B,B,B,B,B,B,B,B,B,B,B,B,B,B,B,B,B,B,B,B,B,B,B,B,B,B,B,B,B,B,B,B,B,B,B,B,B,B,B,B-,B,B,B,B,B,B,B,B,B,B-,B,B,B,B,B,B,B,B-,B-,B,B,B,B,B,B,B,B,B,B,B,B,B,B,B,B,B,B,B,B,B,B,B,B,B,B,B,B,B,B,B,B,B,B,B,B,B,B,B,B,B,B,B,B,B,B,B,B,B,B,B,B,B,B,B,B,B,B,B+,B,B,B,B,B,B,B,B,B,B,B,B,B,B,B,B,B,B,B+,B,B,B,B,B,B,B,B,B,B,B,B,B,B,B,B,B,B,B,B,B,B-,B-,B-,B,B,B,B,B,B,B,B,B,B,B,B,B,B,B,B,B+,B,B,B,B,B+,B,B,B,B,B,B,B,B,B,B,B,B,B,B,B,B,B,B,B,B,B,B,B,B,B,B,B,B,B,B,B,B,B,B,B,B,B,B,B,B,B,B,B,B,B+,B,B,B,B,B,B,B,B,B,B,B,B,B,B,B,B,B,B,B,B,B,B,B,B,B,B,B,B,B,B,B,B,B,B,B,B,B,B,B,B,B,B,B,B,B,B,B,B,B,B,B,B,B,B+,B,B,B,B,B,B,B,B,B,B,B+,B,B,B,B,B,B,B,B,B,B,B,B,B,B,B,B,B,B,B,B,B,B,B,B,B,B,B,B,B,B,B,B,B,B,B,B,B,B,B,B,B,B,B,B,B,X,B,B,B,B,B,B,B,B,B,B,B,B,B,B,B,B,B,B,B,B,B,B,B,B,B,B,B,B,B,B,B,B,B,B,B,B,B,B,B,B,B,B,B,B,B,B,B,B,B,B,B,B,B,B,B,B,B,B,B,B,B,B,B,B,B,B,B,B,B,B,B,B,B,B,B,B,B-,B,B,B,B,B,B,B,B,B,B-,B,B,B
342,PROPYLENE TETRAMER,,,,,,,,,,,,,,,,,,,,,,,,,,,,,,,,,,,,,,,,,,,,,,,,,,,,,,,,,,,,,,,,,,,,,,,,,,,,,,,,,,,,,,,,,,,,,,,,,,,,,,,,,,,,,,,,,,,,,,,,,,,,,,,,,,,,,,,,,,,,,,,,,,,,,,,,,,,,,,,,,,,,,,,,,,,,,,,,,,,,,,,,,,,,,,,,,,,,,,,,,,,,,,,,,,,,,,,,,,,,,,,,,,,,,,,,,,,,,,,,,,,,,,,,,,,,,,,,,,,,,,,,,,,,,,,,,,,,,,,,,,,,,,,,,,,,,,,,,,,,,,,,,,,,,,,,,,,,,,,,,,,,,,,,,,,,,,,,,,,,,,,,,,,,,,,,,,,,,,,,,,,,,,,,,,,,,,,,,,,,,,,,,,,,,,,,,,,,,,,,,,,,,,,,,,,,,,,,,,,,,,,,,,,,,,,
343,PROPYLENE TRIMER,,,,,,,,,,,,,,,,,,,,,,,,,,,,,,,,,,,,,,,,,,,,,,,,,,,,,,,,,,,,,,,,,,,,,,,,,,,,,,,,,,,,,,,,,,,,,,,,,,,,,,,,,,,,,,,,,,,,,,,,,,,,,,,,,,,,,,,,,,,,,,,,,,,,,,,,,,,,,,,,,,,,,,,,,,,,,,,,,,,,,,,,,,,,,,,,,,,,,,,,,,,,,,,,,,,,,,,,,,,,,,,,,,,,,,,,,,,,,,,,,,,,,,,,,,,,,,,,,,,,,,,,,,,,,,,,,,,,,,,,,,,,,,,,,,,,,,,,,,,,,,,,,,,,,,,,,,,,,,,,,,,,,,,,,,,,,,,,,,,,,,,,,,,,,,,,,,,,,,,,,,,,,,,,,,,,,,,,,,,,,,,,,,,,,,,,,,,,,,,,,,,,,,,,,,,,,,,,,,,,,,,,,,,,,,,
344,PROPYLENE DICHLORIDE,,,,,,,,,,,,,,,,,,,,,,,,,,,,,,,,,,,,,,,,,,,,,,,,,,,,,,,,,,,,,,,,,,,,,,,,,,,,,,,,,,,,,,,,,,,,,,,,,,,,,,,,,,,,,,,,,,,,,,,,,,,,,,,,,,,,,,,,,,,,,,,,,,,,,,,,,,,,,,,,,,,,,,,,,,,,,,,,,,,,,,,,,,,,,,,,,,,,,,,,,,,,,,,,,,,,,,,,,,,,,,,,,,,,,,,,,,,,,,,,,,,,,,,,,,,,,,,,,,,,,,,,,,,,,,,,,,,,,,,,,,,,,,,,,,,,,,,,,,,,,,,,,,,,,,,,,,,,,,,,,,,,,,,,,,,,,,,,,,,,,,,,,,,,,,,,,,,,,,,,,,,,,,,,,,,,,,,,,,,,,,,,,,,,,,,,,,,,,,,,,,,,,,,,,,,,,,,,,,,,,,,,,,,,,,,
345,PROPYLENE GLYCOL,BC+,BC+,BC,BC,BC,BC,BC,BC,BC,BC,BC,BC,BC,BC,BC,BC,BC,BC,BC,BC,BC,BC,BC,BC,BC,BC,BC,BC,BC,BC,BC,BC,BC,BC,BC,BC,BC,BC,BC,BC,BC,BC-,BC,BC,BC,BC,BC,BC,BC,BC,BC,BC-,BC,BC,BC,BC,BC,BC,BC,BC-,BC-,BC,BC,BC,BC,BC,BC,BC,BC,BC,BC,BC,BC,BC,BC,BC,BC,BC,BC,BC,BC,BC,BC,BC,BC,BC,BC,BC,BC,BC,BC,BC,BC,BC,BC,BC,BC,BC,BC,BC,BC,BC,BC,BC,BC,BC,BC,BC,BC,BC,BC,BC,BC,BC,BC,BC,BC,BC,BC,BC+,BC,BC,BC,BC,BC,BC,BC,BC,BC,BC,BC,BC,BC,BC,BC,BC,BC,BC,BC+,BC,BC,BC,BC,BC,BC,BC,BC,BC,BC,BC,BC,BC,BC,BC,BC,BC,BC,BC,BC,BC,BC-,BC-,BC-,BC,BC,BC,BC,BC,BC,BC,BC,BC,BC,BC,BC,BC,BC,BC,BC,BC+,BC,BC,BC,BC,BC+,BC,BC,BC,BC,BC,BC,BC,BC,BC,BC,BC,BC,BC,BC,BC,BC,BC,BC,BC,BC,BC,BC,BC,BC,BC,BC,BC,BC,BC,BC,BC,BC,BC,BC,BC,BC,BC,BC,BC,BC,BC,BC,BC,BC,BC+,BC,BC,BC,BC,BC,BC,BC,BC,BC,BC,BC,BC,BC,BC,BC,BC,BC,BC,BC,BC,BC,BC,BC,BC,BC,BC,BC,BC,BC,BC,BC,BC,BC,BC,BC,BC,BC,BC,BC,BC,BC,BC,BC,BC,BC,BC,BC,BC,BC,BC,BC,BC,BC,BC+,BC,BC,BC,BC,BC,BC,BC,BC,BC,BC,BC+,BC,BC,BC,BC,BC,BC,BC,BC,BC,BC,BC,BC,BC,BC,BC,BC,BC,BC,BC,BC,BC,BC,BC,BC,BC,BC,BC,BC,BC,BC,BC,BC,BC,BC,BC,BC,BC,BC,BC,BC,BC,BC,BC,BC,BC,BC,BC,BC,BC,X,BC,BC,BC,BC,BC,BC,BC,BC,BC,BC,BC,BC,BC,BC,BC,BC,BC,BC,BC,BC,BC,BC,BC,BC,BC,BC,BC,BC,BC,BC,BC,BC,BC,BC,BC,BC,BC,BC,BC,BC,BC,BC,BC,BC,BC,BC,BC,BC,BC,BC,BC,BC,BC,BC,BC,BC,BC,BC,BC,BC,BC,BC,BC,BC,BC,BC,BC,BC,BC,BC,BC,BC,BC-,BC,BC,BC,BC,BC,BC,BC,BC,BC,BC-,BC,BC,BC
346,PROPYLENE GLYCOL MONOMETHYL ETHER,BC+,BC+,BC,BC,BC,BC,BC,BC,BC,BC,BC,BC,BC,BC,BC,BC,BC,BC,BC,BC,BC,BC,BC,BC,BC,BC,BC,BC,BC,BC,BC,BC,BC,BC,BC,BC,BC,BC,BC,BC,BC,BC-,BC,BC,BC,BC,BC,BC,BC,BC,BC,BC-,BC,BC,BC,BC,BC,BC,BC,BC-,BC-,BC,BC,BC,BC,BC,BC,BC,BC,BC,BC,BC,BC,BC,BC,BC,BC,BC,BC,BC,BC,BC,BC,BC,BC,BC,BC,BC,BC,BC,BC,BC,BC,BC,BC,BC,BC,BC,BC,BC,BC,BC,BC,BC,BC,BC,BC,BC,BC,BC,BC,BC,BC,BC,BC,BC,BC,BC,BC,BC+,BC,BC,BC,BC,BC,BC,BC,BC,BC,BC,BC,BC,BC,BC,BC,BC,BC,BC,BC+,BC,BC,BC,BC,BC,BC,BC,BC,BC,BC,BC,BC,BC,BC,BC,BC,BC,BC,BC,BC,BC,BC-,BC-,BC-,BC,BC,BC,BC,BC,BC,BC,BC,BC,BC,BC,BC,BC,BC,BC,BC,BC+,BC,BC,BC,BC,BC+,BC,BC,BC,BC,BC,BC,BC,BC,BC,BC,BC,BC,BC,BC,BC,BC,BC,BC,BC,BC,BC,BC,BC,BC,BC,BC,BC,BC,BC,BC,BC,BC,BC,BC,BC,BC,BC,BC,BC,BC,BC,BC,BC,BC,BC+,BC,BC,BC,BC,BC,BC,BC,BC,BC,BC,BC,BC,BC,BC,BC,BC,BC,BC,BC,BC,BC,BC,BC,BC,BC,BC,BC,BC,BC,BC,BC,BC,BC,BC,BC,BC,BC,BC,BC,BC,BC,BC,BC,BC,BC,BC,BC,BC,BC,BC,BC,BC,BC,BC+,BC,BC,BC,BC,BC,BC,BC,BC,BC,BC,BC+,BC,BC,BC,BC,BC,BC,BC,BC,BC,BC,BC,BC,BC,BC,BC,BC,BC,BC,BC,BC,BC,BC,BC,BC,BC,BC,BC,BC,BC,BC,BC,BC,BC,BC,BC,BC,BC,BC,BC,BC,BC,BC,BC,BC,BC,BC,BC,BC,BC,X,BC,BC,BC,BC,BC,BC,BC,BC,BC,BC,BC,BC,BC,BC,BC,BC,BC,BC,BC,BC,BC,BC,BC,BC,BC,BC,BC,BC,BC,BC,BC,BC,BC,BC,BC,BC,BC,BC,BC,BC,BC,BC,BC,BC,BC,BC,BC,BC,BC,BC,BC,BC,BC,BC,BC,BC,BC,BC,BC,BC,BC,BC,BC,BC,BC,BC,BC,BC,BC,BC,BC,BC,BC-,BC,BC,BC,BC,BC,BC,BC,BC,BC,BC-,BC,BC,BC
347,PROPYLENE GLYCOL MONOMETHYL ETHER ACETATE,BA+,BA+,BA,BA,BA,BA,BA,BA,BA,BA,BA,BA,BA,BA,BA,BA,BA,BA,BA,BA,BA,BA,BA,BA,BA,BA,BA,BA,BA,BA,BA,BA,BA,BA,BA,BA,BA,BA,BA,BA,BA,BA-,BA,BA,BA,BA,BA,BA,BA,BA,BA,BA-,BA,BA,BA,BA,BA,BA,BA,BA-,BA-,BA,BA,BA,BA,BA,BA,BA,BA,BA,BA,BA,BA,BA,BA,BA,BA,BA,BA,BA,BA,BA,BA,BA,BA,BA,BA,BA,BA,BA,BA,BA,BA,BA,BA,BA,BA,BA,BA,BA,BA,BA,BA,BA,BA,BA,BA,BA,BA,BA,BA,BA,BA,BA,BA,BA,BA,BA,BA,BA+,BA,BA,BA,BA,BA,BA,BA,BA,BA,BA,BA,BA,BA,BA,BA,BA,BA,BA,BA+,BA,BA,BA,BA,BA,BA,BA,BA,BA,BA,BA,BA,BA,BA,BA,BA,BA,BA,BA,BA,BA,BA-,BA-,BA-,BA,BA,BA,BA,BA,BA,BA,BA,BA,BA,BA,BA,BA,BA,BA,BA,BA+,BA,BA,BA,BA,BA+,BA,BA,BA,BA,BA,BA,BA,BA,BA,BA,BA,BA,BA,BA,BA,BA,BA,BA,BA,BA,BA,BA,BA,BA,BA,BA,BA,BA,BA,BA,BA,BA,BA,BA,BA,BA,BA,BA,BA,BA,BA,BA,BA,BA,BA+,BA,BA,BA,BA,BA,BA,BA,BA,BA,BA,BA,BA,BA,BA,BA,BA,BA,BA,BA,BA,BA,BA,BA,BA,BA,BA,BA,BA,BA,BA,BA,BA,BA,BA,BA,BA,BA,BA,BA,BA,BA,BA,BA,BA,BA,BA,BA,BA,BA,BA,BA,BA,BA,BA+,BA,BA,BA,BA,BA,BA,BA,BA,BA,BA,BA+,BA,BA,BA,BA,BA,BA,BA,BA,BA,BA,BA,BA,BA,BA,BA,BA,BA,BA,BA,BA,BA,BA,BA,BA,BA,BA,BA,BA,BA,BA,BA,BA,BA,BA,BA,BA,BA,BA,BA,BA,BA,BA,BA,BA,BA,BA,BA,BA,BA,BA,BA,X,BA,BA,BA,BA,BA,BA,BA,BA,BA,BA,BA,BA,BA,BA,BA,BA,BA,BA,BA,BA,BA,BA,BA,BA,BA,BA,BA,BA,BA,BA,BA,BA,BA,BA,BA,BA,BA,BA,BA,BA,BA,BA,BA,BA,BA,BA,BA,BA,BA,BA,BA,BA,BA,BA,BA,BA,BA,BA,BA,BA,BA,BA,BA,BA,BA,BA,BA,BA,BA,BA,BA-,BA,BA,BA,BA,BA,BA,BA,BA,BA,BA-,BA,BA,BA
348,PROPYLENE GLYCOL MONOPROPYL ETHER,BA+,BA+,BA,BA,BA,BA,BA,BA,BA,BA,BA,BA,BA,BA,BA,BA,BA,BA,BA,BA,BA,BA,BA,BA,BA,BA,BA,BA,BA,BA,BA,BA,BA,BA,BA,BA,BA,BA,BA,BA,BA,BA-,BA,BA,BA,BA,BA,BA,BA,BA,BA,BA-,BA,BA,BA,BA,BA,BA,BA,BA-,BA-,BA,BA,BA,BA,BA,BA,BA,BA,BA,BA,BA,BA,BA,BA,BA,BA,BA,BA,BA,BA,BA,BA,BA,BA,BA,BA,BA,BA,BA,BA,BA,BA,BA,BA,BA,BA,BA,BA,BA,BA,BA,BA,BA,BA,BA,BA,BA,BA,BA,BA,BA,BA,BA,BA,BA,BA,BA,BA,BA+,BA,BA,BA,BA,BA,BA,BA,BA,BA,BA,BA,BA,BA,BA,BA,BA,BA,BA,BA+,BA,BA,BA,BA,BA,BA,BA,BA,BA,BA,BA,BA,BA,BA,BA,BA,BA,BA,BA,BA,BA,BA-,BA-,BA-,BA,BA,BA,BA,BA,BA,BA,BA,BA,BA,BA,BA,BA,BA,BA,BA,BA+,BA,BA,BA,BA,BA+,BA,BA,BA,BA,BA,BA,BA,BA,BA,BA,BA,BA,BA,BA,BA,BA,BA,BA,BA,BA,BA,BA,BA,BA,BA,BA,BA,BA,BA,BA,BA,BA,BA,BA,BA,BA,BA,BA,BA,BA,BA,BA,BA,BA,BA+,BA,BA,BA,BA,BA,BA,BA,BA,BA,BA,BA,BA,BA,BA,BA,BA,BA,BA,BA,BA,BA,BA,BA,BA,BA,BA,BA,BA,BA,BA,BA,BA,BA,BA,BA,BA,BA,BA,BA,BA,BA,BA,BA,BA,BA,BA,BA,BA,BA,BA,BA,BA,BA,BA+,BA,BA,BA,BA,BA,BA,BA,BA,BA,BA,BA+,BA,BA,BA,BA,BA,BA,BA,BA,BA,BA,BA,BA,BA,BA,BA,BA,BA,BA,BA,BA,BA,BA,BA,BA,BA,BA,BA,BA,BA,BA,BA,BA,BA,BA,BA,BA,BA,BA,BA,BA,BA,BA,BA,BA,BA,BA,BA,BA,BA,BA,BA,BA,X,BA,BA,BA,BA,BA,BA,BA,BA,BA,BA,BA,BA,BA,BA,BA,BA,BA,BA,BA,BA,BA,BA,BA,BA,BA,BA,BA,BA,BA,BA,BA,BA,BA,BA,BA,BA,BA,BA,BA,BA,BA,BA,BA,BA,BA,BA,BA,BA,BA,BA,BA,BA,BA,BA,BA,BA,BA,BA,BA,BA,BA,BA,BA,BA,BA,BA,BA,BA,BA,BA-,BA,BA,BA,BA,BA,BA,BA,BA,BA,BA-,BA,BA,BA
349,PROPYLENE OXIDE,AC+,AC+,AC,AC,AC,AC,AC,AC,AC,AC,AC,AC,AC,AC,AC,AC,AC,AC,AC,AC,AC,AC,AC,AC,AC,AC,AC,AC,AC,AC,AC,AC,AC,AC,AC,AC,AC,AC,AC,AC,AC,AC-,AC,AC,AC,AC,AC,AC,AC,AC,AC,AC-,AC,AC,AC,AC,AC,AC,AC,AC-,AC-,AC,AC,AC,AC,AC,AC,AC,AC,AC,AC,AC,AC,AC,AC,AC,AC,AC,AC,AC,AC,AC,AC,AC,AC,AC,AC,AC,AC,AC,AC,AC,AC,AC,AC,AC,AC,AC,AC,AC,AC,AC,AC,AC,AC,AC,AC,AC,AC,AC,AC,AC,AC,AC,AC,AC,AC,AC,AC,AC+,AC,AC,AC,AC,AC,AC,AC,AC,AC,AC,AC,AC,AC,AC,AC,AC,AC,AC,AC+,AC,AC,AC,AC,AC,AC,AC,AC,AC,AC,AC,AC,AC,AC,AC,AC,AC,AC,AC,AC,AC,AC-,AC-,AC-,AC,AC,AC,AC,AC,AC,AC,AC,AC,AC,AC,AC,AC,AC,AC,AC,AC+,AC,AC,AC,AC,AC+,AC,AC,AC,AC,AC,AC,AC,AC,AC,AC,AC,AC,AC,AC,AC,AC,AC,AC,AC,AC,AC,AC,AC,AC,AC,AC,AC,AC,AC,AC,AC,AC,AC,AC,AC,AC,AC,AC,AC,AC,AC,AC,AC,AC,AC+,AC,AC,AC,AC,AC,AC,AC,AC,AC,AC,AC,AC,AC,AC,AC,AC,AC,AC,AC,AC,AC,AC,AC,AC,AC,AC,AC,AC,AC,AC,AC,AC,AC,AC,AC,AC,AC,AC,AC,AC,AC,AC,AC,AC,AC,AC,AC,AC,AC,AC,AC,AC,AC,AC+,AC,AC,AC,AC,AC,AC,AC,AC,AC,AC,AC+,AC,AC,AC,AC,AC,AC,AC,AC,AC,AC,AC,AC,AC,AC,AC,AC,AC,AC,AC,AC,AC,AC,AC,AC,AC,AC,AC,AC,AC,AC,AC,AC,AC,AC,AC,AC,AC,AC,AC,AC,AC,AC,AC,AC,AC,AC,AC,AC,AC,AC,AC,AC,AC,X,AC,AC,AC,AC,AC,AC,AC,AC,AC,AC,AC,AC,AC,AC,AC,AC,AC,AC,AC,AC,AC,AC,AC,AC,AC,AC,AC,AC,AC,AC,AC,AC,AC,AC,AC,AC,AC,AC,AC,AC,AC,AC,AC,AC,AC,AC,AC,AC,AC,AC,AC,AC,AC,AC,AC,AC,AC,AC,AC,AC,AC,AC,AC,AC,AC,AC,AC,AC,AC-,AC,AC,AC,AC,AC,AC,AC,AC,AC,AC-,AC,AC,AC
350,PYRIDINE,C+,C+,C,C,C,C,C,C,C,C,C,C,C,C,C,C,C,C,C,C,C,C,C,C,C,C,C,C,C,C,C,C,C,C,C,C,C,C,C,C,C,C-,C,C,C,C,C,C,C,C,C,C-,C,C,C,C,C,C,C,C-,C-,C,C,C,C,C,C,C,C,C,C,C,C,C,C,C,C,C,C,C,C,C,C,C,C,C,C,C,C,C,C,C,C,C,C,C,C,C,C,C,C,C,C,C,C,C,C,C,C,C,C,C,C,C,C,C,C,C,C,C+,C,C,C,C,C,C,C,C,C,C,C,C,C,C,C,C,C,C,C+,C,C,C,C,C,C,C,C,C,C,C,C,C,C,C,C,C,C,C,C,C,C-,C-,C-,C,C,C,C,C,C,C,C,C,C,C,C,C,C,C,C,C+,C,C,C,C,C+,C,C,C,C,C,C,C,C,C,C,C,C,C,C,C,C,C,C,C,C,C,C,C,C,C,C,C,C,C,C,C,C,C,C,C,C,C,C,C,C,C,C,C,C,C+,C,C,C,C,C,C,C,C,C,C,C,C,C,C,C,C,C,C,C,C,C,C,C,C,C,C,C,C,C,C,C,C,C,C,C,C,C,C,C,C,C,C,C,C,C,C,C,C,C,C,C,C,C,C+,C,C,C,C,C,C,C,C,C,C,C+,C,C,C,C,C,C,C,C,C,C,C,C,C,C,C,C,C,C,C,C,C,C,C,C,C,C,C,C,C,C,C,C,C,C,C,C,C,C,C,C,C,C,C,C,C,C,C,C,C,C,C,C,C,C,X,C,C,C,C,C,C,C,C,C,C,C,C,C,C,C,C,C,C,C,C,C,C,C,C,C,C,C,C,C,C,C,C,C,C,C,C,C,C,C,C,C,C,C,C,C,C,C,C,C,C,C,C,C,C,C,C,C,C,C,C,C,C,C,C,C,C,C,C-,C,C,C,C,C,C,C,C,C,C-,C,C,C
351,PYROLYSIS GASOLINE (Containing Benzene),ND+,ND+,ND,ND,ND,ND,ND,ND,ND,ND,ND,ND,ND,ND,ND,ND,ND,ND,ND,D,ND,ND,ND,ND,ND,ND,ND,ND,D,D,D,D,ND,ND,ND,ND,ND,ND,ND,ND,ND,D-,ND,ND,ND,ND,ND,ND,ND,ND,ND,D-,ND,ND,ND,ND,D,ND,ND,D-,D-,ND,D,ND,ND,ND,ND,ND,ND,ND,ND,ND,ND,ND,ND,ND,ND,ND,ND,ND,D,ND,ND,ND,ND,ND,ND,ND,ND,ND,ND,ND,ND,ND,ND,ND,ND,ND,ND,ND,ND,ND,ND,ND,ND,ND,ND,ND,ND,ND,ND,ND,ND,ND,ND,ND,ND,ND,ND,ND+,ND,ND,ND,ND,ND,ND,ND,ND,ND,ND,ND,ND,ND,ND,ND,ND,ND,ND,ND+,ND,ND,ND,ND,ND,ND,ND,ND,ND,ND,ND,ND,ND,ND,ND,ND,ND,ND,ND,ND,ND,D-,D-,D-,ND,ND,D,D,D,D,D,D,ND,ND,ND,ND,ND,ND,ND,ND,ND+,ND,ND,ND,ND,ND+,ND,ND,D,ND,D,ND,ND,ND,ND,ND,ND,D,ND,ND,ND,ND,ND,ND,ND,ND,ND,ND,ND,ND,ND,D,D,ND,ND,ND,ND,ND,ND,D,ND,ND,ND,ND,ND,ND,ND,ND,ND,ND,ND+,ND,ND,ND,ND,ND,ND,ND,ND,ND,ND,ND,ND,ND,ND,ND,ND,ND,ND,ND,ND,ND,ND,ND,ND,ND,ND,D-,ND,ND,ND,D,D,ND,ND,ND,ND,ND,ND,ND,ND,ND,ND,ND,ND,ND,ND,ND,ND,ND,ND,ND,ND,ND,ND+,ND,ND,ND,ND,ND,ND,ND,ND,ND,ND,ND+,ND,ND,ND,ND,ND,ND,ND,ND,ND,ND,ND,ND,ND,ND,ND,ND,ND,ND,ND,ND,ND,ND,ND,ND,ND,ND,ND,ND,ND,ND,ND,ND,ND,ND,ND,ND,ND,ND,ND,ND,ND,ND,ND,ND,ND,ND,ND,ND,ND,ND,ND,ND,ND,ND,ND,X,ND,ND,ND,D,ND,D,ND,ND,D,ND,ND,ND,ND,ND,ND,ND,ND,ND,ND,ND,ND,ND,ND,ND,D,D,ND,ND,ND,ND,ND,ND,ND,ND,ND,ND,ND,ND,ND,ND,ND,ND,ND,ND,ND,ND,ND,ND,ND,ND,ND,ND,ND,ND,ND,ND,ND,ND,D,D,ND,ND,ND,ND,ND,ND,D-,ND,ND,ND,D,D,ND,ND,ND,ND,D-,ND,ND,ND
352,RAPESEED OIL,P+,P+,P,P,P,P,P,P,P,P,P,P,P,P,P,P,P,P,P,P,HY,HY,HY,P,P,P,P,P,P,P,P,P,P,P,P,P,P,P,P,P,P,P-,P,P,P,P,P,P,P,P,P,P-,P,P,P,P,P,P,P,P-,P-,P,P,P,P,P,P,P,P,P,P,P,P,P,P,P,P,P,P,P,P,P,P,P,P,P,P,P,P,P,P,P,P,P,P,P,P,P,P,P,P,P,P,P,P,P,P,P,P,P,P,P,P,P,P,P,P,P,P,P+,P,P,P,P,P,P,P,P,P,P,P,P,P,P,P,P,P,P,P+,P,P,P,P,P,P,P,P,P,P,P,P,P,P,P,P,P,P,P,P,P,P-,P-,P-,P,P,P,P,P,P,P,P,P,P,P,P,P,P,P,P,P+,P,P,P,P,P+,P,P,P,P,P,P,P,P,P,P,P,P,P,P,P,P,P,P,P,P,P,P,P,P,HY,P,P,P,P,P,P,P,P,P,P,P,P,P,P,P,P,P,P,P,P+,P,P,P,P,P,P,P,P,P,P,P,P,P,P,P,P,P,P,P,P,P,P,P,P,P,P,P,P,P,P,P,P,P,P,P,P,P,P,P,P,P,P,P,P,P,P,P,P,P,P,P,P,P,P+,P,P,P,P,P,P,P,P,P,P,P+,P,P,P,P,P,P,P,P,P,P,P,P,P,P,P,P,P,P,P,P,P,P,P,P,P,P,P,P,P,P,P,P,P,P,P,P,P,P,P,P,P,P,P,P,P,P,P,P,P,P,P,P,P,P,P,P,X,P,P,P,P,P,P,P,P,P,P,P,P,P,P,P,P,P,P,P,P,P,P,P,P,P,P,P,P,P,P,P,P,P,P,P,P,P,P,P,P,P,P,P,P,P,P,P,P,P,P,P,P,P,P,P,P,P,P,P,P,P,P,P,P,P,P-,P,P,P,P,P,P,P,P,P,P-,P,P,P
353,RAPESEED OIL (Low Erucic Acid),P+,P+,P,P,P,P,P,P,P,P,P,P,P,P,P,P,P,P,P,P,HY,HY,HY,P,P,P,P,P,P,P,P,P,P,P,P,P,P,P,P,P,P,P-,P,P,P,P,P,P,P,P,P,P-,P,P,P,P,P,P,P,P-,P-,P,P,P,P,P,P,P,P,P,P,P,P,P,P,P,P,P,P,P,P,P,P,P,P,P,P,P,P,P,P,P,P,P,P,P,P,P,P,P,P,P,P,P,P,P,P,P,P,P,P,P,P,P,P,P,P,P,P,P+,P,P,P,P,P,P,P,P,P,P,P,P,P,P,P,P,P,P,P+,P,P,P,P,P,P,P,P,P,P,P,P,P,P,P,P,P,P,P,P,P,P-,P-,P-,P,P,P,P,P,P,P,P,P,P,P,P,P,P,P,P,P+,P,P,P,P,P+,P,P,P,P,P,P,P,P,P,P,P,P,P,P,P,P,P,P,P,P,P,P,P,P,HY,P,P,P,P,P,P,P,P,P,P,P,P,P,P,P,P,P,P,P,P+,P,P,P,P,P,P,P,P,P,P,P,P,P,P,P,P,P,P,P,P,P,P,P,P,P,P,P,P,P,P,P,P,P,P,P,P,P,P,P,P,P,P,P,P,P,P,P,P,P,P,P,P,P,P+,P,P,P,P,P,P,P,P,P,P,P+,P,P,P,P,P,P,P,P,P,P,P,P,P,P,P,P,P,P,P,P,P,P,P,P,P,P,P,P,P,P,P,P,P,P,P,P,P,P,P,P,P,P,P,P,P,P,P,P,P,P,P,P,P,P,P,P,P,X,P,P,P,P,P,P,P,P,P,P,P,P,P,P,P,P,P,P,P,P,P,P,P,P,P,P,P,P,P,P,P,P,P,P,P,P,P,P,P,P,P,P,P,P,P,P,P,P,P,P,P,P,P,P,P,P,P,P,P,P,P,P,P,P,P-,P,P,P,P,P,P,P,P,P,P-,P,P,P
354,REFORMATE (C7–C13),DH+,DH+,DH,DH,DH,CF,DH,DH,DH,DH,DH,DH,DH,DH,DH,DH,DH,DH,DH,HG,HH,HB,HH,DH,DH,DH,DH,DH,HH,HH,HH,HH,DH,DH,DH,DH,DH,DH,DH,DH,DH,CF-,DH,CF,DH,DH,DH,DH,DH,DH,DH,CF-,CF,CF,CF,CF,CF,CF,DH,H-,H-,DH,HC,DH,DH,DH,DH,DH,DH,DH,DH,DH,DH,DH,DH,DH,DH,DH,DH,DH,HC,DH,DH,DH,DH,DH,DH,DH,DH,DH,DH,DH,DH,DH,DH,DH,DH,DH,DH,DH,DH,DH,DH,DH,DH,DH,DH,DH,DH,DH,DH,DH,DH,DH,DH,DH,DH,DH,DH,DH+,DH,DH,DH,DH,DH,DH,DH,DH,DH,DH,DH,DH,DH,DH,DH,DH,DH,DH,DH+,DH,DH,DH,DH,DH,DH,DH,DH,DH,DH,DH,DH,CF,CF,CF,CF,DH,DH,DH,DH,DH,HC-,HC-,HC-,DH,DH,HC,HC,HC,H,H,HG,DH,DH,DH,DH,CF,H,DH,DH,DH+,DH,DH,DH,DH,DH+,DH,DH,HG,H,HG,DH,DH,DH,DH,DH,DH,H,DH,DH,DH,DH,DH,DH,DH,DH,DH,DH,DH,DH,HH,HC,HC,DH,DH,CF,DH,CF,DH,HC,DH,CF,CF,HG,CF,DH,DH,DH,DH,DH,DH+,DH,DH,DH,DH,DH,DH,DH,DH,DH,DH,DH,DH,DH,DH,DH,DH,DH,DH,DH,DH,DH,DH,DH,DH,CF,DH,H,CF,DH,H,H,H,DH,CF,DH,DH,DH,DH,DH,DH,DH,DH,DH,DH,DH,DH,DH,DH,DH,DH,DH,DH,DH,DH+,DH,DH,DH,DH,DH,DH,DH,DH,DH,DH,DH+,DH,CF,DH,DH,DH,DH,DH,CF,CF,CF,CF,CF,CF,CF,CF,CF,CF,CF,CF,CF,DH,CF,DH,DH,DH,DH,DH,DH,CF,CF,DH,CF,DH,DH,DH,CF,DH,DH,DH,CF,DH,DH,DH,DH,DH,DH,DH,DH,DH,DH,DH,DH,DH,DH,DH,CF,CF,CF,H,HG,H,HC,CF,DH,HC,CF,D,CF,CF,DH,CF,DH,DH,HH,CF,DH,DH,DH,CF,CF,CF,CF,CF,DH,DH,DH,DH,DH,DH,DH,DH,DH,DH,DH,DH,DH,DH,DH,DH,DH,DH,DH,DH,DH,DH,DH,DH,DH,DH,DH,DH,DH,DH,CF,HG,HC,DH,CF,CF,CF,CF,CF,HD-,DH,CF,CF,HG,HC,DH,DH,DH,DH,HC-,HH,HH,DH
355,RENEWABLE DIESEL,IJ+,IJ+,IJ,IJ,IJ,IJ,IJ,IJ,IJ,IJ,IJ,IJ,IJ,IJ,IJ,IJ,IJ,IJ,IJ,H,HH,H,H,IJ,IJ,IJ,IJ,IJ,HH,HH,HH,HH,IJ,IJ,IJ,IJ,IJ,IJ,IJ,IJ,IJ,DF-,IJ,IJ,IJ,IJ,IJ,IJ,IJ,IJ,IJ,DF-,DF,IJ,IJ,IJ,DF,IJ,IJ,H-,H-,IJ,H,IJ,IJ,IJ,IJ,IJ,IJ,IJ,IJ,IJ,IJ,IJ,IJ,IJ,IJ,IJ,IJ,IJ,H,IJ,IJ,IJ,IJ,IJ,IJ,IJ,IJ,IJ,IJ,IJ,IJ,IJ,IJ,IJ,IJ,IJ,IJ,IJ,IJ,IJ,IJ,IJ,IJ,IJ,IJ,IJ,IJ,IJ,IJ,IJ,IJ,IJ,IJ,IJ,IJ,IJ,IJ,IJ+,IJ,IJ,IJ,IJ,IJ,IJ,IJ,IJ,IJ,IJ,IJ,IJ,IJ,IJ,IJ,IJ,IJ,IJ,IJ+,IJ,IJ,IJ,IJ,IJ,IJ,IJ,IJ,IJ,IJ,IJ,IJ,IJ,DF,IJ,IJ,IJ,IJ,IJ,IJ,IJ,H-,H-,H-,IJ,IJ,H,H,H,H,H,H,IJ,IJ,IJ,IJ,IJ,HB,IJ,IJ,IJ+,IJ,IJ,IJ,IJ,IJ+,IJ,IJ,H,HB,H,IJ,IJ,IJ,IJ,IJ,IJ,H,IJ,IJ,IJ,IJ,IJ,IJ,IJ,IJ,IJ,IJ,IJ,IJ,H,H,H,IJ,IJ,IJ,IJ,IJ,IJ,H,IJ,IJ,DF,H,IJ,IJ,IJ,IJ,IJ,IJ,IJ+,IJ,IJ,IJ,IJ,IJ,IJ,IJ,IJ,IJ,IJ,IJ,IJ,IJ,IJ,IJ,IJ,IJ,IJ,IJ,IJ,IJ,IJ,IJ,IJ,IJ,IJ,H,IJ,IJ,HB,H,H,IJ,IJ,IJ,IJ,IJ,IJ,IJ,IJ,IJ,IJ,IJ,IJ,IJ,IJ,IJ,IJ,IJ,IJ,IJ,IJ,IJ,IJ+,IJ,IJ,IJ,IJ,IJ,IJ,IJ,IJ,IJ,IJ,IJ+,IJ,IJ,IJ,IJ,IJ,IJ,IJ,IJ,IJ,IJ,IJ,DF,IJ,IJ,IJ,IJ,IJ,IJ,IJ,IJ,IJ,IJ,IJ,IJ,IJ,IJ,IJ,IJ,IJ,IJ,IJ,IJ,IJ,IJ,IJ,IJ,IJ,IJ,IJ,IJ,IJ,IJ,IJ,IJ,IJ,IJ,IJ,IJ,IJ,IJ,IJ,IJ,IJ,IJ,IJ,DF,IJ,IJ,HB,H,HB,H,IJ,IJ,H,DF,IJ,DF,IJ,IJ,IJ,IJ,IJ,H,IJ,IJ,IJ,IJ,IJ,IJ,DF,DF,IJ,IJ,IJ,IJ,IJ,IJ,IJ,IJ,IJ,IJ,IJ,IJ,IJ,IJ,IJ,IJ,IJ,IJ,IJ,IJ,IJ,IJ,IJ,IJ,IJ,IJ,IJ,IJ,IJ,IJ,IJ,IJ,H,H,IJ,IJ,IJ,IJ,IJ,DF,H-,IJ,IJ,IJ,H,H,IJ,IJ,IJ,IJ,H-,H,H,IJ
356,RENEWABLE NAPHTHA,DH+,DH+,DH,DH,DH,CF,DH,DH,DH,DH,DH,DH,DH,DH,DH,DH,DH,DH,DH,HG,HH,HB,HH,DH,DH,DH,DH,DH,HH,HH,HH,HH,DH,DH,DH,DH,DH,DH,DH,DH,DH,CF-,DH,CF,DH,DH,DH,DH,DH,DH,DH,CF-,CF,CF,CF,CF,CF,CF,DH,H-,H-,DH,HC,DH,DH,DH,DH,DH,DH,DH,DH,DH,DH,DH,DH,DH,DH,DH,DH,DH,HC,DH,DH,DH,DH,DH,DH,DH,DH,DH,DH,DH,DH,DH,DH,DH,DH,DH,DH,DH,DH,DH,DH,DH,DH,DH,DH,DH,DH,DH,DH,DH,DH,DH,DH,DH,DH,DH,DH,DH+,DH,DH,DH,DH,DH,DH,DH,DH,DH,DH,DH,DH,DH,DH,DH,DH,DH,DH,DH+,DH,DH,DH,DH,DH,DH,DH,DH,DH,DH,DH,DH,CF,CF,CF,CF,DH,DH,DH,DH,DH,HC-,HC-,HC-,DH,DH,HC,HC,HC,H,H,HG,DH,DH,DH,DH,CF,H,DH,DH,DH+,DH,DH,DH,DH,DH+,DH,DH,HG,H,HG,DH,DH,DH,DH,DH,DH,H,DH,DH,DH,DH,DH,DH,DH,DH,DH,DH,DH,DH,HH,HC,HC,DH,DH,CF,DH,CF,DH,HC,DH,CF,CF,HG,CF,DH,DH,DH,DH,DH,DH+,DH,DH,DH,DH,DH,DH,DH,DH,DH,DH,DH,DH,DH,DH,DH,DH,DH,DH,DH,DH,DH,DH,DH,DH,CF,DH,H,CF,DH,H,H,H,DH,CF,DH,DH,DH,DH,DH,DH,DH,DH,DH,DH,DH,DH,DH,DH,DH,DH,DH,DH,DH,DH+,DH,DH,DH,DH,DH,DH,DH,DH,DH,DH,DH+,DH,CF,DH,DH,DH,DH,DH,CF,CF,CF,CF,CF,CF,CF,CF,CF,CF,CF,CF,CF,DH,CF,DH,DH,DH,DH,DH,DH,CF,CF,DH,CF,DH,DH,DH,CF,DH,DH,DH,CF,DH,DH,DH,DH,DH,DH,DH,DH,DH,DH,DH,DH,DH,DH,DH,CF,CF,CF,H,HG,H,HC,CF,DH,HC,CF,D,CF,CF,DH,CF,DH,DH,HH,CF,DH,DH,DH,CF,CF,CF,CF,CF,DH,DH,DH,DH,DH,DH,DH,DH,DH,DH,DH,DH,DH,DH,DH,DH,DH,DH,DH,DH,DH,DH,DH,DH,DH,DH,DH,DH,DH,DH,CF,HG,HC,DH,CF,CF,CF,CF,CF,HD-,DH,CF,CF,HG,HC,DH,DH,DH,DH,HC-,HH,HH,DH
357,"RESIDUAL MARINE FUELS, LOW SULFUR",TX+,TX+,TX,TX,TX,TX,TX,TX,TX,TX,TX,TX,TX,TX,TX,TX,TX,TX,TX,HX,HY,HY,HY,TX,TX,TX,TX,TX,HX,HX,HX,HX,TX,TX,TX,TX,TX,TX,TX,TX,TX,TA-,TX,TX,TX,TX,TX,TX,TX,TX,TX,TA-,TX,TX,TX,TX,T,TX,TX,H-,H-,TX,H,TX,TX,TX,TX,TX,TX,TX,TX,TX,TX,TX,TX,TX,TX,TX,TX,TX,HX,TX,TX,TX,TX,TX,TX,TX,TX,TX,TX,TX,TX,TX,TX,TX,TX,TX,TX,TX,TX,TX,TX,TX,TX,TX,TX,TX,TX,TX,TX,TX,TX,TX,TX,TX,TX,TX,TX,TX+,TX,TX,TX,TX,TX,TX,TX,TX,TX,TX,TX,TX,TX,TX,TX,TX,TX,TX,TX+,TX,TX,TX,TX,TX,TX,TX,TX,TX,TX,TX,TX,TX,TX,TX,TX,TX,TX,TX,TX,TX,H-,H-,H-,TX,TX,T,T,T,HX,HX,HX,TX,TX,TX,TX,TX,HX,TX,TX,TX+,TX,TX,TX,TX,TX+,TX,TX,HX,HX,HX,TX,TX,TX,TX,TX,TX,HX,TX,TX,TX,TX,TX,TX,TX,TX,TX,TX,TX,TX,HY,HX,HX,TX,TX,TX,TX,TX,TX,HI,TX,TX,TX,HX,TX,TX,TX,TX,TX,TX,TX+,TX,TX,TX,TX,TX,TX,TX,TX,TX,TX,TX,TX,TX,TX,TX,TX,TX,TX,TX,TX,TX,TX,TX,TX,TX,TX,HX,TX,TX,HX,HX,HX,TX,TX,TX,TX,TX,TX,TX,TX,TX,TX,TX,TX,TX,TX,TX,TX,TX,TX,TX,TX,TX,TX+,TX,TX,TX,TX,TX,TX,TX,TX,TX,TX,TX+,TX,TX,TX,TX,TX,TX,TX,TX,TX,TX,TX,TX,TX,TX,TX,TX,TX,TX,TX,TX,TX,TX,TX,TX,TX,TX,TX,TX,TX,TX,TX,TX,TX,TX,TX,TX,TX,TX,TX,TX,TX,TX,TX,TX,TX,TX,TX,TX,TX,TX,TX,TX,TX,TX,TX,TX,TX,TX,HX,HX,HX,H,TX,TX,HX,TX,TX,TX,TX,TX,TX,TX,TX,HX,TX,TX,TX,TX,TX,TX,TX,TX,TX,TX,TX,TX,TX,TX,TX,TX,TX,TX,TX,TX,TX,TX,TX,TX,TX,TX,TX,TX,TX,TX,TX,TX,TX,TX,TX,TX,TX,TX,TX,TX,HX,HO,TX,TX,TX,TX,TX,TX,H-,TX,TX,TX,HX,HO,TX,TX,TX,TX,H-,HX,HX,TX
358,SAFFLOWER OIL,PA+,PA+,PA,PA,PA,PA,PA,PA,PA,PA,PA,PA,PA,PA,PA,PA,PA,PA,PA,PA,HY,HY,HY,PA,PA,PA,PA,PA,PA,PA,PA,PA,PA,PA,PA,PA,PA,PA,PA,PA,PA,PA-,PA,PA,PA,PA,PA,PA,PA,PA,PA,PA-,PA,PA,PA,PA,PA,PA,PA,PA-,PA-,PA,PA,PA,PA,PA,PA,PA,PA,PA,PA,PA,PA,PA,PA,PA,PA,PA,PA,PA,PA,PA,PA,PA,PA,PA,PA,PA,PA,PA,PA,PA,PA,PA,PA,PA,PA,PA,PA,PA,PA,PA,PA,PA,PA,PA,PA,PA,PA,PA,PA,PA,PA,PA,PA,PA,PA,PA,PA,PA+,PA,PA,PA,PA,PA,PA,PA,PA,PA,PA,PA,PA,PA,PA,PA,PA,PA,PA,PA+,PA,PA,PA,PA,PA,PA,PA,PA,PA,PA,PA,PA,PA,PA,PA,PA,PA,PA,PA,PA,PA,PA-,PA-,PA-,PA,PA,PA,PA,PA,PA,PA,PA,PA,PA,PA,PA,PA,PA,PA,PA,PA+,PA,PA,PA,PA,PA+,PA,PA,PA,PA,PA,PA,PA,PA,PA,PA,PA,PA,PA,PA,PA,PA,PA,PA,PA,PA,PA,PA,PA,PA,HY,PA,PA,PA,PA,PA,PA,PA,PA,PA,PA,PA,PA,PA,PA,PA,PA,PA,PA,PA,PA+,PA,PA,PA,PA,PA,PA,PA,PA,PA,PA,PA,PA,PA,PA,PA,PA,PA,PA,PA,PA,PA,PA,PA,PA,PA,PA,PA,PA,PA,PA,PA,PA,PA,PA,PA,PA,PA,PA,PA,PA,PA,PA,PA,PA,PA,PA,PA,PA,PA,PA,PA,PA,PA,PA+,PA,PA,PA,PA,PA,PA,PA,PA,PA,PA,PA+,PA,PA,PA,PA,PA,PA,PA,PA,PA,PA,PA,PA,PA,PA,PA,PA,PA,PA,PA,PA,PA,PA,PA,PA,PA,PA,PA,PA,PA,PA,PA,PA,PA,PA,PA,PA,PA,PA,PA,PA,PA,PA,PA,PA,PA,PA,PA,PA,PA,PA,PA,PA,PA,PA,PA,PA,PA,PA,PA,PA,PA,PA,X,PA,PA,PA,PA,PA,PA,PA,PA,PA,PA,PA,PA,PA,PA,PA,PA,PA,PA,PA,PA,PA,PA,PA,PA,PA,PA,PA,PA,PA,PA,PA,PA,PA,PA,PA,PA,PA,PA,PA,PA,PA,PA,PA,PA,PA,PA,PA,PA,PA,PA,PA,PA,PA,PA,PA,PA,PA,PA,PA,PA-,PA,PA,PA,PA,PA,PA,PA,PA,PA,PA-,PA,PA,PA
359,SEC-BUTANOL,C+,C+,C,C,C,C,C,C,C,C,C,C,C,C,C,C,C,C,C,C,C,C,C,C,C,C,C,C,C,C,C,C,C,C,C,C,C,C,C,C,C,C-,C,C,C,C,C,C,C,C,C,C-,C,C,C,C,C,C,C,C-,C-,C,C,C,C,C,C,C,C,C,C,C,C,C,C,C,C,C,C,C,C,C,C,C,C,C,C,C,C,C,C,C,C,C,C,C,C,C,C,C,C,C,C,C,C,C,C,C,C,C,C,C,C,C,C,C,C,C,C,C+,C,C,C,C,C,C,C,C,C,C,C,C,C,C,C,C,C,C,C+,C,C,C,C,C,C,C,C,C,C,C,C,C,C,C,C,C,C,C,C,C,C-,C-,C-,C,C,C,C,C,C,C,C,C,C,C,C,C,C,C,C,C+,C,C,C,C,C+,C,C,C,C,C,C,C,C,C,C,C,C,C,C,C,C,C,C,C,C,C,C,C,C,C,C,C,C,C,C,C,C,C,C,C,C,C,C,C,C,C,C,C,C,C+,C,C,C,C,C,C,C,C,C,C,C,C,C,C,C,C,C,C,C,C,C,C,C,C,C,C,C,C,C,C,C,C,C,C,C,C,C,C,C,C,C,C,C,C,C,C,C,C,C,C,C,C,C,C+,C,C,C,C,C,C,C,C,C,C,C+,C,C,C,C,C,C,C,C,C,C,C,C,C,C,C,C,C,C,C,C,C,C,C,C,C,C,C,C,C,C,C,C,C,C,C,C,C,C,C,C,C,C,C,C,C,C,C,C,C,C,C,C,C,C,C,C,C,C,C,C,C,C,C,X,C,C,C,C,C,C,C,C,C,C,C,C,C,C,C,C,C,C,C,C,C,C,C,C,C,C,C,C,C,C,C,C,C,C,C,C,C,C,C,C,C,C,C,C,C,C,C,C,C,C,C,C,C,C,C,C,C,C,C-,C,C,C,C,C,C,C,C,C,C-,C,C,C
360,SHELL GTL KEROSENE,IA+,IA+,IA,IA,IA,IA,IA,IA,IA,IA,IA,IA,IA,IA,IA,IA,IA,IA,IA,H,HH,H,H,IA,IA,IA,IA,IA,HH,HH,HH,HH,IA,IA,IA,IA,IA,IA,IA,IA,IA,D-,IA,IA,IA,IA,IA,IA,IA,IA,IA,D-,D,IA,IA,IA,D,IA,IA,H-,H-,IA,H,IA,IA,IA,IA,IA,IA,IA,IA,IA,IA,IA,IA,IA,IA,IA,IA,IA,H,IA,IA,IA,IA,IA,IA,IA,IA,IA,IA,IA,IA,IA,IA,IA,IA,IA,IA,IA,IA,IA,IA,IA,IA,IA,IA,IA,IA,IA,IA,IA,IA,IA,IA,IA,IA,IA,IA,IA+,IA,IA,IA,IA,IA,IA,IA,IA,IA,IA,IA,IA,IA,IA,IA,IA,IA,IA,IA+,IA,IA,IA,IA,IA,IA,IA,IA,IA,IA,IA,IA,IA,D,IA,IA,IA,IA,IA,IA,IA,H-,H-,H-,IA,IA,H,H,H,H,H,H,IA,IA,IA,IA,IA,H,IA,IA,IA+,IA,IA,IA,IA,IA+,IA,IA,H,H,H,IA,IA,IA,IA,IA,IA,H,IA,IA,IA,IA,IA,IA,IA,IA,IA,IA,IA,IA,H,H,H,IA,IA,IA,IA,IA,IA,H,IA,IA,D,H,IA,IA,IA,IA,IA,IA,IA+,IA,IA,IA,IA,IA,IA,IA,IA,IA,IA,IA,IA,IA,IA,IA,IA,IA,IA,IA,IA,IA,IA,IA,IA,IA,IA,H,IA,IA,H,H,H,IA,IA,IA,IA,IA,IA,IA,IA,IA,IA,IA,IA,IA,IA,IA,IA,IA,IA,IA,IA,IA,IA+,IA,IA,IA,IA,IA,IA,IA,IA,IA,IA,IA+,IA,IA,IA,IA,IA,IA,IA,IA,IA,IA,IA,D,IA,IA,IA,IA,IA,IA,IA,IA,IA,IA,IA,IA,IA,IA,IA,IA,IA,IA,IA,IA,IA,IA,IA,IA,IA,IA,IA,IA,IA,IA,IA,IA,IA,IA,IA,IA,IA,IA,IA,IA,IA,IA,IA,D,IA,IA,H,H,H,H,IA,IA,H,D,IA,D,IA,IA,IA,IA,IA,H,IA,IA,IA,IA,IA,IA,D,D,IA,IA,IA,IA,IA,IA,IA,IA,IA,IA,IA,IA,IA,IA,IA,IA,IA,IA,IA,IA,IA,IA,IA,IA,IA,IA,IA,IA,IA,IA,IA,IA,H,H,IA,IA,IA,IA,IA,D,H-,IA,IA,IA,H,H,IA,IA,IA,IA,H-,H,H,IA
361,SHELL GTL WAXY RAFFINATE,OB+,OB+,OB,OB,OB,OB,OB,OB,OB,OB,OB,OB,OB,OB,OB,OB,OB,OB,OB,OB,OB,OB,OB,OB,OB,OB,OB,OB,OB,OB,OB,OB,OB,OB,OB,OB,OB,OB,OB,OB,OB,OB-,OB,OB,OB,OB,OB,OB,OB,OB,OB,OB-,OB,OB,OB,OB,OB,OB,OB,OB-,OB-,OB,OB,OB,OB,OB,OB,OB,OB,OB,OB,OB,OB,OB,OB,OB,OB,OB,OB,OB,OB,OB,OB,OB,OB,OB,OB,OB,OB,OB,OB,OB,OB,OB,OB,OB,OB,OB,OB,OB,OB,OB,OB,OB,OB,OB,OB,OB,OB,OB,OB,OB,OB,OB,OB,OB,OB,OB,OB,OB+,OB,OB,OB,OB,OB,OB,OB,OB,OB,OB,OB,OB,OB,OB,OB,OB,OB,OB,OB+,OB,OB,OB,OB,OB,OB,OB,OB,OB,OB,OB,OB,OB,OB,OB,OB,OB,OB,OB,OB,OB,OB-,OB-,OB-,OB,OB,OB,OB,OB,OB,OB,OB,OB,OB,OB,OB,OB,OB,OB,OB,OB+,OB,OB,OB,OB,OB+,OB,OB,OB,OB,OB,OB,OB,OB,OB,OB,OB,OB,OB,OB,OB,OB,OB,OB,OB,OB,OB,OB,OB,OB,OB,OB,OB,OB,OB,OB,OB,OB,OB,OB,OB,OB,OB,OB,OB,OB,OB,OB,OB,OB,OB+,OB,OB,OB,OB,OB,OB,OB,OB,OB,OB,OB,OB,OB,OB,OB,OB,OB,OB,OB,OB,OB,OB,OB,OB,OB,OB,OB,OB,OB,OB,OB,OB,OB,OB,OB,OB,OB,OB,OB,OB,OB,OB,OB,OB,OB,OB,OB,OB,OB,OB,OB,OB,OB,OB+,OB,OB,OB,OB,OB,OB,OB,OB,OB,OB,OB+,OB,OB,OB,OB,OB,OB,OB,OB,OB,OB,OB,OB,OB,OB,OB,OB,OB,OB,OB,OB,OB,OB,OB,OB,OB,OB,OB,OB,OB,OB,OB,OB,OB,OB,OB,OB,OB,OB,OB,OB,OB,OB,OB,OB,OB,OB,OB,OB,OB,OB,OB,OB,OB,OB,OB,OB,OB,OB,OB,OB,OB,OB,OB,OB,OB,X,OB,OB,OB,OB,OB,OB,OB,OB,OB,OB,OB,OB,OB,OB,OB,OB,OB,OB,OB,OB,OB,OB,OB,OB,OB,OB,OB,OB,OB,OB,OB,OB,OB,OB,OB,OB,OB,OB,OB,OB,OB,OB,OB,OB,OB,OB,OB,OB,OB,OB,OB,OB,OB,OB,OB,OB,OB-,OB,OB,OB,OB,OB,OB,OB,OB,OB,OB-,OB,OB,OB
362,[362] SHELLSOLS,DH+,DH+,DH,DH,DH,CF,DH,DH,DH,DH,DH,DH,DH,DH,DH,DH,DH,DH,DH,CF,DH,DH,DH,DH,DH,DH,DH,DH,CF,CF,CF,CF,DH,DH,DH,DH,DH,DH,DH,DH,DH,CF-,DH,CF,DH,DH,DH,DH,DH,DH,DH,CF-,CF,CF,CF,CF,CF,DH,DH,CF-,CF-,DH,CF,DH,DH,DH,DH,DH,DH,DH,DH,DH,DH,DH,DH,DH,DH,DH,DH,DH,CF,DH,DH,DH,DH,DH,DH,DH,DH,DH,DH,DH,DH,DH,DH,DH,DH,DH,DH,DH,DH,DH,DH,DH,DH,DH,DH,DH,DH,DH,DH,DH,DH,DH,DH,DH,DH,DH,DH,DH+,DH,DH,DH,DH,DH,DH,DH,DH,DH,DH,DH,DH,DH,DH,DH,DH,DH,DH,DH+,DH,DH,DH,DH,DH,DH,DH,DH,DH,DH,DH,DH,CF,CF,CF,CF,DH,DH,DH,DH,DH,CF-,CF-,CF-,DH,DH,CF,CF,CF,CF,CF,CF,DH,DH,DH,DH,CF,CF,DH,DH,DH+,DH,DH,DH,DH,DH+,DH,DH,CF,CF,CF,DH,DH,DH,DH,DH,DH,CF,DH,DH,DH,DH,DH,DH,DH,DH,DH,DH,DH,DH,DH,CF,CF,DH,DH,CF,DH,CF,DH,CF,DH,CF,CF,CF,CF,DH,DH,DH,DH,DH,DH+,DH,DH,DH,DH,DH,DH,DH,DH,DH,DH,DH,DH,DH,DH,DH,DH,DH,DH,DH,DH,DH,DH,DH,DH,CF,DH,CF,CF,DH,CF,CF,CF,DH,CF,DH,DH,DH,DH,DH,DH,DH,DH,DH,DH,DH,DH,DH,DH,DH,DH,DH,DH,DH,DH+,DH,DH,DH,DH,DH,DH,DH,DH,DH,DH,DH+,DH,CF,DH,DH,DH,DH,DH,CF,CF,CF,CF,CF,CF,CF,CF,CF,CF,CF,CF,CF,DH,CF,DH,DH,DH,DH,DH,DH,CF,CF,DH,CF,DH,DH,DH,CF,DH,DH,DH,CF,DH,DH,DH,DH,DH,DH,DH,DH,DH,DH,DH,DH,DH,DH,DH,CF,CF,CF,CF,CF,CF,CF,CF,DH,CF,CF,X,CF,CF,DH,CF,DH,DH,CF,CF,DH,DH,DH,CF,CF,CF,CF,CF,DH,DH,DH,DH,DH,DH,DH,DH,DH,DH,DH,DH,DH,DH,DH,DH,DH,DH,DH,DH,DH,DH,DH,DH,DH,DH,DH,DH,DH,DH,CF,CF,CF,DH,CF,CF,CF,CF,CF,CF-,DH,CF,CF,CF,CF,DH,DH,DH,DH,CF-,DH,DH,DH
363,Slack Wax,OB+,OB+,OB,OB,OB,OB,OB,OB,OB,OB,OB,OB,OB,OB,OB,OB,OB,OB,OB,OB,OB,OB,OB,OB,OB,OB,OB,OB,OB,OB,OB,OB,OB,OB,OB,OB,OB,OB,OB,OB,OB,OB-,OB,OB,OB,OB,OB,OB,OB,OB,OB,OB-,OB,OB,OB,OB,OB,OB,OB,OB-,OB-,OB,OB,OB,OB,OB,OB,OB,OB,OB,OB,OB,OB,OB,OB,OB,OB,OB,OB,OB,OB,OB,OB,OB,OB,OB,OB,OB,OB,OB,OB,OB,OB,OB,OB,OB,OB,OB,OB,OB,OB,OB,OB,OB,OB,OB,OB,OB,OB,OB,OB,OB,OB,OB,OB,OB,OB,OB,OB,OB+,OB,OB,OB,OB,OB,OB,OB,OB,OB,OB,OB,OB,OB,OB,OB,OB,OB,OB,OB+,OB,OB,OB,OB,OB,OB,OB,OB,OB,OB,OB,OB,OB,OB,OB,OB,OB,OB,OB,OB,OB,OB-,OB-,OB-,OB,OB,OB,OB,OB,OB,OB,OB,OB,OB,OB,OB,OB,OB,OB,OB,OB+,OB,OB,OB,OB,OB+,OB,OB,OB,OB,OB,OB,OB,OB,OB,OB,OB,OB,OB,OB,OB,OB,OB,OB,OB,OB,OB,OB,OB,OB,OB,OB,OB,OB,OB,OB,OB,OB,OB,OB,OB,OB,OB,OB,OB,OB,OB,OB,OB,OB,OB+,OB,OB,OB,OB,OB,OB,OB,OB,OB,OB,OB,OB,OB,OB,OB,OB,OB,OB,OB,OB,OB,OB,OB,OB,OB,OB,OB,OB,OB,OB,OB,OB,OB,OB,OB,OB,OB,OB,OB,OB,OB,OB,OB,OB,OB,OB,OB,OB,OB,OB,OB,OB,OB,OB+,OB,OB,OB,OB,OB,OB,OB,OB,OB,OB,OB+,OB,OB,OB,OB,OB,OB,OB,OB,OB,OB,OB,OB,OB,OB,OB,OB,OB,OB,OB,OB,OB,OB,OB,OB,OB,OB,OB,OB,OB,OB,OB,OB,OB,OB,OB,OB,OB,OB,OB,OB,OB,OB,OB,OB,OB,OB,OB,OB,OB,OB,OB,OB,OB,OB,OB,OB,OB,OB,OB,OB,OB,OB,OB,OB,OB,OB,OB,X,OB,OB,OB,OB,OB,OB,OB,OB,OB,OB,OB,OB,OB,OB,OB,OB,OB,OB,OB,OB,OB,OB,OB,OB,OB,OB,OB,OB,OB,OB,OB,OB,OB,OB,OB,OB,OB,OB,OB,OB,OB,OB,OB,OB,OB,OB,OB,OB,OB,OB,OB,OB,OB,OB,OB-,OB,OB,OB,OB,OB,OB,OB,OB,OB,OB-,OB,OB,OB
364,Sodium Hydroxide Solution 50%,E+,E+,E,E,E,E,E,E,E,E,E,E,E,E,E,E,E,E,E,E,E,E,E,E,E,E,E,E,E,E,E,E,E,E,E,E,E,E,E,E,E,E-,E,E,E,E,E,E,E,E,E,E-,E,E,E,E,E,E,E,E-,E-,E,E,E,E,E,E,E,E,E,E,E,E,E,E,E,E,E,E,E,E,E,E,E,E,E,E,E,E,E,E,E,E,E,E,E,E,E,E,E,E,E,E,E,E,E,E,E,E,E,E,E,E,E,E,E,E,E,E,E+,E,E,E,E,E,E,E,E,E,E,E,E,E,E,E,E,E,E,E+,E,E,E,E,E,E,E,E,E,E,E,E,E,E,E,E,E,E,E,E,E,E-,E-,E-,E,E,E,E,E,E,E,E,E,E,E,E,E,E,E,E,E+,E,E,E,E,E+,E,E,E,E,E,E,E,E,E,E,E,E,E,E,E,E,E,E,E,E,E,E,E,E,E,E,E,E,E,E,E,E,E,E,E,E,E,E,E,E,E,E,E,E,E+,E,E,E,E,E,E,E,E,E,E,E,E,E,E,E,E,E,E,E,E,E,E,E,E,E,E,E,E,E,E,E,E,E,E,E,E,E,E,E,E,E,E,E,E,E,E,E,E,E,E,E,E,E,E+,E,E,E,E,E,E,E,E,E,E,E+,E,E,E,E,E,E,E,E,E,E,E,E,E,E,E,E,E,E,E,E,E,E,E,E,E,E,E,E,E,E,E,E,E,E,E,E,E,E,E,E,E,E,E,E,E,E,E,E,E,E,E,E,E,E,E,E,E,E,E,E,E,E,E,E,E,E,E,E,X,E,E,E,E,E,E,E,E,E,E,E,E,E,E,E,E,E,E,E,E,E,E,E,E,E,E,E,E,E,E,E,E,E,E,E,E,E,E,E,E,E,E,E,E,E,E,E,E,E,E,E,E,E,E-,E,E,E,E,E,E,E,E,E,E-,E,E,E
365,Sodium Silicate,EA+,EA+,EA,EA,EA,EA,EA,EA,EA,EA,EA,EA,EA,EA,EA,EA,EA,EA,EA,EA,EA,EA,EA,EA,EA,EA,EA,EA,EA,EA,EA,EA,EA,EA,EA,EA,EA,EA,EA,EA,EA,EA-,EA,EA,EA,EA,EA,EA,EA,EA,EA,EA-,EA,EA,EA,EA,EA,EA,EA,EA-,EA-,EA,EA,EA,EA,EA,EA,EA,EA,EA,EA,EA,EA,EA,EA,EA,EA,EA,EA,EA,EA,EA,EA,EA,EA,EA,EA,EA,EA,EA,EA,EA,EA,EA,EA,EA,EA,EA,EA,EA,EA,EA,EA,EA,EA,EA,EA,EA,EA,EA,EA,EA,EA,EA,EA,EA,EA,EA,EA,EA+,EA,EA,EA,EA,EA,EA,EA,EA,EA,EA,EA,EA,EA,EA,EA,EA,EA,EA,EA+,EA,EA,EA,EA,EA,EA,EA,EA,EA,EA,EA,EA,EA,EA,EA,EA,EA,EA,EA,EA,EA,EA-,EA-,EA-,EA,EA,EA,EA,EA,EA,EA,EA,EA,EA,EA,EA,EA,EA,EA,EA,EA+,EA,EA,EA,EA,EA+,EA,EA,EA,EA,EA,EA,EA,EA,EA,EA,EA,EA,EA,EA,EA,EA,EA,EA,EA,EA,EA,EA,EA,EA,EA,EA,EA,EA,EA,EA,EA,EA,EA,EA,EA,EA,EA,EA,EA,EA,EA,EA,EA,EA,EA+,EA,EA,EA,EA,EA,EA,EA,EA,EA,EA,EA,EA,EA,EA,EA,EA,EA,EA,EA,EA,EA,EA,EA,EA,EA,EA,EA,EA,EA,EA,EA,EA,EA,EA,EA,EA,EA,EA,EA,EA,EA,EA,EA,EA,EA,EA,EA,EA,EA,EA,EA,EA,EA,EA+,EA,EA,EA,EA,EA,EA,EA,EA,EA,EA,EA+,EA,EA,EA,EA,EA,EA,EA,EA,EA,EA,EA,EA,EA,EA,EA,EA,EA,EA,EA,EA,EA,EA,EA,EA,EA,EA,EA,EA,EA,EA,EA,EA,EA,EA,EA,EA,EA,EA,EA,EA,EA,EA,EA,EA,EA,EA,EA,EA,EA,EA,EA,EA,EA,EA,EA,EA,EA,EA,EA,EA,EA,EA,EA,EA,EA,EA,EA,EA,EA,X,EA,EA,EA,EA,EA,EA,EA,EA,EA,EA,EA,EA,EA,EA,EA,EA,EA,EA,EA,EA,EA,EA,EA,EA,EA,EA,EA,EA,EA,EA,EA,EA,EA,EA,EA,EA,EA,EA,EA,EA,EA,EA,EA,EA,EA,EA,EA,EA,EA,EA,EA,EA,EA-,EA,EA,EA,EA,EA,EA,EA,EA,EA,EA-,EA,EA,EA
366,[366] SOLVESSOS,DH+,DH+,DH,DH,DH,CF,DH,DH,DH,DH,DH,DH,DH,DH,DH,DH,DH,DH,DH,CF,DH,DH,DH,DH,DH,DH,DH,DH,CF,CF,CF,CF,DH,DH,DH,DH,DH,DH,DH,DH,DH,CF-,DH,CF,DH,DH,DH,DH,DH,DH,DH,CF-,CF,CF,CF,CF,CF,DH,DH,CF-,CF-,DH,CF,DH,DH,DH,DH,DH,DH,DH,DH,DH,DH,DH,DH,DH,DH,DH,DH,DH,CF,DH,DH,DH,DH,DH,DH,DH,DH,DH,DH,DH,DH,DH,DH,DH,DH,DH,DH,DH,DH,DH,DH,DH,DH,DH,DH,DH,DH,DH,DH,DH,DH,DH,DH,DH,DH,DH,DH,DH+,DH,DH,DH,DH,DH,DH,DH,DH,DH,DH,DH,DH,DH,DH,DH,DH,DH,DH,DH+,DH,DH,DH,DH,DH,DH,DH,DH,DH,DH,DH,DH,CF,CF,CF,CF,DH,DH,DH,DH,DH,CF-,CF-,CF-,DH,DH,CF,CF,CF,CF,CF,CF,DH,DH,DH,DH,CF,CF,DH,DH,DH+,DH,DH,DH,DH,DH+,DH,DH,CF,CF,CF,DH,DH,DH,DH,DH,DH,CF,DH,DH,DH,DH,DH,DH,DH,DH,DH,DH,DH,DH,DH,CF,CF,DH,DH,CF,DH,CF,DH,CF,DH,CF,CF,CF,CF,DH,DH,DH,DH,DH,DH+,DH,DH,DH,DH,DH,DH,DH,DH,DH,DH,DH,DH,DH,DH,DH,DH,DH,DH,DH,DH,DH,DH,DH,DH,CF,DH,CF,CF,DH,CF,CF,CF,DH,CF,DH,DH,DH,DH,DH,DH,DH,DH,DH,DH,DH,DH,DH,DH,DH,DH,DH,DH,DH,DH+,DH,DH,DH,DH,DH,DH,DH,DH,DH,DH,DH+,DH,CF,DH,DH,DH,DH,DH,CF,CF,CF,CF,CF,CF,CF,CF,CF,CF,CF,CF,CF,DH,CF,DH,DH,DH,DH,DH,DH,CF,CF,DH,CF,DH,DH,DH,CF,DH,DH,DH,CF,DH,DH,DH,DH,DH,DH,DH,DH,DH,DH,DH,DH,DH,DH,DH,CF,CF,CF,CF,CF,CF,CF,CF,DH,CF,CF,CF,CF,CF,DH,X,DH,DH,CF,CF,DH,DH,DH,CF,CF,CF,CF,CF,DH,DH,DH,DH,DH,DH,DH,DH,DH,DH,DH,DH,DH,DH,DH,DH,DH,DH,DH,DH,DH,DH,DH,DH,DH,DH,DH,DH,DH,DH,CF,CF,CF,DH,CF,CF,CF,CF,CF,CF-,DH,CF,CF,CF,CF,DH,DH,DH,DH,CF-,DH,DH,DH
367,Sorbitol,BC+,BC+,BC,BC,BC,BC,BC,BC,BC,BC,BC,BC,BC,BC,BC,BC,BC,BC,BC,BC,BC,BC,BC,BC,BC,BC,BC,BC,BC,BC,BC,BC,BC,BC,BC,BC,BC,BC,BC,BC,BC,BC-,BC,BC,BC,BC,BC,BC,BC,BC,BC,BC-,BC,BC,BC,BC,BC,BC,BC,BC-,BC-,BC,BC,BC,BC,BC,BC,BC,BC,BC,BC,BC,BC,BC,BC,BC,BC,BC,BC,BC,BC,BC,BC,BC,BC,BC,BC,BC,BC,BC,BC,BC,BC,BC,BC,BC,BC,BC,BC,BC,BC,BC,BC,BC,BC,BC,BC,BC,BC,BC,BC,BC,BC,BC,BC,BC,BC,BC,BC,BC+,BC,BC,BC,BC,BC,BC,BC,BC,BC,BC,BC,BC,BC,BC,BC,BC,BC,BC,BC+,BC,BC,BC,BC,BC,BC,BC,BC,BC,BC,BC,BC,BC,BC,BC,BC,BC,BC,BC,BC,BC,BC-,BC-,BC-,BC,BC,BC,BC,BC,BC,BC,BC,BC,BC,BC,BC,BC,BC,BC,BC,BC+,BC,BC,BC,BC,BC+,BC,BC,BC,BC,BC,BC,BC,BC,BC,BC,BC,BC,BC,BC,BC,BC,BC,BC,BC,BC,BC,BC,BC,BC,BC,BC,BC,BC,BC,BC,BC,BC,BC,BC,BC,BC,BC,BC,BC,BC,BC,BC,BC,BC,BC+,BC,BC,BC,BC,BC,BC,BC,BC,BC,BC,BC,BC,BC,BC,BC,BC,BC,BC,BC,BC,BC,BC,BC,BC,BC,BC,BC,BC,BC,BC,BC,BC,BC,BC,BC,BC,BC,BC,BC,BC,BC,BC,BC,BC,BC,BC,BC,BC,BC,BC,BC,BC,BC,BC+,BC,BC,BC,BC,BC,BC,BC,BC,BC,BC,BC+,BC,BC,BC,BC,BC,BC,BC,BC,BC,BC,BC,BC,BC,BC,BC,BC,BC,BC,BC,BC,BC,BC,BC,BC,BC,BC,BC,BC,BC,BC,BC,BC,BC,BC,BC,BC,BC,BC,BC,BC,BC,BC,BC,BC,BC,BC,BC,BC,BC,BC,BC,BC,BC,BC,BC,BC,BC,BC,BC,BC,BC,BC,BC,BC,BC,BC,BC,BC,BC,BC,BC,X,BC,BC,BC,BC,BC,BC,BC,BC,BC,BC,BC,BC,BC,BC,BC,BC,BC,BC,BC,BC,BC,BC,BC,BC,BC,BC,BC,BC,BC,BC,BC,BC,BC,BC,BC,BC,BC,BC,BC,BC,BC,BC,BC,BC,BC,BC,BC,BC,BC,BC,BC-,BC,BC,BC,BC,BC,BC,BC,BC,BC,BC-,BC,BC,BC
368,Soyabean Oil,PA+,PA+,PA,PA,PA,PA,PA,PA,PA,PA,PA,PA,PA,PA,PA,PA,PA,PA,PA,PA,HY,HY,HY,PA,PA,PA,PA,PA,PA,PA,PA,PA,PA,PA,PA,PA,PA,PA,PA,PA,PA,PA-,PA,PA,PA,PA,PA,PA,PA,PA,PA,PA-,PA,PA,PA,PA,PA,PA,PA,PA-,PA-,PA,PA,PA,PA,PA,PA,PA,PA,PA,PA,PA,PA,PA,PA,PA,PA,PA,PA,PA,PA,PA,PA,PA,PA,PA,PA,PA,PA,PA,PA,PA,PA,PA,PA,PA,PA,PA,PA,PA,PA,PA,PA,PA,PA,PA,PA,PA,PA,PA,PA,PA,PA,PA,PA,PA,PA,PA,PA,PA+,PA,PA,PA,PA,PA,PA,PA,PA,PA,PA,PA,PA,PA,PA,PA,PA,PA,PA,PA+,PA,PA,PA,PA,PA,PA,PA,PA,PA,PA,PA,PA,PA,PA,PA,PA,PA,PA,PA,PA,PA,PA-,PA-,PA-,PA,PA,PA,PA,PA,PA,PA,PA,PA,PA,PA,PA,PA,PA,PA,PA,PA+,PA,PA,PA,PA,PA+,PA,PA,PA,PA,PA,PA,PA,PA,PA,PA,PA,PA,PA,PA,PA,PA,PA,PA,PA,PA,PA,PA,PA,PA,HY,PA,PA,PA,PA,PA,PA,PA,PA,PA,PA,PA,PA,PA,PA,PA,PA,PA,PA,PA,PA+,PA,PA,PA,PA,PA,PA,PA,PA,PA,PA,PA,PA,PA,PA,PA,PA,PA,PA,PA,PA,PA,PA,PA,PA,PA,PA,PA,PA,PA,PA,PA,PA,PA,PA,PA,PA,PA,PA,PA,PA,PA,PA,PA,PA,PA,PA,PA,PA,PA,PA,PA,PA,PA,PA+,PA,PA,PA,PA,PA,PA,PA,PA,PA,PA,PA+,PA,PA,PA,PA,PA,PA,PA,PA,PA,PA,PA,PA,PA,PA,PA,PA,PA,PA,PA,PA,PA,PA,PA,PA,PA,PA,PA,PA,PA,PA,PA,PA,PA,PA,PA,PA,PA,PA,PA,PA,PA,PA,PA,PA,PA,PA,PA,PA,PA,PA,PA,PA,PA,PA,PA,PA,PA,PA,PA,PA,PA,PA,PA,PA,PA,PA,PA,PA,PA,PA,PA,PA,X,PA,PA,PA,PA,PA,PA,PA,PA,PA,PA,PA,PA,PA,PA,PA,PA,PA,PA,PA,PA,PA,PA,PA,PA,PA,PA,PA,PA,PA,PA,PA,PA,PA,PA,PA,PA,PA,PA,PA,PA,PA,PA,PA,PA,PA,PA,PA,PA,PA,PA-,PA,PA,PA,PA,PA,PA,PA,PA,PA,PA-,PA,PA,PA
369,[369] SPECIAL BOILING POINT SOLVENTS,DH+,DH+,DH,DH,DH,CF,DH,DH,DH,DH,DH,DH,DH,DH,DH,DH,DH,DH,DH,HM,HH,HH,HH,DH,DH,DH,DH,DH,HH,HH,HH,HH,DH,DH,DH,DH,DH,DH,DH,DH,DH,CF-,DH,CF,DH,DH,DH,DH,DH,DH,DH,CF-,CF,CF,CF,CF,CF,DH,DH,H-,H-,DH,HC,DH,DH,DH,DH,DH,DH,DH,DH,DH,DH,DH,DH,DH,DH,DH,DH,DH,HA,DH,DH,DH,DH,DH,DH,DH,DH,DH,DH,DH,DH,DH,DH,DH,DH,DH,DH,DH,DH,DH,DH,DH,DH,DH,DH,DH,DH,DH,DH,DH,DH,DH,DH,DH,DH,DH,DH,DH+,DH,DH,DH,DH,DH,DH,DH,DH,DH,DH,DH,DH,DH,DH,DH,DH,DH,DH,DH+,DH,DH,DH,DH,DH,DH,DH,DH,DH,DH,DH,DH,CF,CF,CF,CF,DH,DH,DH,DH,DH,HC-,HC-,HC-,DH,DH,HA,HA,HA,H,H,HM,DH,DH,DH,DH,CF,H,DH,DH,DH+,DH,DH,DH,DH,DH+,DH,DH,HM,H,HM,DH,DH,DH,DH,DH,DH,H,DH,DH,DH,DH,DH,DH,DH,DH,DH,DH,DH,DH,HH,HA,HA,DH,DH,CF,DH,CF,DH,HC,DH,CF,CF,HM,CF,DH,DH,DH,DH,DH,DH+,DH,DH,DH,DH,DH,DH,DH,DH,DH,DH,DH,DH,DH,DH,DH,DH,DH,DH,DH,DH,DH,DH,DH,DH,CF,DH,H,CF,DH,H,H,H,DH,CF,DH,DH,DH,DH,DH,DH,DH,DH,DH,DH,DH,DH,DH,DH,DH,DH,DH,DH,DH,DH+,DH,DH,DH,DH,DH,DH,DH,DH,DH,DH,DH+,DH,CF,DH,DH,DH,DH,DH,CF,CF,CF,CF,CF,CF,CF,CF,CF,CF,CF,CF,CF,DH,CF,DH,DH,DH,DH,DH,DH,CF,CF,DH,CF,DH,DH,DH,CF,DH,DH,DH,CF,DH,DH,DH,DH,DH,DH,DH,DH,DH,DH,DH,DH,DH,DH,DH,CF,CF,CF,H,HM,H,HC,CF,DH,HA,CF,H,CF,CF,DH,CF,DH,DH,H,CF,DH,DH,DH,CF,CF,CF,CF,CF,DH,DH,DH,DH,DH,DH,DH,DH,DH,DH,DH,DH,DH,DH,DH,DH,DH,DH,DH,DH,DH,DH,DH,DH,DH,DH,DH,DH,DH,DH,CF,HM,HC,DH,CF,CF,CF,CF,CF,HD-,DH,CF,CF,HM,HC,DH,DH,DH,DH,HC-,H,H,DH
370,Stearic Acid,PB+,PB+,PB,PB,PB,PB,PB,PB,PB,PB,PB,PB,PB,PB,PB,PB,PB,PB,PB,PB,HY,HY,HY,PB,PB,PB,PB,PB,PB,PB,PB,PB,PB,PB,PB,PB,PB,PB,PB,PB,PB,PB-,PB,PB,PB,PB,PB,PB,PB,PB,PB,PB-,PB,PB,PB,PB,PB,PB,PB,PB-,PB-,PB,PB,PB,PB,PB,PB,PB,PB,PB,PB,PB,PB,PB,PB,PB,PB,PB,PB,PB,PB,PB,PB,PB,PB,PB,PB,PB,PB,PB,PB,PB,PB,PB,PB,PB,PB,PB,PB,PB,PB,PB,PB,PB,PB,PB,PB,PB,PB,PB,PB,PB,PB,PB,PB,PB,PB,PB,PB,PB+,PB,PB,PB,PB,PB,PB,PB,PB,PB,PB,PB,PB,PB,PB,PB,PB,PB,PB,PB+,PB,PB,PB,PB,PB,PB,PB,PB,PB,PB,PB,PB,PB,PB,PB,PB,PB,PB,PB,PB,PB,PB-,PB-,PB-,PB,PB,PB,PB,PB,PB,PB,PB,PB,PB,PB,PB,PB,PB,PB,PB,PB+,PB,PB,PB,PB,PB+,PB,PB,PB,PB,PB,PB,PB,PB,PB,PB,PB,PB,PB,PB,PB,PB,PB,PB,PB,PB,PB,PB,PB,PB,HY,PB,PB,PB,PB,PB,PB,PB,PB,PB,PB,PB,PB,PB,PB,PB,PB,PB,PB,PB,PB+,PB,PB,PB,PB,PB,PB,PB,PB,PB,PB,PB,PB,PB,PB,PB,PB,PB,PB,PB,PB,PB,PB,PB,PB,PB,PB,PB,PB,PB,PB,PB,PB,PB,PB,PB,PB,PB,PB,PB,PB,PB,PB,PB,PB,PB,PB,PB,PB,PB,PB,PB,PB,PB,PB+,PB,PB,PB,PB,PB,PB,PB,PB,PB,PB,PB+,PB,PB,PB,PB,PB,PB,PB,PB,PB,PB,PB,PB,PB,PB,PB,PB,PB,PB,PB,PB,PB,PB,PB,PB,PB,PB,PB,PB,PB,PB,PB,PB,PB,PB,PB,PB,PB,PB,PB,PB,PB,PB,PB,PB,PB,PB,PB,PB,PB,PB,PB,PB,PB,PB,PB,PB,PB,PB,PB,PB,PB,PB,PB,PB,PB,PB,PB,PB,PB,PB,PB,PB,PB,PB,X,PB,PB,PB,PB,PB,PB,PB,PB,PB,PB,PB,PB,PB,PB,PB,PB,PB,PB,PB,PB,PB,PB,PB,PB,PB,PB,PB,PB,PB,PB,PB,PB,PB,PB,PB,PB,PB,PB,PB,PB,PB,PB,PB,PB,PB,PB,PB,PB-,PB,PB,PB,PB,PB,PB,PB,PB,PB,PB-,PB,PB,PB
371,Styrene Monomer,NA+,NA+,NA,NA,NA,NA,NA,NA,NA,NA,NA,NA,NA,NA,NA,NA,NA,NA,NA,N,NA,NA,NA,NA,NA,NA,NA,NA,N,N,N,N,NA,NA,NA,NA,NA,NA,NA,NA,NA,N-,NA,NA,NA,NA,NA,NA,NA,NA,NA,N-,NA,NA,NA,NA,N,NA,NA,N-,N-,NA,N,NA,NA,NA,NA,NA,NA,NA,NA,NA,NA,NA,NA,NA,NA,NA,NA,NA,N,NA,NA,NA,NA,NA,NA,NA,NA,NA,NA,NA,NA,NA,NA,NA,NA,NA,NA,NA,NA,NA,NA,NA,NA,NA,NA,NA,NA,NA,NA,NA,NA,NA,NA,NA,NA,NA,NA,NA+,NA,NA,NA,NA,NA,NA,NA,NA,NA,NA,NA,NA,NA,NA,NA,NA,NA,NA,NA+,NA,NA,NA,NA,NA,NA,NA,NA,NA,NA,NA,NA,NA,NA,NA,NA,NA,NA,NA,NA,NA,N-,N-,N-,NA,NA,N,N,N,N,N,N,NA,NA,NA,NA,NA,N,NA,NA,NA+,NA,NA,NA,NA,NA+,NA,NA,N,N,N,NA,NA,NA,NA,NA,NA,N,NA,NA,NA,NA,NA,NA,NA,NA,NA,NA,NA,NA,NA,N,N,NA,NA,NA,NA,NA,NA,N,NA,NA,NA,NA,NA,NA,NA,NA,NA,NA,NA+,NA,NA,NA,NA,NA,NA,NA,NA,NA,NA,NA,NA,NA,NA,NA,NA,NA,NA,NA,NA,NA,NA,NA,NA,NA,NA,N,NA,NA,N,N,N,NA,NA,NA,NA,NA,NA,NA,NA,NA,NA,NA,NA,NA,NA,NA,NA,NA,NA,NA,NA,NA,NA+,NA,NA,NA,NA,NA,NA,NA,NA,NA,NA,NA+,NA,NA,NA,NA,NA,NA,NA,NA,NA,NA,NA,NA,NA,NA,NA,NA,NA,NA,NA,NA,NA,NA,NA,NA,NA,NA,NA,NA,NA,NA,NA,NA,NA,NA,NA,NA,NA,NA,NA,NA,NA,NA,NA,NA,NA,NA,NA,NA,NA,NA,NA,NA,NA,NA,NA,N,NA,NA,N,N,N,N,NA,NA,N,NA,NA,NA,NA,NA,NA,NA,NA,NA,NA,X,NA,NA,NA,NA,N,N,NA,NA,NA,NA,NA,NA,NA,NA,NA,NA,NA,NA,NA,NA,NA,NA,NA,NA,NA,NA,NA,NA,NA,NA,NA,NA,NA,NA,NA,NA,NA,NA,N,N,NA,NA,NA,NA,NA,NA,N-,NA,NA,NA,N,N,NA,NA,NA,NA,N-,NA,NA,NA
372,Sulpholane,DD+,DD+,DD,DD,DD,DD,DD,DD,DD,DD,DD,DD,DD,DD,DD,DD,DD,DD,DD,DD,DD,DD,DD,DD,DD,DD,DD,DD,DD,DD,DD,DD,DD,DD,DD,DD,DD,DD,DD,DD,DD,DD-,DD,DD,DD,DD,DD,DD,DD,DD,DD,DD-,DD,DD,DD,DD,DD,DD,DD,DD-,DD-,DD,DD,DD,DD,DD,DD,DD,DD,DD,DD,DD,DD,DD,DD,DD,DD,DD,DD,DD,DD,DD,DD,DD,DD,DD,DD,DD,DD,DD,DD,DD,DD,DD,DD,DD,DD,DD,DD,DD,DD,DD,DD,DD,DD,DD,DD,DD,DD,DD,DD,DD,DD,DD,DD,DD,DD,DD,DD,DD+,DD,DD,DD,DD,DD,DD,DD,DD,DD,DD,DD,DD,DD,DD,DD,DD,DD,DD,DD+,DD,DD,DD,DD,DD,DD,DD,DD,DD,DD,DD,DD,DD,DD,DD,DD,DD,DD,DD,DD,DD,DD-,DD-,DD-,DD,DD,DD,DD,DD,DD,DD,DD,DD,DD,DD,DD,DD,DD,DD,DD,DD+,DD,DD,DD,DD,DD+,DD,DD,DD,DD,DD,DD,DD,DD,DD,DD,DD,DD,DD,DD,DD,DD,DD,DD,DD,DD,DD,DD,DD,DD,DD,DD,DD,DD,DD,DD,DD,DD,DD,DD,DD,DD,DD,DD,DD,DD,DD,DD,DD,DD,DD+,DD,DD,DD,DD,DD,DD,DD,DD,DD,DD,DD,DD,DD,DD,DD,DD,DD,DD,DD,DD,DD,DD,DD,DD,DD,DD,DD,DD,DD,DD,DD,DD,DD,DD,DD,DD,DD,DD,DD,DD,DD,DD,DD,DD,DD,DD,DD,DD,DD,DD,DD,DD,DD,DD+,DD,DD,DD,DD,DD,DD,DD,DD,DD,DD,DD+,DD,DD,DD,DD,DD,DD,DD,DD,DD,DD,DD,DD,DD,DD,DD,DD,DD,DD,DD,DD,DD,DD,DD,DD,DD,DD,DD,DD,DD,DD,DD,DD,DD,DD,DD,DD,DD,DD,DD,DD,DD,DD,DD,DD,DD,DD,DD,DD,DD,DD,DD,DD,DD,DD,DD,DD,DD,DD,DD,DD,DD,DD,DD,DD,DD,DD,DD,DD,DD,DD,DD,DD,DD,DD,DD,DD,X,DD,DD,DD,DD,DD,DD,DD,DD,DD,DD,DD,DD,DD,DD,DD,DD,DD,DD,DD,DD,DD,DD,DD,DD,DD,DD,DD,DD,DD,DD,DD,DD,DD,DD,DD,DD,DD,DD,DD,DD,DD,DD,DD,DD,DD,DD-,DD,DD,DD,DD,DD,DD,DD,DD,DD,DD-,DD,DD,DD
373,Sulphuric Acid,FB+,FB+,FB,FB,FB,FB,FB,FB,FB,FB,FB,FB,FB,FB,FB,FB,FB,FB,FB,FB,FB,FB,FB,FB,FB,FB,FB,FB,FB,FB,FB,FB,FB,FB,FB,FB,FB,FB,FB,FB,FB,FB-,FB,FB,FB,FB,FB,FB,FB,FB,FB,FB-,FB,FB,FB,FB,FB,FB,FB,FB-,FB-,FB,FB,FB,FB,FB,FB,FB,FB,FB,FB,FB,FB,FB,FB,FB,FB,FB,FB,FB,FB,FB,FB,FB,FB,FB,FB,FB,FB,FB,FB,FB,FB,FB,FB,FB,FB,FB,FB,FB,FB,FB,FB,FB,FB,FB,FB,FB,FB,FB,FB,FB,FB,FB,FB,FB,FB,FB,FB,FB+,FB,FB,FB,FB,FB,FB,FB,FB,FB,FB,FB,FB,FB,FB,FB,FB,FB,FB,FB+,FB,FB,FB,FB,FB,FB,FB,FB,FB,FB,FB,FB,FB,FB,FB,FB,FB,FB,FB,FB,FB,FB-,FB-,FB-,FB,FB,FB,FB,FB,FB,FB,FB,FB,FB,FB,FB,FB,FB,FB,FB,FB+,FB,FB,FB,FB,FB+,FB,FB,FB,FB,FB,FB,FB,FB,FB,FB,FB,FB,FB,FB,FB,FB,FB,FB,FB,FB,FB,FB,FB,FB,FB,FB,FB,FB,FB,FB,FB,FB,FB,FB,FB,FB,FB,FB,FB,FB,FB,FB,FB,FB,FB+,FB,FB,FB,FB,FB,FB,FB,FB,FB,FB,FB,FB,FB,FB,FB,FB,FB,FB,FB,FB,FB,FB,FB,FB,FB,FB,FB,FB,FB,FB,FB,FB,FB,FB,FB,FB,FB,FB,FB,FB,FB,FB,FB,FB,FB,FB,FB,FB,FB,FB,FB,FB,FB,FB+,FB,FB,FB,FB,FB,FB,FB,FB,FB,FB,FB+,FB,FB,FB,FB,FB,FB,FB,FB,FB,FB,FB,FB,FB,FB,FB,FB,FB,FB,FB,FB,FB,FB,FB,FB,FB,FB,FB,FB,FB,FB,FB,FB,FB,FB,FB,FB,FB,FB,FB,FB,FB,FB,FB,FB,FB,FB,FB,FB,FB,FB,FB,FB,FB,FB,FB,FB,FB,FB,FB,FB,FB,FB,FB,FB,FB,FB,FB,FB,FB,FB,FB,FB,FB,FB,FB,FB,FB,X,FB,FB,FB,FB,FB,FB,FB,FB,FB,FB,FB,FB,FB,FB,FB,FB,FB,FB,FB,FB,FB,FB,FB,FB,FB,FB,FB,FB,FB,FB,FB,FB,FB,FB,FB,FB,FB,FB,FB,FB,FB,FB,FB,FB,FB-,FB,FB,FB,FB,FB,FB,FB,FB,FB,FB-,FB,FB,FB
374,Sunflower Oil,PA+,PA+,PA,PA,PA,PA,PA,PA,PA,PA,PA,PA,PA,PA,PA,PA,PA,PA,PA,PA,PA,PA,PA,PA,PA,PA,PA,PA,PA,PA,PA,PA,PA,PA,PA,PA,PA,PA,PA,PA,PA,PA-,PA,PA,PA,PA,PA,PA,PA,PA,PA,PA-,PA,PA,PA,PA,PA,PA,PA,PA-,PA-,PA,PA,PA,PA,PA,PA,PA,PA,PA,PA,PA,PA,PA,PA,PA,PA,PA,PA,PA,PA,PA,PA,PA,PA,PA,PA,PA,PA,PA,PA,PA,PA,PA,PA,PA,PA,PA,PA,PA,PA,PA,PA,PA,PA,PA,PA,PA,PA,PA,PA,PA,PA,PA,PA,PA,PA,PA,PA,PA+,PA,PA,PA,PA,PA,PA,PA,PA,PA,PA,PA,PA,PA,PA,PA,PA,PA,PA,PA+,PA,PA,PA,PA,PA,PA,PA,PA,PA,PA,PA,PA,PA,PA,PA,PA,PA,PA,PA,PA,PA,PA-,PA-,PA-,PA,PA,PA,PA,PA,PA,PA,PA,PA,PA,PA,PA,PA,PA,PA,PA,PA+,PA,PA,PA,PA,PA+,PA,PA,PA,PA,PA,PA,PA,PA,PA,PA,PA,PA,PA,PA,PA,PA,PA,PA,PA,PA,PA,PA,PA,PA,PA,PA,PA,PA,PA,PA,PA,PA,PA,PA,PA,PA,PA,PA,PA,PA,PA,PA,PA,PA,PA+,PA,PA,PA,PA,PA,PA,PA,PA,PA,PA,PA,PA,PA,PA,PA,PA,PA,PA,PA,PA,PA,PA,PA,PA,PA,PA,PA,PA,PA,PA,PA,PA,PA,PA,PA,PA,PA,PA,PA,PA,PA,PA,PA,PA,PA,PA,PA,PA,PA,PA,PA,PA,PA,PA+,PA,PA,PA,PA,PA,PA,PA,PA,PA,PA,PA+,PA,PA,PA,PA,PA,PA,PA,PA,PA,PA,PA,PA,PA,PA,PA,PA,PA,PA,PA,PA,PA,PA,PA,PA,PA,PA,PA,PA,PA,PA,PA,PA,PA,PA,PA,PA,PA,PA,PA,PA,PA,PA,PA,PA,PA,PA,PA,PA,PA,PA,PA,PA,PA,PA,PA,PA,PA,PA,PA,PA,PA,PA,PA,PA,PA,PA,PA,PA,PA,PA,PA,PA,PA,PA,PA,PA,PA,PA,X,PA,PA,PA,PA,PA,PA,PA,PA,PA,PA,PA,PA,PA,PA,PA,PA,PA,PA,PA,PA,PA,PA,PA,PA,PA,PA,PA,PA,PA,PA,PA,PA,PA,PA,PA,PA,PA,PA,PA,PA,PA,PA,PA,PA-,PA,PA,PA,PA,PA,PA,PA,PA,PA,PA-,PA,PA,PA
375,Tall Oil Fatty Acid (Type I & II),PB+,PB+,PB,PB,PB,PB,PB,PB,PB,PB,PB,PB,PB,PB,PB,PB,PB,PB,PB,PB,HY,HY,HY,PB,PB,PB,PB,PB,PB,PB,PB,PB,PB,PB,PB,PB,PB,PB,PB,PB,PB,PB-,PB,PB,PB,PB,PB,PB,PB,PB,PB,PB-,PB,PB,PB,PB,PB,PB,PB,PB-,PB-,PB,PB,PB,PB,PB,PB,PB,PB,PB,PB,PB,PB,PB,PB,PB,PB,PB,PB,PB,PB,PB,PB,PB,PB,PB,PB,PB,PB,PB,PB,PB,PB,PB,PB,PB,PB,PB,PB,PB,PB,PB,PB,PB,PB,PB,PB,PB,PB,PB,PB,PB,PB,PB,PB,PB,PB,PB,PB,PB+,PB,PB,PB,PB,PB,PB,PB,PB,PB,PB,PB,PB,PB,PB,PB,PB,PB,PB,PB+,PB,PB,PB,PB,PB,PB,PB,PB,PB,PB,PB,PB,PB,PB,PB,PB,PB,PB,PB,PB,PB,PB-,PB-,PB-,PB,PB,PB,PB,PB,PB,PB,PB,PB,PB,PB,PB,PB,PB,PB,PB,PB+,PB,PB,PB,PB,PB+,PB,PB,PB,PB,PB,PB,PB,PB,PB,PB,PB,PB,PB,PB,PB,PB,PB,PB,PB,PB,PB,PB,PB,PB,HY,PB,PB,PB,PB,PB,PB,PB,PB,PB,PB,PB,PB,PB,PB,PB,PB,PB,PB,PB,PB+,PB,PB,PB,PB,PB,PB,PB,PB,PB,PB,PB,PB,PB,PB,PB,PB,PB,PB,PB,PB,PB,PB,PB,PB,PB,PB,PB,PB,PB,PB,PB,PB,PB,PB,PB,PB,PB,PB,PB,PB,PB,PB,PB,PB,PB,PB,PB,PB,PB,PB,PB,PB,PB,PB+,PB,PB,PB,PB,PB,PB,PB,PB,PB,PB,PB+,PB,PB,PB,PB,PB,PB,PB,PB,PB,PB,PB,PB,PB,PB,PB,PB,PB,PB,PB,PB,PB,PB,PB,PB,PB,PB,PB,PB,PB,PB,PB,PB,PB,PB,PB,PB,PB,PB,PB,PB,PB,PB,PB,PB,PB,PB,PB,PB,PB,PB,PB,PB,PB,PB,PB,PB,PB,PB,PB,PB,PB,PB,PB,PB,PB,PB,PB,PB,PB,PB,PB,PB,PB,PB,PB,PB,PB,PB,PB,X,PB,PB,PB,PB,PB,PB,PB,PB,PB,PB,PB,PB,PB,PB,PB,PB,PB,PB,PB,PB,PB,PB,PB,PB,PB,PB,PB,PB,PB,PB,PB,PB,PB,PB,PB,PB,PB,PB,PB,PB,PB,PB,PB-,PB,PB,PB,PB,PB,PB,PB,PB,PB,PB-,PB,PB,PB
376,Tall Oil Pitch,R+,R+,R,R,R,R,R,R,R,R,R,R,R,R,R,R,R,R,R,R,HY,HY,HY,R,R,R,R,R,R,R,R,R,R,R,R,R,R,R,R,R,R,R-,R,R,R,R,R,R,R,R,R,R-,R,R,R,R,R,R,R,R-,R-,R,R,R,R,R,R,R,R,R,R,R,R,R,R,R,R,R,R,R,R,R,R,R,R,R,R,R,R,R,R,R,R,R,R,R,R,R,R,R,R,R,R,R,R,R,R,R,R,R,R,R,R,R,R,R,R,R,R,R+,R,R,R,R,R,R,R,R,R,R,R,R,R,R,R,R,R,R,R+,R,R,R,R,R,R,R,R,R,R,R,R,R,R,R,R,R,R,R,R,R,R-,R-,R-,R,R,R,R,R,R,R,R,R,R,R,R,R,R,R,R,R+,R,R,R,R,R+,R,R,R,R,R,R,R,R,R,R,R,R,R,R,R,R,R,R,R,R,R,R,R,R,HY,R,R,R,R,R,R,R,R,R,R,R,R,R,R,R,R,R,R,R,R+,R,R,R,R,R,R,R,R,R,R,R,R,R,R,R,R,R,R,R,R,R,R,R,R,R,R,R,R,R,R,R,R,R,R,R,R,R,R,R,R,R,R,R,R,R,R,R,R,R,R,R,R,R,R+,R,R,R,R,R,R,R,R,R,R,R+,R,R,R,R,R,R,R,R,R,R,R,R,R,R,R,R,R,R,R,R,R,R,R,R,R,R,R,R,R,R,R,R,R,R,R,R,R,R,R,R,R,R,R,R,R,R,R,R,R,R,R,R,R,R,R,R,R,R,R,R,R,R,R,R,R,R,R,R,R,R,R,R,R,R,R,R,R,R,R,R,X,R,R,R,R,R,R,R,R,R,R,R,R,R,R,R,R,R,R,R,R,R,R,R,R,R,R,R,R,R,R,R,R,R,R,R,R,R,R,R,R,R,R-,R,R,R,R,R,R,R,R,R,R-,R,R,R
377,"Tall Oil, Crude",R+,R+,R,R,R,R,R,R,R,R,R,R,R,R,R,R,R,R,R,R,HY,HY,HY,R,R,R,R,R,R,R,R,R,R,R,R,R,R,R,R,R,R,R-,R,R,R,R,R,R,R,R,R,R-,R,R,R,R,R,R,R,R-,R-,R,R,R,R,R,R,R,R,R,R,R,R,R,R,R,R,R,R,R,R,R,R,R,R,R,R,R,R,R,R,R,R,R,R,R,R,R,R,R,R,R,R,R,R,R,R,R,R,R,R,R,R,R,R,R,R,R,R,R+,R,R,R,R,R,R,R,R,R,R,R,R,R,R,R,R,R,R,R+,R,R,R,R,R,R,R,R,R,R,R,R,R,R,R,R,R,R,R,R,R,R-,R-,R-,R,R,R,R,R,R,R,R,R,R,R,R,R,R,R,R,R+,R,R,R,R,R+,R,R,R,R,R,R,R,R,R,R,R,R,R,R,R,R,R,R,R,R,R,R,R,R,HY,R,R,R,R,R,R,R,R,R,R,R,R,R,R,R,R,R,R,R,R+,R,R,R,R,R,R,R,R,R,R,R,R,R,R,R,R,R,R,R,R,R,R,R,R,R,R,R,R,R,R,R,R,R,R,R,R,R,R,R,R,R,R,R,R,R,R,R,R,R,R,R,R,R,R+,R,R,R,R,R,R,R,R,R,R,R+,R,R,R,R,R,R,R,R,R,R,R,R,R,R,R,R,R,R,R,R,R,R,R,R,R,R,R,R,R,R,R,R,R,R,R,R,R,R,R,R,R,R,R,R,R,R,R,R,R,R,R,R,R,R,R,R,R,R,R,R,R,R,R,R,R,R,R,R,R,R,R,R,R,R,R,R,R,R,R,R,R,X,R,R,R,R,R,R,R,R,R,R,R,R,R,R,R,R,R,R,R,R,R,R,R,R,R,R,R,R,R,R,R,R,R,R,R,R,R,R,R,R,R-,R,R,R,R,R,R,R,R,R,R-,R,R,R
378,Tallow,U+,U+,U,U,U,U,U,U,U,U,U,U,U,U,U,U,U,U,U,U,U,U,U,U,U,U,U,U,U,U,U,U,U,U,U,U,U,U,U,U,U,U-,U,U,U,U,U,U,U,U,U,U-,U,U,U,U,U,U,U,U-,U-,U,U,U,U,U,U,U,U,U,U,U,U,U,U,U,U,U,U,U,U,U,U,U,U,U,U,U,U,U,U,U,U,U,U,U,U,U,U,U,U,U,U,U,U,U,U,U,U,U,U,U,U,U,U,U,U,U,U,U+,U,U,U,U,U,U,U,U,U,U,U,U,U,U,U,U,U,U,U+,U,U,U,U,U,U,U,U,U,U,U,U,U,U,U,U,U,U,U,U,U,U-,U-,U-,U,U,U,U,U,U,U,U,U,U,U,U,U,U,U,U,U+,U,U,U,U,U+,U,U,U,U,U,U,U,U,U,U,U,U,U,U,U,U,U,U,U,U,U,U,U,U,U,U,U,U,U,U,U,U,U,U,U,U,U,U,U,U,U,U,U,U,U+,U,U,U,U,U,U,U,U,U,U,U,U,U,U,U,U,U,U,U,U,U,U,U,U,U,U,U,U,U,U,U,U,U,U,U,U,U,U,U,U,U,U,U,U,U,U,U,U,U,U,U,U,U,U+,U,U,U,U,U,U,U,U,U,U,U+,U,U,U,U,U,U,U,U,U,U,U,U,U,U,U,U,U,U,U,U,U,U,U,U,U,U,U,U,U,U,U,U,U,U,U,U,U,U,U,U,U,U,U,U,U,U,U,U,U,U,U,U,U,U,U,U,U,U,U,U,U,U,U,U,U,U,U,U,U,U,U,U,U,U,U,U,U,U,U,U,U,U,X,U,U,U,U,U,U,U,U,U,U,U,U,U,U,U,U,U,U,U,U,U,U,U,U,U,U,U,U,U,U,U,U,U,U,U,U,U,U,U,U-,U,U,U,U,U,U,U,U,U,U-,U,U,U
379,tert-Butanol,BC+,BC+,BC,BC,BC,BC,BC,BC,BC,BC,BC,BC,BC,BC,BC,BC,BC,BC,BC,BC,BC,BC,BC,BC,BC,BC,BC,BC,BC,BC,BC,BC,BC,BC,BC,BC,BC,BC,BC,BC,BC,BC-,BC,BC,BC,BC,BC,BC,BC,BC,BC,BC-,BC,BC,BC,BC,BC,BC,BC,BC-,BC-,BC,BC,BC,BC,BC,BC,BC,BC,BC,BC,BC,BC,BC,BC,BC,BC,BC,BC,BC,BC,BC,BC,BC,BC,BC,BC,BC,BC,BC,BC,BC,BC,BC,BC,BC,BC,BC,BC,BC,BC,BC,BC,BC,BC,BC,BC,BC,BC,BC,BC,BC,BC,BC,BC,BC,BC,BC,BC,BC+,BC,BC,BC,BC,BC,BC,BC,BC,BC,BC,BC,BC,BC,BC,BC,BC,BC,BC,BC+,BC,BC,BC,BC,BC,BC,BC,BC,BC,BC,BC,BC,BC,BC,BC,BC,BC,BC,BC,BC,BC,BC-,BC-,BC-,BC,BC,BC,BC,BC,BC,BC,BC,BC,BC,BC,BC,BC,BC,BC,BC,BC+,BC,BC,BC,BC,BC+,BC,BC,BC,BC,BC,BC,BC,BC,BC,BC,BC,BC,BC,BC,BC,BC,BC,BC,BC,BC,BC,BC,BC,BC,BC,BC,BC,BC,BC,BC,BC,BC,BC,BC,BC,BC,BC,BC,BC,BC,BC,BC,BC,BC,BC+,BC,BC,BC,BC,BC,BC,BC,BC,BC,BC,BC,BC,BC,BC,BC,BC,BC,BC,BC,BC,BC,BC,BC,BC,BC,BC,BC,BC,BC,BC,BC,BC,BC,BC,BC,BC,BC,BC,BC,BC,BC,BC,BC,BC,BC,BC,BC,BC,BC,BC,BC,BC,BC,BC+,BC,BC,BC,BC,BC,BC,BC,BC,BC,BC,BC+,BC,BC,BC,BC,BC,BC,BC,BC,BC,BC,BC,BC,BC,BC,BC,BC,BC,BC,BC,BC,BC,BC,BC,BC,BC,BC,BC,BC,BC,BC,BC,BC,BC,BC,BC,BC,BC,BC,BC,BC,BC,BC,BC,BC,BC,BC,BC,BC,BC,BC,BC,BC,BC,BC,BC,BC,BC,BC,BC,BC,BC,BC,BC,BC,BC,BC,BC,BC,BC,BC,BC,BC,BC,BC,BC,BC,BC,BC,BC,BC,BC,BC,BC,X,BC,BC,BC,BC,BC,BC,BC,BC,BC,BC,BC,BC,BC,BC,BC,BC,BC,BC,BC,BC,BC,BC,BC,BC,BC,BC,BC,BC,BC,BC,BC,BC,BC,BC,BC,BC,BC,BC,BC-,BC,BC,BC,BC,BC,BC,BC,BC,BC,BC-,BC,BC,BC
380,tert-Butyl Acrylate,MA+,MA+,MA,MA,MA,MA,MA,MA,MA,MA,MA,MA,MA,MA,MA,MA,MA,MA,MA,M,MA,MA,MA,MA,MA,MA,MA,MA,M,M,M,M,MA,MA,MA,MA,MA,MA,MA,MA,MA,M-,MA,MA,MA,MA,MA,MA,MA,MA,MA,M-,MA,MA,MA,MA,M,MA,MA,M-,M-,MA,M,MA,MA,MA,MA,MA,MA,MA,MA,MA,MA,MA,MA,MA,MA,MA,MA,MA,M,MA,MA,MA,MA,MA,MA,MA,MA,MA,MA,MA,MA,MA,MA,MA,MA,MA,MA,MA,MA,MA,MA,MA,MA,MA,MA,MA,MA,MA,MA,MA,MA,MA,MA,MA,MA,MA,MA,MA+,MA,MA,MA,MA,MA,MA,MA,M,MA,MA,MA,MA,MA,MA,MA,MA,MA,MA,MA+,MA,MA,MA,MA,MA,MA,MA,M,MA,M,MA,MA,MA,MA,MA,MA,MA,MA,MA,MA,MA,M-,M-,M-,MA,MA,M,M,M,M,M,M,MA,MA,MA,MA,MA,MA,MA,MA,MA+,MA,MA,MA,MA,MA+,MA,MA,M,MA+,M,M,MA,MA,M,MA,M,M,MA,MA,MA,MA,MA,MA,MA,MA,MA,MA,MA,MA,MA,M,M,MA,MA,MA,MA,MA,MA,M,MA,MA,MA,MA,MA,MA,MA,MA,MA,MA,MA+,MA,MA,MA,MA,MA,MA,MA,MA,MA,MA,M,MA,MA,MA,MA,MA,MA,MA,M,MA,MA,MA,MA,MA,MA,MA,M,MA,MA,MA,M,M,MA,MA,MA,MA,MA,MA,MA,MA,MA,MA,MA,MA,MA,M,MA,MA,M,MA,MA,MA,MA,MA+,MA,MA,MA,MA,MA,MA,MA,MA,MA,MA,MA+,MA,MA,MA,MA,MA,MA,MA,MA,MA,MA,MA,MA,MA,MA,MA,MA,MA,MA,MA,MA,MA,MA,MA,MA,MA,MA,MA,MA,MA,MA,MA,MA,MA,MA,MA,MA,MA,MA,MA,MA,MA,MA,MA,MA,MA,MA,MA,MA,MA,MA,MA,MA,MA,MA,MA,M,MA,MA,MA,M,MA,M,MA,MA,M,MA,MA,MA,MA,MA,MA,MA,MA,MA,MA,MA,MA,MA,MA,MA,M,M,MA,MA,X,MA,MA,MA,MA,MA,MA,MA,MA,MA,MA,MA,MA,MA,MA,MA,MA,MA,MA,MA,MA,MA,MA,MA,MA,MA,MA,MA,MA,MA,M,M,MA,MA,MA,MA,MA,MA,M-,MA,MA,MA,M,M,MA,MA,MA,MA,M-,MA,MA,MA
381,"1,1,2,2-Tetrachloroethane",BA+,BA+,BA,BA,BA,BA,BA,BA,BA,BA,BA,BA,BA,BA,BA,BA,BA,BA,BA,BA,BA,BA,BA,BA,BA,BA,BA,BA,BA,BA,BA,BA,BA,BA,BA,BA,BA,BA,BA,BA,BA,BA-,BA,BA,BA,BA,BA,BA,BA,BA,BA,BA-,BA,BA,BA,BA,BA,BA,BA,BA-,BA-,BA,BA,BA,BA,BA,BA,BA,BA,BA,BA,BA,BA,BA,BA,BA,BA,BA,BA,BA,BA,BA,BA,BA,BA,BA,BA,BA,BA,BA,BA,BA,BA,BA,BA,BA,BA,BA,BA,BA,BA,BA,BA,BA,BA,BA,BA,BA,BA,BA,BA,BA,BA,BA,BA,BA,BA,BA,BA,BA+,BA,BA,BA,BA,BA,BA,BA,BA,BA,BA,BA,BA,BA,BA,BA,BA,BA,BA,BA+,BA,BA,BA,BA,BA,BA,BA,BA,BA,BA,BA,BA,BA,BA,BA,BA,BA,BA,BA,BA,BA,BA-,BA-,BA-,BA,BA,BA,BA,BA,BA,BA,BA,BA,BA,BA,BA,BA,BA,BA,BA,BA+,BA,BA,BA,BA,BA+,BA,BA,BA,BA,BA,BA,BA,BA,BA,BA,BA,BA,BA,BA,BA,BA,BA,BA,BA,BA,BA,BA,BA,BA,BA,BA,BA,BA,BA,BA,BA,BA,BA,BA,BA,BA,BA,BA,BA,BA,BA,BA,BA,BA,BA+,BA,BA,BA,BA,BA,BA,BA,BA,BA,BA,BA,BA,BA,BA,BA,BA,BA,BA,BA,BA,BA,BA,BA,BA,BA,BA,BA,BA,BA,BA,BA,BA,BA,BA,BA,BA,BA,BA,BA,BA,BA,BA,BA,BA,BA,BA,BA,BA,BA,BA,BA,BA,BA,BA+,BA,BA,BA,BA,BA,BA,BA,BA,BA,BA,BA+,BA,BA,BA,BA,BA,BA,BA,BA,BA,BA,BA,BA,BA,BA,BA,BA,BA,BA,BA,BA,BA,BA,BA,BA,BA,BA,BA,BA,BA,BA,BA,BA,BA,BA,BA,BA,BA,BA,BA,BA,BA,BA,BA,BA,BA,BA,BA,BA,BA,BA,BA,BA,BA,BA,BA,BA,BA,BA,BA,BA,BA,BA,BA,BA,BA,BA,BA,BA,BA,BA,BA,BA,BA,BA,BA,BA,BA,BA,BA,BA,BA,BA,BA,BA,BA,X,BA,BA,BA,BA,BA,BA,BA,BA,BA,BA,BA,BA,BA,BA,BA,BA,BA,BA,BA,BA,BA,BA,BA,BA,BA,BA,BA,BA,BA,BA,BA,BA,BA,BA,BA,BA,BA-,BA,BA,BA,BA,BA,BA,BA,BA,BA,BA-,BA,BA,BA
382,Tetraethylene Glycol,BC+,BC+,BC,BC,BC,BC,BC,BC,BC,BC,BC,BC,BC,BC,BC,BC,BC,BC,BC,BC,BC,BC,BC,BC,BC,BC,BC,BC,BC,BC,BC,BC,BC,BC,BC,BC,BC,BC,BC,BC,BC,BC-,BC,BC,BC,BC,BC,BC,BC,BC,BC,BC-,BC,BC,BC,BC,BC,BC,BC,BC-,BC-,BC,BC,BC,BC,BC,BC,BC,BC,BC,BC,BC,BC,BC,BC,BC,BC,BC,BC,BC,BC,BC,BC,BC,BC,BC,BC,BC,BC,BC,BC,BC,BC,BC,BC,BC,BC,BC,BC,BC,BC,BC,BC,BC,BC,BC,BC,BC,BC,BC,BC,BC,BC,BC,BC,BC,BC,BC,BC,BC+,BC,BC,BC,BC,BC,BC,BC,BC,BC,BC,BC,BC,BC,BC,BC,BC,BC,BC,BC+,BC,BC,BC,BC,BC,BC,BC,BC,BC,BC,BC,BC,BC,BC,BC,BC,BC,BC,BC,BC,BC,BC-,BC-,BC-,BC,BC,BC,BC,BC,BC,BC,BC,BC,BC,BC,BC,BC,BC,BC,BC,BC+,BC,BC,BC,BC,BC+,BC,BC,BC,BC,BC,BC,BC,BC,BC,BC,BC,BC,BC,BC,BC,BC,BC,BC,BC,BC,BC,BC,BC,BC,BC,BC,BC,BC,BC,BC,BC,BC,BC,BC,BC,BC,BC,BC,BC,BC,BC,BC,BC,BC,BC+,BC,BC,BC,BC,BC,BC,BC,BC,BC,BC,BC,BC,BC,BC,BC,BC,BC,BC,BC,BC,BC,BC,BC,BC,BC,BC,BC,BC,BC,BC,BC,BC,BC,BC,BC,BC,BC,BC,BC,BC,BC,BC,BC,BC,BC,BC,BC,BC,BC,BC,BC,BC,BC,BC+,BC,BC,BC,BC,BC,BC,BC,BC,BC,BC,BC+,BC,BC,BC,BC,BC,BC,BC,BC,BC,BC,BC,BC,BC,BC,BC,BC,BC,BC,BC,BC,BC,BC,BC,BC,BC,BC,BC,BC,BC,BC,BC,BC,BC,BC,BC,BC,BC,BC,BC,BC,BC,BC,BC,BC,BC,BC,BC,BC,BC,BC,BC,BC,BC,BC,BC,BC,BC,BC,BC,BC,BC,BC,BC,BC,BC,BC,BC,BC,BC,BC,BC,BC,BC,BC,BC,BC,BC,BC,BC,BC,BC,BC,BC,BC,BC,BC,X,BC,BC,BC,BC,BC,BC,BC,BC,BC,BC,BC,BC,BC,BC,BC,BC,BC,BC,BC,BC,BC,BC,BC,BC,BC,BC,BC,BC,BC,BC,BC,BC,BC,BC,BC,BC-,BC,BC,BC,BC,BC,BC,BC,BC,BC,BC-,BC,BC,BC
383,Tetraethylenepentamine,GC+,GC+,GC,GC,GC,GC,GC,GC,GC,GC,GC,GC,GC,GC,GC,GC,GC,GC,GC,GC,GC,GC,GC,GC,GC,GC,GC,GC,GC,GC,GC,GC,GC,GC,GC,GC,GC,GC,GC,GC,GC,GC-,GC,GC,GC,GC,GC,GC,GC,GC,GC,GC-,GC,GC,GC,GC,GC,GC,GC,GC-,GC-,GC,GC,GC,GC,GC,GC,GC,GC,GC,GC,GC,GC,GC,GC,GC,GC,GC,GC,GC,GC,GC,GC,GC,GC,GC,GC,GC,GC,GC,GC,GC,GC,GC,GC,GC,GC,GC,GC,GC,GC,GC,GC,GC,GC,GC,GC,GC,GC,GC,GC,GC,GC,GC,GC,GC,GC,GC,GC,GC+,GC,GC,GC,GC,GC,GC,GC,GC,GC,GC,GC,GC,GC,GC,GC,GC,GC,GC,GC+,GC,GC,GC,GC,GC,GC,GC,GC,GC,GC,GC,GC,GC,GC,GC,GC,GC,GC,GC,GC,GC,GC-,GC-,GC-,GC,GC,GC,GC,GC,GC,GC,GC,GC,GC,GC,GC,GC,GC,GC,GC,GC+,GC,GC,GC,GC,GC+,GC,GC,GC,GC,GC,GC,GC,GC,GC,GC,GC,GC,GC,GC,GC,GC,GC,GC,GC,GC,GC,GC,GC,GC,GC,GC,GC,GC,GC,GC,GC,GC,GC,GC,GC,GC,GC,GC,GC,GC,GC,GC,GC,GC,GC+,GC,GC,GC,GC,GC,GC,GC,GC,GC,GC,GC,GC,GC,GC,GC,GC,GC,GC,GC,GC,GC,GC,GC,GC,GC,GC,GC,GC,GC,GC,GC,GC,GC,GC,GC,GC,GC,GC,GC,GC,GC,GC,GC,GC,GC,GC,GC,GC,GC,GC,GC,GC,GC,GC+,GC,GC,GC,GC,GC,GC,GC,GC,GC,GC,GC+,GC,GC,GC,GC,GC,GC,GC,GC,GC,GC,GC,GC,GC,GC,GC,GC,GC,GC,GC,GC,GC,GC,GC,GC,GC,GC,GC,GC,GC,GC,GC,GC,GC,GC,GC,GC,GC,GC,GC,GC,GC,GC,GC,GC,GC,GC,GC,GC,GC,GC,GC,GC,GC,GC,GC,GC,GC,GC,GC,GC,GC,GC,GC,GC,GC,GC,GC,GC,GC,GC,GC,GC,GC,GC,GC,GC,GC,GC,GC,GC,GC,GC,GC,GC,GC,GC,GC,X,GC,GC,GC,GC,GC,GC,GC,GC,GC,GC,GC,GC,GC,GC,GC,GC,GC,GC,GC,GC,GC,GC,GC,GC,GC,GC,GC,GC,GC,GC,GC,GC,GC,GC,GC-,GC,GC,GC,GC,GC,GC,GC,GC,GC,GC-,GC,GC,GC
384,Tetrahydrofuran,BA+,BA+,BA,BA,BA,BA,BA,BA,BA,BA,BA,BA,BA,BA,BA,BA,BA,BA,BA,BA,BA,BA,BA,BA,BA,BA,BA,BA,BA,BA,BA,BA,BA,BA,BA,BA,BA,BA,BA,BA,BA,BA-,BA,BA,BA,BA,BA,BA,BA,BA,BA,BA-,BA,BA,BA,BA,BA,BA,BA,BA-,BA-,BA,BA,BA,BA,BA,BA,BA,BA,BA,BA,BA,BA,BA,BA,BA,BA,BA,BA,BA,BA,BA,BA,BA,BA,BA,BA,BA,BA,BA,BA,BA,BA,BA,BA,BA,BA,BA,BA,BA,BA,BA,BA,BA,BA,BA,BA,BA,BA,BA,BA,BA,BA,BA,BA,BA,BA,BA,BA,BA+,BA,BA,BA,BA,BA,BA,BA,BA,BA,BA,BA,BA,BA,BA,BA,BA,BA,BA,BA+,BA,BA,BA,BA,BA,BA,BA,BA,BA,BA,BA,BA,BA,BA,BA,BA,BA,BA,BA,BA,BA,BA-,BA-,BA-,BA,BA,BA,BA,BA,BA,BA,BA,BA,BA,BA,BA,BA,BA,BA,BA,BA+,BA,BA,BA,BA,BA+,BA,BA,BA,BA,BA,BA,BA,BA,BA,BA,BA,BA,BA,BA,BA,BA,BA,BA,BA,BA,BA,BA,BA,BA,BA,BA,BA,BA,BA,BA,BA,BA,BA,BA,BA,BA,BA,BA,BA,BA,BA,BA,BA,BA,BA+,BA,BA,BA,BA,BA,BA,BA,BA,BA,BA,BA,BA,BA,BA,BA,BA,BA,BA,BA,BA,BA,BA,BA,BA,BA,BA,BA,BA,BA,BA,BA,BA,BA,BA,BA,BA,BA,BA,BA,BA,BA,BA,BA,BA,BA,BA,BA,BA,BA,BA,BA,BA,BA,BA+,BA,BA,BA,BA,BA,BA,BA,BA,BA,BA,BA+,BA,BA,BA,BA,BA,BA,BA,BA,BA,BA,BA,BA,BA,BA,BA,BA,BA,BA,BA,BA,BA,BA,BA,BA,BA,BA,BA,BA,BA,BA,BA,BA,BA,BA,BA,BA,BA,BA,BA,BA,BA,BA,BA,BA,BA,BA,BA,BA,BA,BA,BA,BA,BA,BA,BA,BA,BA,BA,BA,BA,BA,BA,BA,BA,BA,BA,BA,BA,BA,BA,BA,BA,BA,BA,BA,BA,BA,BA,BA,BA,BA,BA,BA,BA,BA,BA,BA,BA,X,BA,BA,BA,BA,BA,BA,BA,BA,BA,BA,BA,BA,BA,BA,BA,BA,BA,BA,BA,BA,BA,BA,BA,BA,BA,BA,BA,BA,BA,BA,BA,BA,BA,BA-,BA,BA,BA,BA,BA,BA,BA,BA,BA,BA-,BA,BA,BA
385,"1,2,3,4-Tetrahydronaphthalene",IJ+,IJ+,IJ,IJ,IJ,IJ,IJ,IJ,IJ,IJ,IJ,IJ,IJ,IJ,IJ,IJ,IJ,IJ,IJ,DF,IJ,IJ,IJ,IJ,IJ,IJ,IJ,IJ,DF,DF,DF,DF,IJ,IJ,IJ,IJ,IJ,IJ,IJ,IJ,IJ,DF-,IJ,DF,IJ,IJ,IJ,IJ,IJ,IJ,IJ,DF-,DF,DF,DF,IJ,DF,IJ,IJ,DF-,DF-,IJ,DF,IJ,IJ,IJ,IJ,IJ,IJ,IJ,IJ,IJ,IJ,IJ,IJ,IJ,IJ,IJ,IJ,IJ,DF,IJ,IJ,IJ,IJ,IJ,IJ,IJ,IJ,IJ,IJ,IJ,IJ,IJ,IJ,IJ,IJ,IJ,IJ,IJ,IJ,IJ,IJ,IJ,IJ,IJ,IJ,IJ,IJ,IJ,IJ,IJ,IJ,IJ,IJ,IJ,IJ,IJ,IJ,IJ+,IJ,IJ,IJ,IJ,IJ,IJ,IJ,IJ,IJ,IJ,IJ,IJ,IJ,IJ,IJ,IJ,IJ,IJ,IJ+,IJ,IJ,IJ,IJ,IJ,IJ,IJ,IJ,IJ,IJ,IJ,IJ,IJ,DF,DF,DF,IJ,IJ,IJ,IJ,IJ,DF-,DF-,DF-,IJ,IJ,DF,DF,DF,DF,DF,DF,IJ,IJ,IJ,IJ,DF,DF,IJ,IJ,IJ+,IJ,IJ,IJ,IJ,IJ+,IJ,IJ,DF,DF,DF,IJ,IJ,IJ,IJ,IJ,IJ,DF,IJ,IJ,IJ,IJ,IJ,IJ,IJ,IJ,IJ,IJ,IJ,IJ,IJ,DF,DF,IJ,IJ,DF,IJ,DF,IJ,DF,IJ,DF,DF,DF,IJ,IJ,IJ,IJ,IJ,IJ,IJ+,IJ,IJ,IJ,IJ,IJ,IJ,IJ,IJ,IJ,IJ,IJ,IJ,IJ,IJ,IJ,IJ,IJ,IJ,IJ,IJ,IJ,IJ,IJ,IJ,DF,IJ,DF,DF,IJ,DF,DF,DF,IJ,IJ,IJ,IJ,IJ,IJ,IJ,IJ,IJ,IJ,IJ,IJ,IJ,IJ,IJ,IJ,IJ,IJ,IJ,IJ,IJ,IJ+,IJ,IJ,IJ,IJ,IJ,IJ,IJ,IJ,IJ,IJ,IJ+,IJ,DF,IJ,IJ,IJ,IJ,IJ,DF,DF,DF,DF,DF,DF,DF,DF,DF,DF,DF,DF,DF,IJ,DF,IJ,IJ,IJ,IJ,IJ,IJ,DF,DF,IJ,IJ,IJ,IJ,IJ,IJ,IJ,IJ,IJ,DF,IJ,IJ,IJ,IJ,IJ,IJ,IJ,IJ,IJ,IJ,IJ,IJ,IJ,IJ,IJ,DF,DF,DF,DF,DF,DF,DF,IJ,IJ,DF,DF,IJ,DF,DF,IJ,IJ,IJ,IJ,IJ,DF,IJ,IJ,IJ,IJ,DF,DF,DF,DF,IJ,IJ,IJ,IJ,IJ,IJ,X,IJ,IJ,IJ,IJ,IJ,IJ,IJ,IJ,IJ,IJ,IJ,IJ,IJ,IJ,IJ,IJ,IJ,IJ,IJ,IJ,IJ,IJ,IJ,DF,DF,DF,IJ,DF,DF,DF,DF,DF,DF-,IJ,IJ,DF,DF,DF,IJ,IJ,IJ,IJ,DF-,IJ,IJ,IJ
386,Toluene,C+,C+,C,C,C,C,C,C,C,C,C,C,C,C,C,C,C,C,C,C,C,C,C,C,C,C,C,C,C,C,C,C,C,C,C,C,C,C,C,C,C,C-,C,C,C,C,C,C,C,C,C,C-,C,C,C,C,C,C,C,C-,C-,C,C,C,C,C,C,C,C,C,C,C,C,C,C,C,C,C,C,C,C,C,C,C,C,C,C,C,C,C,C,C,C,C,C,C,C,C,C,C,C,C,C,C,C,C,C,C,C,C,C,C,C,C,C,C,C,C,C,C+,C,C,C,C,C,C,C,C,C,C,C,C,C,C,C,C,C,C,C+,C,C,C,C,C,C,C,C,C,C,C,C,C,C,C,C,C,C,C,C,C,C-,C-,C-,C,C,C,C,C,C,C,C,C,C,C,C,C,C,C,C,C+,C,C,C,C,C+,C,C,C,C,C,C,C,C,C,C,C,C,C,C,C,C,C,C,C,C,C,C,C,C,C,C,C,C,C,C,C,C,C,C,C,C,C,C,C,C,C,C,C,C,C+,C,C,C,C,C,C,C,C,C,C,C,C,C,C,C,C,C,C,C,C,C,C,C,C,C,C,C,C,C,C,C,C,C,C,C,C,C,C,C,C,C,C,C,C,C,C,C,C,C,C,C,C,C,C+,C,C,C,C,C,C,C,C,C,C,C+,C,C,C,C,C,C,C,C,C,C,C,C,C,C,C,C,C,C,C,C,C,C,C,C,C,C,C,C,C,C,C,C,C,C,C,C,C,C,C,C,C,C,C,C,C,C,C,C,C,C,C,C,C,C,C,C,C,C,C,C,C,C,C,C,C,C,C,C,C,C,C,C,C,C,C,C,C,C,C,C,C,C,C,C,C,C,C,C,C,C,X,C,C,C,C,C,C,C,C,C,C,C,C,C,C,C,C,C,C,C,C,C,C,C,C,C,C,C,C,C,C,C,C-,C,C,C,C,C,C,C,C,C,C-,C,C,C
387,Toluene Diisocyanate,S+,S+,S,S,S,S,S,S,S,S,S,S,S,S,S,S,S,S,S,S,S,S,S,S,S,S,S,S,S,S,S,S,S,S,S,S,S,S,S,S,S,S-,S,S,S,S,S,S,S,S,S,S-,S,S,S,S,S,S,S,S-,S-,S,S,S,S,S,S,S,S,S,S,S,S,S,S,S,S,S,S,S,S,S,S,S,S,S,S,S,S,S,S,S,S,S,S,S,S,S,S,S,S,S,S,S,S,S,S,S,S,S,S,S,S,S,S,S,S,S,S,S+,S,S,S,S,S,S,S,S,S,S,S,S,S,S,S,S,S,S,S+,S,S,S,S,S,S,S,S,S,S,S,S,S,S,S,S,S,S,S,S,S,S-,S-,S-,S,S,S,S,S,S,S,S,S,S,S,S,S,S,S,S,S+,S,S,S,S,S+,S,S,S,S,S,S,S,S,S,S,S,S,S,S,S,S,S,S,S,S,S,S,S,S,S,S,S,S,S,S,S,S,S,S,S,S,S,S,S,S,S,S,S,S,S+,S,S,S,S,S,S,S,S,S,S,S,S,S,S,S,S,S,S,S,S,S,S,S,S,S,S,S,S,S,S,S,S,S,S,S,S,S,S,S,S,S,S,S,S,S,S,S,S,S,S,S,S,S,S+,S,S,S,S,S,S,S,S,S,S,S+,S,S,S,S,S,S,S,S,S,S,S,S,S,S,S,S,S,S,S,S,S,S,S,S,S,S,S,S,S,S,S,S,S,S,S,S,S,S,S,S,S,S,S,S,S,S,S,S,S,S,S,S,S,S,S,S,S,S,S,S,S,S,S,S,S,S,S,S,S,S,S,S,S,S,S,S,S,S,S,S,S,S,S,S,S,S,S,S,S,S,S,X,S,S,S,S,S,S,S,S,S,S,S,S,S,S,S,S,S,S,S,S,S,S,S,S,S,S,S,S,S,S,S-,S,S,S,S,S,S,S,S,S,S-,S,S,S
388,Tributyl Phosphate,C+,C+,C,C,C,C,C,C,C,C,C,C,C,C,C,C,C,C,C,C,C,C,C,C,C,C,C,C,C,C,C,C,C,C,C,C,C,C,C,C,C,C-,C,C,C,C,C,C,C,C,C,C-,C,C,C,C,C,C,C,C-,C-,C,C,C,C,C,C,C,C,C,C,C,C,C,C,C,C,C,C,C,C,C,C,C,C,C,C,C,C,C,C,C,C,C,C,C,C,C,C,C,C,C,C,C,C,C,C,C,C,C,C,C,C,C,C,C,C,C,C,C+,C,C,C,C,C,C,C,C,C,C,C,C,C,C,C,C,C,C,C+,C,C,C,C,C,C,C,C,C,C,C,C,C,C,C,C,C,C,C,C,C,C-,C-,C-,C,C,C,C,C,C,C,C,C,C,C,C,C,C,C,C,C+,C,C,C,C,C+,C,C,C,C,C,C,C,C,C,C,C,C,C,C,C,C,C,C,C,C,C,C,C,C,C,C,C,C,C,C,C,C,C,C,C,C,C,C,C,C,C,C,C,C,C+,C,C,C,C,C,C,C,C,C,C,C,C,C,C,C,C,C,C,C,C,C,C,C,C,C,C,C,C,C,C,C,C,C,C,C,C,C,C,C,C,C,C,C,C,C,C,C,C,C,C,C,C,C,C+,C,C,C,C,C,C,C,C,C,C,C+,C,C,C,C,C,C,C,C,C,C,C,C,C,C,C,C,C,C,C,C,C,C,C,C,C,C,C,C,C,C,C,C,C,C,C,C,C,C,C,C,C,C,C,C,C,C,C,C,C,C,C,C,C,C,C,C,C,C,C,C,C,C,C,C,C,C,C,C,C,C,C,C,C,C,C,C,C,C,C,C,C,C,C,C,C,C,C,C,C,C,C,C,X,C,C,C,C,C,C,C,C,C,C,C,C,C,C,C,C,C,C,C,C,C,C,C,C,C,C,C,C,C,C-,C,C,C,C,C,C,C,C,C,C-,C,C,C
389,"1,1,2-Trichloro-1,2,2-Trifluoroethane",AB+,AB+,AB,AB,AB,AB,AB,AB,AB,AB,AB,AB,AB,AB,AB,AB,AB,AB,AB,AB,AB,AB,AB,AB,AB,AB,AB,AB,AB,AB,AB,AB,AB,AB,AB,AB,AB,AB,AB,AB,AB,AB-,AB,AB,AB,AB,AB,AB,AB,AB,AB,AB-,AB,AB,AB,AB,AB,AB,AB,AB-,AB-,AB,AB,AB,AB,AB,AB,AB,AB,AB,AB,AB,AB,AB,AB,AB,AB,AB,AB,AB,AB,AB,AB,AB,AB,AB,AB,AB,AB,AB,AB,AB,AB,AB,AB,AB,AB,AB,AB,AB,AB,AB,AB,AB,AB,AB,AB,AB,AB,AB,AB,AB,AB,AB,AB,AB,AB,AB,AB,AB+,AB,AB,AB,AB,AB,AB,AB,AB,AB,AB,AB,AB,AB,AB,AB,AB,AB,AB,AB+,AB,AB,AB,AB,AB,AB,AB,AB,AB,AB,AB,AB,AB,AB,AB,AB,AB,AB,AB,AB,AB,AB-,AB-,AB-,AB,AB,AB,AB,AB,AB,AB,AB,AB,AB,AB,AB,AB,AB,AB,AB,AB+,AB,AB,AB,AB,AB+,AB,AB,AB,AB,AB,AB,AB,AB,AB,AB,AB,AB,AB,AB,AB,AB,AB,AB,AB,AB,AB,AB,AB,AB,AB,AB,AB,AB,AB,AB,AB,AB,AB,AB,AB,AB,AB,AB,AB,AB,AB,AB,AB,AB,AB+,AB,AB,AB,AB,AB,AB,AB,AB,AB,AB,AB,AB,AB,AB,AB,AB,AB,AB,AB,AB,AB,AB,AB,AB,AB,AB,AB,AB,AB,AB,AB,AB,AB,AB,AB,AB,AB,AB,AB,AB,AB,AB,AB,AB,AB,AB,AB,AB,AB,AB,AB,AB,AB,AB+,AB,AB,AB,AB,AB,AB,AB,AB,AB,AB,AB+,AB,AB,AB,AB,AB,AB,AB,AB,AB,AB,AB,AB,AB,AB,AB,AB,AB,AB,AB,AB,AB,AB,AB,AB,AB,AB,AB,AB,AB,AB,AB,AB,AB,AB,AB,AB,AB,AB,AB,AB,AB,AB,AB,AB,AB,AB,AB,AB,AB,AB,AB,AB,AB,AB,AB,AB,AB,AB,AB,AB,AB,AB,AB,AB,AB,AB,AB,AB,AB,AB,AB,AB,AB,AB,AB,AB,AB,AB,AB,AB,AB,AB,AB,AB,AB,AB,AB,AB,AB,AB,AB,AB,AB,X,AB,AB,AB,AB,AB,AB,AB,AB,AB,AB,AB,AB,AB,AB,AB,AB,AB,AB,AB,AB,AB,AB,AB,AB,AB,AB,AB,AB,AB-,AB,AB,AB,AB,AB,AB,AB,AB,AB,AB-,AB,AB,AB
390,"1,2,4-Trichlorobenzene",IJ+,IJ+,IJ,IJ,IJ,IJ,IJ,IJ,IJ,IJ,IJ,IJ,IJ,IJ,IJ,IJ,IJ,IJ,IJ,DF,IJ,IJ,IJ,IJ,IJ,IJ,IJ,IJ,DF,DF,DF,DF,IJ,IJ,IJ,IJ,IJ,IJ,IJ,IJ,IJ,DF-,IJ,DF,IJ,IJ,IJ,IJ,IJ,IJ,IJ,DF-,DF,DF,DF,IJ,DF,IJ,IJ,DF-,DF-,IJ,DF,IJ,IJ,IJ,IJ,IJ,IJ,IJ,IJ,IJ,IJ,IJ,IJ,IJ,IJ,IJ,IJ,IJ,DF,IJ,IJ,IJ,IJ,IJ,IJ,IJ,IJ,IJ,IJ,IJ,IJ,IJ,IJ,IJ,IJ,IJ,IJ,IJ,IJ,IJ,IJ,IJ,IJ,IJ,IJ,IJ,IJ,IJ,IJ,IJ,IJ,IJ,IJ,IJ,IJ,IJ,IJ,IJ+,IJ,IJ,IJ,IJ,IJ,IJ,IJ,IJ,IJ,IJ,IJ,IJ,IJ,IJ,IJ,IJ,IJ,IJ,IJ+,IJ,IJ,IJ,IJ,IJ,IJ,IJ,IJ,IJ,IJ,IJ,IJ,IJ,DF,DF,DF,IJ,IJ,IJ,IJ,IJ,DF-,DF-,DF-,IJ,IJ,DF,DF,DF,DF,DF,DF,IJ,IJ,IJ,IJ,DF,DF,IJ,IJ,IJ+,IJ,IJ,IJ,IJ,IJ+,IJ,IJ,DF,DF,DF,IJ,IJ,IJ,IJ,IJ,IJ,DF,IJ,IJ,IJ,IJ,IJ,IJ,IJ,IJ,IJ,IJ,IJ,IJ,IJ,DF,DF,IJ,IJ,DF,IJ,DF,IJ,DF,IJ,DF,DF,DF,DF,IJ,IJ,IJ,IJ,IJ,IJ+,IJ,IJ,IJ,IJ,IJ,IJ,IJ,IJ,IJ,IJ,IJ,IJ,IJ,IJ,IJ,IJ,IJ,IJ,IJ,IJ,IJ,IJ,IJ,IJ,IJ,IJ,DF,DF,IJ,DF,DF,DF,IJ,IJ,IJ,IJ,IJ,IJ,IJ,IJ,IJ,IJ,IJ,IJ,IJ,IJ,IJ,IJ,IJ,IJ,IJ,IJ,IJ,IJ+,IJ,IJ,IJ,IJ,IJ,IJ,IJ,IJ,IJ,IJ,IJ+,IJ,DF,IJ,IJ,IJ,IJ,IJ,DF,DF,DF,DF,DF,DF,DF,DF,DF,DF,DF,DF,DF,IJ,IJ,IJ,IJ,IJ,IJ,IJ,IJ,IJ,IJ,IJ,IJ,IJ,IJ,IJ,IJ,IJ,IJ,IJ,DF,IJ,IJ,IJ,IJ,IJ,IJ,IJ,IJ,IJ,IJ,IJ,IJ,IJ,IJ,IJ,DF,DF,DF,DF,DF,DF,DF,IJ,IJ,DF,DF,IJ,DF,DF,DF,IJ,IJ,IJ,IJ,DF,IJ,IJ,IJ,IJ,DF,DF,DF,DF,IJ,IJ,IJ,IJ,IJ,IJ,IJ,IJ,IJ,IJ,IJ,X,IJ,IJ,IJ,IJ,IJ,IJ,IJ,IJ,IJ,IJ,IJ,IJ,IJ,IJ,IJ,IJ,IJ,IJ,DF,DF,DF,IJ,DF,DF,DF,DF,DF,DF-,IJ,IJ,DF,DF,DF,IJ,IJ,IJ,IJ,DF-,IJ,IJ,IJ
391,"1,1,2-Trichloroethane",BA+,BA+,BA,BA,BA,BA,BA,BA,BA,BA,BA,BA,BA,BA,BA,BA,BA,BA,BA,BA,BA,BA,BA,BA,BA,BA,BA,BA,BA,BA,BA,BA,BA,BA,BA,BA,BA,BA,BA,BA,BA,BA-,BA,BA,BA,BA,BA,BA,BA,BA,BA,BA-,BA,BA,BA,BA,BA,BA,BA,BA-,BA-,BA,BA,BA,BA,BA,BA,BA,BA,BA,BA,BA,BA,BA,BA,BA,BA,BA,BA,BA,BA,BA,BA,BA,BA,BA,BA,BA,BA,BA,BA,BA,BA,BA,BA,BA,BA,BA,BA,BA,BA,BA,BA,BA,BA,BA,BA,BA,BA,BA,BA,BA,BA,BA,BA,BA,BA,BA,BA,BA+,BA,BA,BA,BA,BA,BA,BA,BA,BA,BA,BA,BA,BA,BA,BA,BA,BA,BA,BA+,BA,BA,BA,BA,BA,BA,BA,BA,BA,BA,BA,BA,BA,BA,BA,BA,BA,BA,BA,BA,BA,BA-,BA-,BA-,BA,BA,BA,BA,BA,BA,BA,BA,BA,BA,BA,BA,BA,BA,BA,BA,BA+,BA,BA,BA,BA,BA+,BA,BA,BA,BA,BA,BA,BA,BA,BA,BA,BA,BA,BA,BA,BA,BA,BA,BA,BA,BA,BA,BA,BA,BA,BA,BA,BA,BA,BA,BA,BA,BA,BA,BA,BA,BA,BA,BA,BA,BA,BA,BA,BA,BA,BA+,BA,BA,BA,BA,BA,BA,BA,BA,BA,BA,BA,BA,BA,BA,BA,BA,BA,BA,BA,BA,BA,BA,BA,BA,BA,BA,BA,BA,BA,BA,BA,BA,BA,BA,BA,BA,BA,BA,BA,BA,BA,BA,BA,BA,BA,BA,BA,BA,BA,BA,BA,BA,BA,BA+,BA,BA,BA,BA,BA,BA,BA,BA,BA,BA,BA+,BA,BA,BA,BA,BA,BA,BA,BA,BA,BA,BA,BA,BA,BA,BA,BA,BA,BA,BA,BA,BA,BA,BA,BA,BA,BA,BA,BA,BA,BA,BA,BA,BA,BA,BA,BA,BA,BA,BA,BA,BA,BA,BA,BA,BA,BA,BA,BA,BA,BA,BA,BA,BA,BA,BA,BA,BA,BA,BA,BA,BA,BA,BA,BA,BA,BA,BA,BA,BA,BA,BA,BA,BA,BA,BA,BA,BA,BA,BA,BA,BA,BA,BA,BA,BA,BA,BA,BA,BA,BA,BA,BA,BA,BA,BA,X,BA,BA,BA,BA,BA,BA,BA,BA,BA,BA,BA,BA,BA,BA,BA,BA,BA,BA,BA,BA,BA,BA,BA,BA,BA,BA,BA-,BA,BA,BA,BA,BA,BA,BA,BA,BA,BA-,BA,BA,BA
392,Trichloroethylene,BA+,BA+,BA,BA,BA,BA,BA,BA,BA,BA,BA,BA,BA,BA,BA,BA,BA,BA,BA,BA,BA,BA,BA,BA,BA,BA,BA,BA,BA,BA,BA,BA,BA,BA,BA,BA,BA,BA,BA,BA,BA,BA-,BA,BA,BA,BA,BA,BA,BA,BA,BA,BA-,BA,BA,BA,BA,BA,BA,BA,BA-,BA-,BA,BA,BA,BA,BA,BA,BA,BA,BA,BA,BA,BA,BA,BA,BA,BA,BA,BA,BA,BA,BA,BA,BA,BA,BA,BA,BA,BA,BA,BA,BA,BA,BA,BA,BA,BA,BA,BA,BA,BA,BA,BA,BA,BA,BA,BA,BA,BA,BA,BA,BA,BA,BA,BA,BA,BA,BA,BA,BA+,BA,BA,BA,BA,BA,BA,BA,BA,BA,BA,BA,BA,BA,BA,BA,BA,BA,BA,BA+,BA,BA,BA,BA,BA,BA,BA,BA,BA,BA,BA,BA,BA,BA,BA,BA,BA,BA,BA,BA,BA,BA-,BA-,BA-,BA,BA,BA,BA,BA,BA,BA,BA,BA,BA,BA,BA,BA,BA,BA,BA,BA+,BA,BA,BA,BA,BA+,BA,BA,BA,BA,BA,BA,BA,BA,BA,BA,BA,BA,BA,BA,BA,BA,BA,BA,BA,BA,BA,BA,BA,BA,BA,BA,BA,BA,BA,BA,BA,BA,BA,BA,BA,BA,BA,BA,BA,BA,BA,BA,BA,BA,BA+,BA,BA,BA,BA,BA,BA,BA,BA,BA,BA,BA,BA,BA,BA,BA,BA,BA,BA,BA,BA,BA,BA,BA,BA,BA,BA,BA,BA,BA,BA,BA,BA,BA,BA,BA,BA,BA,BA,BA,BA,BA,BA,BA,BA,BA,BA,BA,BA,BA,BA,BA,BA,BA,BA+,BA,BA,BA,BA,BA,BA,BA,BA,BA,BA,BA+,BA,BA,BA,BA,BA,BA,BA,BA,BA,BA,BA,BA,BA,BA,BA,BA,BA,BA,BA,BA,BA,BA,BA,BA,BA,BA,BA,BA,BA,BA,BA,BA,BA,BA,BA,BA,BA,BA,BA,BA,BA,BA,BA,BA,BA,BA,BA,BA,BA,BA,BA,BA,BA,BA,BA,BA,BA,BA,BA,BA,BA,BA,BA,BA,BA,BA,BA,BA,BA,BA,BA,BA,BA,BA,BA,BA,BA,BA,BA,BA,BA,BA,BA,BA,BA,BA,BA,BA,BA,BA,BA,BA,BA,BA,BA,BA,X,BA,BA,BA,BA,BA,BA,BA,BA,BA,BA,BA,BA,BA,BA,BA,BA,BA,BA,BA,BA,BA,BA,BA,BA,BA,BA-,BA,BA,BA,BA,BA,BA,BA,BA,BA,BA-,BA,BA,BA
393,"1,2,3-Trichloropropane",D+,D+,D,D,D,D,D,D,D,D,D,D,D,D,D,D,D,D,D,D,D,D,D,D,D,D,D,D,D,D,D,D,D,D,D,D,D,D,D,D,D,D-,D,D,D,D,D,D,D,D,D,D-,D,D,D,D,D,D,D,D-,D-,D,D,D,D,D,D,D,D,D,D,D,D,D,D,D,D,D,D,D,D,D,D,D,D,D,D,D,D,D,D,D,D,D,D,D,D,D,D,D,D,D,D,D,D,D,D,D,D,D,D,D,D,D,D,D,D,D,D,D+,D,D,D,D,D,D,D,D,D,D,D,D,D,D,D,D,D,D,D+,D,D,D,D,D,D,D,D,D,D,D,D,D,D,D,D,D,D,D,D,D,D-,D-,D-,D,D,D,D,D,D,D,D,D,D,D,D,D,D,D,D,D+,D,D,D,D,D+,D,D,D,D,D,D,D,D,D,D,D,D,D,D,D,D,D,D,D,D,D,D,D,D,D,D,D,D,D,D,D,D,D,D,D,D,D,D,D,D,D,D,D,D,D+,D,D,D,D,D,D,D,D,D,D,D,D,D,D,D,D,D,D,D,D,D,D,D,D,D,D,D,D,D,D,D,D,D,D,D,D,D,D,D,D,D,D,D,D,D,D,D,D,D,D,D,D,D,D+,D,D,D,D,D,D,D,D,D,D,D+,D,D,D,D,D,D,D,D,D,D,D,D,D,D,D,D,D,D,D,D,D,D,D,D,D,D,D,D,D,D,D,D,D,D,D,D,D,D,D,D,D,D,D,D,D,D,D,D,D,D,D,D,D,D,D,D,D,D,D,D,D,D,D,D,D,D,D,D,D,D,D,D,D,D,D,D,D,D,D,D,D,D,D,D,D,D,D,D,D,D,D,D,D,D,D,D,D,X,D,D,D,D,D,D,D,D,D,D,D,D,D,D,D,D,D,D,D,D,D,D,D,D,D-,D,D,D,D,D,D,D,D,D,D-,D,D,D
394,Tridecane,IA+,IA+,IA,IA,IA,IA,IA,IA,IA,IA,IA,IA,IA,IA,IA,IA,IA,IA,IA,D,IA,IA,IA,IA,IA,IA,IA,IA,D,D,D,D,IA,IA,IA,IA,IA,IA,IA,IA,IA,D-,IA,D,IA,IA,IA,IA,IA,IA,IA,D-,D,D,D,IA,D,IA,IA,D-,D-,IA,D,IA,IA,IA,IA,IA,IA,IA,IA,IA,IA,IA,IA,IA,IA,IA,IA,IA,D,IA,IA,IA,IA,IA,IA,IA,IA,IA,IA,IA,IA,IA,IA,IA,IA,IA,IA,IA,IA,IA,IA,IA,IA,IA,IA,IA,IA,IA,IA,IA,IA,IA,IA,IA,IA,IA,IA,IA+,IA,IA,IA,IA,IA,IA,IA,IA,IA,IA,IA,IA,IA,IA,IA,IA,IA,IA,IA+,IA,IA,IA,IA,IA,IA,IA,IA,IA,IA,IA,IA,IA,D,D,D,IA,IA,IA,IA,IA,D-,D-,D-,IA,IA,D,D,D,D,D,D,IA,IA,IA,IA,D,D,IA,IA,IA+,IA,IA,IA,IA,IA+,IA,IA,D,D,D,IA,IA,IA,IA,IA,IA,D,IA,IA,IA,IA,IA,IA,IA,IA,IA,IA,IA,IA,IA,D,D,IA,IA,D,IA,D,IA,D,IA,D,D,D,IA,IA,IA,IA,IA,IA,IA+,IA,IA,IA,IA,IA,IA,IA,IA,IA,IA,IA,IA,IA,IA,IA,IA,IA,IA,IA,IA,IA,IA,IA,IA,D,IA,D,D,IA,D,D,D,IA,IA,IA,IA,IA,IA,IA,IA,IA,IA,IA,IA,IA,IA,IA,IA,IA,IA,IA,IA,IA,IA+,IA,IA,IA,IA,IA,IA,IA,IA,IA,IA,IA+,IA,D,IA,IA,IA,IA,IA,D,D,D,D,D,D,D,D,D,D,D,D,D,IA,D,IA,IA,IA,IA,IA,IA,DA,D,IA,IA,IA,IA,IA,D,IA,IA,IA,D,IA,IA,IA,IA,IA,IA,IA,IA,IA,IA,IA,IA,IA,IA,IA,D,D,D,D,D,D,D,IA,IA,D,D,IA,D,D,IA,IA,IA,IA,IA,D,IA,IA,IA,IA,D,D,D,D,IA,IA,IA,IA,IA,IA,IA,IA,IA,IA,IA,IA,IA,IA,IA,X,IA,IA,IA,IA,IA,IA,IA,IA,IA,IA,IA,IA,IA,IA,D,D,D,IA,D,D,D,D,D,D-,IA,IA,D,D,D,IA,IA,IA,IA,D-,IA,IA,IA
395,Tridecanol,DD+,DD+,DD,DD,DD,DD,DD,DD,DD,DD,DD,DD,DD,DD,DD,DD,DD,DD,DD,DD,DD,DD,DD,DD,DD,DD,DD,DD,DD,DD,DD,DD,DD,DD,DD,DD,DD,DD,DD,DD,DD,DD-,DD,DD,DD,DD,DD,DD,DD,DD,DD,DD-,DD,DD,DD,DD,DD,DD,DD,DD-,DD-,DD,DD,DD,DD,DD,DD,DD,DD,DD,DD,DD,DD,DD,DD,DD,DD,DD,DD,DD,DD,DD,DD,DD,DD,DD,DD,DD,DD,DD,DD,DD,DD,DD,DD,DD,DD,DD,DD,DD,DD,DD,DD,DD,DD,DD,DD,DD,DD,DD,DD,DD,DD,DD,DD,DD,DD,DD,DD,DD+,DD,DD,DD,DD,DD,DD,DD,DD,DD,DD,DD,DD,DD,DD,DD,DD,DD,DD,DD+,DD,DD,DD,DD,DD,DD,DD,DD,DD,DD,DD,DD,DD,DD,DD,DD,DD,DD,DD,DD,DD,DD-,DD-,DD-,DD,DD,DD,DD,DD,DD,DD,DD,DD,DD,DD,DD,DD,DD,DD,DD,DD+,DD,DD,DD,DD,DD+,DD,DD,DD,DD,DD,DD,DD,DD,DD,DD,DD,DD,DD,DD,DD,DD,DD,DD,DD,DD,DD,DD,DD,DD,DD,DD,DD,DD,DD,DD,DD,DD,DD,DD,DD,DD,DD,DD,DD,DD,DD,DD,DD,DD,DD+,DD,DD,DD,DD,DD,DD,DD,DD,DD,DD,DD,DD,DD,DD,DD,DD,DD,DD,DD,DD,DD,DD,DD,DD,DD,DD,DD,DD,DD,DD,DD,DD,DD,DD,DD,DD,DD,DD,DD,DD,DD,DD,DD,DD,DD,DD,DD,DD,DD,DD,DD,DD,DD,DD+,DD,DD,DD,DD,DD,DD,DD,DD,DD,DD,DD+,DD,DD,DD,DD,DD,DD,DD,DD,DD,DD,DD,DD,DD,DD,DD,DD,DD,DD,DD,DD,DD,DD,DD,DD,DD,DD,DD,DD,DD,DD,DD,DD,DD,DD,DD,DD,DD,DD,DD,DD,DD,DD,DD,DD,DD,DD,DD,DD,DD,DD,DD,DD,DD,DD,DD,DD,DD,DD,DD,DD,DD,DD,DD,DD,DD,DD,DD,DD,DD,DD,DD,DD,DD,DD,DD,DD,DD,DD,DD,DD,DD,DD,DD,DD,DD,DD,DD,DD,DD,DD,DD,DD,DD,DD,DD,DD,DD,DD,DD,X,DD,DD,DD,DD,DD,DD,DD,DD,DD,DD,DD,DD,DD,DD,DD,DD,DD,DD,DD,DD,DD,DD,DD-,DD,DD,DD,DD,DD,DD,DD,DD,DD,DD-,DD,DD,DD
396,Triethanolamine,GA+,GA+,GA,GA,GA,GA,GA,GA,GA,GA,GA,GA,GA,GA,GA,GA,GA,GA,GA,GA,GA,GA,GA,GA,GA,GA,GA,GA,GA,GA,GA,GA,GA,GA,GA,GA,GA,GA,GA,GA,GA,GA-,GA,GA,GA,GA,GA,GA,GA,GA,GA,GA-,GA,GA,GA,GA,GA,GA,GA,GA-,GA-,GA,GA,GA,GA,GA,GA,GA,GA,GA,GA,GA,GA,GA,GA,GA,GA,GA,GA,GA,GA,GA,GA,GA,GA,GA,GA,GA,GA,GA,GA,GA,GA,GA,GA,GA,GA,GA,GA,GA,GA,GA,GA,GA,GA,GA,GA,GA,GA,GA,GA,GA,GA,GA,GA,GA,GA,GA,GA,GA+,GA,GA,GA,GA,GA,GA,GA,GA,GA,GA,GA,GA,GA,GA,GA,GA,GA,GA,GA+,GA,GA,GA,GA,GA,GA,GA,GA,GA,GA,GA,GA,GA,GA,GA,GA,GA,GA,GA,GA,GA,GA-,GA-,GA-,GA,GA,GA,GA,GA,GA,GA,GA,GA,GA,GA,GA,GA,GA,GA,GA,GA+,GA,GA,GA,GA,GA+,GA,GA,GA,GA,GA,GA,GA,GA,GA,GA,GA,GA,GA,GA,GA,GA,GA,GA,GA,GA,GA,GA,GA,GA,GA,GA,GA,GA,GA,GA,GA,GA,GA,GA,GA,GA,GA,GA,GA,GA,GA,GA,GA,GA,GA+,GA,GA,GA,GA,GA,GA,GA,GA,GA,GA,GA,GA,GA,GA,GA,GA,GA,GA,GA,GA,GA,GA,GA,GA,GA,GA,GA,GA,GA,GA,GA,GA,GA,GA,GA,GA,GA,GA,GA,GA,GA,GA,GA,GA,GA,GA,GA,GA,GA,GA,GA,GA,GA,GA+,GA,GA,GA,GA,GA,GA,GA,GA,GA,GA,GA+,GA,GA,GA,GA,GA,GA,GA,GA,GA,GA,GA,GA,GA,GA,GA,GA,GA,GA,GA,GA,GA,GA,GA,GA,GA,GA,GA,GA,GA,GA,GA,GA,GA,GA,GA,GA,GA,GA,GA,GA,GA,GA,GA,GA,GA,GA,GA,GA,GA,GA,GA,GA,GA,GA,GA,GA,GA,GA,GA,GA,GA,GA,GA,GA,GA,GA,GA,GA,GA,GA,GA,GA,GA,GA,GA,GA,GA,GA,GA,GA,GA,GA,GA,GA,GA,GA,GA,GA,GA,GA,GA,GA,GA,GA,GA,GA,GA,GA,GA,GA,X,GA,GA,GA,GA,GA,GA,GA,GA,GA,GA,GA,GA,GA,GA,GA,GA,GA,GA,GA,GA,GA,GA-,GA,GA,GA,GA,GA,GA,GA,GA,GA,GA-,GA,GA,GA
397,Triethylamine,GC+,GC+,GC,GC,GC,GC,GC,GC,GC,GC,GC,GC,GC,GC,GC,GC,GC,GC,GC,GC,GC,GC,GC,GC,GC,GC,GC,GC,GC,GC,GC,GC,GC,GC,GC,GC,GC,GC,GC,GC,GC,GC-,GC,GC,GC,GC,GC,GC,GC,GC,GC,GC-,GC,GC,GC,GC,GC,GC,GC,GC-,GC-,GC,GC,GC,GC,GC,GC,GC,GC,GC,GC,GC,GC,GC,GC,GC,GC,GC,GC,GC,GC,GC,GC,GC,GC,GC,GC,GC,GC,GC,GC,GC,GC,GC,GC,GC,GC,GC,GC,GC,GC,GC,GC,GC,GC,GC,GC,GC,GC,GC,GC,GC,GC,GC,GC,GC,GC,GC,GC,GC+,GC,GC,GC,GC,GC,GC,GC,GC,GC,GC,GC,GC,GC,GC,GC,GC,GC,GC,GC+,GC,GC,GC,GC,GC,GC,GC,GC,GC,GC,GC,GC,GC,GC,GC,GC,GC,GC,GC,GC,GC,GC-,GC-,GC-,GC,GC,GC,GC,GC,GC,GC,GC,GC,GC,GC,GC,GC,GC,GC,GC,GC+,GC,GC,GC,GC,GC+,GC,GC,GC,GC,GC,GC,GC,GC,GC,GC,GC,GC,GC,GC,GC,GC,GC,GC,GC,GC,GC,GC,GC,GC,GC,GC,GC,GC,GC,GC,GC,GC,GC,GC,GC,GC,GC,GC,GC,GC,GC,GC,GC,GC,GC+,GC,GC,GC,GC,GC,GC,GC,GC,GC,GC,GC,GC,GC,GC,GC,GC,GC,GC,GC,GC,GC,GC,GC,GC,GC,GC,GC,GC,GC,GC,GC,GC,GC,GC,GC,GC,GC,GC,GC,GC,GC,GC,GC,GC,GC,GC,GC,GC,GC,GC,GC,GC,GC,GC+,GC,GC,GC,GC,GC,GC,GC,GC,GC,GC,GC+,GC,GC,GC,GC,GC,GC,GC,GC,GC,GC,GC,GC,GC,GC,GC,GC,GC,GC,GC,GC,GC,GC,GC,GC,GC,GC,GC,GC,GC,GC,GC,GC,GC,GC,GC,GC,GC,GC,GC,GC,GC,GC,GC,GC,GC,GC,GC,GC,GC,GC,GC,GC,GC,GC,GC,GC,GC,GC,GC,GC,GC,GC,GC,GC,GC,GC,GC,GC,GC,GC,GC,GC,GC,GC,GC,GC,GC,GC,GC,GC,GC,GC,GC,GC,GC,GC,GC,GC,GC,GC,GC,GC,GC,GC,GC,GC,GC,GC,GC,GC,GC,X,GC,GC,GC,GC,GC,GC,GC,GC,GC,GC,GC,GC,GC,GC,GC,GC,GC,GC,GC,GC,GC-,GC,GC,GC,GC,GC,GC,GC,GC,GC,GC-,GC,GC,GC
398,Triethylene Glycol,BC+,BC+,BC,BC,BC,BC,BC,BC,BC,BC,BC,BC,BC,BC,BC,BC,BC,BC,BC,BC,BC,BC,BC,BC,BC,BC,BC,BC,BC,BC,BC,BC,BC,BC,BC,BC,BC,BC,BC,BC,BC,BC-,BC,BC,BC,BC,BC,BC,BC,BC,BC,BC-,BC,BC,BC,BC,BC,BC,BC,BC-,BC-,BC,BC,BC,BC,BC,BC,BC,BC,BC,BC,BC,BC,BC,BC,BC,BC,BC,BC,BC,BC,BC,BC,BC,BC,BC,BC,BC,BC,BC,BC,BC,BC,BC,BC,BC,BC,BC,BC,BC,BC,BC,BC,BC,BC,BC,BC,BC,BC,BC,BC,BC,BC,BC,BC,BC,BC,BC,BC,BC+,BC,BC,BC,BC,BC,BC,BC,BC,BC,BC,BC,BC,BC,BC,BC,BC,BC,BC,BC+,BC,BC,BC,BC,BC,BC,BC,BC,BC,BC,BC,BC,BC,BC,BC,BC,BC,BC,BC,BC,BC,BC-,BC-,BC-,BC,BC,BC,BC,BC,BC,BC,BC,BC,BC,BC,BC,BC,BC,BC,BC,BC+,BC,BC,BC,BC,BC+,BC,BC,BC,BC,BC,BC,BC,BC,BC,BC,BC,BC,BC,BC,BC,BC,BC,BC,BC,BC,BC,BC,BC,BC,BC,BC,BC,BC,BC,BC,BC,BC,BC,BC,BC,BC,BC,BC,BC,BC,BC,BC,BC,BC,BC+,BC,BC,BC,BC,BC,BC,BC,BC,BC,BC,BC,BC,BC,BC,BC,BC,BC,BC,BC,BC,BC,BC,BC,BC,BC,BC,BC,BC,BC,BC,BC,BC,BC,BC,BC,BC,BC,BC,BC,BC,BC,BC,BC,BC,BC,BC,BC,BC,BC,BC,BC,BC,BC,BC+,BC,BC,BC,BC,BC,BC,BC,BC,BC,BC,BC+,BC,BC,BC,BC,BC,BC,BC,BC,BC,BC,BC,BC,BC,BC,BC,BC,BC,BC,BC,BC,BC,BC,BC,BC,BC,BC,BC,BC,BC,BC,BC,BC,BC,BC,BC,BC,BC,BC,BC,BC,BC,BC,BC,BC,BC,BC,BC,BC,BC,BC,BC,BC,BC,BC,BC,BC,BC,BC,BC,BC,BC,BC,BC,BC,BC,BC,BC,BC,BC,BC,BC,BC,BC,BC,BC,BC,BC,BC,BC,BC,BC,BC,BC,BC,BC,BC,BC,BC,BC,BC,BC,BC,BC,BC,BC,BC,BC,BC,BC,BC,BC,BC,X,BC,BC,BC,BC,BC,BC,BC,BC,BC,BC,BC,BC,BC,BC,BC,BC,BC,BC,BC,BC-,BC,BC,BC,BC,BC,BC,BC,BC,BC,BC-,BC,BC,BC
399,Triethylene Glycol Monomethyl Ether,BA+,BA+,BA,BA,BA,BA,BA,BA,BA,BA,BA,BA,BA,BA,BA,BA,BA,BA,BA,BA,BA,BA,BA,BA,BA,BA,BA,BA,BA,BA,BA,BA,BA,BA,BA,BA,BA,BA,BA,BA,BA,BA-,BA,BA,BA,BA,BA,BA,BA,BA,BA,BA-,BA,BA,BA,BA,BA,BA,BA,BA-,BA-,BA,BA,BA,BA,BA,BA,BA,BA,BA,BA,BA,BA,BA,BA,BA,BA,BA,BA,BA,BA,BA,BA,BA,BA,BA,BA,BA,BA,BA,BA,BA,BA,BA,BA,BA,BA,BA,BA,BA,BA,BA,BA,BA,BA,BA,BA,BA,BA,BA,BA,BA,BA,BA,BA,BA,BA,BA,BA,BA+,BA,BA,BA,BA,BA,BA,BA,BA,BA,BA,BA,BA,BA,BA,BA,BA,BA,BA,BA+,BA,BA,BA,BA,BA,BA,BA,BA,BA,BA,BA,BA,BA,BA,BA,BA,BA,BA,BA,BA,BA,BA-,BA-,BA-,BA,BA,BA,BA,BA,BA,BA,BA,BA,BA,BA,BA,BA,BA,BA,BA,BA+,BA,BA,BA,BA,BA+,BA,BA,BA,BA,BA,BA,BA,BA,BA,BA,BA,BA,BA,BA,BA,BA,BA,BA,BA,BA,BA,BA,BA,BA,BA,BA,BA,BA,BA,BA,BA,BA,BA,BA,BA,BA,BA,BA,BA,BA,BA,BA,BA,BA,BA+,BA,BA,BA,BA,BA,BA,BA,BA,BA,BA,BA,BA,BA,BA,BA,BA,BA,BA,BA,BA,BA,BA,BA,BA,BA,BA,BA,BA,BA,BA,BA,BA,BA,BA,BA,BA,BA,BA,BA,BA,BA,BA,BA,BA,BA,BA,BA,BA,BA,BA,BA,BA,BA,BA+,BA,BA,BA,BA,BA,BA,BA,BA,BA,BA,BA+,BA,BA,BA,BA,BA,BA,BA,BA,BA,BA,BA,BA,BA,BA,BA,BA,BA,BA,BA,BA,BA,BA,BA,BA,BA,BA,BA,BA,BA,BA,BA,BA,BA,BA,BA,BA,BA,BA,BA,BA,BA,BA,BA,BA,BA,BA,BA,BA,BA,BA,BA,BA,BA,BA,BA,BA,BA,BA,BA,BA,BA,BA,BA,BA,BA,BA,BA,BA,BA,BA,BA,BA,BA,BA,BA,BA,BA,BA,BA,BA,BA,BA,BA,BA,BA,BA,BA,BA,BA,BA,BA,BA,BA,BA,BA,BA,BA,BA,BA,BA,BA,BA,BA,X,BA,BA,BA,BA,BA,BA,BA,BA,BA,BA,BA,BA,BA,BA,BA,BA,BA,BA,BA-,BA,BA,BA,BA,BA,BA,BA,BA,BA,BA-,BA,BA,BA
400,Triethylenetetramine,GA+,GA+,GA,GA,GA,GA,GA,GA,GA,GA,GA,GA,GA,GA,GA,GA,GA,GA,GA,GA,GA,GA,GA,GA,GA,GA,GA,GA,GA,GA,GA,GA,GA,GA,GA,GA,GA,GA,GA,GA,GA,GA-,GA,GA,GA,GA,GA,GA,GA,GA,GA,GA-,GA,GA,GA,GA,GA,GA,GA,GA-,GA-,GA,GA,GA,GA,GA,GA,GA,GA,GA,GA,GA,GA,GA,GA,GA,GA,GA,GA,GA,GA,GA,GA,GA,GA,GA,GA,GA,GA,GA,GA,GA,GA,GA,GA,GA,GA,GA,GA,GA,GA,GA,GA,GA,GA,GA,GA,GA,GA,GA,GA,GA,GA,GA,GA,GA,GA,GA,GA,GA+,GA,GA,GA,GA,GA,GA,GA,GA,GA,GA,GA,GA,GA,GA,GA,GA,GA,GA,GA+,GA,GA,GA,GA,GA,GA,GA,GA,GA,GA,GA,GA,GA,GA,GA,GA,GA,GA,GA,GA,GA,GA-,GA-,GA-,GA,GA,GA,GA,GA,GA,GA,GA,GA,GA,GA,GA,GA,GA,GA,GA,GA+,GA,GA,GA,GA,GA+,GA,GA,GA,GA,GA,GA,GA,GA,GA,GA,GA,GA,GA,GA,GA,GA,GA,GA,GA,GA,GA,GA,GA,GA,GA,GA,GA,GA,GA,GA,GA,GA,GA,GA,GA,GA,GA,GA,GA,GA,GA,GA,GA,GA,GA+,GA,GA,GA,GA,GA,GA,GA,GA,GA,GA,GA,GA,GA,GA,GA,GA,GA,GA,GA,GA,GA,GA,GA,GA,GA,GA,GA,GA,GA,GA,GA,GA,GA,GA,GA,GA,GA,GA,GA,GA,GA,GA,GA,GA,GA,GA,GA,GA,GA,GA,GA,GA,GA,GA+,GA,GA,GA,GA,GA,GA,GA,GA,GA,GA,GA+,GA,GA,GA,GA,GA,GA,GA,GA,GA,GA,GA,GA,GA,GA,GA,GA,GA,GA,GA,GA,GA,GA,GA,GA,GA,GA,GA,GA,GA,GA,GA,GA,GA,GA,GA,GA,GA,GA,GA,GA,GA,GA,GA,GA,GA,GA,GA,GA,GA,GA,GA,GA,GA,GA,GA,GA,GA,GA,GA,GA,GA,GA,GA,GA,GA,GA,GA,GA,GA,GA,GA,GA,GA,GA,GA,GA,GA,GA,GA,GA,GA,GA,GA,GA,GA,GA,GA,GA,GA,GA,GA,GA,GA,GA,GA,GA,GA,GA,GA,GA,GA,GA,GA,GA,X,GA,GA,GA,GA,GA,GA,GA,GA,GA,GA,GA,GA,GA,GA,GA,GA,GA,GA-,GA,GA,GA,GA,GA,GA,GA,GA,GA,GA-,GA,GA,GA
401,Triethyl Phosphate,C+,C+,C,C,C,C,C,C,C,C,C,C,C,C,C,C,C,C,C,C,C,C,C,C,C,C,C,C,C,C,C,C,C,C,C,C,C,C,C,C,C,C-,C,C,C,C,C,C,C,C,C,C-,C,C,C,C,C,C,C,C-,C-,C,C,C,C,C,C,C,C,C,C,C,C,C,C,C,C,C,C,C,C,C,C,C,C,C,C,C,C,C,C,C,C,C,C,C,C,C,C,C,C,C,C,C,C,C,C,C,C,C,C,C,C,C,C,C,C,C,C,C+,C,C,C,C,C,C,C,C,C,C,C,C,C,C,C,C,C,C,C+,C,C,C,C,C,C,C,C,C,C,C,C,C,C,C,C,C,C,C,C,C,C-,C-,C-,C,C,C,C,C,C,C,C,C,C,C,C,C,C,C,C,C+,C,C,C,C,C+,C,C,C,C,C,C,C,C,C,C,C,C,C,C,C,C,C,C,C,C,C,C,C,C,C,C,C,C,C,C,C,C,C,C,C,C,C,C,C,C,C,C,C,C,C+,C,C,C,C,C,C,C,C,C,C,C,C,C,C,C,C,C,C,C,C,C,C,C,C,C,C,C,C,C,C,C,C,C,C,C,C,C,C,C,C,C,C,C,C,C,C,C,C,C,C,C,C,C,C+,C,C,C,C,C,C,C,C,C,C,C+,C,C,C,C,C,C,C,C,C,C,C,C,C,C,C,C,C,C,C,C,C,C,C,C,C,C,C,C,C,C,C,C,C,C,C,C,C,C,C,C,C,C,C,C,C,C,C,C,C,C,C,C,C,C,C,C,C,C,C,C,C,C,C,C,C,C,C,C,C,C,C,C,C,C,C,C,C,C,C,C,C,C,C,C,C,C,C,C,C,C,C,C,C,C,C,C,C,C,C,C,C,C,C,C,C,X,C,C,C,C,C,C,C,C,C,C,C,C,C,C,C,C,C-,C,C,C,C,C,C,C,C,C,C-,C,C,C
402,Triethyl Phosphite,ND+,ND+,ND,ND,ND,ND,ND,ND,ND,ND,ND,ND,ND,ND,ND,ND,ND,ND,ND,D,ND,ND,ND,ND,ND,ND,ND,ND,D,D,D,D,ND,ND,ND,ND,ND,ND,ND,ND,ND,D-,ND,ND,ND,ND,ND,ND,ND,ND,ND,D-,D,ND,ND,ND,D,ND,ND,D-,D-,ND,D,ND,ND,ND,ND,ND,ND,ND,ND,ND,ND,ND,ND,ND,ND,ND,ND,ND,D,ND,ND,ND,ND,ND,ND,ND,ND,ND,ND,ND,ND,ND,ND,ND,ND,ND,ND,ND,ND,ND,ND,ND,ND,ND,ND,ND,ND,ND,ND,ND,ND,ND,ND,ND,ND,ND,ND,ND+,ND,ND,ND,ND,ND,ND,ND,ND,ND,ND,ND,ND,ND,ND,ND,ND,ND,ND,ND+,ND,ND,ND,ND,ND,ND,ND,ND,ND,ND,ND,ND,ND,D,ND,ND,ND,ND,ND,ND,ND,D-,D-,D-,ND,ND,D,D,D,D,D,D,ND,ND,ND,ND,ND,D,ND,ND,ND+,ND,ND,ND,ND,ND+,ND,ND,D,D,D,ND,ND,ND,ND,ND,ND,D,ND,ND,ND,ND,ND,ND,ND,ND,ND,ND,ND,ND,ND,D,D,ND,ND,ND,ND,ND,ND,D,ND,ND,ND,ND,ND,ND,ND,ND,ND,ND,ND+,ND,ND,ND,ND,ND,ND,ND,ND,ND,ND,ND,ND,ND,ND,ND,ND,ND,ND,ND,ND,ND,ND,ND,ND,ND,ND,D,ND,ND,D,D,D,ND,ND,ND,ND,ND,ND,ND,ND,ND,ND,ND,ND,ND,ND,ND,ND,ND,ND,ND,ND,ND,ND+,ND,ND,ND,ND,ND,ND,ND,ND,ND,ND,ND+,ND,ND,ND,ND,ND,ND,ND,ND,ND,ND,ND,D,ND,ND,ND,ND,ND,ND,ND,ND,ND,ND,ND,ND,ND,ND,ND,ND,ND,ND,ND,ND,ND,ND,ND,ND,ND,ND,ND,ND,ND,ND,ND,ND,ND,ND,ND,ND,ND,ND,ND,ND,ND,ND,ND,D,ND,ND,D,D,D,D,ND,ND,D,ND,ND,ND,ND,ND,ND,ND,ND,ND,ND,ND,ND,ND,ND,ND,D,D,ND,ND,ND,ND,ND,ND,ND,ND,ND,ND,ND,ND,ND,ND,ND,ND,ND,ND,ND,ND,ND,ND,ND,ND,X,ND,ND,ND,ND,ND,ND,ND,D,D,ND,ND,ND,ND,ND,D,D-,ND,ND,ND,D,D,ND,ND,ND,ND,D-,ND,ND,ND
403,Triisopropanolamine,GB+,GB+,GB,GB,GB,GB,GB,GB,GB,GB,GB,GB,GB,GB,GB,GB,GB,GB,GB,GB,GB,GB,GB,GB,GB,GB,GB,GB,GB,GB,GB,GB,GB,GB,GB,GB,GB,GB,GB,GB,GB,GB-,GB,GB,GB,GB,GB,GB,GB,GB,GB,GB-,GB,GB,GB,GB,GB,GB,GB,GB-,GB-,GB,GB,GB,GB,GB,GB,GB,GB,GB,GB,GB,GB,GB,GB,GB,GB,GB,GB,GB,GB,GB,GB,GB,GB,GB,GB,GB,GB,GB,GB,GB,GB,GB,GB,GB,GB,GB,GB,GB,GB,GB,GB,GB,GB,GB,GB,GB,GB,GB,GB,GB,GB,GB,GB,GB,GB,GB,GB,GB+,GB,GB,GB,GB,GB,GB,GB,GB,GB,GB,GB,GB,GB,GB,GB,GB,GB,GB,GB+,GB,GB,GB,GB,GB,GB,GB,GB,GB,GB,GB,GB,GB,GB,GB,GB,GB,GB,GB,GB,GB,GB-,GB-,GB-,GB,GB,GB,GB,GB,GB,GB,GB,GB,GB,GB,GB,GB,GB,GB,GB,GB+,GB,GB,GB,GB,GB+,GB,GB,GB,GB,GB,GB,GB,GB,GB,GB,GB,GB,GB,GB,GB,GB,GB,GB,GB,GB,GB,GB,GB,GB,GB,GB,GB,GB,GB,GB,GB,GB,GB,GB,GB,GB,GB,GB,GB,GB,GB,GB,GB,GB,GB+,GB,GB,GB,GB,GB,GB,GB,GB,GB,GB,GB,GB,GB,GB,GB,GB,GB,GB,GB,GB,GB,GB,GB,GB,GB,GB,GB,GB,GB,GB,GB,GB,GB,GB,GB,GB,GB,GB,GB,GB,GB,GB,GB,GB,GB,GB,GB,GB,GB,GB,GB,GB,GB,GB+,GB,GB,GB,GB,GB,GB,GB,GB,GB,GB,GB+,GB,GB,GB,GB,GB,GB,GB,GB,GB,GB,GB,GB,GB,GB,GB,GB,GB,GB,GB,GB,GB,GB,GB,GB,GB,GB,GB,GB,GB,GB,GB,GB,GB,GB,GB,GB,GB,GB,GB,GB,GB,GB,GB,GB,GB,GB,GB,GB,GB,GB,GB,GB,GB,GB,GB,GB,GB,GB,GB,GB,GB,GB,GB,GB,GB,GB,GB,GB,GB,GB,GB,GB,GB,GB,GB,GB,GB,GB,GB,GB,GB,GB,GB,GB,GB,GB,GB,GB,GB,GB,GB,GB,GB,GB,GB,GB,GB,GB,GB,GB,GB,GB,GB,GB,GB,GB,GB,X,GB,GB,GB,GB,GB,GB,GB,GB,GB,GB,GB,GB,GB,GB,GB-,GB,GB,GB,GB,GB,GB,GB,GB,GB,GB-,GB,GB,GB
404,Trimethylacetic Acid,DD+,DD+,DD,DD,DD,DD,DD,DD,DD,DD,DD,DD,DD,DD,DD,DD,DD,DD,DD,DD,DD,DD,DD,DD,DD,DD,DD,DD,DD,DD,DD,DD,DD,DD,DD,DD,DD,DD,DD,DD,DD,DD-,DD,DD,DD,DD,DD,DD,DD,DD,DD,DD-,DD,DD,DD,DD,DD,DD,DD,DD-,DD-,DD,DD,DD,DD,DD,DD,DD,DD,DD,DD,DD,DD,DD,DD,DD,DD,DD,DD,DD,DD,DD,DD,DD,DD,DD,DD,DD,DD,DD,DD,DD,DD,DD,DD,DD,DD,DD,DD,DD,DD,DD,DD,DD,DD,DD,DD,DD,DD,DD,DD,DD,DD,DD,DD,DD,DD,DD,DD,DD+,DD,DD,DD,DD,DD,DD,DD,DD,DD,DD,DD,DD,DD,DD,DD,DD,DD,DD,DD+,DD,DD,DD,DD,DD,DD,DD,DD,DD,DD,DD,DD,DD,DD,DD,DD,DD,DD,DD,DD,DD,DD-,DD-,DD-,DD,DD,DD,DD,DD,DD,DD,DD,DD,DD,DD,DD,DD,DD,DD,DD,DD+,DD,DD,DD,DD,DD+,DD,DD,DD,DD,DD,DD,DD,DD,DD,DD,DD,DD,DD,DD,DD,DD,DD,DD,DD,DD,DD,DD,DD,DD,DD,DD,DD,DD,DD,DD,DD,DD,DD,DD,DD,DD,DD,DD,DD,DD,DD,DD,DD,DD,DD+,DD,DD,DD,DD,DD,DD,DD,DD,DD,DD,DD,DD,DD,DD,DD,DD,DD,DD,DD,DD,DD,DD,DD,DD,DD,DD,DD,DD,DD,DD,DD,DD,DD,DD,DD,DD,DD,DD,DD,DD,DD,DD,DD,DD,DD,DD,DD,DD,DD,DD,DD,DD,DD,DD+,DD,DD,DD,DD,DD,DD,DD,DD,DD,DD,DD+,DD,DD,DD,DD,DD,DD,DD,DD,DD,DD,DD,DD,DD,DD,DD,DD,DD,DD,DD,DD,DD,DD,DD,DD,DD,DD,DD,DD,DD,DD,DD,DD,DD,DD,DD,DD,DD,DD,DD,DD,DD,DD,DD,DD,DD,DD,DD,DD,DD,DD,DD,DD,DD,DD,DD,DD,DD,DD,DD,DD,DD,DD,DD,DD,DD,DD,DD,DD,DD,DD,DD,DD,DD,DD,DD,DD,DD,DD,DD,DD,DD,DD,DD,DD,DD,DD,DD,DD,DD,DD,DD,DD,DD,DD,DD,DD,DD,DD,DD,DD,DD,DD,DD,DD,DD,DD,DD,DD,X,DD,DD,DD,DD,DD,DD,DD,DD,DD,DD,DD,DD,DD,DD-,DD,DD,DD,DD,DD,DD,DD,DD,DD,DD-,DD,DD,DD
405,Trimethylamine Solution (≤30%),B+,B+,B,B,B,B,B,B,B,B,B,B,B,B,B,B,B,B,B,B,B,B,B,B,B,B,B,B,B,B,B,B,B,B,B,B,B,B,B,B,B,B-,B,B,B,B,B,B,B,B,B,B-,B,B,B,B,B,B,B,B-,B-,B,B,B,B,B,B,B,B,B,B,B,B,B,B,B,B,B,B,B,B,B,B,B,B,B,B,B,B,B,B,B,B,B,B,B,B,B,B,B,B,B,B,B,B,B,B,B,B,B,B,B,B,B,B,B,B,B,B,B+,B,B,B,B,B,B,B,B,B,B,B,B,B,B,B,B,B,B,B+,B,B,B,B,B,B,B,B,B,B,B,B,B,B,B,B,B,B,B,B,B,B-,B-,B-,B,B,B,B,B,B,B,B,B,B,B,B,B,B,B,B,B+,B,B,B,B,B+,B,B,B,B,B,B,B,B,B,B,B,B,B,B,B,B,B,B,B,B,B,B,B,B,B,B,B,B,B,B,B,B,B,B,B,B,B,B,B,B,B,B,B,B,B+,B,B,B,B,B,B,B,B,B,B,B,B,B,B,B,B,B,B,B,B,B,B,B,B,B,B,B,B,B,B,B,B,B,B,B,B,B,B,B,B,B,B,B,B,B,B,B,B,B,B,B,B,B,B+,B,B,B,B,B,B,B,B,B,B,B+,B,B,B,B,B,B,B,B,B,B,B,B,B,B,B,B,B,B,B,B,B,B,B,B,B,B,B,B,B,B,B,B,B,B,B,B,B,B,B,B,B,B,B,B,B,B,B,B,B,B,B,B,B,B,B,B,B,B,B,B,B,B,B,B,B,B,B,B,B,B,B,B,B,B,B,B,B,B,B,B,B,B,B,B,B,B,B,B,B,B,B,B,B,B,B,B,B,B,B,B,B,B,B,B,B,B,B,B,B,X,B,B,B,B,B,B,B,B,B,B,B,B,B-,B,B,B,B,B,B,B,B,B,B-,B,B,B
406,[406] TRIMETHYLBENZENES,D+,D+,D,D,D,D,D,D,D,D,D,D,D,D,D,D,D,D,D,D,D,D,D,D,D,D,D,D,D,D,D,D,D,D,D,D,D,D,D,D,D,D-,D,D,D,D,D,D,D,D,D,D-,D,D,D,D,D,D,D,D-,D-,D,D,D,D,D,D,D,D,D,D,D,D,D,D,D,D,D,D,D,D,D,D,D,D,D,D,D,D,D,D,D,D,D,D,D,D,D,D,D,D,D,D,D,D,D,D,D,D,D,D,D,D,D,D,D,D,D,D,D+,D,D,D,D,D,D,D,D,D,D,D,D,D,D,D,D,D,D,D+,D,D,D,D,D,D,D,D,D,D,D,D,D,D,D,D,D,D,D,D,D,D-,D-,D-,D,D,D,D,D,D,D,D,D,D,D,D,D,D,D,D,D+,D,D,D,D,D+,D,D,D,D,D,D,D,D,D,D,D,D,D,D,D,D,D,D,D,D,D,D,D,D,D,D,D,D,D,D,D,D,D,D,D,D,D,D,D,D,D,D,D,D,D+,D,D,D,D,D,D,D,D,D,D,D,D,D,D,D,D,D,D,D,D,D,D,D,D,D,D,D,D,D,D,D,D,D,D,D,D,D,D,D,D,D,D,D,D,D,D,D,D,D,D,D,D,D,D+,D,D,D,D,D,D,D,D,D,D,D+,D,D,D,D,D,D,D,D,D,D,D,D,D,D,D,D,D,D,D,D,D,D,D,D,D,D,D,D,D,D,D,D,D,D,D,D,D,D,D,D,D,D,D,D,D,D,D,D,D,D,D,D,D,D,D,D,D,D,D,D,D,D,D,D,D,D,D,D,D,D,D,D,D,D,D,D,D,D,D,D,D,D,D,D,D,D,D,D,D,D,D,D,D,D,D,D,D,D,D,D,D,D,D,D,D,D,D,D,D,D,X,D,D,D,D,D,D,D,D,D,D,D,D-,D,D,D,D,D,D,D,D,D,D-,D,D,D
407,Trimethyl Phosphite,ND+,ND+,ND,ND,ND,ND,ND,ND,ND,ND,ND,ND,ND,ND,ND,ND,ND,ND,ND,D,ND,ND,ND,ND,ND,ND,ND,ND,D,D,D,D,ND,ND,ND,ND,ND,ND,ND,ND,ND,D-,ND,ND,ND,ND,ND,ND,ND,ND,ND,D-,D,ND,ND,ND,D,ND,ND,D-,D-,ND,D,ND,ND,ND,ND,ND,ND,ND,ND,ND,ND,ND,ND,ND,ND,ND,ND,ND,D,ND,ND,ND,ND,ND,ND,ND,ND,ND,ND,ND,ND,ND,ND,ND,ND,ND,ND,ND,ND,ND,ND,ND,ND,ND,ND,ND,ND,ND,ND,ND,ND,ND,ND,ND,ND,ND,ND,ND+,ND,ND,ND,ND,ND,ND,ND,ND,ND,ND,ND,ND,ND,ND,ND,ND,ND,ND,ND+,ND,ND,ND,ND,ND,ND,ND,ND,ND,ND,ND,ND,ND,D,ND,ND,ND,ND,ND,ND,ND,D-,D-,D-,ND,ND,D,D,D,D,D,D,ND,ND,ND,ND,ND,D,ND,ND,ND+,ND,ND,ND,ND,ND+,ND,ND,D,D,D,ND,ND,ND,ND,ND,ND,D,ND,ND,ND,ND,ND,ND,ND,ND,ND,ND,ND,ND,ND,D,D,ND,ND,ND,ND,ND,ND,D,ND,ND,ND,ND,ND,ND,ND,ND,ND,ND,ND+,ND,ND,ND,ND,ND,ND,ND,ND,ND,ND,ND,ND,ND,ND,ND,ND,ND,ND,ND,ND,ND,ND,ND,ND,ND,ND,D,ND,ND,D,D,D,ND,ND,ND,ND,ND,ND,ND,ND,ND,ND,ND,ND,ND,ND,ND,ND,ND,ND,ND,ND,ND,ND+,ND,ND,ND,ND,ND,ND,ND,ND,ND,ND,ND+,ND,ND,ND,ND,ND,ND,ND,ND,ND,ND,ND,D,ND,ND,ND,ND,ND,ND,ND,ND,ND,ND,ND,ND,ND,ND,ND,ND,ND,ND,ND,ND,ND,ND,ND,ND,ND,ND,ND,ND,ND,ND,ND,ND,ND,ND,ND,ND,ND,ND,ND,ND,ND,ND,ND,D,ND,ND,D,D,D,D,ND,ND,D,ND,ND,ND,ND,ND,ND,ND,ND,ND,ND,ND,ND,ND,ND,ND,D,D,ND,ND,ND,ND,ND,ND,ND,ND,ND,ND,ND,ND,ND,ND,ND,ND,ND,ND,ND,ND,ND,ND,ND,ND,ND,ND,ND,ND,ND,X,ND,ND,D,D,ND,ND,ND,ND,ND,D,D-,ND,ND,ND,D,D,ND,ND,ND,ND,D-,ND,ND,ND
408,Tripropylene Glycol,BC+,BC+,BC,BC,BC,BC,BC,BC,BC,BC,BC,BC,BC,BC,BC,BC,BC,BC,BC,BC,BC,BC,BC,BC,BC,BC,BC,BC,BC,BC,BC,BC,BC,BC,BC,BC,BC,BC,BC,BC,BC,BC-,BC,BC,BC,BC,BC,BC,BC,BC,BC,BC-,BC,BC,BC,BC,BC,BC,BC,BC-,BC-,BC,BC,BC,BC,BC,BC,BC,BC,BC,BC,BC,BC,BC,BC,BC,BC,BC,BC,BC,BC,BC,BC,BC,BC,BC,BC,BC,BC,BC,BC,BC,BC,BC,BC,BC,BC,BC,BC,BC,BC,BC,BC,BC,BC,BC,BC,BC,BC,BC,BC,BC,BC,BC,BC,BC,BC,BC,BC,BC+,BC,BC,BC,BC,BC,BC,BC,BC,BC,BC,BC,BC,BC,BC,BC,BC,BC,BC,BC+,BC,BC,BC,BC,BC,BC,BC,BC,BC,BC,BC,BC,BC,BC,BC,BC,BC,BC,BC,BC,BC,BC-,BC-,BC-,BC,BC,BC,BC,BC,BC,BC,BC,BC,BC,BC,BC,BC,BC,BC,BC,BC+,BC,BC,BC,BC,BC+,BC,BC,BC,BC,BC,BC,BC,BC,BC,BC,BC,BC,BC,BC,BC,BC,BC,BC,BC,BC,BC,BC,BC,BC,BC,BC,BC,BC,BC,BC,BC,BC,BC,BC,BC,BC,BC,BC,BC,BC,BC,BC,BC,BC,BC+,BC,BC,BC,BC,BC,BC,BC,BC,BC,BC,BC,BC,BC,BC,BC,BC,BC,BC,BC,BC,BC,BC,BC,BC,BC,BC,BC,BC,BC,BC,BC,BC,BC,BC,BC,BC,BC,BC,BC,BC,BC,BC,BC,BC,BC,BC,BC,BC,BC,BC,BC,BC,BC,BC+,BC,BC,BC,BC,BC,BC,BC,BC,BC,BC,BC+,BC,BC,BC,BC,BC,BC,BC,BC,BC,BC,BC,BC,BC,BC,BC,BC,BC,BC,BC,BC,BC,BC,BC,BC,BC,BC,BC,BC,BC,BC,BC,BC,BC,BC,BC,BC,BC,BC,BC,BC,BC,BC,BC,BC,BC,BC,BC,BC,BC,BC,BC,BC,BC,BC,BC,BC,BC,BC,BC,BC,BC,BC,BC,BC,BC,BC,BC,BC,BC,BC,BC,BC,BC,BC,BC,BC,BC,BC,BC,BC,BC,BC,BC,BC,BC,BC,BC,BC,BC,BC,BC,BC,BC,BC,BC,BC,BC,BC,BC,BC,BC,BC,BC,BC,BC,BC,BC,BC,BC,BC,BC,BC,X,BC,BC,BC,BC,BC,BC,BC,BC,BC,BC-,BC,BC,BC,BC,BC,BC,BC,BC,BC,BC-,BC,BC,BC
409,Tung Oil,PA+,PA+,PA,PA,PA,PA,PA,PA,PA,PA,PA,PA,PA,PA,PA,PA,PA,PA,PA,PA,HY,HY,HY,PA,PA,PA,PA,PA,PA,PA,PA,PA,PA,PA,PA,PA,PA,PA,PA,PA,PA,PA-,PA,PA,PA,PA,PA,PA,PA,PA,PA,PA-,PA,PA,PA,PA,PA,PA,PA,PA-,PA-,PA,PA,PA,PA,PA,PA,PA,PA,PA,PA,PA,PA,PA,PA,PA,PA,PA,PA,PA,PA,PA,PA,PA,PA,PA,PA,PA,PA,PA,PA,PA,PA,PA,PA,PA,PA,PA,PA,PA,PA,PA,PA,PA,PA,PA,PA,PA,PA,PA,PA,PA,PA,PA,PA,PA,PA,PA,PA,PA+,PA,PA,PA,PA,PA,PA,PA,PA,PA,PA,PA,PA,PA,PA,PA,PA,PA,PA,PA+,PA,PA,PA,PA,PA,PA,PA,PA,PA,PA,PA,PA,PA,PA,PA,PA,PA,PA,PA,PA,PA,PA-,PA-,PA-,PA,PA,PA,PA,PA,PA,PA,PA,PA,PA,PA,PA,PA,PA,PA,PA,PA+,PA,PA,PA,PA,PA+,PA,PA,PA,PA,PA,PA,PA,PA,PA,PA,PA,PA,PA,PA,PA,PA,PA,PA,PA,PA,PA,PA,PA,PA,HY,PA,PA,PA,PA,PA,PA,PA,PA,PA,PA,PA,PA,PA,PA,PA,PA,PA,PA,PA,PA+,PA,PA,PA,PA,PA,PA,PA,PA,PA,PA,PA,PA,PA,PA,PA,PA,PA,PA,PA,PA,PA,PA,PA,PA,PA,PA,PA,PA,PA,PA,PA,PA,PA,PA,PA,PA,PA,PA,PA,PA,PA,PA,PA,PA,PA,PA,PA,PA,PA,PA,PA,PA,PA,PA+,PA,PA,PA,PA,PA,PA,PA,PA,PA,PA,PA+,PA,PA,PA,PA,PA,PA,PA,PA,PA,PA,PA,PA,PA,PA,PA,PA,PA,PA,PA,PA,PA,PA,PA,PA,PA,PA,PA,PA,PA,PA,PA,PA,PA,PA,PA,PA,PA,PA,PA,PA,PA,PA,PA,PA,PA,PA,PA,PA,PA,PA,PA,PA,PA,PA,PA,PA,PA,PA,PA,PA,PA,PA,PA,PA,PA,PA,PA,PA,PA,PA,PA,PA,PA,PA,PA,PA,PA,PA,PA,PA,PA,PA,PA,PA,PA,PA,PA,PA,PA,PA,PA,PA,PA,PA,PA,PA,PA,PA,PA,PA,PA,PA,PA,PA,PA,PA,PA,PA,PA,PA,PA,PA,PA,X,PA,PA,PA,PA,PA,PA,PA,PA,PA-,PA,PA,PA,PA,PA,PA,PA,PA,PA,PA-,PA,PA,PA
410,Ultra Low Sulphur Fuel Oil DM Grade,IJ+,IJ+,IJ,IJ,IJ,IJ,IJ,IJ,IJ,IJ,IJ,IJ,IJ,IJ,IJ,IJ,IJ,IJ,IJ,H,HH,H,H,IJ,IJ,IJ,IJ,IJ,HH,HH,HH,HH,IJ,IJ,IJ,IJ,IJ,IJ,IJ,IJ,IJ,DF-,IJ,IJ,IJ,IJ,IJ,IJ,IJ,IJ,IJ,DF-,DF,IJ,IJ,IJ,DF,IJ,IJ,H-,H-,IJ,H,IJ,IJ,IJ,IJ,IJ,IJ,IJ,IJ,IJ,IJ,IJ,IJ,IJ,IJ,IJ,IJ,IJ,H,IJ,IJ,IJ,IJ,IJ,IJ,IJ,IJ,IJ,IJ,IJ,IJ,IJ,IJ,IJ,IJ,IJ,IJ,IJ,IJ,IJ,IJ,IJ,IJ,IJ,IJ,IJ,IJ,IJ,IJ,IJ,IJ,IJ,IJ,IJ,IJ,IJ,IJ,IJ+,IJ,IJ,IJ,IJ,IJ,IJ,IJ,IJ,IJ,IJ,IJ,IJ,IJ,IJ,IJ,IJ,IJ,IJ,IJ+,IJ,IJ,IJ,IJ,IJ,IJ,IJ,IJ,IJ,IJ,IJ,IJ,IJ,DF,IJ,IJ,IJ,IJ,IJ,IJ,IJ,H-,H-,H-,IJ,IJ,H,H,H,H,H,H,IJ,IJ,IJ,IJ,IJ,HB,IJ,IJ,IJ+,IJ,IJ,IJ,IJ,IJ+,IJ,IJ,H,HB,H,IJ,IJ,IJ,IJ,IJ,IJ,H,IJ,IJ,IJ,IJ,IJ,IJ,IJ,IJ,IJ,IJ,IJ,IJ,H,H,H,IJ,IJ,IJ,IJ,IJ,IJ,H,IJ,IJ,DF,H,IJ,IJ,IJ,IJ,IJ,IJ,IJ+,IJ,IJ,IJ,IJ,IJ,IJ,IJ,IJ,IJ,IJ,IJ,IJ,IJ,IJ,IJ,IJ,IJ,IJ,IJ,IJ,IJ,IJ,IJ,IJ,IJ,IJ,H,IJ,IJ,HB,H,H,IJ,IJ,IJ,IJ,IJ,IJ,IJ,IJ,IJ,IJ,IJ,IJ,IJ,IJ,IJ,IJ,IJ,IJ,IJ,IJ,IJ,IJ+,IJ,IJ,IJ,IJ,IJ,IJ,IJ,IJ,IJ,IJ,IJ+,IJ,IJ,IJ,IJ,IJ,IJ,IJ,IJ,IJ,IJ,IJ,DF,IJ,IJ,IJ,IJ,IJ,IJ,IJ,IJ,IJ,IJ,IJ,IJ,IJ,IJ,IJ,IJ,IJ,IJ,IJ,IJ,IJ,IJ,IJ,IJ,IJ,IJ,IJ,IJ,IJ,IJ,IJ,IJ,IJ,IJ,IJ,IJ,IJ,IJ,IJ,IJ,IJ,IJ,IJ,DF,IJ,IJ,HB,H,HB,H,IJ,IJ,H,DF,IJ,DF,IJ,IJ,IJ,IJ,IJ,H,IJ,IJ,IJ,IJ,IJ,IJ,DF,DF,IJ,IJ,IJ,IJ,IJ,IJ,IJ,IJ,IJ,IJ,IJ,IJ,IJ,IJ,IJ,IJ,IJ,IJ,IJ,IJ,IJ,IJ,IJ,IJ,IJ,IJ,IJ,IJ,IJ,IJ,IJ,IJ,H,H,IJ,IJ,IJ,IJ,IJ,DF,H-,IJ,IJ,IJ,H,H,IJ,IJ,IJ,IJ,H-,H,H,IJ
411,Ultra Low Sulphur Fuel Oil RM Grade,TX+,TX+,TX,TX,TX,TX,TX,TX,TX,TX,TX,TX,TX,TX,TX,TX,TX,TX,TX,HX,HY,HY,HY,TX,TX,TX,TX,TX,HX,HX,HX,HX,TX,TX,TX,TX,TX,TX,TX,TX,TX,TA-,TX,TX,TX,TX,TX,TX,TX,TX,TX,TA-,TX,TX,TX,TX,T,TX,TX,H-,H-,TX,H,TX,TX,TX,TX,TX,TX,TX,TX,TX,TX,TX,TX,TX,TX,TX,TX,TX,HX,TX,TX,TX,TX,TX,TX,TX,TX,TX,TX,TX,TX,TX,TX,TX,TX,TX,TX,TX,TX,TX,TX,TX,TX,TX,TX,TX,TX,TX,TX,TX,TX,TX,TX,TX,TX,TX,TX,TX+,TX,TX,TX,TX,TX,TX,TX,TX,TX,TX,TX,TX,TX,TX,TX,TX,TX,TX,TX+,TX,TX,TX,TX,TX,TX,TX,TX,TX,TX,TX,TX,TX,TX,TX,TX,TX,TX,TX,TX,TX,H-,H-,H-,TX,TX,T,T,T,HX,HX,HX,TX,TX,TX,TX,TX,HX,TX,TX,TX+,TX,TX,TX,TX,TX+,TX,TX,HX,HX,HX,TX,TX,TX,TX,TX,TX,HX,TX,TX,TX,TX,TX,TX,TX,TX,TX,TX,TX,TX,HY,HX,HX,TX,TX,TX,TX,TX,TX,HI,TX,TX,TX,HX,TX,TX,TX,TX,TX,TX,TX+,TX,TX,TX,TX,TX,TX,TX,TX,TX,TX,TX,TX,TX,TX,TX,TX,TX,TX,TX,TX,TX,TX,TX,TX,TX,TX,HX,TX,TX,HX,HX,HX,TX,TX,TX,TX,TX,TX,TX,TX,TX,TX,TX,TX,TX,TX,TX,TX,TX,TX,TX,TX,TX,TX+,TX,TX,TX,TX,TX,TX,TX,TX,TX,TX,TX+,TX,TX,TX,TX,TX,TX,TX,TX,TX,TX,TX,TX,TX,TX,TX,TX,TX,TX,TX,TX,TX,TX,TX,TX,TX,TX,TX,TX,TX,TX,TX,TX,TX,TX,TX,TX,TX,TX,TX,TX,TX,TX,TX,TX,TX,TX,TX,TX,TX,TX,TX,TX,TX,TX,TX,TX,TX,TX,HX,HX,HX,H,TX,TX,HX,TX,TX,TX,TX,TX,TX,TX,TX,HX,TX,TX,TX,TX,TX,TX,TX,TX,TX,TX,TX,TX,TX,TX,TX,TX,TX,TX,TX,TX,TX,TX,TX,TX,TX,TX,TX,TX,TX,TX,TX,TX,TX,TX,TX,TX,TX,TX,TX,TX,HX,H,TX,TX,TX,TX,TX,TX,H-,TX,TX,TX,HX,H,TX,TX,TX,TX,H-,HX,HX,TX
412,Undecane,IA+,IA+,IA,IA,IA,IA,IA,IA,IA,IA,IA,IA,IA,IA,IA,IA,IA,IA,IA,D,IA,IA,IA,IA,IA,IA,IA,IA,D,D,D,D,IA,IA,IA,IA,IA,IA,IA,IA,IA,D-,IA,IA,IA,IA,IA,IA,IA,IA,IA,D-,D,D,D,IA,D,IA,IA,D-,D-,IA,D,IA,IA,IA,IA,IA,IA,IA,IA,IA,IA,IA,IA,IA,IA,IA,IA,IA,D,IA,IA,IA,IA,IA,IA,IA,IA,IA,IA,IA,IA,IA,IA,IA,IA,IA,IA,IA,IA,IA,IA,IA,IA,IA,IA,IA,IA,IA,IA,IA,IA,IA,IA,IA,IA,IA,IA,IA+,IA,IA,IA,IA,IA,IA,IA,IA,IA,IA,IA,IA,IA,IA,IA,IA,IA,IA,IA+,IA,IA,IA,IA,IA,IA,IA,IA,IA,IA,IA,IA,IA,D,D,D,IA,IA,IA,IA,IA,D-,D-,D-,IA,IA,D,D,D,D,D,D,IA,IA,IA,IA,D,D,IA,IA,IA+,IA,IA,IA,IA,IA+,IA,IA,D,D,D,IA,IA,IA,IA,IA,IA,D,IA,IA,IA,IA,IA,IA,IA,IA,IA,IA,IA,IA,IA,D,D,IA,IA,D,IA,D,IA,D,IA,D,D,D,IA,IA,IA,IA,IA,IA,IA+,IA,IA,IA,IA,IA,IA,IA,IA,IA,IA,IA,IA,IA,IA,IA,IA,IA,IA,IA,IA,IA,IA,IA,IA,D,IA,D,D,IA,D,D,D,IA,IA,IA,IA,IA,IA,IA,IA,IA,IA,IA,IA,IA,IA,IA,IA,IA,IA,IA,IA,IA,IA+,IA,IA,IA,IA,IA,IA,IA,IA,IA,IA,IA+,IA,D,IA,IA,IA,IA,IA,D,D,D,D,D,D,D,D,D,D,D,D,D,IA,D,IA,IA,IA,IA,IA,IA,D,D,IA,IA,IA,IA,IA,D,IA,IA,IA,D,IA,IA,IA,IA,IA,IA,IA,IA,IA,IA,IA,IA,IA,IA,IA,D,D,D,D,D,D,D,IA,IA,D,D,IA,D,D,IA,IA,IA,IA,IA,D,IA,IA,IA,IA,D,D,D,D,IA,IA,IA,IA,IA,IA,IA,IA,IA,IA,IA,IA,IA,IA,IA,IA,IA,IA,IA,IA,IA,IA,IA,IA,IA,IA,IA,IA,IA,IA,D,D,D,X,D,D,D,D,D,D-,IA,IA,D,D,D,IA,IA,IA,IA,D-,IA,IA,IA
413,Urea Ammonium Nitrate Solution,BC+,BC+,BC,BC,BC,BC,BC,BC,BC,BC,BC,BC,BC,BC,BC,BC,BC,BC,BC,BC,BC,BC,BC,BC,BC,BC,BC,BC,BC,BC,BC,BC,BC,BC,BC,BC,BC,BC,BC,BC,BC,BC-,BC,BC,BC,BC,BC,BC,BC,BC,BC,BC-,BC,BC,BC,BC,BC,BC,BC,BC-,BC-,BC,BC,BC,BC,BC,BC,BC,BC,BC,BC,BC,BC,BC,BC,BC,BC,BC,BC,BC,BC,BC,BC,BC,BC,BC,BC,BC,BC,BC,BC,BC,BC,BC,BC,BC,BC,BC,BC,BC,BC,BC,BC,BC,BC,BC,BC,BC,BC,BC,BC,BC,BC,BC,BC,BC,BC,BC,BC,BC+,BC,BC,BC,BC,BC,BC,BC,BC,BC,BC,BC,BC,BC,BC,BC,BC,BC,BC,BC+,BC,BC,BC,BC,BC,BC,BC,BC,BC,BC,BC,BC,BC,BC,BC,BC,BC,BC,BC,BC,BC,BC-,BC-,BC-,BC,BC,BC,BC,BC,BC,BC,BC,BC,BC,BC,BC,BC,BC,BC,BC,BC+,BC,BC,BC,BC,BC+,BC,BC,BC,BC,BC,BC,BC,BC,BC,BC,BC,BC,BC,BC,BC,BC,BC,BC,BC,BC,BC,BC,BC,BC,BC,BC,BC,BC,BC,BC,BC,BC,BC,BC,BC,BC,BC,BC,BC,BC,BC,BC,BC,BC,BC+,BC,BC,BC,BC,BC,BC,BC,BC,BC,BC,BC,BC,BC,BC,BC,BC,BC,BC,BC,BC,BC,BC,BC,BC,BC,BC,BC,BC,BC,BC,BC,BC,BC,BC,BC,BC,BC,BC,BC,BC,BC,BC,BC,BC,BC,BC,BC,BC,BC,BC,BC,BC,BC,BC+,BC,BC,BC,BC,BC,BC,BC,BC,BC,BC,BC+,BC,BC,BC,BC,BC,BC,BC,BC,BC,BC,BC,BC,BC,BC,BC,BC,BC,BC,BC,BC,BC,BC,BC,BC,BC,BC,BC,BC,BC,BC,BC,BC,BC,BC,BC,BC,BC,BC,BC,BC,BC,BC,BC,BC,BC,BC,BC,BC,BC,BC,BC,BC,BC,BC,BC,BC,BC,BC,BC,BC,BC,BC,BC,BC,BC,BC,BC,BC,BC,BC,BC,BC,BC,BC,BC,BC,BC,BC,BC,BC,BC,BC,BC,BC,BC,BC,BC,BC,BC,BC,BC,BC,BC,BC,BC,BC,BC,BC,BC,BC,BC,BC,BC,BC,BC,BC,BC,BC,BC,BC,BC,BC,BC,BC,BC,BC,BC,X,BC,BC,BC,BC,BC-,BC,BC,BC,BC,BC,BC,BC,BC,BC,BC-,BC,BC,BC
414,Urea Solution,BC+,BC+,BC,BC,BC,BC,BC,BC,BC,BC,BC,BC,BC,BC,BC,BC,BC,BC,BC,BC,BC,BC,BC,BC,BC,BC,BC,BC,BC,BC,BC,BC,BC,BC,BC,BC,BC,BC,BC,BC,BC,BC-,BC,BC,BC,BC,BC,BC,BC,BC,BC,BC-,BC,BC,BC,BC,BC,BC,BC,BC-,BC-,BC,BC,BC,BC,BC,BC,BC,BC,BC,BC,BC,BC,BC,BC,BC,BC,BC,BC,BC,BC,BC,BC,BC,BC,BC,BC,BC,BC,BC,BC,BC,BC,BC,BC,BC,BC,BC,BC,BC,BC,BC,BC,BC,BC,BC,BC,BC,BC,BC,BC,BC,BC,BC,BC,BC,BC,BC,BC,BC+,BC,BC,BC,BC,BC,BC,BC,BC,BC,BC,BC,BC,BC,BC,BC,BC,BC,BC,BC+,BC,BC,BC,BC,BC,BC,BC,BC,BC,BC,BC,BC,BC,BC,BC,BC,BC,BC,BC,BC,BC,BC-,BC-,BC-,BC,BC,BC,BC,BC,BC,BC,BC,BC,BC,BC,BC,BC,BC,BC,BC,BC+,BC,BC,BC,BC,BC+,BC,BC,BC,BC,BC,BC,BC,BC,BC,BC,BC,BC,BC,BC,BC,BC,BC,BC,BC,BC,BC,BC,BC,BC,BC,BC,BC,BC,BC,BC,BC,BC,BC,BC,BC,BC,BC,BC,BC,BC,BC,BC,BC,BC,BC+,BC,BC,BC,BC,BC,BC,BC,BC,BC,BC,BC,BC,BC,BC,BC,BC,BC,BC,BC,BC,BC,BC,BC,BC,BC,BC,BC,BC,BC,BC,BC,BC,BC,BC,BC,BC,BC,BC,BC,BC,BC,BC,BC,BC,BC,BC,BC,BC,BC,BC,BC,BC,BC,BC+,BC,BC,BC,BC,BC,BC,BC,BC,BC,BC,BC+,BC,BC,BC,BC,BC,BC,BC,BC,BC,BC,BC,BC,BC,BC,BC,BC,BC,BC,BC,BC,BC,BC,BC,BC,BC,BC,BC,BC,BC,BC,BC,BC,BC,BC,BC,BC,BC,BC,BC,BC,BC,BC,BC,BC,BC,BC,BC,BC,BC,BC,BC,BC,BC,BC,BC,BC,BC,BC,BC,BC,BC,BC,BC,BC,BC,BC,BC,BC,BC,BC,BC,BC,BC,BC,BC,BC,BC,BC,BC,BC,BC,BC,BC,BC,BC,BC,BC,BC,BC,BC,BC,BC,BC,BC,BC,BC,BC,BC,BC,BC,BC,BC,BC,BC,BC,BC,BC,BC,BC,BC,BC,BC,BC,BC,BC,BC,BC,BC,X,BC,BC,BC,BC-,BC,BC,BC,BC,BC,BC,BC,BC,BC,BC-,BC,BC,BC
415,Used Cooking Oil,P+,P+,P,P,P,P,P,P,P,P,P,P,P,P,P,P,P,P,P,P,HY,HY,HY,P,P,P,P,P,P,P,P,P,P,P,P,P,P,P,P,P,P,P-,P,P,P,P,P,P,P,P,P,P-,P,P,P,P,P,P,P,P-,P-,P,P,P,P,P,P,P,P,P,P,P,P,P,P,P,P,P,P,P,P,P,P,P,P,P,P,P,P,P,P,P,P,P,P,P,P,P,P,P,P,P,P,P,P,P,P,P,P,P,P,P,P,P,P,P,P,P,P,P+,P,P,P,P,P,P,P,P,P,P,P,P,P,P,P,P,P,P,P+,P,P,P,P,P,P,P,P,P,P,P,P,P,P,P,P,P,P,P,P,P,P-,P-,P-,P,P,P,P,P,P,P,P,P,P,P,P,P,P,P,P,P+,P,P,P,P,P+,P,P,P,P,P,P,P,P,P,P,P,P,P,P,P,P,P,P,P,P,P,P,P,P,HY,P,P,P,P,P,P,P,P,P,P,P,P,P,P,P,P,P,P,P,P+,P,P,P,P,P,P,P,P,P,P,P,P,P,P,P,P,P,P,P,P,P,P,P,P,P,P,P,P,P,P,P,P,P,P,P,P,P,P,P,P,P,P,P,P,P,P,P,P,P,P,P,P,P,P+,P,P,P,P,P,P,P,P,P,P,P+,P,P,P,P,P,P,P,P,P,P,P,P,P,P,P,P,P,P,P,P,P,P,P,P,P,P,P,P,P,P,P,P,P,P,P,P,P,P,P,P,P,P,P,P,P,P,P,P,P,P,P,P,P,P,P,P,P,P,P,P,P,P,P,P,P,P,P,P,P,P,P,P,P,P,P,P,P,P,P,P,P,P,P,P,P,P,P,P,P,P,P,P,P,P,P,P,P,P,P,P,P,P,P,P,P,P,P,P,P,P,P,P,P,P,P,P,P,P,P,X,P,P,P-,P,P,P,P,P,P,P,P,P,P-,P,P,P
416,Used Cooking Oil (Triglycerides C16–C18 & C18 Unsaturated),P+,P+,P,P,P,P,P,P,P,P,P,P,P,P,P,P,P,P,P,P,HY,HY,HY,P,P,P,P,P,P,P,P,P,P,P,P,P,P,P,P,P,P,P-,P,P,P,P,P,P,P,P,P,P-,P,P,P,P,P,P,P,P-,P-,P,P,P,P,P,P,P,P,P,P,P,P,P,P,P,P,P,P,P,P,P,P,P,P,P,P,P,P,P,P,P,P,P,P,P,P,P,P,P,P,P,P,P,P,P,P,P,P,P,P,P,P,P,P,P,P,P,P,P+,P,P,P,P,P,P,P,P,P,P,P,P,P,P,P,P,P,P,P+,P,P,P,P,P,P,P,P,P,P,P,P,P,P,P,P,P,P,P,P,P,P-,P-,P-,P,P,P,P,P,P,P,P,P,P,P,P,P,P,P,P,P+,P,P,P,P,P+,P,P,P,P,P,P,P,P,P,P,P,P,P,P,P,P,P,P,P,P,P,P,P,P,HY,P,P,P,P,P,P,P,P,P,P,P,P,P,P,P,P,P,P,P,P+,P,P,P,P,P,P,P,P,P,P,P,P,P,P,P,P,P,P,P,P,P,P,P,P,P,P,P,P,P,P,P,P,P,P,P,P,P,P,P,P,P,P,P,P,P,P,P,P,P,P,P,P,P,P+,P,P,P,P,P,P,P,P,P,P,P+,P,P,P,P,P,P,P,P,P,P,P,P,P,P,P,P,P,P,P,P,P,P,P,P,P,P,P,P,P,P,P,P,P,P,P,P,P,P,P,P,P,P,P,P,P,P,P,P,P,P,P,P,P,P,P,P,P,P,P,P,P,P,P,P,P,P,P,P,P,P,P,P,P,P,P,P,P,P,P,P,P,P,P,P,P,P,P,P,P,P,P,P,P,P,P,P,P,P,P,P,P,P,P,P,P,P,P,P,P,P,P,P,P,P,P,P,P,P,P,P,X,P,P-,P,P,P,P,P,P,P,P,P,P-,P,P,P
417,Used Cooking Oil Methyl Esters,IH+,IH+,IH,IH,IH,DF,IH,IH,IH,IH,IH,IH,IH,IH,IH,IH,IH,IH,IH,DF,HY,HY,HY,IH,IH,IH,IH,IH,DF,DF,DF,DF,IH,IH,IH,IH,IH,IH,IH,IH,IH,DF-,IH,DF,IH,IH,IH,IH,IH,IH,IH,DF-,DF,DF,DF,DF,DF,IH,IH,DF-,DF-,IH,DF,IH,IH,IH,IH,IH,IH,IH,IH,IH,IH,IH,IH,IH,IH,IH,IH,IH,DF,IH,IH,IH,IH,IH,IH,IH,IH,IH,IH,IH,IH,IH,IH,IH,IH,IH,IH,IH,IH,IH,IH,IH,IH,IH,IH,IH,IH,IH,IH,IH,IH,IH,IH,IH,IH,IH,IH,IH+,IH,IH,IH,IH,IH,IH,IH,IH,IH,IH,IH,IH,IH,IH,IH,IH,IH,IH,IH+,IH,IH,IH,IH,IH,IH,IH,IH,IH,IH,IH,IH,IH,DF,DF,DF,IH,IH,IH,IH,IH,DF-,DF-,DF-,IH,IH,DF,DF,DF,DF,DF,DF,IH,IH,IH,IH,DF,IH,IH,IH,IH+,IH,IH,IH,IH,IH+,IH,IH,DF,IH,DF,IH,IH,IH,IH,IH,IH,DF,IH,IH,IH,IH,IH,IH,IH,IH,IH,IH,IH,IH,HY,DF,DF,IH,IH,DF,IH,DF,IH,DF,IH,DF,DF,IH,DF,IH,IH,IH,IH,IH,IH+,IH,IH,IH,IH,IH,IH,IH,IH,IH,IH,IH,IH,IH,IH,IH,IH,IH,IH,IH,IH,IH,IH,IH,IH,DF,IH,DF,DF,IH,IH,DF,DF,IH,IH,IH,IH,IH,IH,IH,IH,IH,IH,IH,IH,IH,IH,IH,IH,IH,IH,IH,IH,IH,IH+,IH,IH,IH,IH,IH,IH,IH,IH,IH,IH,IH+,IH,DF,IH,IH,IH,IH,IH,DF,DF,DF,DF,IH,DF,DF,DF,DF,DF,DF,DF,DF,IH,IH,IH,IH,IH,IH,IH,IH,IH,IH,IH,IH,IH,IH,IH,DF,IH,IH,IH,DF,IH,IH,IH,IH,IH,IH,IH,IH,IH,IH,IH,IH,IH,IH,IH,DF,DF,DF,IH,DF,IH,DF,DF,IH,DF,DF,IH,DF,DF,IH,IH,IH,IH,IH,DF,IH,IH,IH,DF,DF,DF,DF,DF,IH,IH,IH,IH,IH,IH,IH,IH,IH,IH,IH,IH,IH,IH,IH,IH,IH,IH,IH,IH,IH,IH,IH,IH,IH,IH,IH,IH,IH,IH,DF,DF,DF,IH,DF,DF,DF,DF,X,DF-,IH,IH,DF,DF,DF,IH,IH,IH,IH,DF-,IH,IH,IH
418,Vacuum Gas Oil,TX+,TX+,TX,TX,TX,TX,TX,TX,TX,TX,TX,TX,TX,TX,TX,TX,TX,TX,TX,HX,HY,HY,HY,TX,TX,TX,TX,TX,HX,HX,HX,HX,TX,TX,TX,TX,TX,TX,TX,TX,TX,TA-,TX,TX,TX,TX,TX,TX,TX,TX,TX,TA-,TX,TX,TX,TX,T,TX,TX,H-,H-,TX,H,TX,TX,TX,TX,TX,TX,TX,TX,TX,TX,TX,TX,TX,TX,TX,TX,TX,T,TX,TX,TX,TX,TX,TX,TX,TX,TX,TX,TX,TX,TX,TX,TX,TX,TX,TX,TX,TX,TX,TX,TX,TX,TX,TX,TX,TX,TX,TX,TX,TX,TX,TX,TX,TX,TX,TX,TX+,TX,TX,TX,TX,TX,TX,TX,TX,TX,TX,TX,TX,TX,TX,TX,TX,TX,TX,TX+,TX,TX,TX,TX,TX,TX,TX,TX,TX,TX,TX,TX,TX,TX,TX,TX,TX,TX,TX,TX,TX,H-,H-,H-,TX,TX,T,T,T,T,T,HX,TX,TX,TX,TX,TX,HX,TX,TX,TX+,TX,TX,TX,TX,TX+,TX,TX,HX,HX,HX,TX,TX,TX,TX,TX,TX,T,TX,TX,TX,TX,TX,TX,TX,TX,TX,TX,TX,TX,HY,HX,HX,TX,TX,TX,TX,TX,TX,HI,TX,TX,TX,HX,TX,TX,TX,TX,TX,TX,TX+,TX,TX,TX,TX,TX,TX,TX,TX,TX,TX,TX,TX,TX,TX,TX,TX,TX,TX,TX,TX,TX,TX,TX,TX,TX,TX,T,TX,TX,HX,T,T,TX,TX,TX,TX,TX,TX,TX,TX,TX,TX,TX,TX,TX,TX,TX,TX,TX,TX,TX,TX,TX,TX+,TX,TX,TX,TX,TX,TX,TX,TX,TX,TX,TX+,TX,TX,TX,TX,TX,TX,TX,TX,TX,TX,TX,TX,TX,TX,TX,TX,TX,TX,TX,TX,TX,TX,TX,TX,TX,TX,TX,TX,TX,TX,TX,TX,TX,TX,TX,TX,TX,TX,TX,TX,TX,TX,TX,TX,TX,TX,TX,TX,TX,TX,TX,TX,TX,TX,TX,TX,TX,TX,HX,HX,HX,H,TX,TX,HX,TX,TX,TX,TX,TX,TX,TX,TX,HX,TX,TX,TX,TX,TX,TX,TX,TX,TX,TX,TX,TX,TX,TX,TX,TX,TX,TX,TX,TX,TX,TX,TX,TX,TX,TX,TX,TX,TX,TX,TX,TX,TX,TX,TX,TX,TX,TX,TX,TX,HX,HO,TX,TX,TX,TX,TX,TX,H-,TX,TX,TX,HX,HO,TX,TX,TX,TX,H-,HX,HX,TX
419,Valeraldehyde,BA+,BA+,BA,BA,BA,BA,BA,BA,BA,BA,BA,BA,BA,BA,BA,BA,BA,BA,BA,BA,BA,BA,BA,BA,BA,BA,BA,BA,BA,BA,BA,BA,BA,BA,BA,BA,BA,BA,BA,BA,BA,BA-,BA,BA,BA,BA,BA,BA,BA,BA,BA,BA-,BA,BA,BA,BA,BA,BA,BA,BA-,BA-,BA,BA,BA,BA,BA,BA,BA,BA,BA,BA,BA,BA,BA,BA,BA,BA,BA,BA,BA,BA,BA,BA,BA,BA,BA,BA,BA,BA,BA,BA,BA,BA,BA,BA,BA,BA,BA,BA,BA,BA,BA,BA,BA,BA,BA,BA,BA,BA,BA,BA,BA,BA,BA,BA,BA,BA,BA,BA,BA+,BA,BA,BA,BA,BA,BA,BA,BA,BA,BA,BA,BA,BA,BA,BA,BA,BA,BA,BA+,BA,BA,BA,BA,BA,BA,BA,BA,BA,BA,BA,BA,BA,BA,BA,BA,BA,BA,BA,BA,BA,BA-,BA-,BA-,BA,BA,BA,BA,BA,BA,BA,BA,BA,BA,BA,BA,BA,BA,BA,BA,BA+,BA,BA,BA,BA,BA+,BA,BA,BA,BA,BA,BA,BA,BA,BA,BA,BA,BA,BA,BA,BA,BA,BA,BA,BA,BA,BA,BA,BA,BA,BA,BA,BA,BA,BA,BA,BA,BA,BA,BA,BA,BA,BA,BA,BA,BA,BA,BA,BA,BA,BA+,BA,BA,BA,BA,BA,BA,BA,BA,BA,BA,BA,BA,BA,BA,BA,BA,BA,BA,BA,BA,BA,BA,BA,BA,BA,BA,BA,BA,BA,BA,BA,BA,BA,BA,BA,BA,BA,BA,BA,BA,BA,BA,BA,BA,BA,BA,BA,BA,BA,BA,BA,BA,BA,BA+,BA,BA,BA,BA,BA,BA,BA,BA,BA,BA,BA+,BA,BA,BA,BA,BA,BA,BA,BA,BA,BA,BA,BA,BA,BA,BA,BA,BA,BA,BA,BA,BA,BA,BA,BA,BA,BA,BA,BA,BA,BA,BA,BA,BA,BA,BA,BA,BA,BA,BA,BA,BA,BA,BA,BA,BA,BA,BA,BA,BA,BA,BA,BA,BA,BA,BA,BA,BA,BA,BA,BA,BA,BA,BA,BA,BA,BA,BA,BA,BA,BA,BA,BA,BA,BA,BA,BA,BA,BA,BA,BA,BA,BA,BA,BA,BA,BA,BA,BA,BA,BA,BA,BA,BA,BA,BA,BA,BA,BA,BA,BA,BA,BA,BA,BA,BA,BA,BA,BA,BA,BA,BA,BA,BA,BA,BA,BA,BA,BA,BA,BA,BA,BA,BA-,X,BA,BA,BA,BA,BA,BA,BA,BA,BA-,BA,BA,BA
420,[420] VARSOLS,DH+,DH+,DH,DH,DH,CF,DH,DH,DH,DH,DH,DH,DH,DH,DH,DH,DH,DH,DH,CF,DH,DH,DH,DH,DH,DH,DH,DH,CF,CF,CF,CF,DH,DH,DH,DH,DH,DH,DH,DH,DH,CF-,DH,CF,DH,DH,DH,DH,DH,DH,DH,CF-,CF,CF,CF,CF,CF,DH,DH,CF-,CF-,DH,CF,DH,DH,DH,DH,DH,DH,DH,DH,DH,DH,DH,DH,DH,DH,DH,DH,DH,CF,DH,DH,DH,DH,DH,DH,DH,DH,DH,DH,DH,DH,DH,DH,DH,DH,DH,DH,DH,DH,DH,DH,DH,DH,DH,DH,DH,DH,DH,DH,DH,DH,DH,DH,DH,DH,DH,DH,DH+,DH,DH,DH,DH,DH,DH,DH,DH,DH,DH,DH,DH,DH,DH,DH,DH,DH,DH,DH+,DH,DH,DH,DH,DH,DH,DH,DH,DH,DH,DH,DH,CF,CF,CF,CF,DH,DH,DH,DH,DH,CF-,CF-,CF-,DH,DH,CF,CF,CF,CF,CF,CF,DH,DH,DH,DH,CF,CF,DH,DH,DH+,DH,DH,DH,DH,DH+,DH,DH,CF,CF,CF,DH,DH,DH,DH,DH,DH,CF,DH,DH,DH,DH,DH,DH,DH,DH,DH,DH,DH,DH,DH,CF,CF,DH,DH,CF,DH,CF,DH,CF,DH,CF,CF,CF,CF,DH,DH,DH,DH,DH,DH+,DH,DH,DH,DH,DH,DH,DH,DH,DH,DH,DH,DH,DH,DH,DH,DH,DH,DH,DH,DH,DH,DH,DH,DH,CF,DH,CF,CF,DH,CF,CF,CF,DH,CF,DH,DH,DH,DH,DH,DH,DH,DH,DH,DH,DH,DH,DH,DH,DH,DH,DH,DH,DH,DH+,DH,DH,DH,DH,DH,DH,DH,DH,DH,DH,DH+,DH,CF,DH,DH,DH,DH,DH,CF,CF,CF,CF,CF,CF,CF,CF,CF,CF,CF,CF,CF,DH,CF,DH,DH,DH,DH,DH,DH,CF,CF,DH,CF,DH,DH,DH,CF,DH,DH,DH,CF,DH,DH,DH,DH,DH,DH,DH,DH,DH,DH,DH,DH,DH,DH,DH,CF,CF,CF,CF,CF,CF,CF,CF,DH,CF,CF,CF,CF,CF,DH,CF,DH,DH,CF,CF,DH,DH,DH,CF,CF,CF,CF,CF,DH,DH,DH,DH,DH,DH,DH,DH,DH,DH,DH,DH,DH,DH,DH,DH,DH,DH,DH,DH,DH,DH,DH,DH,DH,DH,DH,DH,DH,DH,CF,CF,CF,DH,CF,CF,CF,CF,CF,CF-,DH,X,CF,CF,CF,DH,DH,DH,DH,CF-,DH,DH,DH
421,Vegetable Acid Oils,PB+,PB+,PB,PB,PB,PB,PB,PB,PB,PB,PB,PB,PB,PB,PB,PB,PB,PB,PB,PB,HY,HY,HY,PB,PB,PB,PB,PB,PB,PB,PB,PB,PB,PB,PB,PB,PB,PB,PB,PB,PB,PB-,PB,PB,PB,PB,PB,PB,PB,PB,PB,PB-,PB,PB,PB,PB,PB,PB,PB,PB-,PB-,PB,PB,PB,PB,PB,PB,PB,PB,PB,PB,PB,PB,PB,PB,PB,PB,PB,PB,PB,PB,PB,PB,PB,PB,PB,PB,PB,PB,PB,PB,PB,PB,PB,PB,PB,PB,PB,PB,PB,PB,PB,PB,PB,PB,PB,PB,PB,PB,PB,PB,PB,PB,PB,PB,PB,PB,PB,PB,PB+,PB,PB,PB,PB,PB,PB,PB,PB,PB,PB,PB,PB,PB,PB,PB,PB,PB,PB,PB+,PB,PB,PB,PB,PB,PB,PB,PB,PB,PB,PB,PB,PB,PB,PB,PB,PB,PB,PB,PB,PB,PB-,PB-,PB-,PB,PB,PB,PB,PB,PB,PB,PB,PB,PB,PB,PB,PB,PB,PB,PB,PB+,PB,PB,PB,PB,PB+,PB,PB,PB,PB,PB,PB,PB,PB,PB,PB,PB,PB,PB,PB,PB,PB,PB,PB,PB,PB,PB,PB,PB,PB,HY,PB,PB,PB,PB,PB,PB,PB,PB,PB,PB,PB,PB,PB,PB,PB,PB,PB,PB,PB,PB+,PB,PB,PB,PB,PB,PB,PB,PB,PB,PB,PB,PB,PB,PB,PB,PB,PB,PB,PB,PB,PB,PB,PB,PB,PB,PB,PB,PB,PB,PB,PB,PB,PB,PB,PB,PB,PB,PB,PB,PB,PB,PB,PB,PB,PB,PB,PB,PB,PB,PB,PB,PB,PB,PB+,PB,PB,PB,PB,PB,PB,PB,PB,PB,PB,PB+,PB,PB,PB,PB,PB,PB,PB,PB,PB,PB,PB,PB,PB,PB,PB,PB,PB,PB,PB,PB,PB,PB,PB,PB,PB,PB,PB,PB,PB,PB,PB,PB,PB,PB,PB,PB,PB,PB,PB,PB,PB,PB,PB,PB,PB,PB,PB,PB,PB,PB,PB,PB,PB,PB,PB,PB,PB,PB,PB,PB,PB,PB,PB,PB,PB,PB,PB,PB,PB,PB,PB,PB,PB,PB,PB,PB,PB,PB,PB,PB,PB,PB,PB,PB,PB,PB,PB,PB,PB,PB,PB,PB,PB,PB,PB,PB,PB,PB,PB,PB,PB,PB,PB,PB,PB,PB,PB,PB,PB,PB,PB,PB,PB,PB,PB,PB,PB,PB,PB,PB,PB,PB,PB-,PB,PB,X,PB,PB,PB,PB,PB,PB,PB-,PB,PB,PB
422,Very Low Sulphur Fuel Oil DM Grade,IJ+,IJ+,IJ,IJ,IJ,IJ,IJ,IJ,IJ,IJ,IJ,IJ,IJ,IJ,IJ,IJ,IJ,IJ,IJ,H,HH,H,H,IJ,IJ,IJ,IJ,IJ,HH,HH,HH,HH,IJ,IJ,IJ,IJ,IJ,IJ,IJ,IJ,IJ,DF-,IJ,IJ,IJ,IJ,IJ,IJ,IJ,IJ,IJ,DF-,DF,IJ,IJ,IJ,DF,IJ,IJ,H-,H-,IJ,H,IJ,IJ,IJ,IJ,IJ,IJ,IJ,IJ,IJ,IJ,IJ,IJ,IJ,IJ,IJ,IJ,IJ,H,IJ,IJ,IJ,IJ,IJ,IJ,IJ,IJ,IJ,IJ,IJ,IJ,IJ,IJ,IJ,IJ,IJ,IJ,IJ,IJ,IJ,IJ,IJ,IJ,IJ,IJ,IJ,IJ,IJ,IJ,IJ,IJ,IJ,IJ,IJ,IJ,IJ,IJ,IJ+,IJ,IJ,IJ,IJ,IJ,IJ,IJ,IJ,IJ,IJ,IJ,IJ,IJ,IJ,IJ,IJ,IJ,IJ,IJ+,IJ,IJ,IJ,IJ,IJ,IJ,IJ,IJ,IJ,IJ,IJ,IJ,IJ,DF,IJ,IJ,IJ,IJ,IJ,IJ,IJ,H-,H-,H-,IJ,IJ,H,H,H,H,H,H,IJ,IJ,IJ,IJ,IJ,HB,IJ,IJ,IJ+,IJ,IJ,IJ,IJ,IJ+,IJ,IJ,H,HB,H,IJ,IJ,IJ,IJ,IJ,IJ,H,IJ,IJ,IJ,IJ,IJ,IJ,IJ,IJ,IJ,IJ,IJ,IJ,H,H,H,IJ,IJ,IJ,IJ,IJ,IJ,H,IJ,IJ,DF,H,IJ,IJ,IJ,IJ,IJ,IJ,IJ+,IJ,IJ,IJ,IJ,IJ,IJ,IJ,IJ,IJ,IJ,IJ,IJ,IJ,IJ,IJ,IJ,IJ,IJ,IJ,IJ,IJ,IJ,IJ,IJ,IJ,IJ,H,IJ,IJ,HB,H,H,IJ,IJ,IJ,IJ,IJ,IJ,IJ,IJ,IJ,IJ,IJ,IJ,IJ,IJ,IJ,IJ,IJ,IJ,IJ,IJ,IJ,IJ+,IJ,IJ,IJ,IJ,IJ,IJ,IJ,IJ,IJ,IJ,IJ+,IJ,IJ,IJ,IJ,IJ,IJ,IJ,IJ,IJ,IJ,IJ,DF,IJ,IJ,IJ,IJ,IJ,IJ,IJ,IJ,IJ,IJ,IJ,IJ,IJ,IJ,IJ,IJ,IJ,IJ,IJ,IJ,IJ,IJ,IJ,IJ,IJ,IJ,IJ,IJ,IJ,IJ,IJ,IJ,IJ,IJ,IJ,IJ,IJ,IJ,IJ,IJ,IJ,IJ,IJ,DF,IJ,IJ,HB,H,HB,H,IJ,IJ,H,DF,IJ,DF,IJ,IJ,IJ,IJ,IJ,H,IJ,IJ,IJ,IJ,IJ,IJ,DF,DF,IJ,IJ,IJ,IJ,IJ,IJ,IJ,IJ,IJ,IJ,IJ,IJ,IJ,IJ,IJ,IJ,IJ,IJ,IJ,IJ,IJ,IJ,IJ,IJ,IJ,IJ,IJ,IJ,IJ,IJ,IJ,IJ,H,H,IJ,IJ,IJ,IJ,IJ,DF,H-,IJ,IJ,IJ,H,H,IJ,IJ,IJ,IJ,H-,H,H,IJ
423,Very Low Sulphur Fuel Oil RM Grade,TX+,TX+,TX,TX,TX,TX,TX,TX,TX,TX,TX,TX,TX,TX,TX,TX,TX,TX,TX,HX,HY,HY,HY,TX,TX,TX,TX,TX,HX,HX,HX,HX,TX,TX,TX,TX,TX,TX,TX,TX,TX,TA-,TX,TX,TX,TX,TX,TX,TX,TX,TX,TA-,TX,TX,TX,TX,T,TX,TX,H-,H-,TX,H,TX,TX,TX,TX,TX,TX,TX,TX,TX,TX,TX,TX,TX,TX,TX,TX,TX,HX,TX,TX,TX,TX,TX,TX,TX,TX,TX,TX,TX,TX,TX,TX,TX,TX,TX,TX,TX,TX,TX,TX,TX,TX,TX,TX,TX,TX,TX,TX,TX,TX,TX,TX,TX,TX,TX,TX,TX+,TX,TX,TX,TX,TX,TX,TX,TX,TX,TX,TX,TX,TX,TX,TX,TX,TX,TX,TX+,TX,TX,TX,TX,TX,TX,TX,TX,TX,TX,TX,TX,TX,TX,TX,TX,TX,TX,TX,TX,TX,H-,H-,H-,TX,TX,T,T,T,HX,HX,HX,TX,TX,TX,TX,TX,HX,TX,TX,TX+,TX,TX,TX,TX,TX+,TX,TX,HX,HX,HX,TX,TX,TX,TX,TX,TX,HX,TX,TX,TX,TX,TX,TX,TX,TX,TX,TX,TX,TX,HY,HX,HX,TX,TX,TX,TX,TX,TX,HI,TX,TX,TX,HX,TX,TX,TX,TX,TX,TX,TX+,TX,TX,TX,TX,TX,TX,TX,TX,TX,TX,TX,TX,TX,TX,TX,TX,TX,TX,TX,TX,TX,TX,TX,TX,TX,TX,HX,TX,TX,HX,HX,HX,TX,TX,TX,TX,TX,TX,TX,TX,TX,TX,TX,TX,TX,TX,TX,TX,TX,TX,TX,TX,TX,TX+,TX,TX,TX,TX,TX,TX,TX,TX,TX,TX,TX+,TX,TX,TX,TX,TX,TX,TX,TX,TX,TX,TX,TX,TX,TX,TX,TX,TX,TX,TX,TX,TX,TX,TX,TX,TX,TX,TX,TX,TX,TX,TX,TX,TX,TX,TX,TX,TX,TX,TX,TX,TX,TX,TX,TX,TX,TX,TX,TX,TX,TX,TX,TX,TX,TX,TX,TX,TX,TX,HX,HX,HX,H,TX,TX,HX,TX,TX,TX,TX,TX,TX,TX,TX,HX,TX,TX,TX,TX,TX,TX,TX,TX,TX,TX,TX,TX,TX,TX,TX,TX,TX,TX,TX,TX,TX,TX,TX,TX,TX,TX,TX,TX,TX,TX,TX,TX,TX,TX,TX,TX,TX,TX,TX,TX,HX,H,TX,TX,TX,TX,TX,TX,H-,TX,TX,TX,HX,H,TX,TX,TX,TX,H-,HX,HX,TX
424,Vinyl Ethyl Ether,B+,B+,B,B,B,B,B,B,B,B,B,B,B,B,B,B,B,B,B,B,B,B,B,B,B,B,B,B,B,B,B,B,B,B,B,B,B,B,B,B,B,B-,B,B,B,B,B,B,B,B,B,B-,B,B,B,B,B,B,B,B-,B-,B,B,B,B,B,B,B,B,B,B,B,B,B,B,B,B,B,B,B,B,B,B,B,B,B,B,B,B,B,B,B,B,B,B,B,B,B,B,B,B,B,B,B,B,B,B,B,B,B,B,B,B,B,B,B,B,B,B,B+,B,B,B,B,B,B,B,B,B,B,B,B,B,B,B,B,B,B,B+,B,B,B,B,B,B,B,B,B,B,B,B,B,B,B,B,B,B,B,B,B,B-,B-,B-,B,B,B,B,B,B,B,B,B,B,B,B,B,B,B,B,B+,B,B,B,B,B+,B,B,B,B,B,B,B,B,B,B,B,B,B,B,B,B,B,B,B,B,B,B,B,B,B,B,B,B,B,B,B,B,B,B,B,B,B,B,B,B,B,B,B,B,B+,B,B,B,B,B,B,B,B,B,B,B,B,B,B,B,B,B,B,B,B,B,B,B,B,B,B,B,B,B,B,B,B,B,B,B,B,B,B,B,B,B,B,B,B,B,B,B,B,B,B,B,B,B,B+,B,B,B,B,B,B,B,B,B,B,B+,B,B,B,B,B,B,B,B,B,B,B,B,B,B,B,B,B,B,B,B,B,B,B,B,B,B,B,B,B,B,B,B,B,B,B,B,B,B,B,B,B,B,B,B,B,B,B,B,B,B,B,B,B,B,B,B,B,B,B,B,B,B,B,B,B,B,B,B,B,B,B,B,B,B,B,B,B,B,B,B,B,B,B,B,B,B,B,B,B,B,B,B,B,B,B,B,B,B,B,B,B,B,B,B,B,B,B,B,B,B,B,B,B,B,B,B,B,B,B,B,B,B,B-,B,B,B,B,B,X,B,B,B,B-,B,B,B
425,Vinyl Acetate,C+,C+,C,C,C,C,C,C,C,C,C,C,C,C,C,C,C,C,C,C,C,C,C,C,C,C,C,C,C,C,C,C,C,C,C,C,C,C,C,C,C,C-,C,C,C,C,C,C,C,C,C,C-,C,C,C,C,C,C,C,C-,C-,C,C,C,C,C,C,C,C,C,C,C,C,C,C,C,C,C,C,C,C,C,C,C,C,C,C,C,C,C,C,C,C,C,C,C,C,C,C,C,C,C,C,C,C,C,C,C,C,C,C,C,C,C,C,C,C,C,C,C+,C,C,C,C,C,C,C,C,C,C,C,C,C,C,C,C,C,C,C+,C,C,C,C,C,C,C,C,C,C,C,C,C,C,C,C,C,C,C,C,C,C-,C-,C-,C,C,C,C,C,C,C,C,C,C,C,C,C,C,C,C,C+,C,C,C,C,C+,C,C,C,C,C,C,C,C,C,C,C,C,C,C,C,C,C,C,C,C,C,C,C,C,C,C,C,C,C,C,C,C,C,C,C,C,C,C,C,C,C,C,C,C,C+,C,C,C,C,C,C,C,C,C,C,C,C,C,C,C,C,C,C,C,C,C,C,C,C,C,C,C,C,C,C,C,C,C,C,C,C,C,C,C,C,C,C,C,C,C,C,C,C,C,C,C,C,C,C+,C,C,C,C,C,C,C,C,C,C,C+,C,C,C,C,C,C,C,C,C,C,C,C,C,C,C,C,C,C,C,C,C,C,C,C,C,C,C,C,C,C,C,C,C,C,C,C,C,C,C,C,C,C,C,C,C,C,C,C,C,C,C,C,C,C,C,C,C,C,C,C,C,C,C,C,C,C,C,C,C,C,C,C,C,C,C,C,C,C,C,C,C,C,C,C,C,C,C,C,C,C,C,C,C,C,C,C,C,C,C,C,C,C,C,C,C,C,C,C,C,C,C,C,C,C,C,C,C,C,C,C,C,C,C-,C,C,C,C,C,C,X,C,C,C-,C,C,C
426,Vinylidene Chloride,CA+,CA+,CA,CA,CA,CA,CA,CA,CA,CA,CA,CA,CA,CA,CA,CA,CA,CA,CA,CA,CA,CA,CA,CA,CA,CA,CA,CA,CA,CA,CA,CA,CA,CA,CA,CA,CA,CA,CA,CA,CA,CA-,CA,CA,CA,CA,CA,CA,CA,CA,CA,CA-,CA,CA,CA,CA,CA,CA,CA,CA-,CA-,CA,CA,CA,CA,CA,CA,CA,CA,CA,CA,CA,CA,CA,CA,CA,CA,CA,CA,CA,CA,CA,CA,CA,CA,CA,CA,CA,CA,CA,CA,CA,CA,CA,CA,CA,CA,CA,CA,CA,CA,CA,CA,CA,CA,CA,CA,CA,CA,CA,CA,CA,CA,CA,CA,CA,CA,CA,CA,CA+,CA,CA,CA,CA,CA,CA,CA,CA,CA,CA,CA,CA,CA,CA,CA,CA,CA,CA,CA+,CA,CA,CA,CA,CA,CA,CA,CA,CA,CA,CA,CA,CA,CA,CA,CA,CA,CA,CA,CA,CA,CA-,CA-,CA-,CA,CA,CA,CA,CA,CA,CA,CA,CA,CA,CA,CA,CA,CA,CA,CA,CA+,CA,CA,CA,CA,CA+,CA,CA,CA,CA,CA,CA,CA,CA,CA,CA,CA,CA,CA,CA,CA,CA,CA,CA,CA,CA,CA,CA,CA,CA,CA,CA,CA,CA,CA,CA,CA,CA,CA,CA,CA,CA,CA,CA,CA,CA,CA,CA,CA,CA,CA+,CA,CA,CA,CA,CA,CA,CA,CA,CA,CA,CA,CA,CA,CA,CA,CA,CA,CA,CA,CA,CA,CA,CA,CA,CA,CA,CA,CA,CA,CA,CA,CA,CA,CA,CA,CA,CA,CA,CA,CA,CA,CA,CA,CA,CA,CA,CA,CA,CA,CA,CA,CA,CA,CA+,CA,CA,CA,CA,CA,CA,CA,CA,CA,CA,CA+,CA,CA,CA,CA,CA,CA,CA,CA,CA,CA,CA,CA,CA,CA,CA,CA,CA,CA,CA,CA,CA,CA,CA,CA,CA,CA,CA,CA,CA,CA,CA,CA,CA,CA,CA,CA,CA,CA,CA,CA,CA,CA,CA,CA,CA,CA,CA,CA,CA,CA,CA,CA,CA,CA,CA,CA,CA,CA,CA,CA,CA,CA,CA,CA,CA,CA,CA,CA,CA,CA,CA,CA,CA,CA,CA,CA,CA,CA,CA,CA,CA,CA,CA,CA,CA,CA,CA,CA,CA,CA,CA,CA,CA,CA,CA,CA,CA,CA,CA,CA,CA,CA,CA,CA,CA,CA,CA,CA,CA,CA,CA,CA,CA,CA,CA,CA,CA,CA,CA,CA,CA,CA,CA-,CA,CA,CA,CA,CA,CA,CA,X,CA,CA-,CA,CA,CA
427,Vinyltoluenes (Mixed Isomers),BE+,BE+,BE,BE,BE,BE,BE,BE,BE,BE,BE,BE,BE,BE,BE,BE,BE,BE,BE,BE,BE,BE,BE,BE,BE,BE,BE,BE,BE,BE,BE,BE,BE,BE,BE,BE,BE,BE,BE,BE,BE,BE-,BE,BE,BE,BE,BE,BE,BE,BE,BE,BE-,BE,BE,BE,BE,BE,BE,BE,BE-,BE-,BE,BE,BE,BE,BE,BE,BE,BE,BE,BE,BE,BE,BE,BE,BE,BE,BE,BE,BE,BE,BE,BE,BE,BE,BE,BE,BE,BE,BE,BE,BE,BE,BE,BE,BE,BE,BE,BE,BE,BE,BE,BE,BE,BE,BE,BE,BE,BE,BE,BE,BE,BE,BE,BE,BE,BE,BE,BE,BE+,BE,BE,BE,BE,BE,BE,BE,BE,BE,BE,BE,BE,BE,BE,BE,BE,BE,BE,BE+,BE,BE,BE,BE,BE,BE,BE,BE,BE,BE,BE,BE,BE,BE,BE,BE,BE,BE,BE,BE,BE,BE-,BE-,BE-,BE,BE,BE,BE,BE,BE,BE,BE,BE,BE,BE,BE,BE,BE,BE,BE,BE+,BE,BE,BE,BE,BE+,BE,BE,BE,BE,BE,BE,BE,BE,BE,BE,BE,BE,BE,BE,BE,BE,BE,BE,BE,BE,BE,BE,BE,BE,BE,BE,BE,BE,BE,BE,BE,BE,BE,BE,BE,BE,BE,BE,BE,BE,BE,BE,BE,BE,BE+,BE,BE,BE,BE,BE,BE,BE,BE,BE,BE,BE,BE,BE,BE,BE,BE,BE,BE,BE,BE,BE,BE,BE,BE,BE,BE,BE,BE,BE,BE,BE,BE,BE,BE,BE,BE,BE,BE,BE,BE,BE,BE,BE,BE,BE,BE,BE,BE,BE,BE,BE,BE,BE,BE+,BE,BE,BE,BE,BE,BE,BE,BE,BE,BE,BE+,BE,BE,BE,BE,BE,BE,BE,BE,BE,BE,BE,BE,BE,BE,BE,BE,BE,BE,BE,BE,BE,BE,BE,BE,BE,BE,BE,BE,BE,BE,BE,BE,BE,BE,BE,BE,BE,BE,BE,BE,BE,BE,BE,BE,BE,BE,BE,BE,BE,BE,BE,BE,BE,BE,BE,BE,BE,BE,BE,BE,BE,BE,BE,BE,BE,BE,BE,BE,BE,BE,BE,BE,BE,BE,BE,BE,BE,BE,BE,BE,BE,BE,BE,BE,BE,BE,BE,BE,BE,BE,BE,BE,BE,BE,BE,BE,BE,BE,BE,BE,BE,BE,BE,BE,BE,BE,BE,BE,BE,BE,BE,BE,BE,BE,BE,BE,BE,BE,BE,BE,BE,BE,BE-,BE,BE,BE,BE,BE,BE,BE,BE,X,BE-,BE,BE,BE
428,Waxy Residues,TX+,TX+,TX,TX,TX,TX,TX,TX,TX,TX,TX,TX,TX,TX,TX,TX,TX,TX,TX,HX,HY,HY,HY,TX,TX,TX,TX,TX,HX,HX,HX,HX,TX,TX,TX,TX,TX,TX,TX,TX,TX,TA-,TX,TX,TX,TX,TX,TX,TX,TX,TX,TA-,TX,TX,TX,TX,T,TX,TX,H-,H-,TX,H,TX,TX,TX,TX,TX,TX,TX,TX,TX,TX,TX,TX,TX,TX,TX,TX,TX,HX,TX,TX,TX,TX,TX,TX,TX,TX,TX,TX,TX,TX,TX,TX,TX,TX,TX,TX,TX,TX,TX,TX,TX,TX,TX,TX,TX,TX,TX,TX,TX,TX,TX,TX,TX,TX,TX,TX,TX+,TX,TX,TX,TX,TX,TX,TX,TX,TX,TX,TX,TX,TX,TX,TX,TX,TX,TX,TX+,TX,TX,TX,TX,TX,TX,TX,TX,TX,TX,TX,TX,TX,TX,TX,TX,TX,TX,TX,TX,TX,H-,H-,H-,TX,TX,T,T,T,HX,HX,HX,TX,TX,TX,TX,TX,HX,TX,TX,TX+,TX,TX,TX,TX,TX+,TX,TX,HX,HX,HX,TX,TX,TX,TX,TX,TX,HX,TX,TX,TX,TX,TX,TX,TX,TX,TX,TX,TX,TX,HY,HX,HX,TX,TX,TX,TX,TX,TX,HI,TX,TX,TX,HX,TX,TX,TX,TX,TX,TX,TX+,TX,TX,TX,TX,TX,TX,TX,TX,TX,TX,TX,TX,TX,TX,TX,TX,TX,TX,TX,TX,TX,TX,TX,TX,TX,TX,HX,TX,TX,HX,HX,HX,TX,TX,TX,TX,TX,TX,TX,TX,TX,TX,TX,TX,TX,TX,TX,TX,TX,TX,TX,TX,TX,TX+,TX,TX,TX,TX,TX,TX,TX,TX,TX,TX,TX+,TX,TX,TX,TX,TX,TX,TX,TX,TX,TX,TX,TX,TX,TX,TX,TX,TX,TX,TX,TX,TX,TX,TX,TX,TX,TX,TX,TX,TX,TX,TX,TX,TX,TX,TX,TX,TX,TX,TX,TX,TX,TX,TX,TX,TX,TX,TX,TX,TX,TX,TX,TX,TX,TX,TX,TX,TX,TX,HX,HX,HX,H,TX,TX,HX,TX,TX,TX,TX,TX,TX,TX,TX,HX,TX,TX,TX,TX,TX,TX,TX,TX,TX,TX,TX,TX,TX,TX,TX,TX,TX,TX,TX,TX,TX,TX,TX,TX,TX,TX,TX,TX,TX,TX,TX,TX,TX,TX,TX,TX,TX,TX,TX,TX,HX,HO,TX,TX,TX,TX,TX,TX,H-,TX,TX,TX,HX,HO,TX,TX,TX,TX,H-,HX,HX,TX
429,White Spirit High Aromatic,DH+,DH+,DH,DH,DH,CF,DH,DH,DH,DH,DH,DH,DH,DH,DH,DH,DH,DH,DH,HM,HH,HH,HH,DH,DH,DH,DH,DH,HH,HH,HH,HH,DH,DH,DH,DH,DH,DH,DH,DH,DH,CF-,DH,CF,DH,DH,DH,DH,DH,DH,DH,CF-,CF,CF,CF,CF,CF,DH,DH,H-,H-,DH,HC,DH,DH,DH,DH,DH,DH,DH,DH,DH,DH,DH,DH,DH,DH,DH,DH,DH,HA,DH,DH,DH,DH,DH,DH,DH,DH,DH,DH,DH,DH,DH,DH,DH,DH,DH,DH,DH,DH,DH,DH,DH,DH,DH,DH,DH,DH,DH,DH,DH,DH,DH,DH,DH,DH,DH,DH,DH+,DH,DH,DH,DH,DH,DH,DH,DH,DH,DH,DH,DH,DH,DH,DH,DH,DH,DH,DH+,DH,DH,DH,DH,DH,DH,DH,DH,DH,DH,DH,DH,CF,CF,CF,CF,DH,DH,DH,DH,DH,HC-,HC-,HC-,DH,DH,HA,HA,HA,H,H,HM,DH,DH,DH,DH,CF,H,DH,DH,DH+,DH,DH,DH,DH,DH+,DH,DH,HM,H,HM,DH,DH,DH,DH,DH,DH,H,DH,DH,DH,DH,DH,DH,DH,DH,DH,DH,DH,DH,HH,HA,HA,DH,DH,CF,DH,CF,DH,HC,DH,CF,CF,HM,CF,DH,DH,DH,DH,DH,DH+,DH,DH,DH,DH,DH,DH,DH,DH,DH,DH,DH,DH,DH,DH,DH,DH,DH,DH,DH,DH,DH,DH,DH,DH,CF,DH,H,CF,DH,H,H,H,DH,CF,DH,DH,DH,DH,DH,DH,DH,DH,DH,DH,DH,DH,DH,DH,DH,DH,DH,DH,DH,DH+,DH,DH,DH,DH,DH,DH,DH,DH,DH,DH,DH+,DH,CF,DH,DH,DH,DH,DH,CF,CF,CF,CF,CF,CF,CF,CF,CF,CF,CF,CF,CF,DH,CF,DH,DH,DH,DH,DH,DH,CF,CF,DH,CF,DH,DH,DH,CF,DH,DH,DH,CF,DH,DH,DH,DH,DH,DH,DH,DH,DH,DH,DH,DH,DH,DH,DH,CF,CF,CF,H,HM,H,HC,CF,DH,HA,CF,D,CF,CF,DH,CF,DH,DH,H,CF,DH,DH,DH,CF,CF,CF,CF,CF,DH,DH,DH,DH,DH,DH,DH,DH,DH,DH,DH,DH,DH,DH,DH,DH,DH,DH,DH,DH,DH,DH,DH,DH,DH,DH,DH,DH,DH,DH,CF,HM,HC,DH,CF,CF,CF,CF,CF,HD-,DH,CF,CF,HM,HC,DH,DH,DH,DH,HC-,H,H,DH
430,White Spirit Low (15–20%) Aromatic,DH+,DH+,DH,DH,DH,CF,DH,DH,DH,DH,DH,DH,DH,DH,DH,DH,DH,DH,DH,HM,HH,HH,HH,DH,DH,DH,DH,DH,HH,HH,HH,HH,DH,DH,DH,DH,DH,DH,DH,DH,DH,CF-,DH,CF,DH,DH,DH,DH,DH,DH,DH,CF-,CF,CF,CF,CF,CF,DH,DH,H-,H-,DH,HC,DH,DH,DH,DH,DH,DH,DH,DH,DH,DH,DH,DH,DH,DH,DH,DH,DH,HA,DH,DH,DH,DH,DH,DH,DH,DH,DH,DH,DH,DH,DH,DH,DH,DH,DH,DH,DH,DH,DH,DH,DH,DH,DH,DH,DH,DH,DH,DH,DH,DH,DH,DH,DH,DH,DH,DH,DH+,DH,DH,DH,DH,DH,DH,DH,DH,DH,DH,DH,DH,DH,DH,DH,DH,DH,DH,DH+,DH,DH,DH,DH,DH,DH,DH,DH,DH,DH,DH,DH,CF,CF,CF,CF,DH,DH,DH,DH,DH,HC-,HC-,HC-,DH,DH,HA,HA,HA,H,H,HM,DH,DH,DH,DH,CF,H,DH,DH,DH+,DH,DH,DH,DH,DH+,DH,DH,HM,H,HM,DH,DH,DH,DH,DH,DH,H,DH,DH,DH,DH,DH,DH,DH,DH,DH,DH,DH,DH,HH,HA,HA,DH,DH,CF,DH,CF,DH,HC,DH,CF,CF,HM,CF,DH,DH,DH,DH,DH,DH+,DH,DH,DH,DH,DH,DH,DH,DH,DH,DH,DH,DH,DH,DH,DH,DH,DH,DH,DH,DH,DH,DH,DH,DH,CF,DH,H,CF,DH,H,H,H,DH,CF,DH,DH,DH,DH,DH,DH,DH,DH,DH,DH,DH,DH,DH,DH,DH,DH,DH,DH,DH,DH+,DH,DH,DH,DH,DH,DH,DH,DH,DH,DH,DH+,DH,CF,DH,DH,DH,DH,DH,CF,CF,CF,CF,CF,CF,CF,CF,CF,CF,CF,CF,CF,DH,CF,DH,DH,DH,DH,DH,DH,CF,CF,DH,CF,DH,DH,DH,CF,DH,DH,DH,CF,DH,DH,DH,DH,DH,DH,DH,DH,DH,DH,DH,DH,DH,DH,DH,CF,CF,CF,H,HM,H,HC,CF,DH,HA,CF,D,CF,CF,DH,CF,DH,DH,H,CF,DH,DH,DH,CF,CF,CF,CF,CF,DH,DH,DH,DH,DH,DH,DH,DH,DH,DH,DH,DH,DH,DH,DH,DH,DH,DH,DH,DH,DH,DH,DH,DH,DH,DH,DH,DH,DH,DH,CF,HM,HC,DH,CF,CF,CF,CF,CF,HD-,DH,CF,CF,HM,HC,DH,DH,DH,DH,HC-,H,H,DH
431,[431] XYLENES,C+,C+,C,C,C,C,C,C,C,C,C,C,C,C,C,C,C,C,C,C,C,C,C,C,C,C,C,C,C,C,C,C,C,C,C,C,C,C,C,C,C,C-,C,C,C,C,C,C,C,C,C,C-,C,C,C,C,C,C,C,C-,C-,C,C,C,C,C,C,C,C,C,C,C,C,C,C,C,C,C,C,C,C,C,C,C,C,C,C,C,C,C,C,C,C,C,C,C,C,C,C,C,C,C,C,C,C,C,C,C,C,C,C,C,C,C,C,C,C,C,C,C+,C,C,C,C,C,C,C,C,C,C,C,C,C,C,C,C,C,C,C+,C,C,C,C,C,C,C,C,C,C,C,C,C,C,C,C,C,C,C,C,C,C-,C-,C-,C,C,C,C,C,C,C,C,C,C,C,C,C,C,C,C,C+,C,C,C,C,C+,C,C,C,C,C,C,C,C,C,C,C,C,C,C,C,C,C,C,C,C,C,C,C,C,C,C,C,C,C,C,C,C,C,C,C,C,C,C,C,C,C,C,C,C,C+,C,C,C,C,C,C,C,C,C,C,C,C,C,C,C,C,C,C,C,C,C,C,C,C,C,C,C,C,C,C,C,C,C,C,C,C,C,C,C,C,C,C,C,C,C,C,C,C,C,C,C,C,C,C+,C,C,C,C,C,C,C,C,C,C,C+,C,C,C,C,C,C,C,C,C,C,C,C,C,C,C,C,C,C,C,C,C,C,C,C,C,C,C,C,C,C,C,C,C,C,C,C,C,C,C,C,C,C,C,C,C,C,C,C,C,C,C,C,C,C,C,C,C,C,C,C,C,C,C,C,C,C,C,C,C,C,C,C,C,C,C,C,C,C,C,C,C,C,C,C,C,C,C,C,C,C,C,C,C,C,C,C,C,C,C,C,C,C,C,C,C,C,C,C,C,C,C,C,C,C,C,C,C,C,C,C,C,C,C-,C,C,C,C,C,C,C,C,C,C-,C,C,X