Procedure Code,Procedure,Note
A,"Flushing of tanks and lines is advisable because liquid ROB is difficult to remove by ventilation only.
1. Rinse with ambient temperature fresh water for 20 minutes (Flushing of tank bottom and lines)
2. Vent, mop and dry",Flushing of tanks and lines is advisable because liquid ROB is difficult to remove by ventilation only.
A+,"Flushing of tanks and lines is advisable because liquid ROB is difficult to remove by ventilation only.
1. Rinse with ambient temperature fresh water for 20 minutes (Flushing of tank bottom and lines)
2. Vent, mop and dry 3. Cargo to be loaded requires an ultra-high cleanliness standard. Additional cleaning will usually be necessary to pass the wall wash standard.",Flushing of tanks and lines is advisable because liquid ROB is difficult to remove by ventilation only.
A-,"Flushing of tanks and lines is advisable because liquid ROB is difficult to remove by ventilation only.
1. Rinse with ambient temperature fresh water for 20 minutes (Flushing of tank bottom and lines)
2. Vent, mop and dry 3.Cargo to be loaded requires a less intensive cleaning than the procedure shown.",Flushing of tanks and lines is advisable because liquid ROB is difficult to remove by ventilation only.
AB,"1. Butterworth with ambient temperature sea water or fresh water for 30 minutes
2. Rinse with ambient temperature fresh water for 20 minutes (In case sea water has been used in step 1)
3. Vent, mop and dry",
AB+,"1. Butterworth with ambient temperature sea water or fresh water for 30 minutes
2. Rinse with ambient temperature fresh water for 20 minutes (In case sea water has been used in step 1)
3. Vent, mop and dry
4. Cargo to be loaded requires an ultra-high cleanliness standard. Additional cleaning will usually be necessary to pass the wall wash standard.",
AB-,"1. Butterworth with ambient temperature sea water or fresh water for 30 minutes
2. Rinse with ambient temperature fresh water for 20 minutes (In case sea water has been used in step 1)
3. Vent, mop and dry
4. Cargo to be loaded requires a less intensive cleaning than the procedure shown.",
AC,"Keep tank pressurized with nitrogen. Fill approximately 5 m³ of cold fresh water slowly into the tank via the loading line. Tank pressure decreases as the PO is absorbed. Pump water/PO mixture out. Don’t use BW machines !!! PO vapours are highly soluble in water, which could cause a vacuum-collapse of the tank. Eliminate all ignition sources.

1. Fill (Fill slowly 5 m³ cold fresh water over the loading line into the cargo tank. Thereafter pump PO/water slop out.)
2. Ventilation (Ventilate until tank is gas free)
3. Butterworth with ambient temperature fresh water for 40 minutes (Never start butterworth machines before tank is gas free because PO vapours are highly soluble in water, which could cause a vacuum-collapse of the tank.)
4. Vent, mop and dry",
AC+,"Keep tank pressurized with nitrogen. Fill approximately 5 m³ of cold fresh water slowly into the tank via the loading line. Tank pressure decreases as the PO is absorbed. Pump water/PO mixture out. Don’t use BW machines !!! PO vapours are highly soluble in water, which could cause a vacuum-collapse of the tank. Eliminate all ignition sources.

1. Fill (Fill slowly 5 m³ cold fresh water over the loading line into the cargo tank. Thereafter pump PO/water slop out.)
2. Ventilation (Ventilate until tank is gas free)
3. Butterworth with ambient temperature fresh water for 40 minutes (Never start butterworth machines before tank is gas free because PO vapours are highly soluble in water, which could cause a vacuum-collapse of the tank.)
4. Vent, mop and dry
5. Cargo to be loaded requires an ultra-high cleanliness standard. Additional cleaning will usually be necessary to pass the wall wash standard.",
AC-,"Keep tank pressurized with nitrogen. Fill approximately 5 m³ of cold fresh water slowly into the tank via the loading line. Tank pressure decreases as the PO is absorbed. Pump water/PO mixture out. Don’t use BW machines !!! PO vapours are highly soluble in water, which could cause a vacuum-collapse of the tank. Eliminate all ignition sources.

1. Fill (Fill slowly 5 m³ cold fresh water over the loading line into the cargo tank. Thereafter pump PO/water slop out.)
2. Ventilation (Ventilate until tank is gas free)
3. Butterworth with ambient temperature fresh water for 40 minutes (Never start butterworth machines before tank is gas free because PO vapours are highly soluble in water, which could cause a vacuum-collapse of the tank.)
4. Vent, mop and dry
5. Cargo to be loaded requires a less intensive cleaning than the procedure shown.",
B,"1. Butterworth with ambient temperature sea water for 1 hour
2. Rinse with ambient temperature fresh water for 20 minutes
3. Vent, mop and dry",
B+,"1. Butterworth with ambient temperature sea water for 1 hour
2. Rinse with ambient temperature fresh water for 20 minutes
3. Vent, mop and dry
4. Cargo to be loaded requires an ultra-high cleanliness standard. Additional cleaning will usually be necessary to pass the wall wash standard.",
B-,"1. Butterworth with ambient temperature sea water for 1 hour
2. Rinse with ambient temperature fresh water for 20 minutes
3. Vent, mop and dry
4. Cargo to be loaded requires a less intensive cleaning than the procedure shown.",
BA,"1. Butterworth with ambient temperature sea water for 1,5 hours
2. Rinse with ambient temperature fresh water for 20 minutes
3. Vent, mop and dry",
BA+,"1. Butterworth with ambient temperature sea water for 1,5 hours
2. Rinse with ambient temperature fresh water for 20 minutes
3. Vent, mop and dry
4. Cargo to be loaded requires an ultra-high cleanliness standard. Additional cleaning will usually be necessary to pass the wall wash standard.",
BA-,"1. Butterworth with ambient temperature sea water for 1,5 hours
2. Rinse with ambient temperature fresh water for 20 minutes
3. Vent, mop and dry
4. Cargo to be loaded requires a less intensive cleaning than the procedure shown.",
BB,"1. Butterworth with ambient temperature sea water for 2 hours (Extended cleaning time due to toxicity)
2. Rinse with ambient temperature fresh water for 20 minutes
3. Vent, mop and dry",
BB+,"1. Butterworth with ambient temperature sea water for 2 hours (Extended cleaning time due to toxicity)
2. Rinse with ambient temperature fresh water for 20 minutes
3. Vent, mop and dry
4. Cargo to be loaded requires an ultra-high cleanliness standard. Additional cleaning will usually be necessary to pass the wall wash standard.",
BB-,"1. Butterworth with ambient temperature sea water for 2 hours (Extended cleaning time due to toxicity)
2. Rinse with ambient temperature fresh water for 20 minutes
3. Vent, mop and dry
4. Cargo to be loaded requires a less intensive cleaning than the procedure shown.",
BC,"1. Butterworth with sea water at 45 °C to 50 °C for 1,5 hours
2. Rinse with ambient temperature fresh water for 20 minutes
3. Vent, mop and dry",
BC+,"1. Butterworth with sea water at 45 °C to 50 °C for 1,5 hours
2. Rinse with ambient temperature fresh water for 20 minutes
3. Vent, mop and dry
4. Cargo to be loaded requires an ultra-high cleanliness standard. Additional cleaning will usually be necessary to pass the wall wash standard.",
BC-,"1. Butterworth with sea water at 45 °C to 50 °C for 1,5 hours
2. Rinse with ambient temperature fresh water for 20 minutes
3. Vent, mop and dry
4. Cargo to be loaded requires a less intensive cleaning than the procedure shown.",
BD,"Product is liable to polymerization. Violent chemical reaction possible. Usually inhibited for transport and storage

1. Butterworth with ambient temperature sea water for 2 hours (Ambient temperature due to polymerization, Extended cleaning time due to toxicity)
2. Rinse with ambient temperature fresh water for 20 minutes
3. Vent, mop and dry
4. Optional Recirculation in fresh water at 50 °C to 60 °C for 1,5 hours and use one of these cleaners:
- Inhibitor remover
(Follow the manufacturer's usage instructions and flush afterwards sufficiently to remove cleaner residues)",
BD+,"Product is liable to polymerization. Violent chemical reaction possible. Usually inhibited for transport and storage

1. Butterworth with ambient temperature sea water for 2 hours (Ambient temperature due to polymerization, Extended cleaning time due to toxicity)
2. Rinse with ambient temperature fresh water for 20 minutes
3. Vent, mop and dry
4. Optional Recirculation in fresh water at 50 °C to 60 °C for 1,5 hours and use one of these cleaners:
- Inhibitor remover
(Follow the manufacturer's usage instructions and flush afterwards sufficiently to remove cleaner residues)
5. Cargo to be loaded requires an ultra-high cleanliness standard. Additional cleaning will usually be necessary to pass the wall wash standard.",
BD-,"Product is liable to polymerization. Violent chemical reaction possible. Usually inhibited for transport and storage

1. Butterworth with ambient temperature sea water for 2 hours (Ambient temperature due to polymerization, Extended cleaning time due to toxicity)
2. Rinse with ambient temperature fresh water for 20 minutes
3. Vent, mop and dry
4. Optional Recirculation in fresh water at 50 °C to 60 °C for 1,5 hours and use one of these cleaners:
- Inhibitor remover
(Follow the manufacturer's usage instructions and flush afterwards sufficiently to remove cleaner residues)
5. Cargo to be loaded requires a less intensive cleaning than the procedure shown.",
BE,"Product is liable to polymerization. Violent chemical reaction possible. Usually inhibited for transport and storage

1. Butterworth with ambient temperature sea water for 1,5 hours (Ambient temperature due to polymerization)
2. Butterworth with sea water at 50 °C to 60 °C for 1 hour
3. Rinse with ambient temperature fresh water for 20 minutes
4. Vent, mop and dry
5. Optional Recirculation in fresh water at 50 °C to 60 °C for 1,5 hours and use one of these cleaners:
- Inhibitor remover
(Follow the manufacturer's usage instructions and flush afterwards sufficiently to remove cleaner residues)",
BE+,"Product is liable to polymerization. Violent chemical reaction possible. Usually inhibited for transport and storage

1. Butterworth with ambient temperature sea water for 1,5 hours (Ambient temperature due to polymerization)
2. Butterworth with sea water at 50 °C to 60 °C for 1 hour
3. Rinse with ambient temperature fresh water for 20 minutes
4. Vent, mop and dry
5. Optional Recirculation in fresh water at 50 °C to 60 °C for 1,5 hours and use one of these cleaners:
- Inhibitor remover
(Follow the manufacturer's usage instructions and flush afterwards sufficiently to remove cleaner residues)
6. Cargo to be loaded requires an ultra-high cleanliness standard. Additional cleaning will usually be necessary to pass the wall wash standard.",
BE-,"Product is liable to polymerization. Violent chemical reaction possible. Usually inhibited for transport and storage

1. Butterworth with ambient temperature sea water for 1,5 hours (Ambient temperature due to polymerization)
2. Butterworth with sea water at 50 °C to 60 °C for 1 hour
3. Rinse with ambient temperature fresh water for 20 minutes
4. Vent, mop and dry
5. Optional Recirculation in fresh water at 50 °C to 60 °C for 1,5 hours and use one of these cleaners:
- Inhibitor remover
(Follow the manufacturer's usage instructions and flush afterwards sufficiently to remove cleaner residues)
6. Cargo to be loaded requires a less intensive cleaning than the procedure shown.",
C,"1. Butterworth with ambient temperature sea water for 40 minutes (For products with a melting point above 0°C keep the temperature 10-15°C above the melting point.)
2. Butterworth with sea water at 50 °C to 55 °C for 1 hour
3. Rinse with ambient temperature fresh water for 20 minutes
4. Vent, mop and dry",
C+,"1. Butterworth with ambient temperature sea water for 40 minutes (For products with a melting point above 0°C keep the temperature 10-15°C above the melting point.)
2. Butterworth with sea water at 50 °C to 55 °C for 1 hour
3. Rinse with ambient temperature fresh water for 20 minutes
4. Vent, mop and dry
5. Cargo to be loaded requires an ultra-high cleanliness standard. Additional cleaning will usually be necessary to pass the wall wash standard.",
C-,"1. Butterworth with ambient temperature sea water for 40 minutes (For products with a melting point above 0°C keep the temperature 10-15°C above the melting point.)
2. Butterworth with sea water at 50 °C to 55 °C for 1 hour
3. Rinse with ambient temperature fresh water for 20 minutes
4. Vent, mop and dry
5. Cargo to be loaded requires a less intensive cleaning than the procedure shown.",
CA,"1. Butterworth with ambient temperature sea water for 1,5 hours
2. Butterworth with sea water at 50 °C to 55 °C for 1 hour
3. Rinse with ambient temperature fresh water for 20 minutes
4. Vent, mop and dry",
CA+,"1. Butterworth with ambient temperature sea water for 1,5 hours
2. Butterworth with sea water at 50 °C to 55 °C for 1 hour
3. Rinse with ambient temperature fresh water for 20 minutes
4. Vent, mop and dry
5. Cargo to be loaded requires an ultra-high cleanliness standard. Additional cleaning will usually be necessary to pass the wall wash standard.",
CA-,"1. Butterworth with ambient temperature sea water for 1,5 hours
2. Butterworth with sea water at 50 °C to 55 °C for 1 hour
3. Rinse with ambient temperature fresh water for 20 minutes
4. Vent, mop and dry
5. Cargo to be loaded requires a less intensive cleaning than the procedure shown.",
CB,"1. Butterworth with ambient temperature sea water for 1,5 hours
2. Butterworth with sea water at 50 °C to 55 °C for 1,5 hours
3. Rinse with ambient temperature fresh water for 20 minutes
4. Vent, mop and dry",
CB+,"1. Butterworth with ambient temperature sea water for 1,5 hours
2. Butterworth with sea water at 50 °C to 55 °C for 1,5 hours
3. Rinse with ambient temperature fresh water for 20 minutes
4. Vent, mop and dry
5. Cargo to be loaded requires an ultra-high cleanliness standard. Additional cleaning will usually be necessary to pass the wall wash standard.",
CB-,"1. Butterworth with ambient temperature sea water for 1,5 hours
2. Butterworth with sea water at 50 °C to 55 °C for 1,5 hours
3. Rinse with ambient temperature fresh water for 20 minutes
4. Vent, mop and dry
5. Cargo to be loaded requires a less intensive cleaning than the procedure shown.",
CD,"1. Butterworth with sea water at 60 °C to 65 °C for 1,5 hours
2. Rinse with ambient temperature fresh water for 20 minutes
3. Vent, mop and dry",
CD+,"1. Butterworth with sea water at 60 °C to 65 °C for 1,5 hours
2. Rinse with ambient temperature fresh water for 20 minutes
3. Vent, mop and dry
4. Cargo to be loaded requires an ultra-high cleanliness standard. Additional cleaning will usually be necessary to pass the wall wash standard.",
CD-,"1. Butterworth with sea water at 60 °C to 65 °C for 1,5 hours
2. Rinse with ambient temperature fresh water for 20 minutes
3. Vent, mop and dry
4. Cargo to be loaded requires a less intensive cleaning than the procedure shown.",
CE,"1. Butterworth with sea water at 20 °C to 30 °C for 1,5 hours
2. Butterworth with sea water at 70 °C to 80 °C for 1 hour
3. Rinse with ambient temperature fresh water for 20 minutes
4. Vent, mop and dry",
CE+,"1. Butterworth with sea water at 20 °C to 30 °C for 1,5 hours
2. Butterworth with sea water at 70 °C to 80 °C for 1 hour
3. Rinse with ambient temperature fresh water for 20 minutes
4. Vent, mop and dry
5. Cargo to be loaded requires an ultra-high cleanliness standard. Additional cleaning will usually be necessary to pass the wall wash standard.",
CE-,"1. Butterworth with sea water at 20 °C to 30 °C for 1,5 hours
2. Butterworth with sea water at 70 °C to 80 °C for 1 hour
3. Rinse with ambient temperature fresh water for 20 minutes
4. Vent, mop and dry
5. Cargo to be loaded requires a less intensive cleaning than the procedure shown.",
CF,"1. Butterworth with ambient temperature sea water for 40 minutes
2. Butterworth with sea water at 70 °C to 80 °C for 1 hour
3. Rinse with ambient temperature fresh water for 20 minutes
4. Vent, mop and dry",
CF+,"1. Butterworth with ambient temperature sea water for 40 minutes
2. Butterworth with sea water at 70 °C to 80 °C for 1 hour
3. Rinse with ambient temperature fresh water for 20 minutes
4. Vent, mop and dry
5. Cargo to be loaded requires an ultra-high cleanliness standard. Additional cleaning will usually be necessary to pass the wall wash standard.",
CF-,"1. Butterworth with ambient temperature sea water for 40 minutes
2. Butterworth with sea water at 70 °C to 80 °C for 1 hour
3. Rinse with ambient temperature fresh water for 20 minutes
4. Vent, mop and dry
5. Cargo to be loaded requires a less intensive cleaning than the procedure shown.",
D,"1. Butterworth with ambient temperature sea water for 1 hour (For products with a melting point above 0°C keep the temperature 10-15°C above the melting point.)
2. Butterworth with sea water at 70 °C to 80 °C for 1,5 hours
3. Rinse with ambient temperature fresh water for 20 minutes
4. Vent, mop and dry",
D+,"1. Butterworth with ambient temperature sea water for 1 hour (For products with a melting point above 0°C keep the temperature 10-15°C above the melting point.)
2. Butterworth with sea water at 70 °C to 80 °C for 1,5 hours
3. Rinse with ambient temperature fresh water for 20 minutes
4. Vent, mop and dry
5. Cargo to be loaded requires an ultra-high cleanliness standard. Additional cleaning will usually be necessary to pass the wall wash standard.",
D-,"1. Butterworth with ambient temperature sea water for 1 hour (For products with a melting point above 0°C keep the temperature 10-15°C above the melting point.)
2. Butterworth with sea water at 70 °C to 80 °C for 1,5 hours
3. Rinse with ambient temperature fresh water for 20 minutes
4. Vent, mop and dry
5. Cargo to be loaded requires a less intensive cleaning than the procedure shown.",
DA,"1. Butterworth with ambient temperature sea water for 1,5 hours
2. Butterworth with sea water at 70 °C to 80 °C for 1 hour
3. Rinse with ambient temperature fresh water for 20 minutes
4. Vent, mop and dry",
DA+,"1. Butterworth with ambient temperature sea water for 1,5 hours
2. Butterworth with sea water at 70 °C to 80 °C for 1 hour
3. Rinse with ambient temperature fresh water for 20 minutes
4. Vent, mop and dry
5. Cargo to be loaded requires an ultra-high cleanliness standard. Additional cleaning will usually be necessary to pass the wall wash standard.",
DA-,"1. Butterworth with ambient temperature sea water for 1,5 hours
2. Butterworth with sea water at 70 °C to 80 °C for 1 hour
3. Rinse with ambient temperature fresh water for 20 minutes
4. Vent, mop and dry
5. Cargo to be loaded requires a less intensive cleaning than the procedure shown.",
DB,"1. Butterworth with ambient temperature sea water for 40 minutes
2. Butterworth with sea water at 70 °C to 80 °C for 1 hour
3. Rinse with ambient temperature fresh water for 20 minutes
4. Vent, mop and dry
5. Optional Recirculation in sea water or fresh water at 60 °C to 80 °C for 1,5 hours and use one of these cleaners:
- Solvent cleaner (hydrocarbon free)
- Detergent
(Follow the manufacturer's usage instructions and flush afterwards sufficiently to remove cleaner residues)",
DB+,"1. Butterworth with ambient temperature sea water for 40 minutes
2. Butterworth with sea water at 70 °C to 80 °C for 1 hour
3. Rinse with ambient temperature fresh water for 20 minutes
4. Vent, mop and dry
5. Optional Recirculation in sea water or fresh water at 60 °C to 80 °C for 1,5 hours and use one of these cleaners:
- Solvent cleaner (hydrocarbon free)
- Detergent
(Follow the manufacturer's usage instructions and flush afterwards sufficiently to remove cleaner residues)
6. Cargo to be loaded requires an ultra-high cleanliness standard. Additional cleaning will usually be necessary to pass the wall wash standard.",
DB-,"1. Butterworth with ambient temperature sea water for 40 minutes
2. Butterworth with sea water at 70 °C to 80 °C for 1 hour
3. Rinse with ambient temperature fresh water for 20 minutes
4. Vent, mop and dry
5. Optional Recirculation in sea water or fresh water at 60 °C to 80 °C for 1,5 hours and use one of these cleaners:
- Solvent cleaner (hydrocarbon free)
- Detergent
(Follow the manufacturer's usage instructions and flush afterwards sufficiently to remove cleaner residues)
6. Cargo to be loaded requires a less intensive cleaning than the procedure shown.",
DD,"1. Butterworth with sea water at 50 °C to 55 °C for 1 hour
2. Butterworth with sea water at 70 °C to 80 °C for 1,5 hours
3. Rinse with ambient temperature fresh water for 20 minutes
4. Vent, mop and dry",
DD+,"1. Butterworth with sea water at 50 °C to 55 °C for 1 hour
2. Butterworth with sea water at 70 °C to 80 °C for 1,5 hours
3. Rinse with ambient temperature fresh water for 20 minutes
4. Vent, mop and dry
5. Cargo to be loaded requires an ultra-high cleanliness standard. Additional cleaning will usually be necessary to pass the wall wash standard.",
DD-,"1. Butterworth with sea water at 50 °C to 55 °C for 1 hour
2. Butterworth with sea water at 70 °C to 80 °C for 1,5 hours
3. Rinse with ambient temperature fresh water for 20 minutes
4. Vent, mop and dry
5. Cargo to be loaded requires a less intensive cleaning than the procedure shown.",
DE,"1. Butterworth with sea water at 70 °C to 80 °C for 2 hours
2. Rinse with ambient temperature fresh water for 20 minutes
3. Vent, mop and dry",
DE+,"1. Butterworth with sea water at 70 °C to 80 °C for 2 hours
2. Rinse with ambient temperature fresh water for 20 minutes
3. Vent, mop and dry
4. Cargo to be loaded requires an ultra-high cleanliness standard. Additional cleaning will usually be necessary to pass the wall wash standard.",
DE-,"1. Butterworth with sea water at 70 °C to 80 °C for 2 hours
2. Rinse with ambient temperature fresh water for 20 minutes
3. Vent, mop and dry
4. Cargo to be loaded requires a less intensive cleaning than the procedure shown.",
DF,"1. Butterworth with sea water at 35 °C to 40 °C for 1 hour
2. Butterworth with sea water at 70 °C to 80 °C for 1,5 hours
3. Rinse with ambient temperature fresh water for 20 minutes
4. Vent, mop and dry",
DF+,"1. Butterworth with sea water at 35 °C to 40 °C for 1 hour
2. Butterworth with sea water at 70 °C to 80 °C for 1,5 hours
3. Rinse with ambient temperature fresh water for 20 minutes
4. Vent, mop and dry
5. Cargo to be loaded requires an ultra-high cleanliness standard. Additional cleaning will usually be necessary to pass the wall wash standard.",
DF-,"1. Butterworth with sea water at 35 °C to 40 °C for 1 hour
2. Butterworth with sea water at 70 °C to 80 °C for 1,5 hours
3. Rinse with ambient temperature fresh water for 20 minutes
4. Vent, mop and dry
5. Cargo to be loaded requires a less intensive cleaning than the procedure shown.",
DG,"1. Butterworth with sea water at 70 °C to 80 °C for 2 hours
2. Recirculation in sea water or fresh water at 60 °C to 80 °C for 1 hour and use one of these cleaners:
- Solvent cleaner (hydrocarbon free)
- Detergent
(Follow the manufacturer's usage instructions and flush afterwards sufficiently to remove cleaner residues)
3. Rinse with ambient temperature fresh water for 20 minutes
4. Vent, mop and dry",
DG+,"1. Butterworth with sea water at 70 °C to 80 °C for 2 hours
2. Recirculation in sea water or fresh water at 60 °C to 80 °C for 1 hour and use one of these cleaners:
- Solvent cleaner (hydrocarbon free)
- Detergent
(Follow the manufacturer's usage instructions and flush afterwards sufficiently to remove cleaner residues)
3. Rinse with ambient temperature fresh water for 20 minutes
4. Vent, mop and dry
5. Cargo to be loaded requires an ultra-high cleanliness standard. Additional cleaning will usually be necessary to pass the wall wash standard.",
DG-,"1. Butterworth with sea water at 70 °C to 80 °C for 2 hours
2. Recirculation in sea water or fresh water at 60 °C to 80 °C for 1 hour and use one of these cleaners:
- Solvent cleaner (hydrocarbon free)
- Detergent
(Follow the manufacturer's usage instructions and flush afterwards sufficiently to remove cleaner residues)
3. Rinse with ambient temperature fresh water for 20 minutes
4. Vent, mop and dry
5. Cargo to be loaded requires a less intensive cleaning than the procedure shown.",
DH,"Various different types of products with low or higher boiling points. For products with higher boiling points a removal of residual hydrocarbons might be necessary (see optional recirculation)

1. Butterworth with ambient temperature sea water for 40 minutes
2. Butterworth with sea water at 70 °C to 80 °C for 1 hour
3. Rinse with ambient temperature fresh water for 20 minutes
4. Vent, mop and dry
5. Optional Recirculation in sea water or fresh water at 60 °C to 80 °C for 1,5 hours and use one of these cleaners:
- Solvent cleaner (hydrocarbon free)
- Detergent
(Follow the manufacturer's usage instructions and flush afterwards sufficiently to remove cleaner residues)",
DH+,"Various different types of products with low or higher boiling points. For products with higher boiling points a removal of residual hydrocarbons might be necessary (see optional recirculation)

1. Butterworth with ambient temperature sea water for 40 minutes
2. Butterworth with sea water at 70 °C to 80 °C for 1 hour
3. Rinse with ambient temperature fresh water for 20 minutes
4. Vent, mop and dry
5. Optional Recirculation in sea water or fresh water at 60 °C to 80 °C for 1,5 hours and use one of these cleaners:
- Solvent cleaner (hydrocarbon free)
- Detergent
(Follow the manufacturer's usage instructions and flush afterwards sufficiently to remove cleaner residues)
6. Cargo to be loaded requires an ultra-high cleanliness standard. Additional cleaning will usually be necessary to pass the wall wash standard.",
DH-,"Various different types of products with low or higher boiling points. For products with higher boiling points a removal of residual hydrocarbons might be necessary (see optional recirculation)

1. Butterworth with ambient temperature sea water for 40 minutes
2. Butterworth with sea water at 70 °C to 80 °C for 1 hour
3. Rinse with ambient temperature fresh water for 20 minutes
4. Vent, mop and dry
5. Optional Recirculation in sea water or fresh water at 60 °C to 80 °C for 1,5 hours and use one of these cleaners:
- Solvent cleaner (hydrocarbon free)
- Detergent
(Follow the manufacturer's usage instructions and flush afterwards sufficiently to remove cleaner residues)
6. Cargo to be loaded requires a less intensive cleaning than the procedure shown.",
E,"The combination of seawater and caustic could result in the formation of white deposits on the tank walls. A Metalbright/Rust Remover can be used for their removal.

1. Butterworth with sea water or fresh water at 40 °C to 45 °C for 1,5 hours (Use initially fresh water)
2. Rinse with ambient temperature fresh water for 20 minutes
3. Vent, mop and dry
4. Optional Recirculation in fresh water at 45 °C to 50 °C for 1 hour and use one of these cleaners:
- Metalbright/rust remover
(Follow the manufacturer's usage instructions and flush afterwards sufficiently to remove cleaner residues, Removal of white deposits)",
E+,"The combination of seawater and caustic could result in the formation of white deposits on the tank walls. A Metalbright/Rust Remover can be used for their removal.

1. Butterworth with sea water or fresh water at 40 °C to 45 °C for 1,5 hours (Use initially fresh water)
2. Rinse with ambient temperature fresh water for 20 minutes
3. Vent, mop and dry
4. Optional Recirculation in fresh water at 45 °C to 50 °C for 1 hour and use one of these cleaners:
- Metalbright/rust remover
(Follow the manufacturer's usage instructions and flush afterwards sufficiently to remove cleaner residues, Removal of white deposits)
5. Cargo to be loaded requires an ultra-high cleanliness standard. Additional cleaning will usually be necessary to pass the wall wash standard.",
E-,"The combination of seawater and caustic could result in the formation of white deposits on the tank walls. A Metalbright/Rust Remover can be used for their removal.

1. Butterworth with sea water or fresh water at 40 °C to 45 °C for 1,5 hours (Use initially fresh water)
2. Rinse with ambient temperature fresh water for 20 minutes
3. Vent, mop and dry
4. Optional Recirculation in fresh water at 45 °C to 50 °C for 1 hour and use one of these cleaners:
- Metalbright/rust remover
(Follow the manufacturer's usage instructions and flush afterwards sufficiently to remove cleaner residues, Removal of white deposits)
5. Cargo to be loaded requires a less intensive cleaning than the procedure shown.",
EA,"Clean with fresh water only because the combination of sodium silicate and sea water will result in the formation of white deposits on tank walls. Flush the tank immediately after discharge !! If cargo dries on bulkheads it will turn to water glass.

1. Butterworth with ambient temperature fresh water for 1,5 hours (Use fresh water only)
2. Vent, mop and dry
3. Optional Recirculation in fresh water at 45 °C to 50 °C for 1 hour and use one of these cleaners:
- Metalbright/rust remover
(Follow the manufacturer's usage instructions and flush afterwards sufficiently to remove cleaner residues, Removal of white deposits)",
EA+,"Clean with fresh water only because the combination of sodium silicate and sea water will result in the formation of white deposits on tank walls. Flush the tank immediately after discharge !! If cargo dries on bulkheads it will turn to water glass.

1. Butterworth with ambient temperature fresh water for 1,5 hours (Use fresh water only)
2. Vent, mop and dry
3. Optional Recirculation in fresh water at 45 °C to 50 °C for 1 hour and use one of these cleaners:
- Metalbright/rust remover
(Follow the manufacturer's usage instructions and flush afterwards sufficiently to remove cleaner residues, Removal of white deposits)
4. Cargo to be loaded requires an ultra-high cleanliness standard. Additional cleaning will usually be necessary to pass the wall wash standard.",
EA-,"Clean with fresh water only because the combination of sodium silicate and sea water will result in the formation of white deposits on tank walls. Flush the tank immediately after discharge !! If cargo dries on bulkheads it will turn to water glass.

1. Butterworth with ambient temperature fresh water for 1,5 hours (Use fresh water only)
2. Vent, mop and dry
3. Optional Recirculation in fresh water at 45 °C to 50 °C for 1 hour and use one of these cleaners:
- Metalbright/rust remover
(Follow the manufacturer's usage instructions and flush afterwards sufficiently to remove cleaner residues, Removal of white deposits)
4. Cargo to be loaded requires a less intensive cleaning than the procedure shown.",
F,"1. Butterworth with ambient temperature fresh water for 20 minutes (Use initially fresh water)
2. Butterworth with ambient temperature sea water for 1 hour
3. Rinse with ambient temperature fresh water for 20 minutes
4. Vent, mop and dry",
F+,"1. Butterworth with ambient temperature fresh water for 20 minutes (Use initially fresh water)
2. Butterworth with ambient temperature sea water for 1 hour
3. Rinse with ambient temperature fresh water for 20 minutes
4. Vent, mop and dry
5. Cargo to be loaded requires an ultra-high cleanliness standard. Additional cleaning will usually be necessary to pass the wall wash standard.",
F-,"1. Butterworth with ambient temperature fresh water for 20 minutes (Use initially fresh water)
2. Butterworth with ambient temperature sea water for 1 hour
3. Rinse with ambient temperature fresh water for 20 minutes
4. Vent, mop and dry
5. Cargo to be loaded requires a less intensive cleaning than the procedure shown.",
FA,"1. Butterworth with sea water at 25 °C to 35 °C for 1,5 hours (Keep temperature 20/25°C above the melting point)
2. Rinse with ambient temperature fresh water for 20 minutes
3. Vent, mop and dry",
FA+,"1. Butterworth with sea water at 25 °C to 35 °C for 1,5 hours (Keep temperature 20/25°C above the melting point)
2. Rinse with ambient temperature fresh water for 20 minutes
3. Vent, mop and dry
4. Cargo to be loaded requires an ultra-high cleanliness standard. Additional cleaning will usually be necessary to pass the wall wash standard.",
FA-,"1. Butterworth with sea water at 25 °C to 35 °C for 1,5 hours (Keep temperature 20/25°C above the melting point)
2. Rinse with ambient temperature fresh water for 20 minutes
3. Vent, mop and dry
4. Cargo to be loaded requires a less intensive cleaning than the procedure shown.",
FB,"Caution. Diluting concentrated acids with water will result in a strongly exothermic reaction (the water temperature may increase to over 300°C). To avoid any damage to the stainless steel, initially introduce an excess abundance of water into the tank, using additional BW-machines and water hoses where required. Preferably use fresh water for the initial cleaning to avoid further corrosion damage to the stainless steel.

1. Butterworth with ambient temperature sea water or fresh water for 20 minutes (use preferably fresh water)
2. Butterworth with ambient temperature sea water for 1,5 hours
3. Rinse with ambient temperature fresh water for 20 minutes
4. Vent, mop and dry (Check passivation of stainless steel)",
FB+,"Caution. Diluting concentrated acids with water will result in a strongly exothermic reaction (the water temperature may increase to over 300°C). To avoid any damage to the stainless steel, initially introduce an excess abundance of water into the tank, using additional BW-machines and water hoses where required. Preferably use fresh water for the initial cleaning to avoid further corrosion damage to the stainless steel.

1. Butterworth with ambient temperature sea water or fresh water for 20 minutes (use preferably fresh water)
2. Butterworth with ambient temperature sea water for 1,5 hours
3. Rinse with ambient temperature fresh water for 20 minutes
4. Vent, mop and dry (Check passivation of stainless steel)
5. Cargo to be loaded requires an ultra-high cleanliness standard. Additional cleaning will usually be necessary to pass the wall wash standard.",
FB-,"Caution. Diluting concentrated acids with water will result in a strongly exothermic reaction (the water temperature may increase to over 300°C). To avoid any damage to the stainless steel, initially introduce an excess abundance of water into the tank, using additional BW-machines and water hoses where required. Preferably use fresh water for the initial cleaning to avoid further corrosion damage to the stainless steel.

1. Butterworth with ambient temperature sea water or fresh water for 20 minutes (use preferably fresh water)
2. Butterworth with ambient temperature sea water for 1,5 hours
3. Rinse with ambient temperature fresh water for 20 minutes
4. Vent, mop and dry (Check passivation of stainless steel)
5. Cargo to be loaded requires a less intensive cleaning than the procedure shown.",
G,"The combination of seawater and amines could result in the formation of white deposits on the tank walls. If white deposits are produced, Metalbright/Rust Remover can be used for their removal.

1. Butterworth with ambient temperature fresh water for 30 minutes (Fresh water because with sea water formation of white deposits possible)
2. Butterworth with ambient temperature sea water for 1 hour
3. Rinse with ambient temperature fresh water for 20 minutes
4. Vent, mop and dry
5. Optional Recirculation in fresh water at 45 °C to 50 °C for 1 hour and use one of these cleaners:
- Metalbright/rust remover
(Follow the manufacturer's usage instructions and flush afterwards sufficiently to remove cleaner residues, Removal of white deposits)",
G+,"The combination of seawater and amines could result in the formation of white deposits on the tank walls. If white deposits are produced, Metalbright/Rust Remover can be used for their removal.

1. Butterworth with ambient temperature fresh water for 30 minutes (Fresh water because with sea water formation of white deposits possible)
2. Butterworth with ambient temperature sea water for 1 hour
3. Rinse with ambient temperature fresh water for 20 minutes
4. Vent, mop and dry
5. Optional Recirculation in fresh water at 45 °C to 50 °C for 1 hour and use one of these cleaners:
- Metalbright/rust remover
(Follow the manufacturer's usage instructions and flush afterwards sufficiently to remove cleaner residues, Removal of white deposits)
6. Cargo to be loaded requires an ultra-high cleanliness standard. Additional cleaning will usually be necessary to pass the wall wash standard.",
G-,"The combination of seawater and amines could result in the formation of white deposits on the tank walls. If white deposits are produced, Metalbright/Rust Remover can be used for their removal.

1. Butterworth with ambient temperature fresh water for 30 minutes (Fresh water because with sea water formation of white deposits possible)
2. Butterworth with ambient temperature sea water for 1 hour
3. Rinse with ambient temperature fresh water for 20 minutes
4. Vent, mop and dry
5. Optional Recirculation in fresh water at 45 °C to 50 °C for 1 hour and use one of these cleaners:
- Metalbright/rust remover
(Follow the manufacturer's usage instructions and flush afterwards sufficiently to remove cleaner residues, Removal of white deposits)
6. Cargo to be loaded requires a less intensive cleaning than the procedure shown.",
GA,"The combination of seawater and amines could result in the formation of white deposits on the tank walls. If white deposits are produced, Metalbright/Rust Remover can be used for their removal.

1. Butterworth with fresh water at 45 °C to 50 °C for 30 minutes (Fresh water because with sea water formation of white deposits possible)
2. Butterworth with sea water at 45 °C to 50 °C for 1 hour
3. Rinse with ambient temperature fresh water for 20 minutes
4. Vent, mop and dry
5. Optional Recirculation in fresh water at 45 °C to 50 °C for 1 hour and use one of these cleaners:
- Metalbright/rust remover
(Follow the manufacturer's usage instructions and flush afterwards sufficiently to remove cleaner residues, Removal of white deposits)",
GA+,"The combination of seawater and amines could result in the formation of white deposits on the tank walls. If white deposits are produced, Metalbright/Rust Remover can be used for their removal.

1. Butterworth with fresh water at 45 °C to 50 °C for 30 minutes (Fresh water because with sea water formation of white deposits possible)
2. Butterworth with sea water at 45 °C to 50 °C for 1 hour
3. Rinse with ambient temperature fresh water for 20 minutes
4. Vent, mop and dry
5. Optional Recirculation in fresh water at 45 °C to 50 °C for 1 hour and use one of these cleaners:
- Metalbright/rust remover
(Follow the manufacturer's usage instructions and flush afterwards sufficiently to remove cleaner residues, Removal of white deposits)
6. Cargo to be loaded requires an ultra-high cleanliness standard. Additional cleaning will usually be necessary to pass the wall wash standard.",
GA-,"The combination of seawater and amines could result in the formation of white deposits on the tank walls. If white deposits are produced, Metalbright/Rust Remover can be used for their removal.

1. Butterworth with fresh water at 45 °C to 50 °C for 30 minutes (Fresh water because with sea water formation of white deposits possible)
2. Butterworth with sea water at 45 °C to 50 °C for 1 hour
3. Rinse with ambient temperature fresh water for 20 minutes
4. Vent, mop and dry
5. Optional Recirculation in fresh water at 45 °C to 50 °C for 1 hour and use one of these cleaners:
- Metalbright/rust remover
(Follow the manufacturer's usage instructions and flush afterwards sufficiently to remove cleaner residues, Removal of white deposits)
6. Cargo to be loaded requires a less intensive cleaning than the procedure shown.",
GB,"The combination of seawater and amines could result in the formation of white deposits on the tank walls. If white deposits are produced, Metalbright/Rust Remover can be used for their removal.

1. Butterworth with fresh water at 60 °C to 70 °C for 30 minutes (Fresh water because with sea water formation of white deposits possible)
2. Butterworth with sea water at 60 °C to 70 °C for 1,5 hours
3. Rinse with ambient temperature fresh water for 20 minutes
4. Vent, mop and dry
5. Optional Recirculation in fresh water at 45 °C to 50 °C for 1 hour and use one of these cleaners:
- Metalbright/rust remover
(Follow the manufacturer's usage instructions and flush afterwards sufficiently to remove cleaner residues, Removal of white deposits)",
GB+,"The combination of seawater and amines could result in the formation of white deposits on the tank walls. If white deposits are produced, Metalbright/Rust Remover can be used for their removal.

1. Butterworth with fresh water at 60 °C to 70 °C for 30 minutes (Fresh water because with sea water formation of white deposits possible)
2. Butterworth with sea water at 60 °C to 70 °C for 1,5 hours
3. Rinse with ambient temperature fresh water for 20 minutes
4. Vent, mop and dry
5. Optional Recirculation in fresh water at 45 °C to 50 °C for 1 hour and use one of these cleaners:
- Metalbright/rust remover
(Follow the manufacturer's usage instructions and flush afterwards sufficiently to remove cleaner residues, Removal of white deposits)
6. Cargo to be loaded requires an ultra-high cleanliness standard. Additional cleaning will usually be necessary to pass the wall wash standard.",
GB-,"The combination of seawater and amines could result in the formation of white deposits on the tank walls. If white deposits are produced, Metalbright/Rust Remover can be used for their removal.

1. Butterworth with fresh water at 60 °C to 70 °C for 30 minutes (Fresh water because with sea water formation of white deposits possible)
2. Butterworth with sea water at 60 °C to 70 °C for 1,5 hours
3. Rinse with ambient temperature fresh water for 20 minutes
4. Vent, mop and dry
5. Optional Recirculation in fresh water at 45 °C to 50 °C for 1 hour and use one of these cleaners:
- Metalbright/rust remover
(Follow the manufacturer's usage instructions and flush afterwards sufficiently to remove cleaner residues, Removal of white deposits)
6. Cargo to be loaded requires a less intensive cleaning than the procedure shown.",
GC,"The combination of seawater and amines could result in the formation of white deposits on the tank walls. If white deposits are produced, Metalbright/Rust Remover can be used for their removal.

1. Butterworth with ambient temperature fresh water for 30 minutes (Fresh water because with sea water formation of white deposits possible)
2. Butterworth with sea water at 45 °C to 50 °C for 1 hour
3. Rinse with ambient temperature fresh water for 20 minutes
4. Vent, mop and dry
5. Optional Recirculation in fresh water at 45 °C to 50 °C for 1 hour and use one of these cleaners:
- Metalbright/rust remover
(Follow the manufacturer's usage instructions and flush afterwards sufficiently to remove cleaner residues, Removal of white deposits)",
GC+,"The combination of seawater and amines could result in the formation of white deposits on the tank walls. If white deposits are produced, Metalbright/Rust Remover can be used for their removal.

1. Butterworth with ambient temperature fresh water for 30 minutes (Fresh water because with sea water formation of white deposits possible)
2. Butterworth with sea water at 45 °C to 50 °C for 1 hour
3. Rinse with ambient temperature fresh water for 20 minutes
4. Vent, mop and dry
5. Optional Recirculation in fresh water at 45 °C to 50 °C for 1 hour and use one of these cleaners:
- Metalbright/rust remover
(Follow the manufacturer's usage instructions and flush afterwards sufficiently to remove cleaner residues, Removal of white deposits)
6. Cargo to be loaded requires an ultra-high cleanliness standard. Additional cleaning will usually be necessary to pass the wall wash standard.",
GC-,"The combination of seawater and amines could result in the formation of white deposits on the tank walls. If white deposits are produced, Metalbright/Rust Remover can be used for their removal.

1. Butterworth with ambient temperature fresh water for 30 minutes (Fresh water because with sea water formation of white deposits possible)
2. Butterworth with sea water at 45 °C to 50 °C for 1 hour
3. Rinse with ambient temperature fresh water for 20 minutes
4. Vent, mop and dry
5. Optional Recirculation in fresh water at 45 °C to 50 °C for 1 hour and use one of these cleaners:
- Metalbright/rust remover
(Follow the manufacturer's usage instructions and flush afterwards sufficiently to remove cleaner residues, Removal of white deposits)
6. Cargo to be loaded requires a less intensive cleaning than the procedure shown.",
GE,"The combination of seawater and amines could result in the formation of white deposits on the tank walls. If white deposits are produced, Metalbright/Rust Remover can be used for their removal.

1. Butterworth with fresh water at 20 °C to 30 °C for 30 minutes (Fresh water because with sea water formation of white deposits possible)
2. Butterworth with sea water at 45 °C to 50 °C for 1 hour
3. Rinse with ambient temperature fresh water for 20 minutes
4. Vent, mop and dry
5. Optional Recirculation in fresh water at 45 °C to 50 °C for 1 hour and use one of these cleaners:
- Metalbright/rust remover
(Follow the manufacturer's usage instructions and flush afterwards sufficiently to remove cleaner residues, Removal of white deposits)",
GE+,"The combination of seawater and amines could result in the formation of white deposits on the tank walls. If white deposits are produced, Metalbright/Rust Remover can be used for their removal.

1. Butterworth with fresh water at 20 °C to 30 °C for 30 minutes (Fresh water because with sea water formation of white deposits possible)
2. Butterworth with sea water at 45 °C to 50 °C for 1 hour
3. Rinse with ambient temperature fresh water for 20 minutes
4. Vent, mop and dry
5. Optional Recirculation in fresh water at 45 °C to 50 °C for 1 hour and use one of these cleaners:
- Metalbright/rust remover
(Follow the manufacturer's usage instructions and flush afterwards sufficiently to remove cleaner residues, Removal of white deposits)
6. Cargo to be loaded requires an ultra-high cleanliness standard. Additional cleaning will usually be necessary to pass the wall wash standard.",
GE-,"The combination of seawater and amines could result in the formation of white deposits on the tank walls. If white deposits are produced, Metalbright/Rust Remover can be used for their removal.

1. Butterworth with fresh water at 20 °C to 30 °C for 30 minutes (Fresh water because with sea water formation of white deposits possible)
2. Butterworth with sea water at 45 °C to 50 °C for 1 hour
3. Rinse with ambient temperature fresh water for 20 minutes
4. Vent, mop and dry
5. Optional Recirculation in fresh water at 45 °C to 50 °C for 1 hour and use one of these cleaners:
- Metalbright/rust remover
(Follow the manufacturer's usage instructions and flush afterwards sufficiently to remove cleaner residues, Removal of white deposits)
6. Cargo to be loaded requires a less intensive cleaning than the procedure shown.",
H,"Load next cargo without further cleaning.

1. Drain (Drain tanks and lines thoroughly)",
H+,"Load next cargo without further cleaning.

1. Drain (Drain tanks and lines thoroughly)
2. Cargo to be loaded requires an ultra-high cleanliness standard. Additional cleaning will usually be necessary to pass the wall wash standard.",
H-,"Load next cargo without further cleaning.

1. Drain (Drain tanks and lines thoroughly)
2. Cargo to be loaded requires a less intensive cleaning than the procedure shown.",
HA,"1. Butterworth with ambient temperature sea water for 1 hour
2. Drain (Drain tanks and lines thoroughly)",
HA+,"1. Butterworth with ambient temperature sea water for 1 hour
2. Drain (Drain tanks and lines thoroughly)
3. Cargo to be loaded requires an ultra-high cleanliness standard. Additional cleaning will usually be necessary to pass the wall wash standard.",
HA-,"1. Butterworth with ambient temperature sea water for 1 hour
2. Drain (Drain tanks and lines thoroughly)
3. Cargo to be loaded requires a less intensive cleaning than the procedure shown.",
HB,"1. Butterworth with ambient temperature sea water for 1 hour
2. Rinse with ambient temperature fresh water for 20 minutes
3. Drain (Drain tanks and lines thoroughly)",
HB+,"1. Butterworth with ambient temperature sea water for 1 hour
2. Rinse with ambient temperature fresh water for 20 minutes
3. Drain (Drain tanks and lines thoroughly)
4. Cargo to be loaded requires an ultra-high cleanliness standard. Additional cleaning will usually be necessary to pass the wall wash standard.",
HB-,"1. Butterworth with ambient temperature sea water for 1 hour
2. Rinse with ambient temperature fresh water for 20 minutes
3. Drain (Drain tanks and lines thoroughly)
4. Cargo to be loaded requires a less intensive cleaning than the procedure shown.",
HC,"1. Butterworth with ambient temperature sea water for 1 hour
2. Drain (Drain tanks and lines thoroughly)
3. Purge (Purge tanks to less than 2% (vol) hydrocarbon)",
HC+,"1. Butterworth with ambient temperature sea water for 1 hour
2. Drain (Drain tanks and lines thoroughly)
3. Purge (Purge tanks to less than 2% (vol) hydrocarbon)
4. Cargo to be loaded requires an ultra-high cleanliness standard. Additional cleaning will usually be necessary to pass the wall wash standard.",
HC-,"1. Butterworth with ambient temperature sea water for 1 hour
2. Drain (Drain tanks and lines thoroughly)
3. Purge (Purge tanks to less than 2% (vol) hydrocarbon)
4. Cargo to be loaded requires a less intensive cleaning than the procedure shown.",
HD,"1. Butterworth with ambient temperature sea water for 1 hour
2. Rinse with ambient temperature fresh water for 20 minutes
3. Drain (Drain tanks and lines thoroughly)
4. Purge (Purge tanks to less than 2% (vol) hydrocarbon)",
HD+,"1. Butterworth with ambient temperature sea water for 1 hour
2. Rinse with ambient temperature fresh water for 20 minutes
3. Drain (Drain tanks and lines thoroughly)
4. Purge (Purge tanks to less than 2% (vol) hydrocarbon)
5. Cargo to be loaded requires an ultra-high cleanliness standard. Additional cleaning will usually be necessary to pass the wall wash standard.",
HD-,"1. Butterworth with ambient temperature sea water for 1 hour
2. Rinse with ambient temperature fresh water for 20 minutes
3. Drain (Drain tanks and lines thoroughly)
4. Purge (Purge tanks to less than 2% (vol) hydrocarbon)
5. Cargo to be loaded requires a less intensive cleaning than the procedure shown.",
HE,"1. Butterworth with ambient temperature sea water for 1 hour
2. Drain (Drain tanks and lines thoroughly)
3. Gas free (Ventilate tanks)
4. Vent, mop and dry (Lift scale)",
HE+,"1. Butterworth with ambient temperature sea water for 1 hour
2. Drain (Drain tanks and lines thoroughly)
3. Gas free (Ventilate tanks)
4. Vent, mop and dry (Lift scale)
5. Cargo to be loaded requires an ultra-high cleanliness standard. Additional cleaning will usually be necessary to pass the wall wash standard.",
HE-,"1. Butterworth with ambient temperature sea water for 1 hour
2. Drain (Drain tanks and lines thoroughly)
3. Gas free (Ventilate tanks)
4. Vent, mop and dry (Lift scale)
5. Cargo to be loaded requires a less intensive cleaning than the procedure shown.",
HF,"1. Butterworth with ambient temperature sea water for 1 hour
2. Rinse with ambient temperature fresh water for 20 minutes
3. Drain (Drain tanks and lines thoroughly)
4. Gas free (Ventilate tanks)
5. Vent, mop and dry (Lift scale)",
HF+,"1. Butterworth with ambient temperature sea water for 1 hour
2. Rinse with ambient temperature fresh water for 20 minutes
3. Drain (Drain tanks and lines thoroughly)
4. Gas free (Ventilate tanks)
5. Vent, mop and dry (Lift scale)
6. Cargo to be loaded requires an ultra-high cleanliness standard. Additional cleaning will usually be necessary to pass the wall wash standard.",
HF-,"1. Butterworth with ambient temperature sea water for 1 hour
2. Rinse with ambient temperature fresh water for 20 minutes
3. Drain (Drain tanks and lines thoroughly)
4. Gas free (Ventilate tanks)
5. Vent, mop and dry (Lift scale)
6. Cargo to be loaded requires a less intensive cleaning than the procedure shown.",
HG,"1. Butterworth with ambient temperature sea water for 1 hour
2. Drain (Drain tanks and lines thoroughly)
3. Purge (Purge tanks to less than 2% (vol) hydrocarbon)
4. Gas free (Ventilate tanks)",
HG+,"1. Butterworth with ambient temperature sea water for 1 hour
2. Drain (Drain tanks and lines thoroughly)
3. Purge (Purge tanks to less than 2% (vol) hydrocarbon)
4. Gas free (Ventilate tanks)
5. Cargo to be loaded requires an ultra-high cleanliness standard. Additional cleaning will usually be necessary to pass the wall wash standard.",
HG-,"1. Butterworth with ambient temperature sea water for 1 hour
2. Drain (Drain tanks and lines thoroughly)
3. Purge (Purge tanks to less than 2% (vol) hydrocarbon)
4. Gas free (Ventilate tanks)
5. Cargo to be loaded requires a less intensive cleaning than the procedure shown.",
HH,"1. Butterworth with ambient temperature sea water for 1 hour
2. Rinse with ambient temperature fresh water for 20 minutes
3. Drain (Drain tanks and lines thoroughly)
4. Purge (Purge tanks to less than 2% (vol) hydrocarbon)
5. Gas free (Ventilate tanks)
6. Vent, mop and dry (Lift scale)",
HH+,"1. Butterworth with ambient temperature sea water for 1 hour
2. Rinse with ambient temperature fresh water for 20 minutes
3. Drain (Drain tanks and lines thoroughly)
4. Purge (Purge tanks to less than 2% (vol) hydrocarbon)
5. Gas free (Ventilate tanks)
6. Vent, mop and dry (Lift scale)
7. Cargo to be loaded requires an ultra-high cleanliness standard. Additional cleaning will usually be necessary to pass the wall wash standard.",
HH-,"1. Butterworth with ambient temperature sea water for 1 hour
2. Rinse with ambient temperature fresh water for 20 minutes
3. Drain (Drain tanks and lines thoroughly)
4. Purge (Purge tanks to less than 2% (vol) hydrocarbon)
5. Gas free (Ventilate tanks)
6. Vent, mop and dry (Lift scale)
7. Cargo to be loaded requires a less intensive cleaning than the procedure shown.",
HI,"1. Butterworth with sea water at 70 °C to 80 °C for 2 hours
2. Drain (Drain tanks and lines thoroughly)",
HI+,"1. Butterworth with sea water at 70 °C to 80 °C for 2 hours
2. Drain (Drain tanks and lines thoroughly)
3. Cargo to be loaded requires an ultra-high cleanliness standard. Additional cleaning will usually be necessary to pass the wall wash standard.",
HI-,"1. Butterworth with sea water at 70 °C to 80 °C for 2 hours
2. Drain (Drain tanks and lines thoroughly)
3. Cargo to be loaded requires a less intensive cleaning than the procedure shown.",
HJ,"1. Butterworth with sea water at 70 °C to 80 °C for 2 hours
2. Rinse with ambient temperature fresh water for 20 minutes
3. Drain (Drain tanks and lines thoroughly)",
HJ+,"1. Butterworth with sea water at 70 °C to 80 °C for 2 hours
2. Rinse with ambient temperature fresh water for 20 minutes
3. Drain (Drain tanks and lines thoroughly)
4. Cargo to be loaded requires an ultra-high cleanliness standard. Additional cleaning will usually be necessary to pass the wall wash standard.",
HJ-,"1. Butterworth with sea water at 70 °C to 80 °C for 2 hours
2. Rinse with ambient temperature fresh water for 20 minutes
3. Drain (Drain tanks and lines thoroughly)
4. Cargo to be loaded requires a less intensive cleaning than the procedure shown.",
HK,"1. Butterworth with sea water at 70 °C to 80 °C for 2 hours
2. Drain (Drain tanks and lines thoroughly)
3. Purge (Purge tanks to less than 2% (vol) hydrocarbon)",
HK+,"1. Butterworth with sea water at 70 °C to 80 °C for 2 hours
2. Drain (Drain tanks and lines thoroughly)
3. Purge (Purge tanks to less than 2% (vol) hydrocarbon)
4. Cargo to be loaded requires an ultra-high cleanliness standard. Additional cleaning will usually be necessary to pass the wall wash standard.",
HK-,"1. Butterworth with sea water at 70 °C to 80 °C for 2 hours
2. Drain (Drain tanks and lines thoroughly)
3. Purge (Purge tanks to less than 2% (vol) hydrocarbon)
4. Cargo to be loaded requires a less intensive cleaning than the procedure shown.",
HL,"1. Butterworth with sea water at 70 °C to 80 °C for 2 hours
2. Rinse with ambient temperature fresh water for 20 minutes
3. Drain (Drain tanks and lines thoroughly)
4. Purge (Purge tanks to less than 2% (vol) hydrocarbon)",
HL+,"1. Butterworth with sea water at 70 °C to 80 °C for 2 hours
2. Rinse with ambient temperature fresh water for 20 minutes
3. Drain (Drain tanks and lines thoroughly)
4. Purge (Purge tanks to less than 2% (vol) hydrocarbon)
5. Cargo to be loaded requires an ultra-high cleanliness standard. Additional cleaning will usually be necessary to pass the wall wash standard.",
HL-,"1. Butterworth with sea water at 70 °C to 80 °C for 2 hours
2. Rinse with ambient temperature fresh water for 20 minutes
3. Drain (Drain tanks and lines thoroughly)
4. Purge (Purge tanks to less than 2% (vol) hydrocarbon)
5. Cargo to be loaded requires a less intensive cleaning than the procedure shown.",
HM,"1. Butterworth with sea water at 70 °C to 80 °C for 2 hours
3. Drain (Drain tanks and lines thoroughly)
5. Purge (Purge tanks to less than 2% (vol) hydrocarbon)
6. Gas free (Ventilate tanks)
7. Vent, mop and dry (Lift scale)",
HM+,"1. Butterworth with sea water at 70 °C to 80 °C for 2 hours
3. Drain (Drain tanks and lines thoroughly)
5. Purge (Purge tanks to less than 2% (vol) hydrocarbon)
6. Gas free (Ventilate tanks)
7. Vent, mop and dry (Lift scale)
8. Cargo to be loaded requires an ultra-high cleanliness standard. Additional cleaning will usually be necessary to pass the wall wash standard.",
HM-,"1. Butterworth with sea water at 70 °C to 80 °C for 2 hours
3. Drain (Drain tanks and lines thoroughly)
5. Purge (Purge tanks to less than 2% (vol) hydrocarbon)
6. Gas free (Ventilate tanks)
7. Vent, mop and dry (Lift scale)
8. Cargo to be loaded requires a less intensive cleaning than the procedure shown.",
HO,"1. Butterworth with sea water at 70 °C to 80 °C for 2 hours
2. Rinse with ambient temperature fresh water for 20 minutes
3. Drain (Drain tanks and lines thoroughly)
4. Purge (Purge tanks to less than 2% (vol) hydrocarbon)
5. Gas free (Ventilate tanks)
6. Vent, mop and dry (Lift scale)",
HO+,"1. Butterworth with sea water at 70 °C to 80 °C for 2 hours
2. Rinse with ambient temperature fresh water for 20 minutes
3. Drain (Drain tanks and lines thoroughly)
4. Purge (Purge tanks to less than 2% (vol) hydrocarbon)
5. Gas free (Ventilate tanks)
6. Vent, mop and dry (Lift scale)
7. Cargo to be loaded requires an ultra-high cleanliness standard. Additional cleaning will usually be necessary to pass the wall wash standard.",
HO-,"1. Butterworth with sea water at 70 °C to 80 °C for 2 hours
2. Rinse with ambient temperature fresh water for 20 minutes
3. Drain (Drain tanks and lines thoroughly)
4. Purge (Purge tanks to less than 2% (vol) hydrocarbon)
5. Gas free (Ventilate tanks)
6. Vent, mop and dry (Lift scale)
7. Cargo to be loaded requires a less intensive cleaning than the procedure shown.",
HX,Not to be loaded without special cleaning instructions,
HY,Not to be loaded without special cleaning instructions. Three clean products or three zero biological content intermediate cargoes recommended.,
HY+,"Not to be loaded without special cleaning instructions. Three clean products or three zero biological content intermediate cargoes recommended.
Cargo to be loaded requires an ultra-high cleanliness standard. Additional cleaning will usually be necessary to pass the wall wash standard.",
HY-,"Not to be loaded without special cleaning instructions. Three clean products or three zero biological content intermediate cargoes recommended.
Cargo to be loaded requires a less intensive cleaning than the procedure shown.",
I,"1. Butterworth with ambient temperature sea water for 40 minutes
2. Butterworth with sea water at 70 °C to 80 °C for 1 hour
3. Recirculation in sea water or fresh water at 60 °C to 80 °C for 1 hour and use one of these cleaners:
- Solvent cleaner (hydrocarbon free)
- Detergent
(Follow the manufacturer's usage instructions and flush afterwards sufficiently to remove cleaner residues)
4. Rinse with ambient temperature fresh water for 20 minutes
5. Vent, mop and dry",
I+,"1. Butterworth with ambient temperature sea water for 40 minutes
2. Butterworth with sea water at 70 °C to 80 °C for 1 hour
3. Recirculation in sea water or fresh water at 60 °C to 80 °C for 1 hour and use one of these cleaners:
- Solvent cleaner (hydrocarbon free)
- Detergent
(Follow the manufacturer's usage instructions and flush afterwards sufficiently to remove cleaner residues)
4. Rinse with ambient temperature fresh water for 20 minutes
5. Vent, mop and dry
6. Cargo to be loaded requires an ultra-high cleanliness standard. Additional cleaning will usually be necessary to pass the wall wash standard.",
I-,"1. Butterworth with ambient temperature sea water for 40 minutes
2. Butterworth with sea water at 70 °C to 80 °C for 1 hour
3. Recirculation in sea water or fresh water at 60 °C to 80 °C for 1 hour and use one of these cleaners:
- Solvent cleaner (hydrocarbon free)
- Detergent
(Follow the manufacturer's usage instructions and flush afterwards sufficiently to remove cleaner residues)
4. Rinse with ambient temperature fresh water for 20 minutes
5. Vent, mop and dry
6. Cargo to be loaded requires a less intensive cleaning than the procedure shown.",
IA,"1. Butterworth with ambient temperature sea water for 1 hour (For products with a melting point above 0°C keep the temperature 10-15°C above the melting point.)
2. Butterworth with sea water at 70 °C to 80 °C for 1 hour
3. Recirculation in sea water or fresh water at 60 °C to 80 °C for 1,5 hours and use one of these cleaners:
- Solvent cleaner (hydrocarbon free)
- Detergent
(Follow the manufacturer's usage instructions and flush afterwards sufficiently to remove cleaner residues)
4. Rinse with ambient temperature fresh water for 20 minutes
5. Vent, mop and dry",
IA+,"1. Butterworth with ambient temperature sea water for 1 hour (For products with a melting point above 0°C keep the temperature 10-15°C above the melting point.)
2. Butterworth with sea water at 70 °C to 80 °C for 1 hour
3. Recirculation in sea water or fresh water at 60 °C to 80 °C for 1,5 hours and use one of these cleaners:
- Solvent cleaner (hydrocarbon free)
- Detergent
(Follow the manufacturer's usage instructions and flush afterwards sufficiently to remove cleaner residues)
4. Rinse with ambient temperature fresh water for 20 minutes
5. Vent, mop and dry
6. Cargo to be loaded requires an ultra-high cleanliness standard. Additional cleaning will usually be necessary to pass the wall wash standard.",
IA-,"1. Butterworth with ambient temperature sea water for 1 hour (For products with a melting point above 0°C keep the temperature 10-15°C above the melting point.)
2. Butterworth with sea water at 70 °C to 80 °C for 1 hour
3. Recirculation in sea water or fresh water at 60 °C to 80 °C for 1,5 hours and use one of these cleaners:
- Solvent cleaner (hydrocarbon free)
- Detergent
(Follow the manufacturer's usage instructions and flush afterwards sufficiently to remove cleaner residues)
4. Rinse with ambient temperature fresh water for 20 minutes
5. Vent, mop and dry
6. Cargo to be loaded requires a less intensive cleaning than the procedure shown.",
IB,"1. Butterworth with sea water at 50 °C to 55 °C for 1 hour
2. Butterworth with sea water at 70 °C to 80 °C for 1 hour
3. Recirculation in sea water or fresh water at 60 °C to 80 °C for 1,5 hours and use one of these cleaners:
- Solvent cleaner (hydrocarbon free)
- Detergent
(Follow the manufacturer's usage instructions and flush afterwards sufficiently to remove cleaner residues)
4. Rinse with ambient temperature fresh water for 20 minutes
5. Vent, mop and dry",
IB+,"1. Butterworth with sea water at 50 °C to 55 °C for 1 hour
2. Butterworth with sea water at 70 °C to 80 °C for 1 hour
3. Recirculation in sea water or fresh water at 60 °C to 80 °C for 1,5 hours and use one of these cleaners:
- Solvent cleaner (hydrocarbon free)
- Detergent
(Follow the manufacturer's usage instructions and flush afterwards sufficiently to remove cleaner residues)
4. Rinse with ambient temperature fresh water for 20 minutes
5. Vent, mop and dry
6. Cargo to be loaded requires an ultra-high cleanliness standard. Additional cleaning will usually be necessary to pass the wall wash standard.",
IB-,"1. Butterworth with sea water at 50 °C to 55 °C for 1 hour
2. Butterworth with sea water at 70 °C to 80 °C for 1 hour
3. Recirculation in sea water or fresh water at 60 °C to 80 °C for 1,5 hours and use one of these cleaners:
- Solvent cleaner (hydrocarbon free)
- Detergent
(Follow the manufacturer's usage instructions and flush afterwards sufficiently to remove cleaner residues)
4. Rinse with ambient temperature fresh water for 20 minutes
5. Vent, mop and dry
6. Cargo to be loaded requires a less intensive cleaning than the procedure shown.",
IC,"1. Butterworth with ambient temperature sea water for 1,5 hours
2. Butterworth with sea water at 70 °C to 80 °C for 1 hour
3. Recirculation in sea water or fresh water at 60 °C to 80 °C for 1,5 hours and use one of these cleaners:
- Solvent cleaner (hydrocarbon)
- Detergent
(Follow the manufacturer's usage instructions and flush afterwards sufficiently to remove cleaner residues)
4. Rinse with ambient temperature fresh water for 20 minutes
5. Vent, mop and dry",
IC+,"1. Butterworth with ambient temperature sea water for 1,5 hours
2. Butterworth with sea water at 70 °C to 80 °C for 1 hour
3. Recirculation in sea water or fresh water at 60 °C to 80 °C for 1,5 hours and use one of these cleaners:
- Solvent cleaner (hydrocarbon)
- Detergent
(Follow the manufacturer's usage instructions and flush afterwards sufficiently to remove cleaner residues)
4. Rinse with ambient temperature fresh water for 20 minutes
5. Vent, mop and dry
6. Cargo to be loaded requires an ultra-high cleanliness standard. Additional cleaning will usually be necessary to pass the wall wash standard.",
IC-,"1. Butterworth with ambient temperature sea water for 1,5 hours
2. Butterworth with sea water at 70 °C to 80 °C for 1 hour
3. Recirculation in sea water or fresh water at 60 °C to 80 °C for 1,5 hours and use one of these cleaners:
- Solvent cleaner (hydrocarbon)
- Detergent
(Follow the manufacturer's usage instructions and flush afterwards sufficiently to remove cleaner residues)
4. Rinse with ambient temperature fresh water for 20 minutes
5. Vent, mop and dry
6. Cargo to be loaded requires a less intensive cleaning than the procedure shown.",
ID,"Lead-compounds are completely soluble in Nitric Acid. In case of stainless steel, passivation of the tank is an effective method for Lead removal. For coatings a Lead Clean or Buffer Clean pH 5,5 can be used to lower the actual Lead content.

1. Butterworth with ambient temperature sea water for 1 hour
2. Butterworth with sea water at 70 °C to 80 °C for 1,5 hours
3. Rinse with ambient temperature fresh water for 20 minutes
4. Vent, mop and dry
5. Optional Recirculation in fresh water at 40 °C to 60 °C for 1,5 hours and use one of these cleaners:
- Lead cleaner
- Buffer clean ph 5,5 (zinc)
(Follow the manufacturer's usage instructions and flush afterwards sufficiently to remove cleaner residues)",
ID+,"Lead-compounds are completely soluble in Nitric Acid. In case of stainless steel, passivation of the tank is an effective method for Lead removal. For coatings a Lead Clean or Buffer Clean pH 5,5 can be used to lower the actual Lead content.

1. Butterworth with ambient temperature sea water for 1 hour
2. Butterworth with sea water at 70 °C to 80 °C for 1,5 hours
3. Rinse with ambient temperature fresh water for 20 minutes
4. Vent, mop and dry
5. Optional Recirculation in fresh water at 40 °C to 60 °C for 1,5 hours and use one of these cleaners:
- Lead cleaner
- Buffer clean ph 5,5 (zinc)
(Follow the manufacturer's usage instructions and flush afterwards sufficiently to remove cleaner residues)
6. Cargo to be loaded requires an ultra-high cleanliness standard. Additional cleaning will usually be necessary to pass the wall wash standard.",
ID-,"Lead-compounds are completely soluble in Nitric Acid. In case of stainless steel, passivation of the tank is an effective method for Lead removal. For coatings a Lead Clean or Buffer Clean pH 5,5 can be used to lower the actual Lead content.

1. Butterworth with ambient temperature sea water for 1 hour
2. Butterworth with sea water at 70 °C to 80 °C for 1,5 hours
3. Rinse with ambient temperature fresh water for 20 minutes
4. Vent, mop and dry
5. Optional Recirculation in fresh water at 40 °C to 60 °C for 1,5 hours and use one of these cleaners:
- Lead cleaner
- Buffer clean ph 5,5 (zinc)
(Follow the manufacturer's usage instructions and flush afterwards sufficiently to remove cleaner residues)
6. Cargo to be loaded requires a less intensive cleaning than the procedure shown.",
IE,"Lead-compounds are completely soluble in Nitric Acid. In case of stainless steel, passivation of the tank is an effective method for Lead removal. For coatings a Lead Clean or Buffer Clean pH 5,5 can be used to lower the actual Lead content.

1. Butterworth with ambient temperature sea water for 1 hour
2. Butterworth with sea water at 70 °C to 80 °C for 1 hour
3. Recirculation in sea water or fresh water at 60 °C to 80 °C for 1,5 hours and use one of these cleaners:
- Solvent cleaner (hydrocarbon free)
- Detergent
(Follow the manufacturer's usage instructions and flush afterwards sufficiently to remove cleaner residues)
4. Rinse with ambient temperature fresh water for 20 minutes
5. Vent, mop and dry
6. Optional Recirculation in fresh water at 40 °C to 60 °C for 1,5 hours and use one of these cleaners:
- Lead cleaner
- Buffer clean ph 5,5 (zinc)
(Follow the manufacturer's usage instructions and flush afterwards sufficiently to remove cleaner residues)",
IE+,"Lead-compounds are completely soluble in Nitric Acid. In case of stainless steel, passivation of the tank is an effective method for Lead removal. For coatings a Lead Clean or Buffer Clean pH 5,5 can be used to lower the actual Lead content.

1. Butterworth with ambient temperature sea water for 1 hour
2. Butterworth with sea water at 70 °C to 80 °C for 1 hour
3. Recirculation in sea water or fresh water at 60 °C to 80 °C for 1,5 hours and use one of these cleaners:
- Solvent cleaner (hydrocarbon free)
- Detergent
(Follow the manufacturer's usage instructions and flush afterwards sufficiently to remove cleaner residues)
4. Rinse with ambient temperature fresh water for 20 minutes
5. Vent, mop and dry
6. Optional Recirculation in fresh water at 40 °C to 60 °C for 1,5 hours and use one of these cleaners:
- Lead cleaner
- Buffer clean ph 5,5 (zinc)
(Follow the manufacturer's usage instructions and flush afterwards sufficiently to remove cleaner residues)
7. Cargo to be loaded requires an ultra-high cleanliness standard. Additional cleaning will usually be necessary to pass the wall wash standard.",
IE-,"Lead-compounds are completely soluble in Nitric Acid. In case of stainless steel, passivation of the tank is an effective method for Lead removal. For coatings a Lead Clean or Buffer Clean pH 5,5 can be used to lower the actual Lead content.

1. Butterworth with ambient temperature sea water for 1 hour
2. Butterworth with sea water at 70 °C to 80 °C for 1 hour
3. Recirculation in sea water or fresh water at 60 °C to 80 °C for 1,5 hours and use one of these cleaners:
- Solvent cleaner (hydrocarbon free)
- Detergent
(Follow the manufacturer's usage instructions and flush afterwards sufficiently to remove cleaner residues)
4. Rinse with ambient temperature fresh water for 20 minutes
5. Vent, mop and dry
6. Optional Recirculation in fresh water at 40 °C to 60 °C for 1,5 hours and use one of these cleaners:
- Lead cleaner
- Buffer clean ph 5,5 (zinc)
(Follow the manufacturer's usage instructions and flush afterwards sufficiently to remove cleaner residues)
7. Cargo to be loaded requires a less intensive cleaning than the procedure shown.",
IF,"Residues of dye can be removed using a solution of 1-2% of sodium hypochlorite (bleach) in fresh water. (Sodium hypochlorite is typically delivered as a 12,5 to 15% solution in water). Butterworth the tank with the prepared solution by recirculation. The washing water temperature should not exceed 40° C.

1. Butterworth with ambient temperature sea water for 1,5 hours (Ambient temperature because of dye)
2. Butterworth with sea water at 70 °C to 80 °C for 1,5 hours
3. Rinse with ambient temperature fresh water for 20 minutes
4. Vent, mop and dry
5. Optional Recirculation in fresh water at 20 °C to 40 °C for 1,5 hours and use one of these cleaners:
- Bleach
(1-2% of a standard Sodium Hypochlorite solution (12,5-15%), Flush sufficiently to remove cleaner)",
IF+,"Residues of dye can be removed using a solution of 1-2% of sodium hypochlorite (bleach) in fresh water. (Sodium hypochlorite is typically delivered as a 12,5 to 15% solution in water). Butterworth the tank with the prepared solution by recirculation. The washing water temperature should not exceed 40° C.

1. Butterworth with ambient temperature sea water for 1,5 hours (Ambient temperature because of dye)
2. Butterworth with sea water at 70 °C to 80 °C for 1,5 hours
3. Rinse with ambient temperature fresh water for 20 minutes
4. Vent, mop and dry
5. Optional Recirculation in fresh water at 20 °C to 40 °C for 1,5 hours and use one of these cleaners:
- Bleach
(1-2% of a standard Sodium Hypochlorite solution (12,5-15%), Flush sufficiently to remove cleaner)
6. Cargo to be loaded requires an ultra-high cleanliness standard. Additional cleaning will usually be necessary to pass the wall wash standard.",
IF-,"Residues of dye can be removed using a solution of 1-2% of sodium hypochlorite (bleach) in fresh water. (Sodium hypochlorite is typically delivered as a 12,5 to 15% solution in water). Butterworth the tank with the prepared solution by recirculation. The washing water temperature should not exceed 40° C.

1. Butterworth with ambient temperature sea water for 1,5 hours (Ambient temperature because of dye)
2. Butterworth with sea water at 70 °C to 80 °C for 1,5 hours
3. Rinse with ambient temperature fresh water for 20 minutes
4. Vent, mop and dry
5. Optional Recirculation in fresh water at 20 °C to 40 °C for 1,5 hours and use one of these cleaners:
- Bleach
(1-2% of a standard Sodium Hypochlorite solution (12,5-15%), Flush sufficiently to remove cleaner)
6. Cargo to be loaded requires a less intensive cleaning than the procedure shown.",
IG,"Residues of dye can be removed using a solution of 1-2% of sodium hypochlorite (bleach) in fresh water. (Sodium hypochlorite is typically delivered as a 12,5 to 15% solution in water). Butterworth the tank with the prepared solution by recirculation. The washing water temperature should not exceed 40° C.

1. Butterworth with ambient temperature sea water for 1,5 hours (Ambient temperature because of dye)
2. Butterworth with sea water at 70 °C to 80 °C for 1 hour
3. Recirculation in sea water or fresh water at 60 °C to 80 °C for 1,5 hours and use one of these cleaners:
- Solvent cleaner (hydrocarbon free)
- Detergent
(Follow the manufacturer's usage instructions and flush afterwards sufficiently to remove cleaner residues)
4. Rinse with ambient temperature fresh water for 20 minutes
5. Vent, mop and dry
6. Optional Recirculation in fresh water at 20 °C to 40 °C for 1,5 hours and use one of these cleaners:
- Bleach
(1-2% of a standard Sodium Hypochlorite solution (12,5-15%), Flush sufficiently to remove cleaner)",
IG+,"Residues of dye can be removed using a solution of 1-2% of sodium hypochlorite (bleach) in fresh water. (Sodium hypochlorite is typically delivered as a 12,5 to 15% solution in water). Butterworth the tank with the prepared solution by recirculation. The washing water temperature should not exceed 40° C.

1. Butterworth with ambient temperature sea water for 1,5 hours (Ambient temperature because of dye)
2. Butterworth with sea water at 70 °C to 80 °C for 1 hour
3. Recirculation in sea water or fresh water at 60 °C to 80 °C for 1,5 hours and use one of these cleaners:
- Solvent cleaner (hydrocarbon free)
- Detergent
(Follow the manufacturer's usage instructions and flush afterwards sufficiently to remove cleaner residues)
4. Rinse with ambient temperature fresh water for 20 minutes
5. Vent, mop and dry
6. Optional Recirculation in fresh water at 20 °C to 40 °C for 1,5 hours and use one of these cleaners:
- Bleach
(1-2% of a standard Sodium Hypochlorite solution (12,5-15%), Flush sufficiently to remove cleaner)
7. Cargo to be loaded requires an ultra-high cleanliness standard. Additional cleaning will usually be necessary to pass the wall wash standard.",
IG-,"Residues of dye can be removed using a solution of 1-2% of sodium hypochlorite (bleach) in fresh water. (Sodium hypochlorite is typically delivered as a 12,5 to 15% solution in water). Butterworth the tank with the prepared solution by recirculation. The washing water temperature should not exceed 40° C.

1. Butterworth with ambient temperature sea water for 1,5 hours (Ambient temperature because of dye)
2. Butterworth with sea water at 70 °C to 80 °C for 1 hour
3. Recirculation in sea water or fresh water at 60 °C to 80 °C for 1,5 hours and use one of these cleaners:
- Solvent cleaner (hydrocarbon free)
- Detergent
(Follow the manufacturer's usage instructions and flush afterwards sufficiently to remove cleaner residues)
4. Rinse with ambient temperature fresh water for 20 minutes
5. Vent, mop and dry
6. Optional Recirculation in fresh water at 20 °C to 40 °C for 1,5 hours and use one of these cleaners:
- Bleach
(1-2% of a standard Sodium Hypochlorite solution (12,5-15%), Flush sufficiently to remove cleaner)
7. Cargo to be loaded requires a less intensive cleaning than the procedure shown.",
IH,"1. Butterworth with sea water at 35 °C to 40 °C for 1 hour
2. Butterworth with sea water at 70 °C to 80 °C for 1,5 hours
3. Recirculation in fresh water at 60 °C to 70 °C for 1,5 hours and use one of these cleaners:
- Alkaline (caustic potash)
- Alkaline (caustic soda)
- Detergent
- Alkaline safety (zinc)
(Follow the manufacturer's usage instructions and flush afterwards sufficiently to remove cleaner residues)
4. Rinse with ambient temperature fresh water for 20 minutes
5. Vent, mop and dry",
IH+,"1. Butterworth with sea water at 35 °C to 40 °C for 1 hour
2. Butterworth with sea water at 70 °C to 80 °C for 1,5 hours
3. Recirculation in fresh water at 60 °C to 70 °C for 1,5 hours and use one of these cleaners:
- Alkaline (caustic potash)
- Alkaline (caustic soda)
- Detergent
- Alkaline safety (zinc)
(Follow the manufacturer's usage instructions and flush afterwards sufficiently to remove cleaner residues)
4. Rinse with ambient temperature fresh water for 20 minutes
5. Vent, mop and dry
6. Cargo to be loaded requires an ultra-high cleanliness standard. Additional cleaning will usually be necessary to pass the wall wash standard.",
IH-,"1. Butterworth with sea water at 35 °C to 40 °C for 1 hour
2. Butterworth with sea water at 70 °C to 80 °C for 1,5 hours
3. Recirculation in fresh water at 60 °C to 70 °C for 1,5 hours and use one of these cleaners:
- Alkaline (caustic potash)
- Alkaline (caustic soda)
- Detergent
- Alkaline safety (zinc)
(Follow the manufacturer's usage instructions and flush afterwards sufficiently to remove cleaner residues)
4. Rinse with ambient temperature fresh water for 20 minutes
5. Vent, mop and dry
6. Cargo to be loaded requires a less intensive cleaning than the procedure shown.",
IJ,"1. Butterworth with sea water at 35 °C to 40 °C for 1 hour
2. Butterworth with sea water at 70 °C to 80 °C for 1 hour
3. Recirculation in sea water or fresh water at 60 °C to 80 °C for 1,5 hours and use one of these cleaners:
- Solvent cleaner (hydrocarbon free)
- Detergent
(Follow the manufacturer's usage instructions and flush afterwards sufficiently to remove cleaner residues)
4. Rinse with ambient temperature fresh water for 20 minutes
5. Vent, mop and dry",
IJ+,"1. Butterworth with sea water at 35 °C to 40 °C for 1 hour
2. Butterworth with sea water at 70 °C to 80 °C for 1 hour
3. Recirculation in sea water or fresh water at 60 °C to 80 °C for 1,5 hours and use one of these cleaners:
- Solvent cleaner (hydrocarbon free)
- Detergent
(Follow the manufacturer's usage instructions and flush afterwards sufficiently to remove cleaner residues)
4. Rinse with ambient temperature fresh water for 20 minutes
5. Vent, mop and dry
6. Cargo to be loaded requires an ultra-high cleanliness standard. Additional cleaning will usually be necessary to pass the wall wash standard.",
IJ-,"1. Butterworth with sea water at 35 °C to 40 °C for 1 hour
2. Butterworth with sea water at 70 °C to 80 °C for 1 hour
3. Recirculation in sea water or fresh water at 60 °C to 80 °C for 1,5 hours and use one of these cleaners:
- Solvent cleaner (hydrocarbon free)
- Detergent
(Follow the manufacturer's usage instructions and flush afterwards sufficiently to remove cleaner residues)
4. Rinse with ambient temperature fresh water for 20 minutes
5. Vent, mop and dry
6. Cargo to be loaded requires a less intensive cleaning than the procedure shown.",
K,"1. Butterworth with sea water at 35 °C to 40 °C for 1 hour (Max 40°C to avoid the formation of sticky residues)
2. Butterworth with sea water at 65 °C to 70 °C for 2 hours
3. Rinse with ambient temperature fresh water for 20 minutes
4. Vent, mop and dry",
K+,"1. Butterworth with sea water at 35 °C to 40 °C for 1 hour (Max 40°C to avoid the formation of sticky residues)
2. Butterworth with sea water at 65 °C to 70 °C for 2 hours
3. Rinse with ambient temperature fresh water for 20 minutes
4. Vent, mop and dry
5. Cargo to be loaded requires an ultra-high cleanliness standard. Additional cleaning will usually be necessary to pass the wall wash standard.",
K-,"1. Butterworth with sea water at 35 °C to 40 °C for 1 hour (Max 40°C to avoid the formation of sticky residues)
2. Butterworth with sea water at 65 °C to 70 °C for 2 hours
3. Rinse with ambient temperature fresh water for 20 minutes
4. Vent, mop and dry
5. Cargo to be loaded requires a less intensive cleaning than the procedure shown.",
KA,"1. Butterworth with sea water at 35 °C to 40 °C for 1 hour (Max 40°C to avoid the formation of sticky residues)
2. Butterworth with sea water at 65 °C to 70 °C for 1,5 hours
3. Recirculation in sea water or fresh water at 60 °C to 80 °C for 1,5 hours and use one of these cleaners:
- Solvent cleaner (hydrocarbon)
- Solvent cleaner (hydrocarbon free)
- Detergent
(Follow the manufacturer's usage instructions and flush afterwards sufficiently to remove cleaner residues)
4. Rinse with ambient temperature fresh water for 20 minutes
5. Vent, mop and dry",
KA+,"1. Butterworth with sea water at 35 °C to 40 °C for 1 hour (Max 40°C to avoid the formation of sticky residues)
2. Butterworth with sea water at 65 °C to 70 °C for 1,5 hours
3. Recirculation in sea water or fresh water at 60 °C to 80 °C for 1,5 hours and use one of these cleaners:
- Solvent cleaner (hydrocarbon)
- Solvent cleaner (hydrocarbon free)
- Detergent
(Follow the manufacturer's usage instructions and flush afterwards sufficiently to remove cleaner residues)
4. Rinse with ambient temperature fresh water for 20 minutes
5. Vent, mop and dry
6. Cargo to be loaded requires an ultra-high cleanliness standard. Additional cleaning will usually be necessary to pass the wall wash standard.",
KA-,"1. Butterworth with sea water at 35 °C to 40 °C for 1 hour (Max 40°C to avoid the formation of sticky residues)
2. Butterworth with sea water at 65 °C to 70 °C for 1,5 hours
3. Recirculation in sea water or fresh water at 60 °C to 80 °C for 1,5 hours and use one of these cleaners:
- Solvent cleaner (hydrocarbon)
- Solvent cleaner (hydrocarbon free)
- Detergent
(Follow the manufacturer's usage instructions and flush afterwards sufficiently to remove cleaner residues)
4. Rinse with ambient temperature fresh water for 20 minutes
5. Vent, mop and dry
6. Cargo to be loaded requires a less intensive cleaning than the procedure shown.",
M,"Acrylates are liable to polymerisation and are normally inhibited. Heating could deactivate inhibitor which might trigger polymerisation. These products have a strong smell.

1. Butterworth with ambient temperature sea water for 2 hours (Ambient temperature due to polymerization)
2. Butterworth with sea water at 60 °C to 70 °C for 1 hour
3. Rinse with ambient temperature fresh water for 20 minutes
4. Vent, mop and dry",
M+,"Acrylates are liable to polymerisation and are normally inhibited. Heating could deactivate inhibitor which might trigger polymerisation. These products have a strong smell.

1. Butterworth with ambient temperature sea water for 2 hours (Ambient temperature due to polymerization)
2. Butterworth with sea water at 60 °C to 70 °C for 1 hour
3. Rinse with ambient temperature fresh water for 20 minutes
4. Vent, mop and dry
5. Cargo to be loaded requires an ultra-high cleanliness standard. Additional cleaning will usually be necessary to pass the wall wash standard.",
M-,"Acrylates are liable to polymerisation and are normally inhibited. Heating could deactivate inhibitor which might trigger polymerisation. These products have a strong smell.

1. Butterworth with ambient temperature sea water for 2 hours (Ambient temperature due to polymerization)
2. Butterworth with sea water at 60 °C to 70 °C for 1 hour
3. Rinse with ambient temperature fresh water for 20 minutes
4. Vent, mop and dry
5. Cargo to be loaded requires a less intensive cleaning than the procedure shown.",
MA,"Acrylates are liable to polymerisation and are normally inhibited. Heating could deactivate the inhibitor which might trigger polymerisation. These products have a strong smell.

1. Butterworth with ambient temperature sea water for 2 hours (Ambient temperature due to polymerization)
2. Butterworth with sea water at 60 °C to 70 °C for 1 hour
3. Recirculation in fresh water at 50 °C to 70 °C for 1 hour and use one of these cleaners:
- Smell remover
- Acrylate neutralizer
(Follow the manufacturer's usage instructions and flush afterwards sufficiently to remove cleaner residues)
4. Rinse with ambient temperature fresh water for 20 minutes
5. Vent, mop and dry
6. Optional Recirculation in fresh water at 50 °C to 60 °C for 1 hour and use one of these cleaners:
- Inhibitor remover
(Follow the manufacturer's usage instructions and flush afterwards sufficiently to remove cleaner residues)",
MA+,"Acrylates are liable to polymerisation and are normally inhibited. Heating could deactivate the inhibitor which might trigger polymerisation. These products have a strong smell.

1. Butterworth with ambient temperature sea water for 2 hours (Ambient temperature due to polymerization)
2. Butterworth with sea water at 60 °C to 70 °C for 1 hour
3. Recirculation in fresh water at 50 °C to 70 °C for 1 hour and use one of these cleaners:
- Smell remover
- Acrylate neutralizer
(Follow the manufacturer's usage instructions and flush afterwards sufficiently to remove cleaner residues)
4. Rinse with ambient temperature fresh water for 20 minutes
5. Vent, mop and dry
6. Optional Recirculation in fresh water at 50 °C to 60 °C for 1 hour and use one of these cleaners:
- Inhibitor remover
(Follow the manufacturer's usage instructions and flush afterwards sufficiently to remove cleaner residues)
7. Cargo to be loaded requires an ultra-high cleanliness standard. Additional cleaning will usually be necessary to pass the wall wash standard.",
MA-,"Acrylates are liable to polymerisation and are normally inhibited. Heating could deactivate the inhibitor which might trigger polymerisation. These products have a strong smell.

1. Butterworth with ambient temperature sea water for 2 hours (Ambient temperature due to polymerization)
2. Butterworth with sea water at 60 °C to 70 °C for 1 hour
3. Recirculation in fresh water at 50 °C to 70 °C for 1 hour and use one of these cleaners:
- Smell remover
- Acrylate neutralizer
(Follow the manufacturer's usage instructions and flush afterwards sufficiently to remove cleaner residues)
4. Rinse with ambient temperature fresh water for 20 minutes
5. Vent, mop and dry
6. Optional Recirculation in fresh water at 50 °C to 60 °C for 1 hour and use one of these cleaners:
- Inhibitor remover
(Follow the manufacturer's usage instructions and flush afterwards sufficiently to remove cleaner residues)
7. Cargo to be loaded requires a less intensive cleaning than the procedure shown.",
N,"Product is liable to polymerisation. Violent chemical reaction possible. Usually inhibited for transport and storage. Product has a strong smell

1. Butterworth with ambient temperature sea water for 2 hours (Ambient temperature due to polymerization)
2. Butterworth with sea water at a maximum temperature of 50 °C for 1 hour
3. Rinse with ambient temperature fresh water for 20 minutes
4. Vent, mop and dry",
N+,"Product is liable to polymerisation. Violent chemical reaction possible. Usually inhibited for transport and storage. Product has a strong smell

1. Butterworth with ambient temperature sea water for 2 hours (Ambient temperature due to polymerization)
2. Butterworth with sea water at a maximum temperature of 50 °C for 1 hour
3. Rinse with ambient temperature fresh water for 20 minutes
4. Vent, mop and dry
5. Cargo to be loaded requires an ultra-high cleanliness standard. Additional cleaning will usually be necessary to pass the wall wash standard.",
N-,"Product is liable to polymerisation. Violent chemical reaction possible. Usually inhibited for transport and storage. Product has a strong smell

1. Butterworth with ambient temperature sea water for 2 hours (Ambient temperature due to polymerization)
2. Butterworth with sea water at a maximum temperature of 50 °C for 1 hour
3. Rinse with ambient temperature fresh water for 20 minutes
4. Vent, mop and dry
5. Cargo to be loaded requires a less intensive cleaning than the procedure shown.",
NA,"Product is liable to polymerisation. Violent chemical reaction possible. Usually inhibited for
transport and storage. Product has a strong smell.
1. Butterworth with ambient temperature sea water for 2 hours (Ambient temperature due to
polymerization)
2. Butterworth with sea water at a maximum temperature of 50 °C for 1 hour
3. Rinse with ambient temperature fresh water for 20 minutes
4. Vent, mop and dry
5. Optional Recirculation in fresh water at 50 °C to 70 °C for 1 hour and use one of these
cleaners:
- Detergent
- Smell remover
- Inhibitor remover
(Follow the manufacturer's usage instructions and flush afterwards sufficiently to remove
cleaner residues)",
NA+,"Product is liable to polymerisation. Violent chemical reaction possible. Usually inhibited for
transport and storage. Product has a strong smell.
1. Butterworth with ambient temperature sea water for 2 hours (Ambient temperature due to
polymerization)
2. Butterworth with sea water at a maximum temperature of 50 °C for 1 hour
3. Rinse with ambient temperature fresh water for 20 minutes
4. Vent, mop and dry
5. Optional Recirculation in fresh water at 50 °C to 70 °C for 1 hour and use one of these
cleaners:
- Detergent
- Smell remover
- Inhibitor remover
(Follow the manufacturer's usage instructions and flush afterwards sufficiently to remove
cleaner residues)
Cargo to be loaded requires an ultra-high cleanliness standard. Additional cleaning will usually 
be necessary to pass the wall wash standard.",
NA-,"Product is liable to polymerisation. Violent chemical reaction possible. Usually inhibited for
transport and storage. Product has a strong smell.
1. Butterworth with ambient temperature sea water for 2 hours (Ambient temperature due to
polymerization)
2. Butterworth with sea water at a maximum temperature of 50 °C for 1 hour
3. Rinse with ambient temperature fresh water for 20 minutes
4. Vent, mop and dry
5. Optional Recirculation in fresh water at 50 °C to 70 °C for 1 hour and use one of these
cleaners:
- Detergent
- Smell remover
- Inhibitor remover
(Follow the manufacturer's usage instructions and flush afterwards sufficiently to remove
cleaner residues)
Cargo to be loaded requires a less intensive cleaning than the procedure shown.",
NB,"1. Butterworth with ambient temperature sea water for 1 hour
2. Butterworth with sea water at 50 °C to 55 °C for 1 hour
3. Recirculation in fresh water at 50 °C to 70 °C for 1 hour and use one of these cleaners:
- Detergent
- Smell remover
(Follow the manufacturer's usage instructions and flush afterwards sufficiently to remove cleaner residues)
4. Rinse with ambient temperature fresh water for 20 minutes
5. Vent, mop and dry",
NB+,"1. Butterworth with ambient temperature sea water for 1 hour
2. Butterworth with sea water at 50 °C to 55 °C for 1 hour
3. Recirculation in fresh water at 50 °C to 70 °C for 1 hour and use one of these cleaners:
- Detergent
- Smell remover
(Follow the manufacturer's usage instructions and flush afterwards sufficiently to remove cleaner residues)
4. Rinse with ambient temperature fresh water for 20 minutes
5. Vent, mop and dry
6. Cargo to be loaded requires an ultra-high cleanliness standard. Additional cleaning will usually be necessary to pass the wall wash standard.",
NB-,"1. Butterworth with ambient temperature sea water for 1 hour
2. Butterworth with sea water at 50 °C to 55 °C for 1 hour
3. Recirculation in fresh water at 50 °C to 70 °C for 1 hour and use one of these cleaners:
- Detergent
- Smell remover
(Follow the manufacturer's usage instructions and flush afterwards sufficiently to remove cleaner residues)
4. Rinse with ambient temperature fresh water for 20 minutes
5. Vent, mop and dry
6. Cargo to be loaded requires a less intensive cleaning than the procedure shown.",
NC,"1. Butterworth with sea water at 50 °C to 55 °C for 1 hour
2. Butterworth with sea water at 70 °C to 80 °C for 1,5 hours
3. Recirculation in sea water or fresh water at 50 °C to 70 °C for 1 hour and use one of these cleaners:
- Detergent
- Smell remover
(Follow the manufacturer's usage instructions and flush afterwards sufficiently to remove cleaner residues)
4. Rinse with ambient temperature fresh water for 20 minutes
5. Vent, mop and dry",
NC+,"1. Butterworth with sea water at 50 °C to 55 °C for 1 hour
2. Butterworth with sea water at 70 °C to 80 °C for 1,5 hours
3. Recirculation in sea water or fresh water at 50 °C to 70 °C for 1 hour and use one of these cleaners:
- Detergent
- Smell remover
(Follow the manufacturer's usage instructions and flush afterwards sufficiently to remove cleaner residues)
4. Rinse with ambient temperature fresh water for 20 minutes
5. Vent, mop and dry
6. Cargo to be loaded requires an ultra-high cleanliness standard. Additional cleaning will usually be necessary to pass the wall wash standard.",
NC-,"1. Butterworth with sea water at 50 °C to 55 °C for 1 hour
2. Butterworth with sea water at 70 °C to 80 °C for 1,5 hours
3. Recirculation in sea water or fresh water at 50 °C to 70 °C for 1 hour and use one of these cleaners:
- Detergent
- Smell remover
(Follow the manufacturer's usage instructions and flush afterwards sufficiently to remove cleaner residues)
4. Rinse with ambient temperature fresh water for 20 minutes
5. Vent, mop and dry
6. Cargo to be loaded requires a less intensive cleaning than the procedure shown.",
ND,"1. Butterworth with ambient temperature sea water for 1 hour
2. Butterworth with sea water at 70 °C to 80 °C for 1,5 hours
3. Recirculation in sea water or fresh water at 50 °C to 70 °C for 1 hour and use one of these cleaners:
- Detergent
- Smell remover
(Follow the manufacturer's usage instructions and flush afterwards sufficiently to remove cleaner residues)
4. Rinse with ambient temperature fresh water for 20 minutes
5. Vent, mop and dry",
ND+,"1. Butterworth with ambient temperature sea water for 1 hour
2. Butterworth with sea water at 70 °C to 80 °C for 1,5 hours
3. Recirculation in sea water or fresh water at 50 °C to 70 °C for 1 hour and use one of these cleaners:
- Detergent
- Smell remover
(Follow the manufacturer's usage instructions and flush afterwards sufficiently to remove cleaner residues)
4. Rinse with ambient temperature fresh water for 20 minutes
5. Vent, mop and dry
6. Cargo to be loaded requires an ultra-high cleanliness standard. Additional cleaning will usually be necessary to pass the wall wash standard.",
ND-,"1. Butterworth with ambient temperature sea water for 1 hour
2. Butterworth with sea water at 70 °C to 80 °C for 1,5 hours
3. Recirculation in sea water or fresh water at 50 °C to 70 °C for 1 hour and use one of these cleaners:
- Detergent
- Smell remover
(Follow the manufacturer's usage instructions and flush afterwards sufficiently to remove cleaner residues)
4. Rinse with ambient temperature fresh water for 20 minutes
5. Vent, mop and dry
6. Cargo to be loaded requires a less intensive cleaning than the procedure shown.",
O,"Various different grades ranging from low to high viscosity. The necessary cleaning time depends on product viscosity.

1. Butterworth with sea water at 75 °C to 80 °C for 1,5 hours (Start with moderate temperature water and increase to maximum temperature after 20-30 minutes.)
2. Recirculation in sea water or fresh water at 65 °C to 80 °C for 1,5 hours and use one of these cleaners:
- Solvent cleaner (hydrocarbon)
- Solvent cleaner (hydrocarbon free)
- Detergent
(Follow the manufacturer's usage instructions and flush afterwards sufficiently to remove cleaner residues)
3. Rinse with ambient temperature fresh water for 20 minutes
4. Vent, mop and dry",
O+,"Various different grades ranging from low to high viscosity. The necessary cleaning time depends on product viscosity.

1. Butterworth with sea water at 75 °C to 80 °C for 1,5 hours (Start with moderate temperature water and increase to maximum temperature after 20-30 minutes.)
2. Recirculation in sea water or fresh water at 65 °C to 80 °C for 1,5 hours and use one of these cleaners:
- Solvent cleaner (hydrocarbon)
- Solvent cleaner (hydrocarbon free)
- Detergent
(Follow the manufacturer's usage instructions and flush afterwards sufficiently to remove cleaner residues)
3. Rinse with ambient temperature fresh water for 20 minutes
4. Vent, mop and dry
5. Cargo to be loaded requires an ultra-high cleanliness standard. Additional cleaning will usually be necessary to pass the wall wash standard.",
O-,"Various different grades ranging from low to high viscosity. The necessary cleaning time depends on product viscosity.

1. Butterworth with sea water at 75 °C to 80 °C for 1,5 hours (Start with moderate temperature water and increase to maximum temperature after 20-30 minutes.)
2. Recirculation in sea water or fresh water at 65 °C to 80 °C for 1,5 hours and use one of these cleaners:
- Solvent cleaner (hydrocarbon)
- Solvent cleaner (hydrocarbon free)
- Detergent
(Follow the manufacturer's usage instructions and flush afterwards sufficiently to remove cleaner residues)
3. Rinse with ambient temperature fresh water for 20 minutes
4. Vent, mop and dry
5. Cargo to be loaded requires a less intensive cleaning than the procedure shown.",
OA,"Various different grades with partly very high viscosity. Lubricating oil / fuel additives are
TOP
495
MENU
insoluble in water but soluble in other lube oils, gasoil and other hydrocarbon solvents. Some lubricating oil additives (including but not limited to the LUBRIZOL brand) react with water to create sticky persistent residues. In these cases it is wise to pre-wash the tank with a hydrocarbon solvent.

1. Butterworth with sea water at 40 °C to 70 °C for 2 hours (Depending on the viscosity pre-clean the tank with water of a warm to moderate temperature)
2. Recirculation in sea water or fresh water at 60 °C to 70 °C for 2 hours and use one of these cleaners:
- Solvent cleaner (hydrocarbon)
(Follow the manufacturer's usage instructions and flush afterwards sufficiently to remove cleaner residues)
3. Butterworth with sea water at 70 °C to 80 °C for 1 hour
4. Rinse with ambient temperature fresh water for 20 minutes
5. Vent, mop and dry",
OA+,"Various different grades with partly very high viscosity. Lubricating oil / fuel additives are
TOP
495
MENU
insoluble in water but soluble in other lube oils, gasoil and other hydrocarbon solvents. Some lubricating oil additives (including but not limited to the LUBRIZOL brand) react with water to create sticky persistent residues. In these cases it is wise to pre-wash the tank with a hydrocarbon solvent.

1. Butterworth with sea water at 40 °C to 70 °C for 2 hours (Depending on the viscosity pre-clean the tank with water of a warm to moderate temperature)
2. Recirculation in sea water or fresh water at 60 °C to 70 °C for 2 hours and use one of these cleaners:
- Solvent cleaner (hydrocarbon)
(Follow the manufacturer's usage instructions and flush afterwards sufficiently to remove cleaner residues)
3. Butterworth with sea water at 70 °C to 80 °C for 1 hour
4. Rinse with ambient temperature fresh water for 20 minutes
5. Vent, mop and dry
6. Cargo to be loaded requires an ultra-high cleanliness standard. Additional cleaning will usually be necessary to pass the wall wash standard.",
OA-,"Various different grades with partly very high viscosity. Lubricating oil / fuel additives are
TOP
495
MENU
insoluble in water but soluble in other lube oils, gasoil and other hydrocarbon solvents. Some lubricating oil additives (including but not limited to the LUBRIZOL brand) react with water to create sticky persistent residues. In these cases it is wise to pre-wash the tank with a hydrocarbon solvent.

1. Butterworth with sea water at 40 °C to 70 °C for 2 hours (Depending on the viscosity pre-clean the tank with water of a warm to moderate temperature)
2. Recirculation in sea water or fresh water at 60 °C to 70 °C for 2 hours and use one of these cleaners:
- Solvent cleaner (hydrocarbon)
(Follow the manufacturer's usage instructions and flush afterwards sufficiently to remove cleaner residues)
3. Butterworth with sea water at 70 °C to 80 °C for 1 hour
4. Rinse with ambient temperature fresh water for 20 minutes
5. Vent, mop and dry
6. Cargo to be loaded requires a less intensive cleaning than the procedure shown.",
OB,"Clean initially at a temperature of 20-25°C above the melting point of the respective wax. There should be no ballast water adjacent to the tank being cleaned.

1. Butterworth with sea water at 60 °C to 90 °C for 2,5 hours (Start with a temperature of 20-25°C above the melting point of the wax and increase to maximum temperature after 40-60 minutes)
2. Rinse with fresh water at 70 °C to 80 °C for 20 minutes
3. Vent, mop and dry
4. Optional Recirculation in sea water or fresh water at 70 °C to 80 °C for 2 hours and use one of these cleaners:
- Solvent cleaner (hydrocarbon)
(Follow the manufacturer's usage instructions and flush afterwards sufficiently to remove cleaner residues, If waxy residues present.)",
OB+,"Clean initially at a temperature of 20-25°C above the melting point of the respective wax. There should be no ballast water adjacent to the tank being cleaned.

1. Butterworth with sea water at 60 °C to 90 °C for 2,5 hours (Start with a temperature of 20-25°C above the melting point of the wax and increase to maximum temperature after 40-60 minutes)
2. Rinse with fresh water at 70 °C to 80 °C for 20 minutes
3. Vent, mop and dry
4. Optional Recirculation in sea water or fresh water at 70 °C to 80 °C for 2 hours and use one of these cleaners:
- Solvent cleaner (hydrocarbon)
(Follow the manufacturer's usage instructions and flush afterwards sufficiently to remove cleaner residues, If waxy residues present.)
5. Cargo to be loaded requires an ultra-high cleanliness standard. Additional cleaning will usually be necessary to pass the wall wash standard.",
OB-,"Clean initially at a temperature of 20-25°C above the melting point of the respective wax. There should be no ballast water adjacent to the tank being cleaned.

1. Butterworth with sea water at 60 °C to 90 °C for 2,5 hours (Start with a temperature of 20-25°C above the melting point of the wax and increase to maximum temperature after 40-60 minutes)
2. Rinse with fresh water at 70 °C to 80 °C for 20 minutes
3. Vent, mop and dry
4. Optional Recirculation in sea water or fresh water at 70 °C to 80 °C for 2 hours and use one of these cleaners:
- Solvent cleaner (hydrocarbon)
(Follow the manufacturer's usage instructions and flush afterwards sufficiently to remove cleaner residues, If waxy residues present.)
5. Cargo to be loaded requires a less intensive cleaning than the procedure shown.",
OC,"Always try to prevent latex from drying out by keeping the tank closed. If allowed by the receiver / charterer, introduce in intervals steam into the tank during discharging, but avoid any warming up. After discharging immediately wash the tank down with cold fresh water.

1. Butterworth with ambient temperature fresh water for 1,5 hours (Immediately after completion of discharge wash the tank down with cold fresh water)
2. Recirc./Injection with ambient temperature sea water or fresh water for 1,5 hours and use one of these cleaners:
- Detergent
(Latex Remover)
3. Rinse with ambient temperature fresh water for 20 minutes
4. Vent, mop and dry",
OC+,"Always try to prevent latex from drying out by keeping the tank closed. If allowed by the receiver / charterer, introduce in intervals steam into the tank during discharging, but avoid any warming up. After discharging immediately wash the tank down with cold fresh water.

1. Butterworth with ambient temperature fresh water for 1,5 hours (Immediately after completion of discharge wash the tank down with cold fresh water)
2. Recirc./Injection with ambient temperature sea water or fresh water for 1,5 hours and use one of these cleaners:
- Detergent
(Latex Remover)
3. Rinse with ambient temperature fresh water for 20 minutes
4. Vent, mop and dry
5. Cargo to be loaded requires an ultra-high cleanliness standard. Additional cleaning will usually be necessary to pass the wall wash standard.",
OC-,"Always try to prevent latex from drying out by keeping the tank closed. If allowed by the receiver / charterer, introduce in intervals steam into the tank during discharging, but avoid any warming up. After discharging immediately wash the tank down with cold fresh water.

1. Butterworth with ambient temperature fresh water for 1,5 hours (Immediately after completion of discharge wash the tank down with cold fresh water)
2. Recirc./Injection with ambient temperature sea water or fresh water for 1,5 hours and use one of these cleaners:
- Detergent
(Latex Remover)
3. Rinse with ambient temperature fresh water for 20 minutes
4. Vent, mop and dry
5. Cargo to be loaded requires a less intensive cleaning than the procedure shown.",
P,"Vegetable oils may react with the water hardness compounds in sea water which could result in the formation of white deposits on the tank walls. Metalbright / Rust Remover can be used for their removal.

1. Butterworth with sea water at 50 °C to 70 °C for 1,5 hours (Keep temperature 20/25°C above the melting point)
2. Butterworth with sea water at 70 °C to 80 °C for 1,5 hours
3. Rinse with ambient temperature fresh water for 10 minutes (To remove sea water residues)
4. Recirculation in fresh water at 60 °C to 70 °C for 1,5 hours and use one of these cleaners:
- Alkaline (caustic potash)
- Alkaline (caustic soda)
- Detergent
- Alkaline safety (zinc)
(Follow the manufacturer's usage instructions and flush afterwards sufficiently to remove cleaner residues)
5. Rinse with ambient temperature fresh water for 20 minutes
6. Vent, mop and dry
7. Optional Recirculation in fresh water at 45 °C to 50 °C for 1,5 hours and use one of these cleaners:
- Metalbright/rust remover
(Follow the manufacturer's usage instructions and flush afterwards sufficiently to remove cleaner residues, Removal of white deposits, Not for zinc silicate coatings)",
P+,"Vegetable oils may react with the water hardness compounds in sea water which could result in the formation of white deposits on the tank walls. Metalbright / Rust Remover can be used for their removal.

1. Butterworth with sea water at 50 °C to 70 °C for 1,5 hours (Keep temperature 20/25°C above the melting point)
2. Butterworth with sea water at 70 °C to 80 °C for 1,5 hours
3. Rinse with ambient temperature fresh water for 10 minutes (To remove sea water residues)
4. Recirculation in fresh water at 60 °C to 70 °C for 1,5 hours and use one of these cleaners:
- Alkaline (caustic potash)
- Alkaline (caustic soda)
- Detergent
- Alkaline safety (zinc)
(Follow the manufacturer's usage instructions and flush afterwards sufficiently to remove cleaner residues)
5. Rinse with ambient temperature fresh water for 20 minutes
6. Vent, mop and dry
7. Optional Recirculation in fresh water at 45 °C to 50 °C for 1,5 hours and use one of these cleaners:
- Metalbright/rust remover
(Follow the manufacturer's usage instructions and flush afterwards sufficiently to remove cleaner residues, Removal of white deposits, Not for zinc silicate coatings)
8. Cargo to be loaded requires an ultra-high cleanliness standard. Additional cleaning will usually be necessary to pass the wall wash standard.",
P-,"Vegetable oils may react with the water hardness compounds in sea water which could result in the formation of white deposits on the tank walls. Metalbright / Rust Remover can be used for their removal.

1. Butterworth with sea water at 50 °C to 70 °C for 1,5 hours (Keep temperature 20/25°C above the melting point)
2. Butterworth with sea water at 70 °C to 80 °C for 1,5 hours
3. Rinse with ambient temperature fresh water for 10 minutes (To remove sea water residues)
4. Recirculation in fresh water at 60 °C to 70 °C for 1,5 hours and use one of these cleaners:
- Alkaline (caustic potash)
- Alkaline (caustic soda)
- Detergent
- Alkaline safety (zinc)
(Follow the manufacturer's usage instructions and flush afterwards sufficiently to remove cleaner residues)
5. Rinse with ambient temperature fresh water for 20 minutes
6. Vent, mop and dry
7. Optional Recirculation in fresh water at 45 °C to 50 °C for 1,5 hours and use one of these cleaners:
- Metalbright/rust remover
(Follow the manufacturer's usage instructions and flush afterwards sufficiently to remove cleaner residues, Removal of white deposits, Not for zinc silicate coatings)
8. Cargo to be loaded requires a less intensive cleaning than the procedure shown.",
PA,"Drying and semi-drying vegetable oils are natural oils which, when exposed to the air, oxidise to form a tough, elastic film. Tanks should be cleaned immediately after discharge with ambient temperature water and any adjacent heat should be avoided. If cleaning cannot commence immediately wash the tank down with cold fresh water.

1. Butterworth with ambient temperature sea water for 1,5 hours (Ambient temperature due to drying oil)
2. Butterworth with sea water at 50 °C to 60 °C for 1,5 hours
3. Rinse with ambient temperature fresh water for 10 minutes (To remove sea water residues)
4. Recirculation in fresh water at 60 °C to 70 °C for 1,5 hours and use one of these cleaners:
- Alkaline (caustic potash)
- Alkaline (caustic soda)
- Detergent
- Alkaline safety (zinc)
(Follow the manufacturer's usage instructions and flush afterwards sufficiently to remove cleaner residues)
5. Rinse with ambient temperature fresh water for 20 minutes
6. Vent, mop and dry",
PA+,"Drying and semi-drying vegetable oils are natural oils which, when exposed to the air, oxidise to form a tough, elastic film. Tanks should be cleaned immediately after discharge with ambient temperature water and any adjacent heat should be avoided. If cleaning cannot commence immediately wash the tank down with cold fresh water.

1. Butterworth with ambient temperature sea water for 1,5 hours (Ambient temperature due to drying oil)
2. Butterworth with sea water at 50 °C to 60 °C for 1,5 hours
3. Rinse with ambient temperature fresh water for 10 minutes (To remove sea water residues)
4. Recirculation in fresh water at 60 °C to 70 °C for 1,5 hours and use one of these cleaners:
- Alkaline (caustic potash)
- Alkaline (caustic soda)
- Detergent
- Alkaline safety (zinc)
(Follow the manufacturer's usage instructions and flush afterwards sufficiently to remove cleaner residues)
5. Rinse with ambient temperature fresh water for 20 minutes
6. Vent, mop and dry
7. Cargo to be loaded requires an ultra-high cleanliness standard. Additional cleaning will usually be necessary to pass the wall wash standard.",
PA-,"Drying and semi-drying vegetable oils are natural oils which, when exposed to the air, oxidise to form a tough, elastic film. Tanks should be cleaned immediately after discharge with ambient temperature water and any adjacent heat should be avoided. If cleaning cannot commence immediately wash the tank down with cold fresh water.

1. Butterworth with ambient temperature sea water for 1,5 hours (Ambient temperature due to drying oil)
2. Butterworth with sea water at 50 °C to 60 °C for 1,5 hours
3. Rinse with ambient temperature fresh water for 10 minutes (To remove sea water residues)
4. Recirculation in fresh water at 60 °C to 70 °C for 1,5 hours and use one of these cleaners:
- Alkaline (caustic potash)
- Alkaline (caustic soda)
- Detergent
- Alkaline safety (zinc)
(Follow the manufacturer's usage instructions and flush afterwards sufficiently to remove cleaner residues)
5. Rinse with ambient temperature fresh water for 20 minutes
6. Vent, mop and dry
7. Cargo to be loaded requires a less intensive cleaning than the procedure shown.",
PB,"Vegetable fatty acids may react with the water hardness compounds in sea water which could result in the formation of white deposits on the tank walls. Metalbright / Rust Remover can be used for their removal.

1. Butterworth with fresh water at 50 °C to 70 °C for 1 hour (Use fresh water only to avoid the formation of sticky white residues on the tank walls and keep the washing water temperature 20-25°C above the melting point of the vegetable oil)
2. Butterworth with sea water at 70 °C to 80 °C for 2 hours
3. Rinse with ambient temperature fresh water for 10 minutes (To remove sea water residues)
4. Recirculation in fresh water at 60 °C to 70 °C for 1,5 hours and use one of these cleaners:
- Alkaline (caustic potash)
- Alkaline (caustic soda)
(Follow the manufacturer's usage instructions and flush afterwards sufficiently to remove cleaner residues)
5. Rinse with ambient temperature fresh water for 20 minutes
6. Vent, mop and dry
7. Optional Recirculation in fresh water at 45 °C to 50 °C for 1,5 hours and use one of these cleaners:
- Metalbright/rust remover
(Follow the manufacturer's usage instructions and flush afterwards sufficiently to remove cleaner residues, Removal of white deposits)",
PB+,"Vegetable fatty acids may react with the water hardness compounds in sea water which could result in the formation of white deposits on the tank walls. Metalbright / Rust Remover can be used for their removal.

1. Butterworth with fresh water at 50 °C to 70 °C for 1 hour (Use fresh water only to avoid the formation of sticky white residues on the tank walls and keep the washing water temperature 20-25°C above the melting point of the vegetable oil)
2. Butterworth with sea water at 70 °C to 80 °C for 2 hours
3. Rinse with ambient temperature fresh water for 10 minutes (To remove sea water residues)
4. Recirculation in fresh water at 60 °C to 70 °C for 1,5 hours and use one of these cleaners:
- Alkaline (caustic potash)
- Alkaline (caustic soda)
(Follow the manufacturer's usage instructions and flush afterwards sufficiently to remove cleaner residues)
5. Rinse with ambient temperature fresh water for 20 minutes
6. Vent, mop and dry
7. Optional Recirculation in fresh water at 45 °C to 50 °C for 1,5 hours and use one of these cleaners:
- Metalbright/rust remover
(Follow the manufacturer's usage instructions and flush afterwards sufficiently to remove cleaner residues, Removal of white deposits)
8. Cargo to be loaded requires an ultra-high cleanliness standard. Additional cleaning will usually be necessary to pass the wall wash standard.",
PB-,"Vegetable fatty acids may react with the water hardness compounds in sea water which could result in the formation of white deposits on the tank walls. Metalbright / Rust Remover can be used for their removal.

1. Butterworth with fresh water at 50 °C to 70 °C for 1 hour (Use fresh water only to avoid the formation of sticky white residues on the tank walls and keep the washing water temperature 20-25°C above the melting point of the vegetable oil)
2. Butterworth with sea water at 70 °C to 80 °C for 2 hours
3. Rinse with ambient temperature fresh water for 10 minutes (To remove sea water residues)
4. Recirculation in fresh water at 60 °C to 70 °C for 1,5 hours and use one of these cleaners:
- Alkaline (caustic potash)
- Alkaline (caustic soda)
(Follow the manufacturer's usage instructions and flush afterwards sufficiently to remove cleaner residues)
5. Rinse with ambient temperature fresh water for 20 minutes
6. Vent, mop and dry
7. Optional Recirculation in fresh water at 45 °C to 50 °C for 1,5 hours and use one of these cleaners:
- Metalbright/rust remover
(Follow the manufacturer's usage instructions and flush afterwards sufficiently to remove cleaner residues, Removal of white deposits)
8. Cargo to be loaded requires a less intensive cleaning than the procedure shown.",
PC,"1. Butterworth with sea water at 50 °C to 60 °C for 1 hour
2. Butterworth with sea water at 70 °C to 80 °C for 2 hours
3. Recirculation in fresh water at 60 °C to 80 °C for 1,5 hours and use one of these cleaners:
- Detergent
(Follow the manufacturer's usage instructions and flush afterwards sufficiently to remove cleaner residues)
4. Rinse with ambient temperature fresh water for 20 minutes
5. Vent, mop and dry",
PC+,"1. Butterworth with sea water at 50 °C to 60 °C for 1 hour
2. Butterworth with sea water at 70 °C to 80 °C for 2 hours
3. Recirculation in fresh water at 60 °C to 80 °C for 1,5 hours and use one of these cleaners:
- Detergent
(Follow the manufacturer's usage instructions and flush afterwards sufficiently to remove cleaner residues)
4. Rinse with ambient temperature fresh water for 20 minutes
5. Vent, mop and dry
6. Cargo to be loaded requires an ultra-high cleanliness standard. Additional cleaning will usually be necessary to pass the wall wash standard.",
PC-,"1. Butterworth with sea water at 50 °C to 60 °C for 1 hour
2. Butterworth with sea water at 70 °C to 80 °C for 2 hours
3. Recirculation in fresh water at 60 °C to 80 °C for 1,5 hours and use one of these cleaners:
- Detergent
(Follow the manufacturer's usage instructions and flush afterwards sufficiently to remove cleaner residues)
4. Rinse with ambient temperature fresh water for 20 minutes
5. Vent, mop and dry
6. Cargo to be loaded requires a less intensive cleaning than the procedure shown.",
R,"1. Butterworth with sea water at 40 °C for 1,5 hours
2. Butterworth with sea water at 75 °C to 80 °C for 3 hours
3. Rinse with ambient temperature fresh water for 10 minutes (To remove sea water residues)
4. Recirculation in fresh water at 60 °C to 70 °C for 2 hours and use one of these cleaners:
- Alkaline (caustic potash)
- Alkaline (caustic soda)
(Follow the manufacturer's usage instructions and flush afterwards sufficiently to remove cleaner residues)
5. Rinse with ambient temperature fresh water for 20 minutes
6. Vent, mop and dry",
R+,"1. Butterworth with sea water at 40 °C for 1,5 hours
2. Butterworth with sea water at 75 °C to 80 °C for 3 hours
3. Rinse with ambient temperature fresh water for 10 minutes (To remove sea water residues)
4. Recirculation in fresh water at 60 °C to 70 °C for 2 hours and use one of these cleaners:
- Alkaline (caustic potash)
- Alkaline (caustic soda)
(Follow the manufacturer's usage instructions and flush afterwards sufficiently to remove cleaner residues)
5. Rinse with ambient temperature fresh water for 20 minutes
6. Vent, mop and dry
7. Cargo to be loaded requires an ultra-high cleanliness standard. Additional cleaning will usually be necessary to pass the wall wash standard.",
R-,"1. Butterworth with sea water at 40 °C for 1,5 hours
2. Butterworth with sea water at 75 °C to 80 °C for 3 hours
3. Rinse with ambient temperature fresh water for 10 minutes (To remove sea water residues)
4. Recirculation in fresh water at 60 °C to 70 °C for 2 hours and use one of these cleaners:
- Alkaline (caustic potash)
- Alkaline (caustic soda)
(Follow the manufacturer's usage instructions and flush afterwards sufficiently to remove cleaner residues)
5. Rinse with ambient temperature fresh water for 20 minutes
6. Vent, mop and dry
7. Cargo to be loaded requires a less intensive cleaning than the procedure shown.",
S,"Iso-cyanates react with water to form polyurea and CO2. Tanks and lines need to be cleaned first with a suitable and dry solvent like Methylene chloride (MEC) or Perchloroethylene (PER). Flush first the lines with MEC or PER thereafter fill 5-10 M³ of MEC or PER into the tank and butterworth by recirculation. All equipment used must be dry.

1. Recirculation in ambient temperature mec/per for 1 hour
2. Recirculation in ambient temperature mec/per for 1 hour (Prepare a new batch of MEC or PER and repeat step 1)
3. Butterworth with ambient temperature sea water for 1,5 hours
4. Rinse with ambient temperature fresh water for 20 minutes
5. Vent, mop and dry",
S+,"Iso-cyanates react with water to form polyurea and CO2. Tanks and lines need to be cleaned first with a suitable and dry solvent like Methylene chloride (MEC) or Perchloroethylene (PER). Flush first the lines with MEC or PER thereafter fill 5-10 M³ of MEC or PER into the tank and butterworth by recirculation. All equipment used must be dry.

1. Recirculation in ambient temperature mec/per for 1 hour
2. Recirculation in ambient temperature mec/per for 1 hour (Prepare a new batch of MEC or PER and repeat step 1)
3. Butterworth with ambient temperature sea water for 1,5 hours
4. Rinse with ambient temperature fresh water for 20 minutes
5. Vent, mop and dry
6. Cargo to be loaded requires an ultra-high cleanliness standard. Additional cleaning will usually be necessary to pass the wall wash standard.",
S-,"Iso-cyanates react with water to form polyurea and CO2. Tanks and lines need to be cleaned first with a suitable and dry solvent like Methylene chloride (MEC) or Perchloroethylene (PER). Flush first the lines with MEC or PER thereafter fill 5-10 M³ of MEC or PER into the tank and butterworth by recirculation. All equipment used must be dry.

1. Recirculation in ambient temperature mec/per for 1 hour
2. Recirculation in ambient temperature mec/per for 1 hour (Prepare a new batch of MEC or PER and repeat step 1)
3. Butterworth with ambient temperature sea water for 1,5 hours
4. Rinse with ambient temperature fresh water for 20 minutes
5. Vent, mop and dry
6. Cargo to be loaded requires a less intensive cleaning than the procedure shown.",
T,"1. Butterworth with sea water at 55 °C to 60 °C for 2 hours (Moderate temperature to avoid high boiling residues)
2. Butterworth with sea water at 70 °C to 80 °C for 2 hours
3. Recirculation in sea water or fresh water at 70 °C to 80 °C for 2 hours and use one of these cleaners:
- Solvent cleaner (hydrocarbon)
(Follow the manufacturer's usage instructions and flush afterwards sufficiently to remove cleaner residues)
4. Rinse with ambient temperature fresh water for 20 minutes
5. Vent, mop and dry",
T+,"1. Butterworth with sea water at 55 °C to 60 °C for 2 hours (Moderate temperature to avoid high boiling residues)
2. Butterworth with sea water at 70 °C to 80 °C for 2 hours
3. Recirculation in sea water or fresh water at 70 °C to 80 °C for 2 hours and use one of these cleaners:
- Solvent cleaner (hydrocarbon)
(Follow the manufacturer's usage instructions and flush afterwards sufficiently to remove cleaner residues)
4. Rinse with ambient temperature fresh water for 20 minutes
5. Vent, mop and dry
6. Cargo to be loaded requires an ultra-high cleanliness standard. Additional cleaning will usually be necessary to pass the wall wash standard.",
T-,"1. Butterworth with sea water at 55 °C to 60 °C for 2 hours (Moderate temperature to avoid high boiling residues)
2. Butterworth with sea water at 70 °C to 80 °C for 2 hours
3. Recirculation in sea water or fresh water at 70 °C to 80 °C for 2 hours and use one of these cleaners:
- Solvent cleaner (hydrocarbon)
(Follow the manufacturer's usage instructions and flush afterwards sufficiently to remove cleaner residues)
4. Rinse with ambient temperature fresh water for 20 minutes
5. Vent, mop and dry
6. Cargo to be loaded requires a less intensive cleaning than the procedure shown.",
TA,"Careful cleaning is necessary to avoid contamination, because both cargoes consist of very different chemical components.

1. Butterworth with sea water at 55 °C to 60 °C for 1 hour (Moderate temperature to avoid high boiling residues)
2. Butterworth with sea water at 70 °C to 80 °C for 1 hour
3. Recirculation in sea water or fresh water at 70 °C to 80 °C for 1 hour and use one of these cleaners:
- Solvent cleaner (hydrocarbon)
(Follow the manufacturer's usage instructions and flush afterwards sufficiently to remove cleaner residues)
4. Rinse with ambient temperature fresh water for 20 minutes
5. Vent, mop and dry",
TA+,"Careful cleaning is necessary to avoid contamination, because both cargoes consist of very different chemical components.

1. Butterworth with sea water at 55 °C to 60 °C for 1 hour (Moderate temperature to avoid high boiling residues)
2. Butterworth with sea water at 70 °C to 80 °C for 1 hour
3. Recirculation in sea water or fresh water at 70 °C to 80 °C for 1 hour and use one of these cleaners:
- Solvent cleaner (hydrocarbon)
(Follow the manufacturer's usage instructions and flush afterwards sufficiently to remove cleaner residues)
4. Rinse with ambient temperature fresh water for 20 minutes
5. Vent, mop and dry
6. Cargo to be loaded requires an ultra-high cleanliness standard. Additional cleaning will usually be necessary to pass the wall wash standard.",
TA-,"Careful cleaning is necessary to avoid contamination, because both cargoes consist of very different chemical components.

1. Butterworth with sea water at 55 °C to 60 °C for 1 hour (Moderate temperature to avoid high boiling residues)
2. Butterworth with sea water at 70 °C to 80 °C for 1 hour
3. Recirculation in sea water or fresh water at 70 °C to 80 °C for 1 hour and use one of these cleaners:
- Solvent cleaner (hydrocarbon)
(Follow the manufacturer's usage instructions and flush afterwards sufficiently to remove cleaner residues)
4. Rinse with ambient temperature fresh water for 20 minutes
5. Vent, mop and dry
6. Cargo to be loaded requires a less intensive cleaning than the procedure shown.",
TX,It is advisable NOT to load and carry this product after this cargo.,
U,"1. Butterworth with sea water at 50 °C to 55 °C for 1,5 hours (Non drying oil, but do not pre-clean with temperature exceeding 55°C to avoid formation of white residues.)
2. Butterworth with sea water at 70 °C to 80 °C for 1,5 hours
3. Rinse with ambient temperature fresh water for 10 minutes (To remove sea water residues)
4. Recirculation in fresh water at 60 °C to 70 °C for 1,5 hours and use one of these cleaners:
- Alkaline (caustic potash)
- Alkaline (caustic soda)
- Detergent
- Alkaline safety (zinc)
(Follow the manufacturer's usage instructions and flush afterwards sufficiently to remove cleaner residues)
5. Rinse with ambient temperature fresh water for 20 minutes
6. Vent, mop and dry",
U+,"1. Butterworth with sea water at 50 °C to 55 °C for 1,5 hours (Non drying oil, but do not pre-clean with temperature exceeding 55°C to avoid formation of white residues.)
2. Butterworth with sea water at 70 °C to 80 °C for 1,5 hours
3. Rinse with ambient temperature fresh water for 10 minutes (To remove sea water residues)
4. Recirculation in fresh water at 60 °C to 70 °C for 1,5 hours and use one of these cleaners:
- Alkaline (caustic potash)
- Alkaline (caustic soda)
- Detergent
- Alkaline safety (zinc)
(Follow the manufacturer's usage instructions and flush afterwards sufficiently to remove cleaner residues)
5. Rinse with ambient temperature fresh water for 20 minutes
6. Vent, mop and dry
7. Cargo to be loaded requires an ultra-high cleanliness standard. Additional cleaning will usually be necessary to pass the wall wash standard.",
U-,"1. Butterworth with sea water at 50 °C to 55 °C for 1,5 hours (Non drying oil, but do not pre-clean with temperature exceeding 55°C to avoid formation of white residues.)
2. Butterworth with sea water at 70 °C to 80 °C for 1,5 hours
3. Rinse with ambient temperature fresh water for 10 minutes (To remove sea water residues)
4. Recirculation in fresh water at 60 °C to 70 °C for 1,5 hours and use one of these cleaners:
- Alkaline (caustic potash)
- Alkaline (caustic soda)
- Detergent
- Alkaline safety (zinc)
(Follow the manufacturer's usage instructions and flush afterwards sufficiently to remove cleaner residues)
5. Rinse with ambient temperature fresh water for 20 minutes
6. Vent, mop and dry
7. Cargo to be loaded requires a less intensive cleaning than the procedure shown.",
V,"1. Butterworth with sea water at 55 °C to 60 °C for 2 hours (Moderate temperature to avoid high boiling residues)
2. Butterworth with sea water at 70 °C to 80 °C for 2 hours
3. Recirculation in fresh water at 50 °C to 80 °C for 2 hours and use one of these cleaners:
- Solvent cleaner (other)
(Follow the manufacturer's usage instructions and flush afterwards sufficiently to remove cleaner residues)
4. Rinse with ambient temperature fresh water for 20 minutes
5. Vent, mop and dry",
V+,"1. Butterworth with sea water at 55 °C to 60 °C for 2 hours (Moderate temperature to avoid high boiling residues)
2. Butterworth with sea water at 70 °C to 80 °C for 2 hours
3. Recirculation in fresh water at 50 °C to 80 °C for 2 hours and use one of these cleaners:
- Solvent cleaner (other)
(Follow the manufacturer's usage instructions and flush afterwards sufficiently to remove cleaner residues)
4. Rinse with ambient temperature fresh water for 20 minutes
5. Vent, mop and dry
6. Cargo to be loaded requires an ultra-high cleanliness standard. Additional cleaning will usually be necessary to pass the wall wash standard.",
V-,"1. Butterworth with sea water at 55 °C to 60 °C for 2 hours (Moderate temperature to avoid high boiling residues)
2. Butterworth with sea water at 70 °C to 80 °C for 2 hours
3. Recirculation in fresh water at 50 °C to 80 °C for 2 hours and use one of these cleaners:
- Solvent cleaner (other)
(Follow the manufacturer's usage instructions and flush afterwards sufficiently to remove cleaner residues)
4. Rinse with ambient temperature fresh water for 20 minutes
5. Vent, mop and dry
6. Cargo to be loaded requires a less intensive cleaning than the procedure shown.",
VA,"1. Butterworth with sea water at 55 °C to 60 °C for 1 hour
2. Rinse with fresh water at 70 °C to 80 °C for 20 minutes
3. Vent, mop and dry",
VA+,"1. Butterworth with sea water at 55 °C to 60 °C for 1 hour
2. Rinse with fresh water at 70 °C to 80 °C for 20 minutes
3. Vent, mop and dry
4. Cargo to be loaded requires an ultra-high cleanliness standard. Additional cleaning will usually be necessary to pass the wall wash standard.",
VA-,"1. Butterworth with sea water at 55 °C to 60 °C for 1 hour
2. Rinse with fresh water at 70 °C to 80 °C for 20 minutes
3. Vent, mop and dry
4. Cargo to be loaded requires a less intensive cleaning than the procedure shown.",
VB,Creosote (Coal tar) is a distillation product of Coal tar Pitch. Stripping and draining could be sufficient to load a cargo of Coal Tar. Check loading requirements with shipper / charterer. If cleaning is necessary perform cleaning procedure VA.,
VB+,"Creosote (Coal tar) is a distillation product of Coal tar Pitch. Stripping and draining could be sufficient to load a cargo of Coal Tar. Check loading requirements with shipper / charterer. If cleaning is necessary perform cleaning procedure VA.
Cargo to be loaded requires an ultra-high cleanliness standard. Additional cleaning will usually be necessary to pass the wall wash standard.",
VB-,"Creosote (Coal tar) is a distillation product of Coal tar Pitch. Stripping and draining could be sufficient to load a cargo of Coal Tar. Check loading requirements with shipper / charterer. If cleaning is necessary perform cleaning procedure VA.
Cargo to be loaded requires a less intensive cleaning than the procedure shown.",
VX,It is advisable NOT to load and carry this product after this cargo.,
W,"1. Butterworth with sea water at 55 °C to 65 °C for 1,5 hours (Moderate temperature to avoid high boiling residues)
2. Butterworth with sea water at 70 °C to 80 °C for 3 hours
3. Recirculation in sea water or fresh water at 50 °C to 80 °C for 2 hours and use one of these cleaners:
- Solvent cleaner (other)
(Follow the manufacturer's usage instructions and flush afterwards sufficiently to remove cleaner residues)
4. Rinse with ambient temperature fresh water for 20 minutes
5. Vent, mop and dry",
W+,"1. Butterworth with sea water at 55 °C to 65 °C for 1,5 hours (Moderate temperature to avoid high boiling residues)
2. Butterworth with sea water at 70 °C to 80 °C for 3 hours
3. Recirculation in sea water or fresh water at 50 °C to 80 °C for 2 hours and use one of these cleaners:
- Solvent cleaner (other)
(Follow the manufacturer's usage instructions and flush afterwards sufficiently to remove cleaner residues)
4. Rinse with ambient temperature fresh water for 20 minutes
5. Vent, mop and dry
6. Cargo to be loaded requires an ultra-high cleanliness standard. Additional cleaning will usually be necessary to pass the wall wash standard.",
W-,"1. Butterworth with sea water at 55 °C to 65 °C for 1,5 hours (Moderate temperature to avoid high boiling residues)
2. Butterworth with sea water at 70 °C to 80 °C for 3 hours
3. Recirculation in sea water or fresh water at 50 °C to 80 °C for 2 hours and use one of these cleaners:
- Solvent cleaner (other)
(Follow the manufacturer's usage instructions and flush afterwards sufficiently to remove cleaner residues)
4. Rinse with ambient temperature fresh water for 20 minutes
5. Vent, mop and dry
6. Cargo to be loaded requires a less intensive cleaning than the procedure shown.",
WA,"Careful cleaning is necessary to avoid contamination, because both cargoes consist of very different chemical components.

1. Butterworth with sea water at 55 °C to 60 °C for 1,5 hours (Moderate temperature to avoid high boiling residues)
2. Butterworth with sea water at 70 °C to 80 °C for 1,5 hours (Ventilate tank after hot wash and remove sediments)
3. Butterworth with sea water at 70 °C to 80 °C for 1 hour
4. Rinse with ambient temperature fresh water for 20 minutes
5. Vent, mop and dry",
WA+,"Careful cleaning is necessary to avoid contamination, because both cargoes consist of very different chemical components.

1. Butterworth with sea water at 55 °C to 60 °C for 1,5 hours (Moderate temperature to avoid high boiling residues)
2. Butterworth with sea water at 70 °C to 80 °C for 1,5 hours (Ventilate tank after hot wash and remove sediments)
3. Butterworth with sea water at 70 °C to 80 °C for 1 hour
4. Rinse with ambient temperature fresh water for 20 minutes
5. Vent, mop and dry
6. Cargo to be loaded requires an ultra-high cleanliness standard. Additional cleaning will usually be necessary to pass the wall wash standard.",
WA-,"Careful cleaning is necessary to avoid contamination, because both cargoes consist of very different chemical components.

1. Butterworth with sea water at 55 °C to 60 °C for 1,5 hours (Moderate temperature to avoid high boiling residues)
2. Butterworth with sea water at 70 °C to 80 °C for 1,5 hours (Ventilate tank after hot wash and remove sediments)
3. Butterworth with sea water at 70 °C to 80 °C for 1 hour
4. Rinse with ambient temperature fresh water for 20 minutes
5. Vent, mop and dry
6. Cargo to be loaded requires a less intensive cleaning than the procedure shown.",
WX,It is advisable NOT to load and carry this product after this cargo.,
X,"Although just drain and load will be sufficient in many cases, the cleanliness requirement of the cargo to be loaded could be very high depending on the intended application. The requirements should be verified with the loader of the cargo.",
X+,"Although just drain and load will be sufficient in many cases, the cleanliness requirement of the cargo to be loaded could be very high depending on the intended application. The requirements should be verified with the loader of the cargo.
Cargo to be loaded requires an ultra-high cleanliness standard. Additional cleaning will usually be necessary to pass the wall wash standard.",
X-,"Although just drain and load will be sufficient in many cases, the cleanliness requirement of the cargo to be loaded could be very high depending on the intended application. The requirements should be verified with the loader of the cargo.
Cargo to be loaded requires a less intensive cleaning than the procedure shown.",
Y,"1. Butterworth with ambient temperature sea water for 2 hours (Moderate temperature to avoid high boiling residues)
2. Butterworth with sea water at 70 °C to 80 °C for 3 hours (Ventilate tank after hot wash and remove sediments)
3. Recirculation in sea water or fresh water at 70 °C to 80 °C for 2 hours and use one of these cleaners:
- Solvent cleaner (hydrocarbon)
(Follow the manufacturer's usage instructions and flush afterwards sufficiently to remove cleaner residues)
4. Rinse with ambient temperature fresh water for 20 minutes
5. Vent, mop and dry",
Y+,"1. Butterworth with ambient temperature sea water for 2 hours (Moderate temperature to avoid high boiling residues)
2. Butterworth with sea water at 70 °C to 80 °C for 3 hours (Ventilate tank after hot wash and remove sediments)
3. Recirculation in sea water or fresh water at 70 °C to 80 °C for 2 hours and use one of these cleaners:
- Solvent cleaner (hydrocarbon)
(Follow the manufacturer's usage instructions and flush afterwards sufficiently to remove cleaner residues)
4. Rinse with ambient temperature fresh water for 20 minutes
5. Vent, mop and dry
6. Cargo to be loaded requires an ultra-high cleanliness standard. Additional cleaning will usually be necessary to pass the wall wash standard.",
Y-,"1. Butterworth with ambient temperature sea water for 2 hours (Moderate temperature to avoid high boiling residues)
2. Butterworth with sea water at 70 °C to 80 °C for 3 hours (Ventilate tank after hot wash and remove sediments)
3. Recirculation in sea water or fresh water at 70 °C to 80 °C for 2 hours and use one of these cleaners:
- Solvent cleaner (hydrocarbon)
(Follow the manufacturer's usage instructions and flush afterwards sufficiently to remove cleaner residues)
4. Rinse with ambient temperature fresh water for 20 minutes
5. Vent, mop and dry
6. Cargo to be loaded requires a less intensive cleaning than the procedure shown.",
YA,"Careful cleaning is necessary to avoid contamination, because both cargoes consist of very different chemical components.

1. Butterworth with ambient temperature sea water for 2 hours (Moderate temperature to avoid high boiling residues)
2. Butterworth with sea water at 70 °C to 80 °C for 1,5 hours (Ventilate tank after hot wash and remove sediments)
3. Butterworth with sea water at 70 °C to 80 °C for 1 hour
4. Rinse with ambient temperature fresh water for 20 minutes
5. Vent, mop and dry",
YA+,"Careful cleaning is necessary to avoid contamination, because both cargoes consist of very different chemical components.

1. Butterworth with ambient temperature sea water for 2 hours (Moderate temperature to avoid high boiling residues)
2. Butterworth with sea water at 70 °C to 80 °C for 1,5 hours (Ventilate tank after hot wash and remove sediments)
3. Butterworth with sea water at 70 °C to 80 °C for 1 hour
4. Rinse with ambient temperature fresh water for 20 minutes
5. Vent, mop and dry
6. Cargo to be loaded requires an ultra-high cleanliness standard. Additional cleaning will usually be necessary to pass the wall wash standard.",
YA-,"Careful cleaning is necessary to avoid contamination, because both cargoes consist of very different chemical components.

1. Butterworth with ambient temperature sea water for 2 hours (Moderate temperature to avoid high boiling residues)
2. Butterworth with sea water at 70 °C to 80 °C for 1,5 hours (Ventilate tank after hot wash and remove sediments)
3. Butterworth with sea water at 70 °C to 80 °C for 1 hour
4. Rinse with ambient temperature fresh water for 20 minutes
5. Vent, mop and dry
6. Cargo to be loaded requires a less intensive cleaning than the procedure shown.",
YX,It is advisable NOT to load and carry this product after involved cargo.,
Z,"1. Butterworth with sea water at 55 °C to 60 °C for 2 hours (Moderate temperature to avoid high boiling residues)
2. Butterworth with sea water at 70 °C to 80 °C for 3 hours (Ventilate tank after hot wash and remove sediments)
3. Recirculation in fresh water at 50 °C to 80 °C for 2 hours and use one of these cleaners:
- Solvent cleaner (other)
(Follow the manufacturer's usage instructions and flush afterwards sufficiently to remove cleaner residues)
4. Rinse with ambient temperature fresh water for 20 minutes
5. Vent, mop and dry",
Z+,"1. Butterworth with sea water at 55 °C to 60 °C for 2 hours (Moderate temperature to avoid high boiling residues)
2. Butterworth with sea water at 70 °C to 80 °C for 3 hours (Ventilate tank after hot wash and remove sediments)
3. Recirculation in fresh water at 50 °C to 80 °C for 2 hours and use one of these cleaners:
- Solvent cleaner (other)
(Follow the manufacturer's usage instructions and flush afterwards sufficiently to remove cleaner residues)
4. Rinse with ambient temperature fresh water for 20 minutes
5. Vent, mop and dry
6. Cargo to be loaded requires an ultra-high cleanliness standard. Additional cleaning will usually be necessary to pass the wall wash standard.",
Z-,"1. Butterworth with sea water at 55 °C to 60 °C for 2 hours (Moderate temperature to avoid high boiling residues)
2. Butterworth with sea water at 70 °C to 80 °C for 3 hours (Ventilate tank after hot wash and remove sediments)
3. Recirculation in fresh water at 50 °C to 80 °C for 2 hours and use one of these cleaners:
- Solvent cleaner (other)
(Follow the manufacturer's usage instructions and flush afterwards sufficiently to remove cleaner residues)
4. Rinse with ambient temperature fresh water for 20 minutes
5. Vent, mop and dry
6. Cargo to be loaded requires a less intensive cleaning than the procedure shown.",
ZA,"Careful cleaning is necessary to avoid contamination, because both cargoes consist of very different chemical components.

1. Butterworth with sea water at 55 °C to 60 °C for 1,5 hours (Moderate temperature to avoid high boiling residues)
2. Butterworth with sea water at 70 °C to 80 °C for 2 hours (Ventilate tank after hot wash and remove sediments)
3. Butterworth with sea water at 70 °C to 80 °C for 1 hour
4. Rinse with ambient temperature fresh water for 20 minutes
5. Vent, mop and dry",
ZA+,"Careful cleaning is necessary to avoid contamination, because both cargoes consist of very different chemical components.

1. Butterworth with sea water at 55 °C to 60 °C for 1,5 hours (Moderate temperature to avoid high boiling residues)
2. Butterworth with sea water at 70 °C to 80 °C for 2 hours (Ventilate tank after hot wash and remove sediments)
3. Butterworth with sea water at 70 °C to 80 °C for 1 hour
4. Rinse with ambient temperature fresh water for 20 minutes
5. Vent, mop and dry
6. Cargo to be loaded requires an ultra-high cleanliness standard. Additional cleaning will usually be necessary to pass the wall wash standard.",
ZA-,"Careful cleaning is necessary to avoid contamination, because both cargoes consist of very different chemical components.

1. Butterworth with sea water at 55 °C to 60 °C for 1,5 hours (Moderate temperature to avoid high boiling residues)
2. Butterworth with sea water at 70 °C to 80 °C for 2 hours (Ventilate tank after hot wash and remove sediments)
3. Butterworth with sea water at 70 °C to 80 °C for 1 hour
4. Rinse with ambient temperature fresh water for 20 minutes
5. Vent, mop and dry
6. Cargo to be loaded requires a less intensive cleaning than the procedure shown.",
ZX,It is advisable NOT to load and carry this product after involved cargo.,
