,COMMODITIES,SpGr ,Temp,Correction factor,Ship Type,Tank Type,Pollution cat,Compliance,USCG compat,Boiling point,Melting point,Flash point,Heat adjacent,Heat req V,Heat req D,Colour,Solubility,UnNr,
Aatrex,,,,,,,,,7,,,,,,,,,,
Absolute alcohol,,.790,15,.00085,,,N,N,20,78,-114,12,38,N,N,WW,Y,1170,"Hydrocarbon, cloride free tk req."
,Ethyl alcohol,,,,,,,,,,,,,,,,,,"Diffrent grades, diffrent specs-grades"
,Alcohol,,,,,,,,,,,,,,,,,,Ventilate after discharge. No water reg.
,Alcohol Anhydrous,,,,,,,,,,,,,,,,,,Marpol appendix 3
,Ethanol,,,,,,,,,,,,,,,,,,
,Grain Alcohol,,,,,,,,,,,,,,,,,,
Acetaldehyde,,.780,15,.00132,,,C,Y,19,21,-124,-38,N,N,N,WW,Y,,Very poisonous. Higly flammable.
,Acetic  Aldehyde,,,,,,,,,,,,,,,,,,Presently acceptable on gas tankers
,Aldehyde,,,,,,,,,,,,,,,,,,only
,Ethyl Aldehyde,,,,,,,,,,,,,,,,,,
Acetaldoxime,,.970,,,,,,,,238,13,44,Y,Y,Y,WW,Y,,More info required.
,,,,,,,,,,,,,,,,,,,Not yet classified for shipment.
,,,,,,,,,,,,,,,,,,,"Will require heating, check."
Acetic acid,,1.050,20,.00112,3,2g,D,Y,4,140,17,40,38,20,20,CLEAR,Y,2789,"Be carefull with heat adjecent, product"
,Glacial acetic acid,,,,,,,,,,,,,,,,,,is very color sensitive to heat. Follow
,Ethanolic acid,,,,,,,,,,,,,,,,,,heating instr. carefully.
,Vinegar acid,,,,,,,,,,,,,,,,,,Check for N2 requirements. Clean with
,,,,,,,,,,,,,,,,,,,"varm water, than steam. Be aware of"
,,,,,,,,,,,,,,,,,,,"strong odor, be sure lines, valves etc"
,,,,,,,,,,,,,,,,,,,are properly cleaned.
,,,,,,,,,,,,,,,,,,,"Poll cat C, but provisionally changed"
,,,,,,,,,,,,,,,,,,,to D. Some countries may not acc. D.
Acetic anhydride,,1.080,20,.00120,2,2g,C,Y,11,57,-95,49,37,N,N,WW,Y,1715,N2 blanket required. Purging prior
,Acetyl oxide,,,,,,,,,,,,,,,,,,load may be required- CHECK
,Acetic oxide,,,,,,,,,,,,,,,,,,Product reacts with varm water to
,,,,,,,,,,,,,,,,,,,"produce Acetic acid, therefor stow SS."
,,,,,,,,,,,,,,,,,,,"Clean with varm water, ventilate."
,,,,,,,,,,,,,,,,,,,Product has strong odor.
Acetone,,.790,20,.00111,,,N,N,18,56,-11,-18,N,N,N,WW,Y,1090,Expect bukhead test . Methanol standard.
,,,,,,,,,,,,,,,,,,,Clining. Rinse freshwater and ventilate.
,Dmk,,,,,,,,,,,,,,,,,,"Dow requiere N2 padding, and max. heat"
,Dimethyl ketone,,,,,,,,,,,,,,,,,,adjacent 27C. 
,,,,,,,,,,,,,,,,,,,Shell: No heat adjacent.
Acetone cyanohydrin,,.930,20,.00090,2,2g,A,Y,,84,-20,74,N,N,,COL-LESS,Y,1541,Very poisonous - check IMO/USCG
,,,,,,,,,,,,,,,,,,,requirements. Use full protective gear
,Hydroxyisobutyronnitrile-alpha,,,,,,,,,,,,,,,,,,when handling - have Amyl Nitrile capsules
,Methyllactonitrile-2,,,,,,,,,,,,,,,,,,"ready. N2 blanketing, purge may be required"
,Acetone Cyanohydrin,,,,,,,,,,,,,,,,,,if tank vet. Use plenty if ambient temp.
,,,,,,,,,,,,,,,,,,,water when cleaning - be carefull with vapor.
,,,,,,,,,,,,,,,,,,," Can not be stowed, deck tk. without  insulation."
Acetonitrile,,.780,15,.00107,2,2g,N,Y,37,82,-46,6,N,N,,COL-LESS,Y,1648,"Poisonous cargo, absorbed trough skin."
,Ethanenitrile,,,,,,,,,,,,,,,,,,Have Amyl nitrile capcules ready.
,Ethyl nitrile,,,,,,,,,,,,,,,,,,WW standard reequired. Clean with copioous
,Cyanomethane,,,,,,,,,,,,,,,,,,"amount of ambient temp. water, ventilate"
,Methyl Cyanide,,,,,,,,,,,,,,,,,,Marpol annex 3.
Acetiphenone,,1.030,20,.00084,,,D,N,18,202,20,82,,,,WW,SLI,,W/W standard. Check if N2 requiered.
,Acetylbenzene,,,,,,,,,,,,,,,,,,"May require heating, check."
,Methyl Phenyl Ketone,,,,,,,,,,,,,,,,,,Should be easy cargo. USCG has classified
,,,,,,,,,,,,,,,,,,,"as noncompliance, not yet included in IMO"
,,,,,,,,,,,,,,,,,,,"(Chapter 7) Clean with warm water, ventilate."
Acetyl Tributyl citrate,,1:00,15,,,,,N,34,174,-60,204,37,N,,WW,N,,W/W standard. No wall wash. Hot wash.
,,,,,,,,,,,,,,,,,,,Be caarefull stow Zink as zinc pick-up
,Citroflex A-4,,,,,,,,,,,,,,,,,,may happen. Should be easy product.
,,,,,,,,,,,,,,,,,,,"Classified by USCG as noncompliance, not"
,,,,,,,,,,,,,,,,,,,yet in IMO code.
Acidulated oils,,.890,,,3,,D,N,34,,,,,,,Dark,,,Several grades from veg. or animal oils.
,,,,,,,,,,,,,,,,,,,May contain traces of Sulphuric or
,,,,,,,,,,,,,,,,,,,Phosphoric acids prohibiting coated space.
,,,,,,,,,,,,,,,,,,,"May require circulation before discharge, "
,,,,,,,,,,,,,,,,,,,"Bring heat to 60-65 C before discharge,"
,,,,,,,,,,,,,,,,,,,(if shippers agree).
Acrolein,,.843,20,.00116,,,A,Y,19,53,-87,-25,N,N,N,col-less,Y,,Poisonous cargo - Inhibited. Presently not
,Acraldehyde,,,,,,,,,,,,,,,yellow,,,authorized for bulk shipments in US waters.
,Allyl Aldehyde,,,,,,,,,,,,,,,,,,Full pritection requiered when handling. Vapor
,Propanal-2,,,,,,,,,,,,,,,,,,"may polymerizein vents etc., check. Clean with "
,Acrylaldehyde,,,,,,,,,,,,,,,,,,"copious amounts of ambient temp. water first,"
,,,,,,,,,,,,,,,,,,,"change to warm water, than steam."
Acropol 35,,.920,,,,,,N,20,274,21,146,49,38,,WW,Y,,W/W standard. hot wash
,Mixed linear alcohol,,,,,,,,,,,,,,,,,,Get heating instruction.
Acrylamide 50% or less,,1.050,25,,2,2g,D,Y,10,104,15,,N,N,N,WW,Y,2074,Inhibited. Risk of polymerization above 50C.
,Acrylic amide 50%,,,,,,,,,,,,,,,,,,"No heat, Steam or hot water adjacent."
,Propenamide 50%,,,,,,,,,,,,,,,,,,Higly toxic. Clean with plenty ambient temp 
,,,,,,,,,,,,,,,,,,,water.
Acrylic acid,,1.050,20,.00108,3,2g,D,Y,4,141,12,54,32,20,25,WW,Y,2218,Inhibited. Different grades. Nitrogen purge
,Propenoic acid,,,,,,,,,,,,,,,,,,and blanket. Ref: STOLT handling manual.
,Acrolleic acid,,,,,,,,,,,,,,,,,,
,Vinyl Formic acid,,,,,,,,,,,,,,,,,,
Acrylonitrile,,.800,15,.00111,2,2g,B,Y,15,77,-82,-5,N,N,N,WW,N,1093,Poisonous cargo. Cold wash. Check USCG/
,An,,,,,,,,,,,,,,,,,,IMO requirements. Inhibited - No zink tank if
,Cyanoethylene,,,,,,,,,,,,,,,,,,inhibitor is ammonia.
,Fumigrain,,,,,,,,,,,,,,,,,,
,Ventox,,,,,,,,,,,,,,,,,,
,Propenenitrile,,,,,,,,,,,,,,,,,,
,Acn,,,,,,,,,,,,,,,,,,
Adiponitrile,,.960,20,.00072,3,2g,D,Y,37,295,2,94,38,N,N,ww to,sli,2205,Poisonous cargo. Check USCG/IMO requirem
,Adn,,,,,,,,,,,,,,,yellow,,,N2 may be required. Heat may be requiered 
,Tetramethylene cyanide,,,,,,,,,,,,,,,,,,"in cold climate. Preclean with cold water, then"
,"Dicyanobutant-1,4",,,,,,,,,,,,,,,,,,warm and ventilate. Use steam if odor problem
Aircraft turbine fuel A&C,,.770,15,,3,,,N,33,93,,,N,N,,CLEAR,N,,Handle as aviation gas. Some shippers may
,Turbo fuel,,,,,,,,,,,,,,,,,,not accept animal/vegetable oils as last cargo
,,,,,,,,,,,,,,,,,,,Check grade. SpGr. varies from 0.77-0.83
,,,,,,,,,,,,,,,,,,,Avoid mild steel. Cold wash.
Aircraft turbine fuel  B,,.750,15,,,,,N,33,93,,,N,N,,CLEAR,N,,Handle as aviation gas. Some shippers may
,Turbo fuel,,,,,,,,,,,,,,,,,,not accept animal/vegetable oils as last cargo
,,,,,,,,,,,,,,,,,,,Check grade. 
,,,,,,,,,,,,,,,,,,,Avoid mild steel. Cold wash.
Alfol alcohol blend 1214,,.840,15,.00071,3,2g,B,Y,20,249,31,132,Y,49,,WW,SLI,2582,N2 not required. Color sensitive and may pick 
,,,,,,,,,,,,,,,,,,,up from rust. Slightly soluble in water. Use 
,,,,,,,,,,,,,,,,,,,Stolt A or B as required. IMO shipping name.:
,,,,,,,,,,,,,,,,,,,Fatty Alcohols (C 12-C 20)
Alfol alcohol blend 1216,,.840,15,.00071,3,2g,B,Y,20,268,21,129,Y,43,,WW,SLI,2582,N2 not required. Color sensitive and may pick 
,,,,,,,,,,,,,,,,,,,up from rust. Slightly soluble in water. Use 
,,,,,,,,,,,,,,,,,,,Stolt A or B as required. IMO shipping name.:
,,,,,,,,,,,,,,,,,,,Fatty Alcohols (C 12-C 20)
Alfol alcohol blend 1618,,.840,15,.00071,3,2g,B,Y,20,324,46,179,Y,68,,WW,SLI,2582,N2 not required. Color sensitive and may pick 
,,,,,,,,,,,,,,,,,,,up from rust. Slightly soluble in water. Use 
,,,,,,,,,,,,,,,,,,,Stolt A or B as required. IMO shipping name.:
,,,,,,,,,,,,,,,,,,,Fatty Alcohols (C 12-C 20)
Alfol alcohol blend 610,,.830,15,.00071,3, , ,Y,20,179, ,78,38,N,,WW,SLI,2582,N2  required. Color sensitive and may pick 
,,,,,,,,,,,,,,,,,,,up from rust. Slightly soluble in water. Use 
,,,,,,,,,,,,,,,,,,,Stolt A or B as required. Mixture of Hexyl and
,,,,,,,,,,,,,,,,,,,Decyl alcohols. Check for poll cat. 
Alfol alcohol blend 810,,.830,15,.00071,3,2g, ,Y,20,204,-14,87,38,N,,WW,SLI,2582,N2  required. Color sensitive and may pick 
,,,,,,,,,,,,,,,,,,,up from rust. Slightly soluble in water. Use 
,,,,,,,,,,,,,,,,,,,Stolt A or B as required. Mixture of Octanol and
,,,,,,,,,,,,,,,,,,,Decyl alcohols. Check for poll cat. 
Alfol alcohol C-10,,.830,15,.00071,3,2g,B,N,20,227,7,104,49,24,,WW,SLI,2582,N2 not required. Color sensitive and may pick 
,,,,,,,,,,,,,,,,,,,up from rust. Slightly soluble in water. Use 
,,,,,,,,,,,,,,,,,,,Stolt A or B as required. IMO  name.:
,,,,,,,,,,,,,,,,,,,Dodecyl Alcohol
Alfol alcohol C-12,,.840,15,.00071,3,2g,B,Y,20,260,23,127,54,38,,WW,SLI,2582,N2 not required. Color sensitive and may pick 
,,,,,,,,,,,,,,,,,,,up from rust. Slightly soluble in water. Use 
,,,,,,,,,,,,,,,,,,,Stolt A or B as required. IMO name:
,,,,,,,,,,,,,,,,,,,Decyl Alcohol (All Isomer)
Alfol alcohol C-14,,.840,15,.00071,3, ,N,N,20,288,38,141,56,49,,WW,SLI,2582,N2 not required. Color sensitive and may pick 
,,,,,,,,,,,,,,,,,,,up from rust. Slightly soluble in water. Use 
,,,,,,,,,,,,,,,,,,,Stolt A or B as required. 
,,,,,,,,,,,,,,,,,,,IMO name: Alcohol C-14
Alfol alcohol C-16,,.840,15,.00071,3, ,N,N,20,316,46,160,71,54,,WW,SLI,2582,N2 not required. Color sensitive and may pick 
,,,,,,,,,,,,,,,,,,,up from rust. Slightly soluble in water. Use 
,,,,,,,,,,,,,,,,,,,Stolt A or B as required. 
,,,,,,,,,,,,,,,,,,,IMO name: Alcohol C-16
Alfol alcohol C-18,,.840,15,.00071,3, ,N,N,20,338,56,168,82,60,,WW,SLI,2582,N2 not required. Color sensitive and may pick 
,,,,,,,,,,,,,,,,,,,up from rust. Slightly soluble in water. Use 
,,,,,,,,,,,,,,,,,,,Stolt A or B as required. 
,,,,,,,,,,,,,,,,,,,IMO name: C-18
Alfol alcohol C-6,,.820,15,.00071,3, ,N,N,20,154, ,71,38,N,,WW,SLI,2582,N2 not required. Color sensitive and may pick 
,,,,,,,,,,,,,,,,,,,up from rust. Slightly soluble in water. Use 
,,,,,,,,,,,,,,,,,,,Stolt A or B as required. 
,,,,,,,,,,,,,,,,,,,IMO name: Hexanol-1 or Hexyl alcohol
Alfol alcohol C-8,,.820,15,.00071,3,2g,C,Y,20,188, ,82,38,N,N,WW,SLI,2582,N2 not required. Color sensitive and may pick 
,,,,,,,,,,,,,,,,,,,up from rust. Slightly soluble in water. Use 
,,,,,,,,,,,,,,,,,,,Stolt A or B as required. 
,,,,,,,,,,,,,,,,,,,IMO name: Octanol (all Isomers)
Alfol phthalate 610p,,.970,15,.00071,3,,N,N,34,241,,238,40,N,,WW,SLI,,Water sensative. Check grade. Warm wash.
,Alfol plasticizer,,,,,,,,,,,,,,,,,,Marpol appendix 3.
,Repoxal,,,,,,,,,,,,,,,,,,
Alfol phthalate 810p,,.970, , ,3,, ,N,34, ,,238,40, ,, , ,,Water sensative. Check grade. Warm wash.
,Alfol plasticizer,,,,,,,,,,,,,,,,,,Marpol appendix 3.
,Repoxal,,,,,,,,,,,,,,,,,,
Alkyd paint resin (Dupont),,1.000,15,,3,,,N,,,5,37,N,,,amber,NO,,A drying produkt like paint. Thouch dry in 1 h.
,Drying oil alkyd Resin,,,,,,,,,,,,,,,,,,Toulene or xylene have some effect. Strong 
,,,,,,,,,,,,,,,,,,,"caustic have no effect,. No class but should be"
,,,,,,,,,,,,,,,,,,,IMO 3. Noncomplance.
Alkyl benzene sulfonic acid,,1.000,,,3,2g,C,Y,,,,,Y,Y,Y,white to,Y,,"Compliance cargo, IMO chapter 6 USCG# 00"
,Dodecyl benzene sulfonic acid,,,,,,,,,,,,,,,yellow,,,"but incompatible with #1,2,3,5,6,7,8,9,15,16,19,"
,Sulfamins,,,,,,,,,,,,,,,,,,",30,34 and 37. High viscosity. Several diffrent "
,Marlon AS,,,,,,,,,,,,,,,,,,"grades, check. Some grades may require high"
,,,,,,,,,,,,,,,,,,,heat. Handle and clean as Sulphuric acid.
Alkyl Diphenyl,,1.060,15,,3,,,N,33,257,12,124,Y,40,60,,Y,,Heat transfer medium. Get spec. before
,,,,,,,,,,,,,,,,,,,booking.This is Diphenyl and Diphenyl Ether 
,,,,,,,,,,,,,,,,,,,"mix, not listed in the IMO code. Most probably"
,,,,,,,,,,,,,,,,,,,a cat A substance.
Alkyl phenol polyether glycol,,1.062,20,,,,,N,40,204,5,216,,N, ,light,,,w/w standard. Check if heating id requiered
,,,,,,,,,,,,,,,,yellow,,,Priduct is not classified for shipment.
Alkyl Phtahlate-norm,,.970,15,,3,,N,N,34,600,,420,80,N,,ww,N,,Santicizer. Water sensitive. N2 blanket may
,Santicizer 711,,,,,,,,,,,,,,,,,,be required. No wall wash. Warm wash.
,N-Alkyl phthalate,,,,,,,,,,,,,,,,,,A mixture of Diepthyl Phthalate and Diundecyl
,,,,,,,,,,,,,,,,,,,phthalate. Not listed in IMO code.
"Alkyl pyridine, low boiling",,.940,15,.00854,,,,Y,9,165,,49,AMB,N,N,brown,SLI,,Toxic and  corrosive. Not yet classified.
,,,,,,,,,,,,,,,,,,,"Clean with cold water first, than hot water and"
,,,,,,,,,,,,,,,,,,,steam.
"Alkylated-n, aniline",,.958,20,,3,2g, ,Y,9,250,-50,107,40,N,N,white to,SLI,,Poisonous cargo. herbicide. Water white
,,,,,,,,,,,,,,,,brown,,,standard required. Cold wash followed by hot.
,,,,,,,,,,,,,,,,,,,Classified by USCG with Adiponnitrile as ref.
,,,,,,,,,,,,,,,,,,,cargo. Correct name: 2-Ethyl-6-Methyl-N-
,,,,,,,,,,,,,,,,, ,,(1-Methyl-2-methoxyethyl 1) Aniline. No IMO-code
Allyl alcohol 98%,,.850,20,.00064,2,2g,B,Y,15,97,-129,22,N,N,N,ww,Y,1098,Poisonous cargo. . W/w standard. Check USCG/
,Propen 1-01-2,,,,,,,,,,,,,,,,,,IMO requirements. Acid wash req. after fat/veg
,Vinyl carbinol,,,,,,,,,,,,,,,,,,oils. Cold wash.
Allyl chloride,,.940,15,.00133,2,2g,B,Y,15,45,-136,-32,N,N, ,ww,N,1100,Poisonous cargo. Check USCG/IMO req. N2
,,,,,,,,,,,,,,,,,,,"Blanket and purge, no steam or hot wash."
,,,,,,,,,,,,,,,,,,,Product decomposes in presence of water.
,,,,,,,,,,,,,,,,,,,NOTE: Dow does not accept zink coating.
Alpha Olefins,,,,,,,,,,,,,,,,,,,w/w Standard required. Normally no wallwash
,Alpha Olefins C-10,.740,,,3,2G,B,N,30,172,,27,38,N,,ww,N,,Avoid adjacent heat. only slightly soluble in
,Alpha Olefins C-14,.760,,, , ,N,Y,30,256,-12,110,49,N,,ww,N,,"water, therefore use Stolt A or B as required."
,Alpha Olefins C-18,.790,,,3,2G,B,N,30,318,,121,49,N,,ww,N,,
,Alpha Olefins C-6,.700,,,3,2G,B,Y,30,63,,-26,N,N,,ww,N,,
,Alpha Olefins C-7,.700,,,3,2G,B,Y,30,99,,-26,N,N,,ww,N,,
,Alpha Olefins C-8,710,,,3,2G,B,Y,30,121,,21,38,N,,ww,N,,
,Alpha Olefins C-9,.740,,,3,2G,B,Y,30,149,,26,38,N,,ww,N,,
,Alpha Olefins 10/13,.760,,,3,2G,B,Y,30,204,,41,38,N,,ww,N,,
,Alpha Olefins 10/14,.760,,,3,2G,B,Y,30,213,,49,38,N,,ww,N,,
,Alpha Olefins 11/12,.760,,,3,2G,B,Y,30,204,,41,38,N,,ww,N,,
,Alpha Olefins 11/14,.770,,,3,2G,B,Y,30,216,,66,38,N,,ww,N,,
,Alpha Olefins 12/14,.760,,,3,2G,B,Y,30,104,,32,38,N,,ww,N,,
,Alpha Olefins 13/14,.780,,,3,2G,B,Y,30,243,,66,38,N,,ww,N,,
,Alpha Olefins 14/15,.760,,,3,2G,B,Y,30,252,,93,38,N,,ww,N,,
,Alpha Olefins 14/16,.,,,,,,,,,,,, ,, ,,,
,Alpha Olefins 14/18,.760,,,,,,N,30,199,,116,38,N,,ww,N,,
,Alpha Olefins 15/16,.790,,,,,,N,30,260,,113,49,N,,ww,N,,
,Alpha Olefins 15/18,.800,,,,,,N,30,218,7,118,49,N,,ww,N,,
,Alpha Olefins 16/18,.760,,,,,,N,30,288,,118,49,21,,ww,N,,
,Alpha Olefins 6/7,.700,,,3,2g,B,Y,30,79,,-23,N,N,,ww,N,,
,Alpha Olefins 6/8,.700,,,3,2g,B,Y,30,93,,,38,N,,ww,N,,
,Alpha Olefins 6/8/10,.710,15,,3,2g,B,Y,30,104,,10,38,NO,,ww,NO,,
,Alpha Olefins 8/10,.720,,,3,2g,B,Y,30,177,,7,38,N,,ww,N,,
,Alpha Olefins 8/9,.740,,,3,2g,B,Y,30,135,,24,38,N,,ww,N,,
,Olefins (shell) 124,,,,,,,,,,,,,,,,,,
Alphenol 79,,.830,20,.00075,3,2g,c,Y,20,177,,73,32,N,,ww,,,This is an isooctyl Alcohol from ICI. (C-7/C-9).
,,,,,,,,,,,,,,,,,,,"Avoid adjacent heat, but can take 50C for a very"
,,,,,,,,,,,,,,,,,,,"short periode. Strict inspection, but no wallwash."
,,,,,,,,,,,,,,,,,,,"Warm wash, ventilate. Correct IMO name is"
,,,,,,,,,,,,,,,,,,,Octanol(all Isomers) Compliance cargo because
,,,,,,,,,,,,,,,,,,,of pollution hazards.
Aluminum solution,,.920,,,,,,,,,-23,,,,,,,,Sensitive to air and light. Get spec.  and handling
,,,,,,,,,,,,,,,,,,,instruction prior to booking. N2 purge and blank-
,,,,,,,,,,,,,,,,,,,eting is  must. Not listed in the IMO code.
Aluminum sulfate solution,,1.300,15,,,,N,N,43,105,,,,,,,Y,,Coating resistancy is for a 30% solution. May be
,,,,,,,,,,,,,,,,,,,"corrosive to SS, therefore carry inerted and dry."
,Aluminum sulfate liquid,,,,,,,,,,,,,,,,,,"Clean immediatedly after discharged, using plent"
,,,,,,,,,,,,,,,,,,,water. Marpol app. 3. Not compatible with  5-11.
Aminoethylethanolamine,,1.030,25,.00077,3,2g,D,Y,8,243,-39,129,43,N,,ww,N,,w/w standard. Avoid heat adjacent. Cold wash
,Aminoethyl amino ethanol-2-2,,,,,,,,,,,,,,,,,,followed by hot and steam. May requiere some 
,Hydroxyethylethylenediamine-n-b,,,,,,,,,,,,,,,,,,heat in cold climate. Dow allows max. 43C adjac.
,"Hydroxyethyl-1,2-ethanediamine-n",,,,,,,,,,,,,,,,,,
,Aminoethyl ethanol-2-n,,,,,,,,,,,,,,,,,,
Aminoethylpiperazine-n,,.983,15,.00080,3,2g,D,Y,7,220,,93,,,,yellow,Y,2815,"Most probably SS stow only, although Camrex"
,Piperazineethanine-1,,,,,,,,,,,,,,,,,,says Camkote N is ok. Check for possible heat
,1-(2-Aminethyl)piperazine,,,,,,,,,,,,,,,,,,requirements. Should be handled as an Amine.
,,,,,,,,,,,,,,,,,,,"Clean with warm water, ventilate."
Ammonina anhydrous,,.639,,.00130,,,N,Y,6,-33,-78,,N,N,,ww,Y,,Gas Code.
,Liquid amino,,,,,,,,,,,,,,,,,,
Ammonium bisulfite 70%,,1.38,15,,3,2g,,Y,43,100,,,amb,N,N,Yellow,Compl,,Toxic and corrosive.Gives off Sulfur -dioxide gas
,,,,,,,,,,,,,,,,,,,if heated above 65C. Compliance cgo. with 
,,,,,,,,,,,,,,,,,,,Cyclohexylamine as ref. cargo. compatibility #
,,,,,,,,,,,,,,,,,,,"43 but not compatible with #1,3,4,and 5. Clean with"
,,,,,,,,,,,,,,,,,,,"cold water, be sure all cgo. residues are removed"
,,,,,,,,,,,,,,,,,,,before final cling. with steam. Not listed in IMO.
Ammonium Hydroxide 28%,,.900,15,.0002,3,2g,C,Y,6,32,-97,32,N,N,,ww,Y,2672,w/w standard. Very low boiling point. Flush deck 
,Aqua ammonia (ammonia water),,,,,,,,,,,,,,,,,,in tropic climate. Note: Check concentration each
,Aqueius ammonia,,,,,,,,,,,,,,,,,,booking. Stripping with piston pumps may cause
,Household ammonia,,,,,,,,,,,,,,,,,,problen because of the high vapour  pressure.
Ammoniun nitrate solution 93% or less,,,,,2,1g,D,Y,,,,,,,,,,2426,Compliance cargo.IMO chapter 6 with very special
,,,,,,,,,,,,,,,,,,,requierements. Very high heat. Can stow in solid 
,Norway saltpeter,,,,,,,,,,,,,,,,,,austenitic stainless steel tanks only. Not assigned
,,,,,,,,,,,,,,,,,,,to any compatibility group. contact USCG.
Amonium polyphosphate,,1.430,15,.00030,,,,N,43,,,,Y,N,N,,Y,,More infos needed. not listed in IMO.
Ammonium Sulfide solution (45%or less),,.992,15,.00034,2,2g,B,Y,5,35,-18,22,N,N,N,green,Y,2683,"Compliance cargo, requiers cooling or pressure"
,KI-310 Depressant,,,,,,,,,,,,,,,ish,,,"tk. Alkaline solution. ph9,5. Doubthfull in Zinc, but "
,Ammonium Bisulfide,,,,,,,,,,,,,,,,,,should be ok in Phenolic. Clean with Plenty water
,,,,,,,,,,,,,,,,,,,At ambient Temp.
Ammonium Thiosulphate 60% or less,,1.340,15,,3,2g,C,N,34,,-5,,Y,Y,,clear,Y,,Check concentration/grade each time.
,Ammonium hyposilphite,,,,,,,,,,,,,,,,,,Heating nay be reequired. Warm wash.
Amyl acetate,,.880,20,.00096,3,2g,C,N,34,142,-71,23,N,N,,ww to,N,1104,"w/w standard, no bulkhead test. Warm wash, "
,Pentyl Acetate,,,,,,,,,,,,,,,yellow,,,"steam and ventilate, IMO list tree different grades:"
,Banana oil,,,,,,,,,,,,,,,,,,"Normal, secondary and commercial."
,Pearoil,,,,,,,,,,,,,,,,,,
,Amyl ester-n,,,,,,,,,,,,,,,,,,
Amyl alcohol-norm,,.810,20,.00071,,,D,N,20,138,-78,38,38,N,,ww,sli,1105,"MEOH standard. No wall wash, but UCC has odor"
,Amyl alcohol-1,,,,,,,,,,,,,,,,,,"spec. After discharge ventilate tank dry, no water"
,Butyl carbinol-n,,,,,,,,,,,,,,,,,,washing necessary. IMO lists 4 different grades:
,Pentyl Alcohol,,,,,,,,,,,,,,,,,,"normal, secondary, tertiary and primary."
,Amylene hydrate,,,,,,,,,,,,,,,,,,
,Pentanol-1,,,,,,,,,,,,,,,,,,
,N-amyl alcohol,,,,,,,,,,,,,,,,,,
"Amyl alcohol, Primary",,.800,15,.00616,,,D,N,20,133,-90,45,N,N,N,ww,sli,1105,"Sensitive cgo from UCC. Mixture of 1-pentanol,"
,Primary amyl alcohol,,,,,,,,,,,,,,,,,,2-methylbutanol and some 3-methylbutanol. ww
,Primer amylalcohol,,,,,,,,,,,,,,,,,,"standard. Nitrogen may be req. Warm wash, vent."
,Primer amyl alcohol,,,,,,,,,,,,,,,,,,
Amylene Hydrate,,.810,,,3,,D,N,20,102,-12,,35,N,N,ww,sli,1105,"ww standard, no bulkhead test. Warm flush, vent."
,Dimethyl ethyl carbinol,,,,,,,,,,,,,,,,,,Correct IMO name is tert-Amyl Alcohol
,Methyl-2-butanol-2,,,,,,,,,,,,,,,,,,
,"Pentanol, tert",,,,,,,,,,,,,,,,,,
,Amyl alcohol-tert,,,,,,,,,,,,,,,,,,
An/Styrene copolymer in polyether polyol,,1.040,20,,3,,N,N,20,,-25,182,37,N,N,,N,,Easy product. no problems reported. Marpol 
,,,,,,,,,,,,,,,,,,,"annex 3, noncomplianxe as per tripartite"
,,,,,,,,,,,,,,,,,,,agreement USA/Brasil/Liberia.
Anchovy oil,,.950,,,,,D,N,34,176,-5,204,37,,,pale,sli,,Semi drying oil. No adjacent heat. Do not steam or 
,,,,,,,,,,,,,,,,to,,,hot wash adjacent tanks. Check FFA before stow
,,,,,,,,,,,,,,,,brown,,,in zinc. Prewash eith ambient water soonest after 
,,,,,,,,,,,,,,,,,,,"discharge. Use Stolt C for final cleaning,and LAC"
,,,,,,,,,,,,,,,,,,,on dried spots.
Anhydrous alcohol,,,,,,,,,,,,,,,,,,,No info
,Synthetic alcohol,,,,,,,,,,,,,,,,,,
Aniline,,1.020,15,.00080,2,2g,C,Y,9,184,-6,76,N,N,N,ww,sli,1547,"Poisonous cargo, absorbed through skin. ww"
,Amino benzene,,,,,,,,,,,,,,,pale,,,standard req. If stowing Zinc tank must be 100%
,Aniline oil,,,,,,,,,,,,,,,brown,,,dry and N2 blanket during voyage. Aniline is color
,Blue oil,,,,,,,,,,,,,,,,,,sensitive to oxygen and light. Clean with ambient 
,Phentylamine,,,,,,,,,,,,,,,,,,"water first, than hot  and steam - vent."
Anivax (Paraffin exon),,.870,,,,,D,N,31,204,,162,,,,off,,,Exxon product.Check.
,Paraffin,,,,,,,,,,,,,,,white,sli,,
Anthracene oil,,1.240,,,2,2g,A,Y,33,270,217,121,Y,65,,brown,,,"Difficult cargo. Very toxic, a Known carcinogen."
,Coal tar fraction,,,,,,,,,,,,,,,,,,Compliance cargo because of pollution hazards
,,,,,,,,,,,,,,,,,,,Avoid coated space. must have full specs. and
,,,,,,,,,,,,,,,,,,,heating req prior booking
Antifreeze (Glycol based),,1.120,,,,,,Y,20,198,-13,116,48,N,,clear,Y,,ww standard. Wall wash may be required.
,,,,,,,,,,,,,,,,,,,Check each grade. Warm wash
Apple concentrate,,1.350,,,,,N,N,20,,,,N,N,,pale,,,Very high cleanliness required. Tank must be 
,,,,,,,,,,,,,,,,yellow,,,stearlized. N2 required. Color sensitive to light. 
,,,,,,,,,,,,,,,,,,,Believe only SS tanks will be acceptable.
Aroma C-9,,.922,15,,2,2g,A,Y,31,150,,58,37,N,N,brown,sli,,Prewash cargo. Tripartite agreement USA/Liberia
,C-9 Resin oil feedstock,,,,,,,,,,,,,,,,,,and Holland. To be carried under n.o.s. #4.
,Aromatic resin feedstock,,,,,,,,,,,,,,,,,,Mixture of aromaatic hydrocarbons with main
,C-9 resinfeed,,,,,,,,,,,,,,,,,,compoonents Vinyl Toulene and Indene. tox. Inhib.
Asphalt,,1.000,20,,,,N,N,33,,,148,,,,brown,N,,Problem cargo High heat. Difficult cleaning.
,Asphalt cements,,,,,,,,,,,,,,,blk,,,Several grades. Marpol annex 1.
,Asphalt Bitumen,,,,,,,,,,,,,,,,,,
,Bitumen,,,,,,,,,,,,,,,,,,Consult Ops. dep beefore booking
,Petrolium asphalt,,,,,,,,,,,,,,,,,,
Asphalt blending stocks flux,,1.000,,,,,N,N,33,,743,148,Y,,,brown,N,,Problem cargo High heat. Difficult cleaning.
,Asphaltum oil,,,,,,,,,,,,,,,blk,,,Several grades. Marpol annex 1.
,Flux oil,,,,,,,,,,,,,,,,,,
,Petroleum Tailings,,,,,,,,,,,,,,,,,,Consult Ops. dep beefore booking
,Residual oil,,,,,,,,,,,,,,,,,,
,Road oil,,,,,,,,,,,,,,,,,,
Asphalt blending stocks Residue,,1.000,,,,,N,N,33,,,,Y,,,brown,N,,Problem cargo High heat. Difficult cleaning.
,Carpeting medium,,,,,,,,,,,,,,,blk,,,Several grades. Marpol annex 1.
,Petroleum asphalt,,,,,,,,,,,,,,,,,,
,Petroleum pitch,,,,,,,,,,,,,,,,,,Consult Ops. dep beefore booking
,Petroleum Residue,,,,,,,,,,,,,,,,,,
,Residual asphalt,,,,,,,,,,,,,,,,,,
,Road binder,,,,,,,,,,,,,,,,,,
Asphalt cutback,,.960,,,,,N,N,33,,,26,,49,,blk,N,,"Different grades, some req heat. Difficult cleaning"
,,,,,,,,,,,,,,,,,,,back to ww standard. Consult. Gen .Ops prior
,,,,,,,,,,,,,,,,,,,to booking. Marpol annex 1.
Atmospheric gas oil,,.870,,,,,N,N,33,,,,N,N,,dark,,,Get specs. Handle as other gas oils.
,Vaccum Gas Oil,,,,,,,,,,,,,,,,,,Marpol annex 1.
Aviation gas,,.650,,,,,N,N,33,,,,N,N,,cl,,,Check lead content and if contains dye. MSC not 
,Sky chief,,,,,,,,,,,,,,,orng,,,accepting animal/veg oils as last cargo. If coating
,Premier 93,,,,,,,,,,,,,,,red,,,stained - contact SNI. Run acid wash test to check
,Regular 81,,,,,,,,,,,,,,,blu,,,for dye. Marpol annex 1.
,Hydro crackate,,,,,,,,,,,,,,,,,,
Babassu oil,,.920,,,,,D,N,34,176,,148,,49,,Yellow,N,,Check FFA if stowing Zinc. Non drying oil. Get
,Brazilian palm oil,,,,,,,,,,,,,,,,,,heating instructions. Clean as for Palmoil.
Benzene,,.8880 ,15,.00100,3,2g,C,Y,32,80,6,-11,37,N,N,ww to,part,1114,Poisonous cargo. Check USCG/IMO req.Vapor
,,,,,,,,,,,,,,,,yellow,ly,,return maybe requiered. ww standard. Wall wash
,Benzol,,,,,,,,,,,,,,,,,,may be req.(Exxon) depending last cargo.
,Benzole,,,,,,,,,,,,,,,,,,"Note: Check freezing point, may be req. in cold"
,,,,,,,,,,,,,,,,,,,climate. Correct IMO name: Benzene and mixtures.
,,,,,,,,,,,,,,,,,,,having 10% benzene or more.
Benzene Sulphonyl chloride,,1.378,15,.00072,3,2g,D,Y,,252,14,140,Y,Y,Y,clear,N,2225,SS stow only  tk and product must be 100% water-
,Benzene sulfonechloride,,,,,,,,,,,,,,,,,,free. Avesta detected corrosion after 14 days with
,Benzene sulfonic (acid) chloride,,,,,,,,,,,,,,,,,,product whitch contained only 100 ppm water.
,,,,,,,,,,,,,,,,,,,N2 purging and blanketing req. Get heating instr.
,,,,,,,,,,,,,,,,,,,and exact water content in ppm. Clean with plenty 
,,,,,,,,,,,,,,,,,,,luke warm water. Spray Stolt A or B.Rewash do
,,,,,,,,,,,,,,,,,,,not leave slop in the tank.
Benzoyl chloride,,1.212,20,,,,,Y,36,197,-1,95,N,N,N,clear,N,,Toxic and very irritating to eyes and respatory tract
,,,,,,,,,,,,,,,,,,,Use protection. See remarks 2 and 4 in Avesta 
,,,,,,,,,,,,,,,,,,,book. Reacts with water and moisture to produce
,,,,,,,,,,,,,,,,,,,"HCL., use N2 blanket. Clean with plenty cold water"
,,,,,,,,,,,,,,,,,,,flush with fresh and steam. Donot collect slop on
,,,,,,,,,,,,,,,,,,,board.Passivation rec. Not listed in IMO.
Benzyl chloride,,1.100,,,2,2g,B,Y,36,179,-43,67,N,N,,ww,N,1738,ww standard. Cargo hydrolisis with water to form
,Benzenecarbonyl chloride,,,,,,,,,,,,,,,,,,acids.  Consult coating residtency list. Do not use
,Alpha chloro toulene,,,,,,,,,,,,,,,,,,coated tk as slop tk. Cold wash.
Bitumen oil,,.912,16,.00080,,,N,N,33,,,,,N,N,blk,,,"Similar to fuel oil #6,  but heating not req. No clean-"
,,,,,,,,,,,,,,,,,,,ing problems reported. Avoid stowing zinc.
,,,,,,,,,,,,,,,,,,,Marpol annex 1
Black waxy residue,,,,,,,,,,,,,,,,,,,Difficult product stay away.
Brake fluid,,1.000,,.00078,3,,D,N,40,65,,65,37,N,N,off-,sli,,Glycol ether mix. PH 10-12. ww standard. Hot wash.
,Ucon 7o r 3,,,,,,,,,,,,,,,white, ,,Correct IMO  name: Brake fluid base mix.
Breaxit 7896 (exxon),,.990,,,3,,,N,33,149,10,46,54,,,tan,N,,ww standard. Get specs . For each shipment
,Synthetic resin,,,,,,,,,,,,,,,,,,Must have correct chemical name
Btx,,.860,,.00092,3,2g,B,Y,32,110,,10,37,N,,ww,Y,,"Benzene, toulene, xylene mix. ww stndard. Check "
,Btx mixture,,,,,,,,,,,,,,,,,,Benzene content. If Benzene content is 10% or
,,,,,,,,,,,,,,,,,,,more itis a category B if less than 10% it is C.
,,,,,,,,,,,,,,,,,,,See IMO code for correct shipping name.
Butadiene (inhibited),,.620,20,.00180,,,,Y,30,-4,-109,-85,N,N,,c-less,N,,Req cooliing to -30C
,Blethylene,,,,,,,,,,,,,,,,,,or pressure tk.
,"Butadiene-1,3",,,,,,,,,,,,,,,,,,
,Bivinyl,,,,,,,,,,,,,,,,,,
,Divinyl,,,,,,,,,,,,,,,,,,
,Vinylethylene,,,,,,,,,,,,,,,,,,
Butane,,.580,,,,,,Y,31,-48,-138,-60,,,,,N,,Req cooliing to -20c
,Butane-n,,,,,,,,,,,,,,,,,,or pressure tk.
,N-Burane,,,,,,,,,,,,,,,,,,
Butyl acetate-norm,,.880,15,.00101,3,2g,C,Y,34,126,-76,31,37,N,N,ww,sli,1123,ww standard - dry. Cold wash followed by steam.
,Butyl ester-s,,,,,,,,,,,,,,,,,,Consult resistency list when stowing Zinc.
,Butyl ethanoate,,,,,,,,,,,,,,,,,,
,Butyl ester-s,,,,,,,,,,,,,,,,,,
,N-butyl acetate,,,,,,,,,,,,,,,,,,
Butyl acrylate-norm,,.900,15,.00010,2,2g,D,Y,14,148,-64,48,30,N,,ww,sli,2348,Inhibited ww standard - dry. Cold wash followed by 
,Butyl 2-propenoate,,,,,,,,,,,,,,,,,,hot. Use Stolt C to remove odor. Celanese req. 
,N-butyl acrylate,,,,,,,,,,,,,,,,,,wall wash.
Butyl alcohol-norm,,.810,15,.00063,3,,,N,20,117,-89,35,38,N,N,ww,negl,1120,ww standard. Hot wash. Celanese req wall wash.
,Butanol-1,,,,,,,,,,,,,,,,,,and odor test. N2 may be req. by some skippers.
,N-butyl alcohol,,,,,,,,,,,,,,,,,,Marpol appendix 3
,Butanol-n,,,,,,,,,,,,,,,,,,
,N-butanol,,,,,,,,,,,,,,,,,,
Butyl alcohol-sec,,.800,15,.00063,3,,,N,20,99,-115,29,38,N,,ww,negl,1120,ww standard Hot wash
,Butanol-2,,,,,,,,,,,,,,,,,,Marpol appendix 3
,S-butyl alcohol,,,,,,,,,,,,,,,,,,
,Butanol-s,,,,,,,,,,,,,,,,,,
Butyl alcohol-tert,,.770,15,.00063,3,,,N,20,83,-25,16,49,29,,ww,negl,1120,ww standard. N2 may be req. This grade may
,Butanol-3,,,,,,,,,,,,,,,,,,require heat. Hot wash.
,T-butyl alcohol,,,,,,,,,,,,,,,,,,Marpol appendix 3
Butyl benzyl phthalate,,1.120,25,,2,2g,A,Y,34,357,,199,49,N,,clear,sli,,ww standard. N2 req. Hot wash.
,Bbp,,,,,,,,,,,,,,,,,,Cargo is water sensative.
,Santicizer 160,,,,,,,,,,,,,,,,,,
,Palatinol b.b.,,,,,,,,,,,,,,,,,,
Butyl ether,,.770,20,.00085,3,2g,C,Y,41,142,,25,,N,,c-less,N,1149,"ww  ""plus"" standard. N2 blanket while loading,"
,Dibutyl ether-n,,,,,,,,,,,,,,,,,,transit and discharging. Cold wash followed by hot
,,,,,,,,,,,,,,,,,,,and steam.
Butyl Methacrylate Monomer,,.895,25,,3,2g,D,Y,14,163,,54,38,N,,ww,N,,ww standard. Inhibited. Heat and moisture and/or
,Methacrylic acid butyl ester,,,,,,,,,,,,,,,,,,oxidation may cause polymerization. Cold wash
,Butyl methacrylate,,,,,,,,,,,,,,,,,,followed by hot. Use Stolt C for odor.
,Butyl 2-methacrylate,,,,,,,,,,,,,,,,,,
,Butyl-alpha-methyl acrylate-n,,,,,,,,,,,,,,,,,,
,Butyl-2-methyl-2,,,,,,,,,,,,,,,,,,
,Propenoate,,,,,,,,,,,,,,,,,,
,Butyl-a-Methyl acrylate,,,,,,,,,,,,,,,,,,
Butyl phenol-ortho/sec,,.980,,,,,,,,230,15,93,60,27,,ww,,,ww standard.  Hot wash. Heat req. get instructions.
,,,,,,,,,,,,,,,,,,,not yet classified for shipment.
Butyl phenol-ortho/tert,,.980,,,,,,,,224,-7,110,49,,,ww,N,,ww standard. Heating may be req. Handle and 
,,,,,,,,,,,,,,,,,,,clean as phenol. Hot wash. Not yet classified
,,,,,,,,,,,,,,,,,,,for shipment.
Butylamine-norm,,.740,20,.00090,2,2g,C,Y,7,78,-50,-12,N,N,N,c-less,Y,,ww standard. N2 recommended. Cold wash.
,Aminobutane-1,,,,,,,,,,,,,,,,,,
,Mono-n-butylamine,,,,,,,,,,,,,,,,,,
,Nonylamine,,,,,,,,,,,,,,,,,,
Butylamine-sec,,.720,20,,2,2g,C,Y,7,63,-104,-9,N,N,,white,Y,,Zinc pickup in zinc tks. N2 recommended.Cold w.
Butylamine-tert,,.700,20,.00090,2,2g,C,Y,7,45,-67,-9,N,N,N,c-less,Y,,"Avoid heat adjacent,"
,Aminioisobutane-2,,,,,,,,,,,,,,,,,,(B.p. 45C). Cold wash.
,Amino-2-methylpropane-1,,,,,,,,,,,,,,,,,,
,Trimethylamino methane,,,,,,,,,,,,,,,,,,
Butylene,,.595,20,,,,,Y,30,-7,,,,,,c-less,N,,Gas code.
,Butene-1,,,,,,,,,,,,,,,,,,
,Ethyl ethylene,,,,,,,,,,,,,,,,,,
,Butene 2-trans,,,,,,,,,,,,,,,,,,
,Isobutene,,,,,,,,,,,,,,,,,,
,Butene 2-cis,,,,,,,,,,,,,,,,,,
,Butylene-cis,,,,,,,,,,,,,,,,,,
,Butylene-trans,,,,,,,,,,,,,,,,,,
,Butylene-A,,,,,,,,,,,,,,,,,,
"Butylene glycol-1,3",,1.010,,,3,,D,N,20,208,,121,38,N,,clear,Y,,ww standard. N2 normally req. Two grades;
,"Butanediol-1,3",,,,,,,,,,,,,,,,,,Technical and food. Food grade may req. wall 
,,,,,,,,,,,,,,,,,,,wash. Cold wash. Must be on ships COF.
"Butylene glycol-1,4",,1,,,3,,D,N,20,229,18,121,52,33,,ww,Y,,ww standard. No wall wash. N2 usually req.
,"Butanediol-1,4",,,,,,,,,,,,,,,,,,Cold wash Must be on ships COF.
,"Dihydroxylbutane-1,4",,,,,,,,,,,,,,,,,,
,Tetramethyleneglycol,,,,,,,,,,,,,,,,,,
"Burylene oxide-1,2",,.830,15,.00113,2,2g,C,Y,16,62,,-26,N,N,N,ww,p-ly,3022,Cargo of particular hazard . Check USCG/IMO
,Butene oxide-1,,,,,,,,,,,,,,,,,,requirements. Consult SNI handling manual.
,"Epoxybutane-1,2",,,,,,,,,,,,,,,,,,Classed as propylene oxide except that cooling
,Butylene oxide-a,,,,,,,,,,,,,,,,,,not required.
Butyraldehyde,,.806,15,.00104,3,2g,B,Y,19,76,-99,-7,N,N,N,ww,Y,1129,N2 blanket required. Reacte with air. Cold wash as
,Glutar aldehyde solution,,,,,,,,,,,,,,,,,,soon as possible after discharge.
,Butyric aldehyde,,,,,,,,,,,,,,,,,,
,Butyl aldehyde,,,,,,,,,,,,,,,,,,
Butyric acid-norm,,.960,20,.00099,3,2g,B,Y,4,164,-8,74,40,N,N,clear,Y,2820,"Corrosive liquid, handle as an organic acid. clean"
,Butyric acid,,,,,,,,,,,,,,,,,,"with plenty cold water, do not leve slops in tank."
,Butanoic acid,,,,,,,,,,,,,,,,,,
,Butaric acid,,,,,,,,,,,,,,,,,,
,Ethyl acetic acid,,,,,,,,,,,,,,,,,,
,Propane carboxylic acid,,,,,,,,,,,,,,,,,,
,Propyl formic acid,,,,,,,,,,,,,,,,,,
,N-butyric acid,,,,,,,,,,,,,,,,,,
Butyrolactone,,1.140,15,.00095,3,,D,N,,204,-44,98,38,N,N,c-less,Y,,ww standard. Acid wall wash may ve required if 
,,,,,,,,,,,,,,,,,,,last cargo is oil or fats. Cold wash. Not assigned
,,,,,,,,,,,,,,,,,,,"any compatibility #, but uncompatible with groups"
,,,,,,,,,,,,,,,,,,,1 through 9. Must be on ships COF.
Butyl/decyl/cetyl-eicosy metacrylate mix,,,,,3,2g,D,Y,14,160,,50,N,N,N,ww,negl,,Inhibited Carry and handle like any other acrylate
,,,,,,,,,,,,,,,,,,,"Noheat adjacent. USCG name: Butyl Metacrylate,"
,,,,,,,,,,,,,,,,,,,"Decyl Metacrylate, Cetyl-Eicosy Metacrylate Mix."
,,,,,,,,,,,,,,,,,,,IMO name: Left row.Should be easy cgo.full specs.
C-5 streams (cont 15%or more isoprene),,.705,15,,3,2g,,Y,30,,,,N,N,N,clear,N,,"Low flash, low boiling and vapor press. Req. purg"
,C5/C10 streams,,,,,,,,,,,,,,,,,,"and vapor return, must be carried under positive"
,C5/C10 Mixtures,,,,,,,,,,,,,,,,,,N2 pressure. USCG classified as compliance with
,Pyrolysis gasoline,,,,,,,,,,,,,,,,,,Isoprene as ref. -cargo. (cooling req) Inhibited.
,,,,,,,,,,,,,,,,,,,Stow only SS. Clean as lowflash gasoline.
Calcium bromide 58%,,1.715,15,.00074,3,,,N,43,129,,,N,N,N,white,Y,,Full spec. req. prior to shipping. SS manufacturer
,Alkaline earth halide,,,,,,,,,,,,,,,,,,say no. We have carried in SS with no problems
,,,,,,,,,,,,,,,,,,,Marpol appendix 3.
Calcium carbonate oil,,.960,,,3,2g,B,Y,,157,,60,Y,38,52,tan,N,,Get specs. and heating instructions. Hot wash.
,Hi-grade kerosene 55%,,,,,,,,,,,,,,,,,,USCG classified as Calcium Carboxylate.
,Mineral oil  55%,,,,,,,,,,,,,,,,,,Not yet assigned any compatibility #.
,Calcium Sulfonate 40%,,,,,,,,,,,,,,,,,,
,Calcium carbonate 40%,,,,,,,,,,,,,,,,,,
Calcium chloride liquor,,1.350,20,,3,2g,D,N,43,115,-10,,,N,,ww,,,Avaiting more specs. Camcote N and EP for 50%
,,,,,,,,,,,,,,,,,,,solution.
Calcium chloride 35%,,1.000,,,3,,D,N,43,,,,,,,ww,Y,,Full spec. required prior to shipping. 
,,,,,,,,,,,,,,,,,,,Should be easy cargo.
,,,,,,,,,,,,,,,,,,,
Calcium hydroxide 50%,,1.100,,,,,D,N,,,,,Y,N,,grey,sli,,Get full specs. and heating req. Hot wash.
,Slaked lime,,,,,,,,,,,,,,,ww,,,Must be on ships COF:
,Caustic lime,,,,,,,,,,,,,,,,,,
Champhor oil,,.920,25,,3,2g,B,Y,18,175,,47,47,N,,ww,sli,1130,Note: TLV only 2ppm.
,Liquid impure camphor,,,,,,,,,,,,,,,brown,,,Clean: Cold wash followed by hot and steam.
,Liquid gum camphor,,,,,,,,,,,,,,,blue,,,Use Stolt C for spot cleaning.
Caprolactam solution,,1.020,77,,3,,D,N,22,148,15,1,37,N,,yel/brn,Y,,Check % solution. Warm Wash.
,Aminocaproic Lactam,,,,,,,,,,,,,,,,,,
,Hexahydro-2h-azepin-2-one,,,,,,,,,,,,,,,,,,
,Ketohexame-2,,,,,,,,,,,,,,,,,,
,Caprolactam-e,,,,,,,,,,,,,,,,,,
Caprylic Acid,,.900,15,,3,,,N,34,,10,132,amb,N,N,clear,sli,,"Sensitive product, handle with care. may req. "
,Octylic acid,,,,,,,,,,,,,,,,,,"heat in cold climate, get heating instructions. Do"
,Octoic acid,,,,,,,,,,,,,,,,,,not stow adjacent to high heat. N2 blanket may be
,Octanoic acid,,,,,,,,,,,,,,,,,,asked for. Coated tanks must be in good condition
Carbolic oil,,1.070,,,2,2g,A,Y,21,182,41,54,Y,67,,light,N,,Treat and handle as phenol. Heat req: 65.6 to 
,Middle oil,,,,,,,,,,,,,,,brown,,,71.1C. hot wash soon as possible after discharge.
,Liquefied phenol,,,,,,,,,,,,,,,,,,Use Stolt A or B for spots.
Carbon Black feedstock,,.980,57,,3,2g,B,Y,33,232,10,66,Y,57,,dark,N,,Consult SNI handling manual.
,Aromatic tar,,,,,,,,,,,,,,,brown,,,Very difficult to clean.
,Aromatic concentrate,,,,,,,,,,,,,,,,,,
,Arotar,,,,,,,,,,,,,,,,,,
Carbon disulfide,,1.250,25,.00148,2,1g,A,Y,38,46,75,-30,N,N,,clear,sli,1131,Cargo of particular hazard. Check USCG/IMO
,Carbon bisulfide,,,,,,,,,,,,,,,,,,requirements. We are not able to handle on 
,,,,,,,,,,,,,,,,,,,present tonnage - consult Gen Ops.
Carbon tetrachloride,,1.602,15,196,3,2g,B,Y,36,77,-23,,37,N,N,clear,p-ly,1846,ww standard. Cold wash. Avoid stow oils/fats as
,Benzinoform,,,,,,,,,,,,,,,white,,,last cargo. Acid wall wash before  presenting tks
,Necatorina,,,,,,,,,,,,,,,,,,"if oils/fats are last cargo. Toxic and narcotic, "
,Perchloromethane,,,,,,,,,,,,,,,,,,absorbed through skin. DuPoint and ICI have
,Tetrachloromethane,,,,,,,,,,,,,,,,,,"special req. for last cargo, coating etc."
,Carbon tet,,,,,,,,,,,,,,,,,,
Cadura ester,,.970,15,.00078,3,2g,B,Y,34,273,-60,120,48,N,,pale,Y,,ww sstandard. N2 blanket req. Acid wall wash if 
,Glycidyl ester of versatic acid,,,,,,,,,,,,,,,,,,oils/fats last cargo. Color sensitive. Warm wash.
,,,,,,,,,,,,,,,,,,,Classified as Glycidyl ester of versatic acid.
Cashew nutshell oil,,.920,,,3,2g,D,Y,4,180,,,40,,,very,p-ly,,"Toxic. Get heating instructions. hot wash, use Stolt"
,Cardanol,,,,,,,,,,,,,,,dark,,,C for spots. Skin irritant like poision ivy.
Castor oil,,.960,,,,,D,N,34,313,-10,229,48,30,,pale,sli,,"ww ""plus"" Standard for medicine grade. Note: "
,Ricirus oil,,,,,,,,,,,,,,,light,,,Loading Bombay may require tank(s) to be spraye
,Turkey oil,,,,,,,,,,,,,,,yellow,,,down with product prior to loading. Check FFA if
,Alzarin oil,,,,,,,,,,,,,,,,,,zinc.  Semi-Drying. Cold wash immediatly after
,,,,,,,,,,,,,,,,,,,discharge. Inspect and use Stolt C for final cleaning
,,,,,,,,,,,,,,,,,,,Must be on ships COF.
Castor oil fatty acid,,,,,3,,D,N,34,,,,,,,,,,Must have full specs. this product before shipping.
,,,,,,,,,,,,,,,,,,,Unregulated. Should be similiar to other fatty acids
,,,,,,,,,,,,,,,,,,,derived from veg. oils. Must be on ships COF.
Caustic potash 45%,,1.500,20,.00070,3,2g,C,Y,5,132,-4,,Y,N,,off,Y,1814,Handle as Caustic Soda 50%. More aggressiv
,Potassium hydroxide lye,,,,,,,,,,,,,,,white,,,for coatings at higer temp. - check.
Caustic soda 50%,,1.536,15,.00068,3,2g,C,Y,5,142,10,,Y,Y,Y,white,Y,1134,"Shippers may have iron spec, in which case must"
,Caustic soda,,,,,,,,,,,,,,,grey,,,"have ""perfect"" coating. Mercury steel okay for "
,Sodium hydroxide,,,,,,,,,,,,,,,,,,aluminum grade. Mercury or rayon grades req.
,Liquified caustic soda,,,,,,,,,,,,,,,,,,perfect coated tks or stainless steel. Heating 
,Caustic soda liquid,,,,,,,,,,,,,,,,,,"dependent on trade, from no heat in warm climate"
,Liquid causticsoda,,,,,,,,,,,,,,,,,,to 43C in cold climate.
,Caustic soda liquified,,,,,,,,,,,,,,,,,,
,Liq.caustic soda,,,,,,,,,,,,,,,,,,
Caustic soda 70%,,,,,,,,Y,5,,,,,,,,,,Special tks req. Check with Ops .Dep.
Cellosolve acetate,,.974,20,.00109,3,2g,C,Y,34,186,,51,37,N,N,ww,sli,,ww standard. UCC require odor test. N2 req. in
,,,,,,,,,,,,,,,,,,,"most cases. Cold wash, steam and vent."
Ceelosolve solvent,,.930,20,.00090,3,,D,N,40,135,,48,37,N,N,ww,Y,,ww standard. UCC very strict on odor specs.
,Ethoxyethanol-2,,,,,,,,,,,,,,,,,,Clean with amb temp water vent.
Cetyl Eicosyl Methacrylate,,.860,,,3,2g,N,Y,14,370,,149,N,N,N,ww,N,,ww standard. Clean as MMM. Stow away from heat
,,,,,,,,,,,,,,,,brown,,,Inhibited.
China clay slurry,,1.760,,,,,N,N,43,,3,,,,,grey,,,Contact Gen Ops before booking.  Will req.special
,Kaolin slurry,,,,,,,,,,,,,,,,,,pumps. Marpol annex 3.
Chlorine,,1.560,-35,,,,N,Y,,-33,-101,-101,,,,gr-yel,,,Gas code.
Chloroacetic acid 80 % or less,,1.580,,,2,2g,C,Y,4,186,61,126,,,,clear,Y,1750,Can not handle at the present time.
,Monochloroacetic acid,,,,,,,,,,,,,,,lt,,,Requirers special llining like glass.
,Chloroacetic acid,,,,,,,,,,,,,,,yellow,,,
Chlorobenzene,,1105,25,.00108,2,2g,B,Y,35,136,-45,28,37,N,,clear,N,1134,ww srandard.Check resistency list prior to stow
,Monochlorobenzene,,,,,,,,,,,,,,,,,,SS. Cold wash. Toxic by inhalation and skin abs.
,Mcb,,,,,,,,,,,,,,,,,,
,Benzene chloride,,,,,,,,,,,,,,,,,,
,Phenyl chloride,,,,,,,,,,,,,,,,,,
Chloroform (Technical),,1.496,15,.00186,3,2g,B,Y,36,61,-63,,37,N,N,clear,sli,1888,"ww ""plus"" required . Acid wall wash if oils/fats last"
,Trichloromethane,,,,,,,,,,,,,,,,,,"cargo. N2 purging, blanketing. cold Wash"
,Amyl chloroform-dow,,,,,,,,,,,,,,,,,,
Chlorohydrin (crude),,1.180,,,2,2g,D,Y,17,213,,33,N,N,,ww,Y,,Poisonous cargo. Hygrosonic ww standard.
,Crude epichlorohydrin,,,,,,,,,,,,,,,,,,Cold wash.
Chloronitrobenzene-ortho,,1.360,,,2,2g,B,Y,42,245,32,127,Y,60,,yellow,N,1578,Get specs. prior stow SS. Highly toxic.
,Chloronitro benzene-2,,,,,,,,,,,,,,,,,,Hot wash.
Chloroprene,,1.000,,,,,C,Y,,59,,-20,N,N,,ww,sli,,ww standard. Inhibited Note; Low BP. Cold wash.
,"Chlorobutadiene-1,3-2",,,,,,,,,,,,,,,,,,Not yet assigned to any compability group.
,,,,,,,,,,,,,,,,,,,Compliance cargo.Note: This product has been 
,,,,,,,,,,,,,,,,,,,deleted from the IMO code as it has never been
,,,,,,,,,,,,,,,,,,,carried in bulk. nor is it expected to be carried in b:
Chloropropionic acid 2,,1.250,,,3,2g,C,Y,,185,41,,,,,,Y,,Must have special handl.req. approved by USCG.
Chloropropionic acid 3,,,,,3,2g,C,Y,,200,,,,,,,Y,,Must have special handl.req. approved by USCG.
Chlorosulfonic acid ,,1.750,,,1,2g,C,Y,,155,-80,,,,,pale-y,Y,1754,Must have special handl.req. approved by USCG.
Chlorotoulene-meta,,1.000,,,3,2g,B,Y,36,161,,,37,,,ww,,2238,ww staandard. N2 blanket req. out from Japan.
,Chloromethylbenzen-meta,,,,,,,,,,,,,,,,,,Low heat adjacent (38C). Hot wash.
Chlorotoulene-mixed,,1.000,,,2,2g,A,Y,36,160,,54,48,21,,ww,sli,2238,ww staandard. N2 blanket req. out from Japan.
,Chloromethylbenzen-mx,,,,,,,,,,,,,,,,,,Low heat adjacent (38C). Hot wash.
Chlorotoulene-ortho,,1.000,,,3,2g,A,Y,36,159,,,37,,,ww,sli,2238,ww staandard. N2 blanket req. out from Japan.
,Chloromethylbenzen-o,,,,,,,,,,,,,,,,,,Low heat adjacent (38C). Hot wash.
Chlorotoulene-para,,1.000,,,2,2g,B,Y,36,162,7,57,48,27,,ww,sli,2238,ww staandard. N2 blanket req. out from Japan.
,Chloromethylbenzen-p,,,,,,,,,,,,,,,,,,Low heat adjacent (38C). Hot wash.
Choline chloride 70%,,1.100,20,,,,N,N,20,121,-12,,29,N,,ww,Y,,ww standard. No heat adjacent for coated tks.
,,,,,,,,,,,,,,,,,,,Cold wash
Clarified oil,,.850,20,,,,N,N,33,,,,,,,,,,Light fuel oil (diesel). More info req.
Clay liquid,,1.750,,,,,,N,43,93,1,,N,N,,,Y,,Get spec. prior to booking. Could create some 
,,,,,,,,,,,,,,,,,,,problems depending on specs. Marpol apendix 3
"Clean petroleum product, unleaded",,,,,,,N,N,33,,,,,,,,,,General trm for product or clean trade.
,Unl.cpp,,,,,,,,,,,,,,,,,,
,Cpp unleaded,,,,,,,,,,,,,,,,,,
,Unl cpp und 2.5 npa,,,,,,,,,,,,,,,,,,
,Unleaded cpp,,,,,,,,,,,,,,,,,,
,Cpp. unl,,,,,,,,,,,,,,,,,,
Coal oil,,,,,,,N,N,33,,,,,,,,S,,Oil derived from coal. More info. req.before carriag
,,,,,,,,,,,,,,,,,,,requirements ccan be established.
Coal slurry,,1.200,15,,3,,,N,43,100,,,amb,N,N,blk,,,Can not handle with standard framo pumps as
,,,,,,,,,,,,,,,,,Y,,very erosive to seals etc. chk with Ops Dep.
Coal tar,,1.000,,,3,2g,A,Y,33,204,1,,Y,57,,light,Y,,Different grades. Get specs. and contact general 
,,,,,,,,,,,,,,,,to,,,Ops. important thaan heating is kept high and 
,Crude solvent naphtha,,,,,,,,,,,,,,,blk,,,steady. Variation in temmp. will drop salt/sediment
,,,,,,,,,,,,,,,,,,,to bottom. great cleaning probllems if back to ww
,,,,,,,,,,,,,,,,,,,products. Better stay away.
Coco acid oil (crude),,.900,57,,3,2g,C,N,34,177,27,160,Y,57,,drk,Y,,Get specs. and heating instruction. Check if sedim.
,,,,,,,,,,,,,,,,,,,before discharge port. Hot wash and Stolt C or Lac
,Acidulated 0il,,,,,,,,,,,,,,,,,,If white powder use Stolt E. Mayhave to circulate
,,,,,,,,,,,,,,,,,,,during voy.
Coco dimethylamine,,,,,,,,,,,,,,,,,,,Have no info.
Coco fatty acid (Manila),,.900,,,3,2g,C,N,34,176,23,160,Y,30,,dark,N,,"Diffrent grades, check. Hot wash and Stolt C or"
,Coconut oil fatty acid,,,,,,,,,,,,,,,,,,LAC.
Coco fatty acid (P&G),,.900,,,3,2g,C,N,34,204,4,93,37,21,,creamy,N,,Avoid escessive heat. (100F). N2 blanket.
,Coconut oil fatty acid,,,,,,,,,,,,,,,white,,,Color sensative Hot wash and Stolt C or LAC.
Coco fatty acid C8/C10,,.900,30,.00070,3,2g,C,N,34,,,,Y,20,35,,,,Sensitive product from UNICHEM. Heating instruct.
,,,,,,,,,,,,,,,,,,,must be strictly followed. Max. temp variance is 3
,,,,,,,,,,,,,,,,,,,deg. C/day UNICHEM accepts only good coated
,,,,,,,,,,,,,,,,,,,or SS tks.
Coco fattty acid distilled C12/ C18,,.874,44,.00070,3,,D,N,34,,,,Y,33,35,,,,Sensitive product from UNICHEM. Heating instruct.
,Coco fattty acid distilled C12/ C18,,,,,,,,,,,,,,,,,,must be strictly followed. Max. temp variance is 3
,,,,,,,,,,,,,,,,,,,deg. C/day UNICHEM accepts only good coated
,,,,,,,,,,,,,,,,,,,or SS tks. Min discharge  temp 40C.
Coco fattty acid distilled C6/ C10,,.883,36,.00070,3,,C,N,34,,,,Y,20,35,,,,Sensitive product from UNICHEM. Heating instruct.
,Coco fattty acid distilled C6/ C10,,,,,,,,,,,,,,,,,,must be strictly followed. Max. temp variance is 3
,,,,,,,,,,,,,,,,,,,deg. C/day UNICHEM accepts only good coated
,,,,,,,,,,,,,,,,,,,or SS tks. Min discharge  temp 35C.
Coco fattty acid distilled C6/ C18,,.882,37,.00070,3,2g,C,N,34,,,,Y,33,35,,,,Sensitive product from UNICHEM. Heating instruct.
,Coco fattty acid distilled C6/ C18,,,,,,,,,,,,,,,,,,must be strictly followed. Max. temp variance is 3
,,,,,,,,,,,,,,,,,,,deg. C/day UNICHEM accepts only good coated
,,,,,,,,,,,,,,,,,,,or SS tks. 
Coco fatty acid split undistilled C6/C18,,.900,28,.00060,3,2g,C,N,34,,,,Y,30,40,,,,Sensitive product from UNICHEM. Heating instruct.
,Coco fatty acid distilled C6/C18,,,,,,,,,,,,,,,,,,must be strictly followed. Max. temp variance is 3
,,,,,,,,,,,,,,,,,,,deg. C/day UNICHEM accepts only good coated
,,,,,,,,,,,,,,,,,,,or SS tks. Min discharge  temp 35C.
Coco fatty acid whole distilled C8/C18,,.880,37,.00070,3,2g,C,N,34,,,,35,34,39,white,,,Sensitive product from UNICHEM. Heating instruct.
,,,,,,,,,,,,,,,,,,,must be strictly followed. Max. temp variance is 3
,,,,,,,,,,,,,,,,,,,deg. C/day UNICHEM accepts only good coated
,,,,,,,,,,,,,,,,,,,or SS tks. Min discharge  temp 34C.
,,,,,,,,,,,,,,,,,,,Min voy temp 30 C.
Coco fatty alcohol (P&G),,.820,26,.00060,,,,N,20,193,22,132,65,32,32,ww,N,,"Diffferent grades, check N2 may  be required."
,Dodecyl,,,,,,,,,,,,,,,,,,Hot wash. Pullution category  depending on 
,Lauryl alcohol,,,,,,,,,,,,,,,,,,C-chain.
Coco fatty alcohol C12/C14,,.827,30,.00060,3,,B,N,20,,,,35,30,35,,,,Very sensitive product from UNICHEM. Coated tks
,,,,,,,,,,,,,,,,,,,must have no rust or stains Min./max. temp. voy:
,,,,,,,,,,,,,,,,,,,26/31 C. Min/max. temp. disch.: 31/36 C. Max.
,,,,,,,,,,,,,,,,,,,temp. variance 3C/day. N2 blanket reguired.
Coco fatty alcohol C12/C18,,.828,30,.00060,3,,B,N,20,,,,35,35,35,,,,Very sensitive product from UNICHEM. Coated tks
,,,,,,,,,,,,,,,,,,,must have no rust or stains Min./max. temp. voy:
,,,,,,,,,,,,,,,,,,,30/35 C. Min/max. temp. disch.: 30/35 C. Max.
,,,,,,,,,,,,,,,,,,,temp. variance 3C/day. N2 blanket reguired.
Coco fatty alcohol C16/C18,,.814,61,.00050,3,,B,N,20,,,,55,56,65,,,,Very sensitive product from UNICHEM. Coated tks
,,,,,,,,,,,,,,,,,,,must have no rust or stains Min./max. temp. voy:
,,,,,,,,,,,,,,,,,,,55/58 C. Min/max. temp. disch.: 62/67 C. Max.
,,,,,,,,,,,,,,,,,,,temp. variance 3C/day. N2 blanket reguired.
Coco glycerine crude,,1.216,49,.00060,3,,N,N,20,,,,Y,25,50,,,,Very sensitive product from UNICHEM.Heating 
,,,,,,,,,,,,,,,,,,,"instructions must be strictly followed, max.temp"
,,,,,,,,,,,,,,,,,,,change 3C/day. Min max temp disch. 45/50 C.
,,,,,,,,,,,,,,,,,,,Unichem will accept only good coated or SS tks.
,,,,,,,,,,,,,,,,,,,Marpol appendix 3.
Coco glycerine refined,,1.240,55,.00060,3,,N,N,20,,,,Y,30,55,,,,Very sensitive product from UNICHEM. Dessicator
,,,,,,,,,,,,,,,,,,,"Instructions must be strictly followed,max temp"
,,,,,,,,,,,,,,,,,,,variation pr day 3C. Voy. min 30C max50 C.
,,,,,,,,,,,,,,,,,,,"Disch 50 C, max 55C"
,,,,,,,,,,,,,,,,,,,Unichem will accept only good coated or SS tks.
,,,,,,,,,,,,,,,,,,,Marpol appendix 3.
Coco methyl esters 1270,,.870,,,3,,D,N,34,148,,65,48,N,,pale,N,,Get heating insturctions. Hot wash.
,Methyl ester,,,,,,,,,,,,,,,,,,
Coco methyl esters 1295,,.860,,,,,D,N,34,148,6,65,48,N,,pale,N,,Get heating insturctions. Hot wash.
,Methyl ester,,,,,,,,,,,,,,,,,,
Coco methyl esters 810,,.870,77,,,,D,N,34,148,-30,87,48,N,,pale,N,,Get heating insturctions. Hot wash.
,Methyl ester,,,,,,,,,,,,,,,ww,,,
Cocoa butter substitute,,.905,,,3,,D,N,34,,31,,40,35,40,white,N,,"Low FFA, but check always. Max disch. temp 45C"
,,,,,,,,,,,,,,,,,,,Clean as for a refined vegoil.
Coconut oil,,,50,,,,D,N,34,176,11,160,Y,50,,pale/lt,,,"Diffrent grades, check. Get heating instructions."
,,,,,,,,,,,,,,,,Brn/w,,,Hot wash. Use Stolt C or LAC as required.
"Coconut oil, cochin type",,.921,25,,3,,D,N,34,,25,,,,,,,,
,Cochin coconut oil,,,,,,,,,,,,,,,,,,
Corn oil,,.910,20,,3,,D,N,34,260,-10,254,48,N,N,pale,N,,Crude and refined.Hot water wash. use Stolt C for
,Mizae oil,,,,,,,,,,,,,,,yellow,,,spots. Strict inspection for refined grade.
Corn syrup,,1.400,37,,,,N,N,34,,,,,,,clear,,,ww standaard. Strict inspection. Amjjbient wash 
,,,,,,,,,,,,,,,,,,,followed by hot wash.  Marpol appendix 3.
Cottonseed acid oil,,.900,57,,3,,C,N,34,260,26,176,Y,57,,drk to,,,ww standard. Heat req. Check acid content if
,Acidulated oil,,,,,,,,,,,,,,,blk,,,coated space. Semi-drying. Use Stolt LAC for spot
Cottonseed oil,,.917,25,,3,,D,N,34,260,-5,248,Y,26,,yellow-,N,,Semi drying. Heat may be req. depending trade.
,,,,,,,,,,,,,,,,drk-red,,,Cleaning: Ambient wash (max 50C). Use Stolt LAC
,,,,,,,,,,,,,,,,,,,for spots. (If white powder- inject Stolt E.
Cottonseed oil stearine,,.900,,,3,,D,N,34,176,15,160,48,,,pale,N,,Semi drying. Heat may be req. depending trade.
,,,,,,,,,,,,,,,,,,,Cleaning: Ambient wash (max 50C). Use Stolt LAC
,,,,,,,,,,,,,,,,,,,for spots. (If white powder- inject Stolt E.
Creosote,,1.000,15,.00075,3,2g,A,Y,33,176,21,74,Y,37,,yellow,sli,,Get specs. and heating instructions. Keep heat
,,,,,,,,,,,,,,,,to blk,,,high 60-70C minimum. Warm wash (not hot). inject
,Creosote oil,,,,,,,,,,,,,,,,,,"Stolt B. for about 3/4 hours. Mix solution Stolt B,"
,Dead oil,,,,,,,,,,,,,,,,,,aprox. 5% and recirculate for about 3 h. Inspect
,,,,,,,,,,,,,,,,,,,and use Stolt B for spots. Creosote wood is cat. A
,,,,,,,,,,,,,,,,,,,Creosote coal tar is cat. C
Creosol-m/p MSK,,1.000,15,.00089,2,2g,A,Y,21,196,,82,48,15,27,tan,ply,2076,Heat required. Voy: 15C Disch: 27C
,Cresylic acid,,,,,,,,,,,,,,,,,,Ambient wash followed by heat and steam.
,Hydroxytoluuenes,,,,,,,,,,,,,,,,,,Use Stolt  A or B for spots.
,Methylphenols,,,,,,,,,,,,,,,,,,
,Oxytoluenes,,,,,,,,,,,,,,,,,,
,Tar acids,,,,,,,,,,,,,,,,,,
Creosol-orto (midland),,1.000,15,.00089,2,2g,A,Y,21,196,10,82,48,15,27,tan,ply,2076,Heat required. Voy: 15C Disch: 27C
,Cresylic acid,,,,,,,,,,,,,,,,,,Ambient wash followed by heat and steam.
,Hydroxytoluuenes,,,,,,,,,,,,,,,,,,Use Stolt  A or B for spots.
,Methylphenols,,,,,,,,,,,,,,,,,,
,Oxytoluenes,,,,,,,,,,,,,,,,,,
,Tar acids,,,,,,,,,,,,,,,,,,
Creosol-orto (special),,1.000,15,.00089,2,2g,A,Y,21,196,30,82,65,37,54,clear,ply,2076,Heat required. Voy: 38C Disch: 54C
,Cresylic acid,,,,,,,,,,,,,,,,,,Ambient wash followed by heat and steam.
,Hydroxytoluuenes,,,,,,,,,,,,,,,,,,Use Stolt  A or B for spots.
,Methylphenols,,,,,,,,,,,,,,,,,,
,Oxytoluenes,,,,,,,,,,,,,,,,,,
,Tar acids,,,,,,,,,,,,,,,,,,
Creosol-para (chicago),,1.000,15,.00089,2,2g,A,Y,21,196,33,82,65,40,50,light,ply,2076,Heat required. Voy: 40C Disch: 50C
,Cresylic acid,,,,,,,,,,,,,,,,,,Ambient wash followed by heat and steam.
,Hydroxytoluuenes,,,,,,,,,,,,,,,,,,Use Stolt  A or B for spots.
,Methylphenols,,,,,,,,,,,,,,,,,,
,Oxytoluenes,,,,,,,,,,,,,,,,,,
,Tar acids,,,,,,,,,,,,,,,,,,
Creosol-para (msk/japan),,1.000,15,.00089,2,2g,A,Y,21,196,22,82,60,32,40,light,ply,2076,Heat required. Voy: 32C Disch: 40C
,Cresylic acid,,,,,,,,,,,,,,,,,,Ambient wash followed by heat and steam.
,Hydroxytoluuenes,,,,,,,,,,,,,,,,,,Use Stolt  A or B for spots.
,Methylphenols,,,,,,,,,,,,,,,,,,
,Oxytoluenes,,,,,,,,,,,,,,,,,,
,Tar acids,,,,,,,,,,,,,,,,,,
Creosol-para/ortho (DOW),,1.000,15,.00089,2,2g,A,Y,21,196,37,82,82,52,60,light,ply,2076,Heat required. Voy: 52C Disch: 60C
,Cresylic acid,,,,,,,,,,,,,,,,,,Ambient wash followed by heat and steam.
,Hydroxytoluuenes,,,,,,,,,,,,,,,,,,Use Stolt  A or B for spots.
,Methylphenols,,,,,,,,,,,,,,,,,,
,Oxytoluenes,,,,,,,,,,,,,,,,,,
,Tar acids,,,,,,,,,,,,,,,,,,
Cresylic acid,,1.030, ,.00073,2,2g,A,Y,21,210,32,80,37,57,,clear to,sli,,Check grade. May req. heating. Check phenol
,Methyl phenol-2,,,,,,,,,,,,,,,yellow,,,content. N2 blanket may be required. Hot wash.
Cresylic acid tar,,1.030,15,,2,2g,A,Y,21,200,,150,Y,Y,Y,blk,sli,,"A mixtures of creosols, Naphtalenes and paraffin"
,,,,,,,,,,,,,,,,,,,hydrocarbons. Carry and handle as Creosols.
,Mixed creosols and hydrocarbon oil,,,,,,,,,,,,,,,,,,"Not yet in the Code, but should be same as"
,Cresylic creosote-25 % tar acid,,,,,,,,,,,,,,,,,,Creosols.
Crotonaldehyde,,.850,20,.00101,2,2g,B,Y,19,102,-75,12,N,N,N,ww,sli,1143,ww standard. N2 blanket req. Cold wash
,Methylacrolein-b,,,,,,,,,,,,,,,,,,immediatly after discharge followed by hot water
,Crotenaldehyde,,,,,,,,,,,,,,,,,,"than steam and ventilate. Strong odor, may have"
,Crotonic Aldehyde,,,,,,,,,,,,,,,,,,to use Stolt C.
,Butanal-trans-2,,,,,,,,,,,,,,,,,,
Crude amines,,,,,3,2g,,Y,,,,,,,,,,,More info. req. Handles like amines.
Crude industrial alcohol,,.810,20,.00085,3,,N,N,20,78,-117,12,38,N,N,ww,Y,1170,Ethyl allcohol with amall amounts of inedible add.
,CIA,,,,,,,,,,,,,,,,,,"Always check as coatings may not be resistance,"
,,,,,,,,,,,,,,,,,,,typical ex. is Cia with 3% Diethyl Ether and 8%
,,,,,,,,,,,,,,,,,,,water whitch can not go Phenoline and Phenguard.
Crude oil,,.980,15,,,,N,N,33,32,,,,,,drk,S,,Check grade and heat req. Cleaning could be
,,,,,,,,,,,,,,,,,,,problematic depending grade.
Crude solvent naphtha,,.830,,,,,,N,33,160,,37,48,N,,pale to,,,Always get specs. Handle and clean aas naphta
,Cumerone oil,,,,,,,,,,,,,,,drk/red,,,S.G. varies. Check for Benzene content
Ctla polymer Exxon,,.990,,,,,,,,148,15,110,Y,,,drk,N,,Heat req. Dries on bulkheads. Voy 21-27C
,,,,,,,,,,,,,,,,,,,Disch: 60-65C Exxon recommends N2 blanket.
,Synthetic resin,,,,,,,,,,,,,,,,,,"Avoid Zinc. Cleaning: Warm wash, max 50C,"
,Hydrocarbon unsaturated,,,,,,,,,,,,,,,,,,immediately after discharge for abt. 4 h. Change
,,,,,,,,,,,,,,,,,,,to hot  80-85C for abt. 3h. Spray with Stolt A or B
,,,,,,,,,,,,,,,,,,,Leave for 2h and rinse with hot waater.
,,,,,,,,,,,,,,,,,,,Use Stolt A or B for spots.
Cumene,,.860,15,.00086,3,2g,B,N,32,152,-97,36,54,N,N,ww,N,1918,ww standard. Check max. allowed for heat adj.
,Cumol,,,,,,,,,,,,,,,,,,Not all shippers agree to 55C. Cold wash followed
,Isopropylbenzene,,,,,,,,,,,,,,,,,,by hot. Strong odor. IMO name Isopropylbenzene
"Cycododecatriene,1,5,9",,.840,15,,3,2g,B,Y,30,240,-17,82,37,N,N,,,,Du pont product. Zinc should be ok. Tripartite
,Cddt,,,,,,,,,,,,,,,,,,"agreement betweem USA/Liberia Holland, "
,,,,,,,,,,,,,,,,,,,reference cgo is Vinyl Toluene exept pol cat.
Cyclohexane,,.780,15,.00093,3,2g,C,Y,31,80,6,-17,37,,,ww,N,1145,ww standard. May req. heating in cold climmate.
,Hexahydrobenzene,,,,,,,,,,,,,,,,,,Cold wash.
,Hexamethylene,,,,,,,,,,,,,,,,,,
,Hexanaphthene,,,,,,,,,,,,,,,,,,
Cyclohexane oxidation product acid water,,1.100,15,,,,,N,4,103,32,,Y,60,65,,Y,,May haave to agitate ir circulate through washing 
,,,,,,,,,,,,,,,,,,,machines during dish. if too much sediments. Do 
,Acid water,,,,,,,,,,,,,,,,,,not let temp. drop below 60C. Cllean with hot water
,Sour water,,,,,,,,,,,,,,,,,,(fresh if available). Obtain full specs. each time as
,Ep 306 acid water,,,,,,,,,,,,,,,,,,composition may vary. Classified by USCG as
,,,,,,,,,,,,,,,,,,,moncoompliance. not yet IMO code.
"Cyclohexanedimethanol 1,4",,,,,,,,,,,,,,,,,,,Get fulll specs. Cold wash. Not yet classified.
"Cyclohexanol, Technical",,.950,15,.00080,3,2g,C,Y,20,160,-32,68,48,,,ww,sli,,"ww standard. Check melting point, pure grades"
,Hexalin,,,,,,,,,,,,,,,,,,may req. heating. Warm wash.
,Hexahydropenol,,,,,,,,,,,,,,,,,,
,Cyclohexal alcohol,,,,,,,,,,,,,,,,,,
,Hydroxycyclohexane,,,,,,,,,,,,,,,,,,
Cyclohexanone,,.950,15,.00080,3,2g,D,Y,18,156,,47,37,N,N,pale to,N,1915,ww standard. Acid wall wash may be reguired if
,Cyclo hexanone,,,,,,,,,,,,,,,white,,,oils/fats are last cargo. Avoid heat adj. Cold wash.
Cyclohexyl acetate,,.970,,,,,,,,148,,580,,,,ww,N,2243,"ww standard. Cold wash. Not yet classified, but"
,,,,,,,,,,,,,,,,,,,proably a compliance cargo.
Cyclohexyl chloride,,.992,15,,,,,,,142,,32,,,,clear,,,More infos. necessary.Not yet classified for bulk
Cyclohexylamine,,.870,25,.00090,3,2g,C,Y,7,135,-18,21,,,,ww,Y,2357,ww standard. N2 blanket recommended. 
,Aminocyclohexane,,,,,,,,,,,,,,,,,,Cold wash.
,Hexahydroaniline,,,,,,,,,,,,,,,,,,
Cymene-meta,,.862,,,,,D,N,32,175,-64,52,37,N,N,ww,N,,ww standard. Cold wash. Only the para grade
,Isopropyltoluene,,,,,,,,,,,,,,,,,,listed by IMO.
,Cymol,,,,,,,,,,,,,,,,,,
,Methylpropylbenzene,,,,,,,,,,,,,,,,,,
,Isopropyltoluol,,,,,,,,,,,,,,,,,,
Cymene-ortho,,.875,,,,,D,N,32,177,-71,52,37,N,N,ww,N,,ww standard. Cold wash. Only the para grade
,Isopropyltoluene,,,,,,,,,,,,,,,,,,listed by IMO.
,Cymol,,,,,,,,,,,,,,,,,,
,Methylpropylbenzene,,,,,,,,,,,,,,,,,,
,Isopropyltoluol,,,,,,,,,,,,,,,,,,
Cymene-para,,.855,,,3,2g,D,N,32,176,-68,52,37,N,N,ww,N,2046,ww standard. Cold wash.
,Isopropyltoluene,,,,,,,,,,,,,,,,,,
,Cymol,,,,,,,,,,,,,,,,,,
,Methylpropylbenzene,,,,,,,,,,,,,,,,,,
,Isopropyltoluol,,,,,,,,,,,,,,,,,,
D-D soil fumigant,,1.200,15,.00062,2,2g,B,Y,15,82,-18,28,N,N,N,straw,N,,Poisonous cargo. See remarks in SS and coating
,,,,,,,,,, ,,,,,,,,,resistancy lists before stow. Compliance cargo.
,Vidden-d,,,,,,,,,,,,,,,,,,"IMO chapter 6 with special req.4.9, 4.13, 4.14 and "
,Dichloropropene/Dichloropropane mixtures,,,,,,,,,,,,,,,,,,4.17. Classified as: Dchloropropene/Dichloro-
,,,,,,,,,,,,,,,,,,,propane mixtures. Clean with cold water several
,,,,,,,,,,,,,,,,,,,hours. Use Stolt A or B if odor problems. Vent.
,,,,,,,,,,,,,,,,,,,several hours before entering tank.
De-monomer (R&H),,.870,,,3,2g,,y,14,163,-20,65,N,N,,light br,N,,Inhibited No heat adjaacent. Cold wash.
Decaldehyde,,.830,,,,,,,19,180,18,85,?,?,,cl/pale,N,,ww standard. N2 and dessicators may be req.
,Aldehyde C-10,,,,,,,,,,,,,,,yellow,,,Air sensative. Hot wash. Not listed by IMO.
,Capraldehyde,,,,,,,,,,,,,,,,,,
,Capric aldehyde,,,,,,,,,,,,,,,,,,
,Decanal,,,,,,,,,,,,,,,,,,
,Decyl aldehyde-n,,,,,,,,,,,,,,,,,,
,Decyl aldehyde-N,,,,,,,,,,,,,,,,,,
Decalin,,.870,20,,,,,,32,188,-35,57,,N,N,ww,,1147,ww standard. Cold wash. Not yet classified.
,,,,,,,,,,,,,,,,,,,Correct chemical name Decahydronapthalene
Decane-n,,.730,,,3,,D,N,31,173,-30,46,N,N,,color,,,ww standard. Cold wash.
,Decyl hydride,,,,,,,,,,,,,,,less,,,Avoid adjacent heat.
Decanol-1,,.830,15,.00068,3,2g,B,Y,20,233,1,82,48,26,,ww,N,,ww standard. Max 50C adjacent. Get heating 
,Alcohol C-10,,,,,,,,,,,,,,,,,,instructions. Hot wash. Use Stolt A or B for spots
,Capric alcohol,,,,,,,,,,,,,,,,,,Cargo is classed as N-Decyl Alcohol
,Dytol S-91,,,,,,,,,,,,,,,,,,
,Lorol 22,,,,,,,,,,,,,,,,,,
,Nonylcarbinol,,,,,,,,,,,,,,,,,,
,Decyl alcohol-n,,,,,,,,,,,,,,,,,,
Decene-1,,.740,,,3,2g,B,Y,30,172,-67,48,N,N,,color,N,,ww standard. May req. odor spec. Avoid heat
,Decene-a,,,,,,,,,,,,,,,less,,,adjacent. Cold wash.
,Decylene,,,,,,,,,,,,,,,,,,
Decyl acrylate,,.900,,,2,2g,A,Y,14,157,,228,N,N,,,N,,Inhibited. Cleaning: Cold wash folloed by hot
,,,,,,,,,,,,,,,,,,,and steam.
Decylbenzene-norm,,.855,20,,3,,D,Y,32,300,,107,N,N,,white,N,,Handle as Benzene
,Phenyldecane-1,,,,,,,,,,,,,,,,,,
,N-decylbenzene,,,,,,,,,,,,,,,,,,
Deg monobutyl ether,,.960,25,,3,,N,N,40,231,-68,77,43,N,,ww,Y,,"ww""plus"" standard. N2 blanket nay be req."
,Butyl carbitol ucc,,,,,,,,,,,,,,,,,,Warm wash.
,Ektasolve,,,,,,,,,,,,,,,,,,Marpol appendix 3.
,Butoxydiethylene glycol,,,,,,,,,,,,,,,,,,
,Diglycol monobutyl ether,,,,,,,,,,,,,,,,,,
,Dowanol do,,,,,,,,,,,,,,,,,,
,Poly solve db,,,,,,,,,,,,,,,,,,
Deg monoethyl ether,,.990,,.00084,3,,N,N,40,202,,99,43,N,,ww,,,ww standard- Warm wash.
,Carbitol solvent ucc,,,,,,,,,,,,,,,,,,Marpol appendix 3.
,Dioxytol shell,,,,,,,,,,,,,,,,,,
,Degme Exxon,,,,,,,,,,,,,,,,,,
,Dowanol de,,,,,,,,,,,,,,,,,,
,Diethylene glycol ethyl ether,,,,,,,,,,,,,,,,,,
,Ethoxy-ethoxy-2 ethanol-2 ,,,,,,,,,,,,,,,,,,
,Ethoxy diglycol,,,,,,,,,,,,,,,,,,
,Poly-solve de,,,,,,,,,,,,,,,,,,
Degmonobutyletheracetate,,.980,,,3,,N,N,34,246,-32,115,37,N,,color,5,,ww standard. Cold wash.
,Butyl carbitol acetate,,,,,,,,,,,,,,,less,,,Marpol appendix 3.
,Ektasolve db acetate,,,,,,,,,,,,,,,,,,
Dehydol LS-2 (Henkel),,1.000,15,.00071,3,2g,B,Y,20,130,,280,38,N,N,clear,negl,,Handle and clean as for normal fatty alcohol.
,Ethoxylated fatty alcohol,,,,,,,,,,,,,,,,,,
Detergent alkylate,,1.200,,,3,,,N,32,104,,,65,N,,light,sli,,Check PH before stowing Zinc. Warm wash
,,,,,,,,,,,,,,,,,,,Not listed by IMO.
Dextrose solution,,1.200,,,,,N,N,,100,,,,,,clear,,,"ww ""plus"" standard. Edible product and may req"
,Corn sugar solution,,,,,,,,,,,,,,,,,,sterilized tank - check. Probably SS stow only
,Glucose solution,,,,,,,,,,,,,,,,,,"Req. high heat, check. Clean with hot water."
,Grape sugar solution,,,,,,,,,,,,,,,,,,Marpol appendix 3.
Di 2-ethylhexyl phthalate,,.986,,,3,,N,N,34,386,-55,210,49,N,,clear,N,,ww standaard. N2 blanket may be req. as product
,Dop,,,,,,,,,,,,,,,,,,water sensitive. Clean with hot water. If next cargo
,Diethyl hexyl phthalate,,,,,,,,,,,,,,,,,,req. hydrocarbon wall wash cleaning could be
,Flexol dop ucc,,,,,,,,,,,,,,,,,,difficult- check. Marpol appendix 3.
,Dioctyl phthalate,,,,,,,,,,,,,,,,,,
Di(2-ethylhexyl) phosphoric acid,,.977,20,,3,2g,C,Y,1,200,-60,385,?,N,N,yellow,N,1902,have no record we never carried.
,Dioctyl phosphoric acid,,,,,,,,,,,,,,,,,,Product is corrosive and floats on water. Clean with
,Dehpa,,,,,,,,,,,,,,,,,,necessary.
Di-n-Butylamine,,.760,,,3,2g,C,Y,7,160,-51,41,N,N,,ww,2,,ww standard. No  bulkhead test. N2 blanket req.
,Butaramine-1,,,,,,,,,,,,,,,,,,Most shippers req. SS stow Avoid heat adjacent.
,Dibutylamine,,,,,,,,,,,,,,,,,,Clean with warm water.
Di-n-Hexyl adipate,,.760,,,3,,D,N,34,183,,162,,,,ww,sli,,Plasticizier slightly souble in water. Easy product
,Santicizer #367,,,,,,,,,,,,,,,,,,Clean with hot water.
Di-n-Propylamine,,.740,15,.00096,3,2g,C,Y,7,108,,17,N,N,,ww,ply,,Vapor return may ge required in some ports. Clean
,Propyl-1-propanamine-n-n,,,,,,,,,,,,,,,,,,with cold water followed by warm.
Di-glycidyl ether of bisphenol a,,.980,,,3,2g,B,Y,41,160,15,135,Y,42,60,orange,N,,ww standard. Hot wash followed by steam.
,Epoxy resins,,,,,,,,,,,,,,,,,,Heating: voy: 49 Disch: 60/65. Heating req. varies
,Epi-rez 510 (Celanese),,,,,,,,,,,,,,,,,,depending upon manufacturer - check!
,Epikote 828 shell,,,,,,,,,,,,,,,,,,Prewash because of viscosity.
,Der 331 (Dow),,,,,,,,,,,,,,,,,,
,Epikote 828,,,,,,,,,,,,,,,,,,
,Shell epikote 828,,,,,,,,,,,,,,,,,,
Di- glycolamine,,1.050,20,,,,,,,221,-12,126,37,,,ww,,,More info. req. Corrosive liquid. check coating
,,,,,,,,,,,,,,,,,,,resistancy. has not been classified for bulk shipm.
,,,,,,,,,,,,,,,,,,,Clean with warm water.
Di-isobutyl phthalate,,1.040,15,,3,2g,B,Y,34,327,,385,?,?,?,clear,,,Have no record on this product low toxcity.
,Dibp,,,,,,,,,,,,,,,,,,Combustible. Should be easy cargo.
Di-2-ethylhexyl adipate,,.920,,,3,,D,N,34,417,,196,Y,N,,pale,N,,Plasticizer. ww standard. Warm wash. Difficult
,Adipol-2-eh,,,,,,,,,,,,,,,claer,,,cleaning if next cargo req. hydrocarbon wall-wash.
,Ethylhexyl ester-2-bis,,,,,,,,,,,,,,,,,,
,Adipic acid,,,,,,,,,,,,,,,,,,
Diacetone alcohol,,.940,,.00088,3,,D,N,20,163,,12,37,N,,ww,,1148,ww standard. May req. acid wall wash depending
,Diacetone,,,,,,,,,,,,,,,,,,on last cargo. Three grades this product - check.
,hydroxy-4-methyl-2-pentanone-4,,,,,,,,,,,,,,,,,,Cold wash.
,Tyranton,,,,,,,,,,,,,,,,,,
Dibasic esters,,1.092,20,,3,2g,B,Y,34,210,-20,100,35,N,N,ww,N,,"Mix of dimerhyl adipate dimerhyl, glutarate and"
,DBE,,,,,,,,,,,,,,,,,,dimethyl succinate. Tripartite agreement USA/
,,,,,,,,,,,,,,,,,,,"Liberia and Belgium. Use n.o.s. entry 11, check"
,,,,,,,,,,,,,,,,,,,cargo file for details. Not listedby coating res. list.
Dibutyl maleate,,.990,,,,,,,34,280,,120,N,N,,ww,,,ww standaard. N2 blanket req. in most cases
,Dbm,,,,,,,,,,,,,,,,,,"Warm wash, use Stolt A or B if req. product not"
,,,,,,,,,,,,,,,,,,,yet classified for bulk shipment - expect non compl
Dibutyl phthalate,,1.040,15,.00071,2,2g,A,Y,34,340,-35,166,49,N,,ww,4,,N2 blanket req. Color sensitive. Wash with max.
,Dbp,,,,,,,,,,,,,,,,,,50C water. Use Stolt A or B if oily film remains.
,Palatinol c,,,,,,,,,,,,,,,,,,
,Butyl phthalate,,,,,,,,,,,,,,,,,,
,Phthalic acid,,,,,,,,,,,,,,,,,,
,Dibutyl ester,,,,,,,,,,,,,,,,,,
,Rc plasticizer dbp,,,,,,,,,,,,,,,,,,
,Witcizer 300,,,,,,,,,,,,,,,,,,
Dichlorobenzene-meta,,1.300,15,,3,2g,B,Y,36,172,-25,65,48,N,N,ww,N,1592,Toxic cargo. be sure to check whitch isomer as
,,,,,,,,,,,,,,,,,,,severall of then with different handling req.Coatings
,,,,,,,,,,,,,,,,,,,"resistancy based on low heat and dry conditions,"
,,,,,,,,,,,,,,,,,,,Check. Water blanket may be req. in whitch case
,,,,,,,,,,,,,,,,,,,coating no good. Clean with warm water. Handle
,,,,,,,,,,,,,,,,,,,product with care - skin absorbent. For further infos.
,,,,,,,,,,,,,,,,,,,check with Cargo Manager
Dichlorobenzene-meta/ortho,,1.300,15,,3,2g,B,Y,36,173,-18,65,48,N,N,ww,N,1592,Toxic - Skin absorbent.
,,,,,,,,,,,,,,,,,,,For more infos. se comments under
,,,,,,,,,,,,,,,,,,,Dichlorobenzene-meta.
Dichlorobenzene-para,,1.450,15,,3,2g,B,Y,36,173,53,65,48,60,65,ww,N,1592,Toxic - Skin absorbent.
,,,,,,,,,,,,,,,,,,,For more infos. se comments under
,,,,,,,,,,,,,,,,,,,Dichlorobenzene-meta.
Dichlorobenzene-para/ortho,,1.300,15,,3,2g,B,Y,36,171,29,68,48,43,60,amber,N,1592,Toxic - Skin absorbent.
,,,,,,,,,,,,,,,,,,,For more infos. se comments under
,,,,,,,,,,,,,,,,,,,Dichlorobenzene-meta.
"Dichlorobenzene, ortho",,1.300,15,,3,2g,B,Y,36,180,-18,68,Y,N,N,ww,negl,1592,Toxic - Skin absorbent.
,"Dichlorobenzene, 1.2",,,,,,,,,,,,,,,,,,For more infos. se comments under
,,,,,,,,,,,,,,,,,,,Dichlorobenzene-meta.
"Dichloroethane-1,1",,1.174,17,,3,2g,B,Y,36,57,-98,,N,N,,c-less,sli,2362,Do not steam or hot water wash adjasent bulkhead
,Ethylene dichloride,,,,,,,,,,,,,,,,,,Wash with ambient water. Same as EDC.
,EDC,,,,,,,,,,,,,,,,,,
Dichloroethyl ehter,,1.220,20,.00118,2,2g,B,Y,41,178,-50,55,N,N,N,yellow,sli,1916,"Check chlorides, water before stowing SS. Could"
,"Dichloroethyl ehter-2,2",,,,,,,,,,,,,,,,,,be problematic in zinc after  oils/fats. Product
,Dichlorodiethyl ehter,,,,,,,,,,,,,,,,,,"is colorsensitive. Clean with warm water, ventilate."
,Di-2-chloroethyl ehter,,,,,,,,,,,,,,,,,,
,Clorex,,,,,,,,,,,,,,,,,,
,Dcee,,,,,,,,,,,,,,,,,,
,Dichloroethyl ehter-b,,,,,,,,,,,,,,,,,,
,Chloroethyl2ethyl-bis,,,,,,,,,,,,,,,,,,
"Dichloroisopropyl eth-2,2",,1.114,20,,2,2g,C,Y,36,187,-20,85,N,N,N,lt,N,2490,Handle as an ether. Toxic by inhalation. Dow not
,,,,,,,,,,,,,,,,yellow,,,accepting zinc. Color sensirive. Cold wash and stm
"Dichloronitrobenzene-1,2",,1.400,,,2,2g,B,Y,42,255,43,105,Y,54,,lt,N,,Check SS manufacturer before booking SS. Avoid
,"Dichloronitrobenzene-3,4",,,,,,,,,,,,,,,yellow,,,single skin in cold climate. High heat req. get exact
,Dichloronitrobenzene-o,,,,,,,,,,,,,,,,,,instructions. Clean tank soonesst after discharge 
,,,,,,,,,,,,,,,,,,,using hot waater.
Dichlorophenol-mixed,,1.000,,,,,,,,129,,36,37,N,,lt,negl,,ww standard. Cold wash. Avoid heat adjacent
,,,,,,,,,,,,,,,,yellow,,,Not yet classified for bulk  shipment.
"Diclorophenol-2,4",,1.400,,,2,2g,A,Y,21,210,45,113,Y,Y, ,white,sli,2021,Get spec. prior to booking stainless steeel. High
,,,,,,,,,,,,,,,,,,,heat req. check. Clean with hot water and steam.
"Dichlorophenoxy acetic acid-2,4",,1.24,68,,,,,,,212,7,100,30,,,,N,,Toxic. Not yet classified for bulk shipments. Could
,Dimetyl ammonium #6,,,,,,,,,,,,,,,,,,be problematic in SS if temperature exceed 30C
,,,,,,,,,,,,,,,,,,,Check. Clean with hot water and steam.
"Dichloropropane-1,2",,1.230,, ,2,2g,B,Y,15,105,-60,29,N,N,,ww,N,1279,Check SS manufacturer each shipment. Clean with
,Propylene dichloride,,,,,,,,,,,,,,,,,,ambient water and steam.
"Dichloropropene-1,3",,1.223,15,.00132,2,2g,B,Y,15,104,-60,29,N,N,N,white,N,2047,Check SS manufacturer each shipment. Clean with
,Telone 2 (Dow),,,,,,,,,,,,,,,to,,,ambient water and steam.
,"Dichloropropylene-1,3",,,,,,,,,,,,,,,yellow,,,
,Telone II (Dow),,,,,,,,,,,,,,,,,,
"Dichloropropionic acid-2,2",,1.400,20,,3,2g,D,Y,4,185,7,,38,23,29,white,Y,,N2 blanket recommended when SS sstow as tank
,Dalapon 99% pure,,,,,,,,,,,,,,,to,,,atmosphere must be absolutely dry in order to
,Dcpa,,,,,,,,,,,,,,,tan,,,avoid pitting. Get heating instructions. Clean with 
,"Dcpa-2,2",,,,,,,,,,,,,,,,,,warm water and steam.
,2.2 Dcpa,,,,,,,,,,,,,,,,,,
Dicyclopentadiene,,.978,15,.00095,3,,N,N,30,171,20,32,Y,N,40,ww,N,,"Normally no heat req. during voyage, discharge "
,Dcpd,,,,,,,,,,,,,,,,,,"38 to 43 C. Clean with hot water, use STolt A or B "
,Dicy,,,,,,,,,,,,,,,,,,for spots. Strong odor
,Resin oil 60 (Dow),,,,,,,,,,,,,,,,,,Pollution category: Appendix III
Diesel fuel 2,,.870,15,.00080,3,,N,N,33,171,52,35,N,N,N,Lt,insol,,
,Petrolium distillate,,,,,,,,,,,,,,,amber,,,Handle and carry as diesel oils.
,Diesel,,,,,,,,,,,,,,,,,,
Diesel ignition improver 3,,.960,20,.00093,2,2g,B,Y,34,,-50,72,35,N,N,Clear,negl,,Correct IMO name: Octyl Nitrates (All Isomers).
,Dii-3,,,,,,,,,,,,,,,lt,,,"Compatibikity #34, but incompatible with #1 "
,Octyl nitrate (all isomers),,,,,,,,,,,,,,,straw,,,Special req. for decktks. - Check before stow.
,Mixed octyl nitrates,,,,,,,,,,,,,,,,,,"Carboline says Phenolline 373 Ok, but have not "
,2-Ethyl-Hexyl nitrates,,,,,,,,,,,,,,,,,,"tested, we have carried in Camkote N with no "
,Octyl nitrate mixtures,,,,,,,,,,,,,,,,,,"problem. Clean with cold water, ventilate."
,Ethyl Dii-3,,,,,,,,,,,,,,,,,,
Diesel oil,,.841,16,,,,,N,33,288,-34,,Y,N,N,lt brn,N,,Many different grades - check. Hot wash.
,,,,,,,,,,,,,,,,,,,Use Stolt A or B as req:
Diethanolamine,,1.098,15,.00068,3,2g,N,Y,8,286,28,153,Y,40,46,ww,Y,,ww standard. Get heating instructions. Hot wash 
,,,,,,,,,,,,,,,,,,,soonest after discharge. Be sure shippers accept
,Dea,,,,,,,,,,,,,,,,,,coated space. Dow asks for N2 padding. Pollution
,,,,,,,,,,,,,,,,,,,category: Appendix III.
"Diethanolamine salt of 2,4dichlorophen-",, ,,,,,,,,,,,,,,,,,Herbicide concentrare from Basf. Toxic. SS stow.
,oxyde acetic acid.,1.280,20,,3,2g,A,Y,43,94,,90,?,N,N,amber,Y,,prefferrable. Compliance cargo Heating may be
,,,,,,,,,,,,,,,,,,,req. in cold climate. Clean with warm water for 3h
,2.4 - D-amine,,,,,,,,,,,,,,,,,,Ventilate 3h minimum before  tankentry.
Diethyl benzene,,.870,,,3,2g,C,Y,32,180,-70,56,49,N,,ww,N,2049,Easy cargo. Clean with ambient temp water and
,,,,,,,,,,,,,,,,,,,ventilate.
Diethyl carbonate,,.980,,,,,,,,126,-43,25,37,N,,ww,N,,ww standard. Cold wash. Avoid heat adjacent.
,Ethyl carbonate,,,,,,,,,,,,,,,,,,Not yet classified for bulk shipment should be
,Eutin,,,,,,,,,,,,,,,,,,noncompliance.
Diethyl ethanolamine,,.890,,,3,2g,C,Y,8,163,-70,60,,N,,c-less,Y,2686,"ww standard. Cold wash, steam. May req N2 blank"
,Diethylaminoethanol,,,,,,,,,,,,,,,,,,
Diethyl ether,,.710,,.00114,2,1g,N,Y,41,35,-115,-45,N,N,,ww,2,1155,Cargo of paricular hazard. Cooling req
,Anesthesia ether,,,,,,,,,,,,,,,,,,tank type is 1g. See Imo for special req.
,Diethyl oxide,,,,,,,,,,,,,,,,,,
,Ethoxythane,,,,,,,,,,,,,,,,,,
,Sulphuric ether,,,,,,,,,,,,,,,,,,
Diethyl sulfate,,1.180,,,2,2g,B,Y,34,208,-24,104,N,N,,ww,N,1594,Complete dry tk req. N2 purge and blanket may 
,Ethyl sulfate,,,,,,,,,,,,,,,,,,be req. Cold wash. Steam for odor.
Diethylamine,,.710,,.00106,3,2g,C,Y,7,57,-50,-18,N,N,,ww,Y,1154,Must be dry if stow Zinc. check N2 blanket req.
Diethylene Glycol,,1.113,15,.00071,3,,N,N,40,245,-8,,48,N,N,ww,Y,,May req. bulkhead test.  Good coating is req.
,Deg,,,,,,,,,,,,,,,,,,N2 blanket for slack tank. Warm wash. Dow req
,Hydroxylethyl-2 ether-bis,,,,,,,,,,,,,,,,,,N2 padding. Pollution cat. Annex III.
,Diglycol,,,,,,,,,,,,,,,,,,
,Dihydroxylether-b,,,,,,,,,,,,,,,,,,
,Oxa-1 5-pentanadiol-3,,,,,,,,,,,,,,,,,,
Diethylene triamine,,.954,15,.00073,3,2g,D,Y,7,207,-39,102,30,30,30,yellow,Y,2079,SS stow recommended. N2 blanket for slack tk.
,"Diaminodiethylamin-2,2",,,,,,,,,,,,,,,,,,"Cold wash, steam for odor. Dow req. N2 padding "
,Amino ethyl-2-amine-bis,,,,,,,,,,,,,,,,,,and calls this product Ethylene amine 1302.
Dihepthyl phthalate,,.994,20,,3,,N,N,34,240,-45,200,49,N,,ww,N,,Similar to Dop. N2 should be used on slack
,,,,,,,,,,,,,,,,,,,tanks. Warm wash.
Diisobutyl carbinol,,.810,,,3,,,N,20,178,-65,73,37,N,,c-less,N,,Easy cargo. ww standard. no bulkhead tests.
,"Dimethyl-4-Hepthanol-2,6",,,,,,,,,,,,,,,,,,"Clean with warm water, ventilate. Not yet classified"
Diisobutyl ketone,,.810,,.00080,3,,N,N,18,162,-41,60,37,N,,ww,sli,1157,ww standard. Acid wash may be required
,Dibk,,,,,,,,,,,,,,,,,,depending on last cargo. Odor specification
,Diisopropylacetone-sym,,,,,,,,,,,,,,,,,,is required . Cold wash.
,"Dimethyl4heptatone-2,6",,,,,,,,,,,,,,,,,,
,Isovalderone,,,,,,,,,,,,,,,,,,
Diisobutylamine,,.740,,,2,2g,C,Y,7,137,,28,N,N,,ww,sli,2361,ww standard. Cold wash. folloed by hot and steam.
,Diba,,,,,,,,,,,,,,,,,,Use Nitrogen if stow in Zinc.
Diisobutylene,,.720,20,.00082,3,2g,B,Y,30,118,,-7,N,N,,ww,N,2050,"ww standard. Cold wash, ventilate. No heat"
,"Trimethyl-1-pentene-2,4,4",,,,,,,,,,,,,,,,,,"adjacent. Higly flammable, moderate toxic"
Diisodecyl phthalate,,.960,,,3,,N,N,34,251,48,232,48,,,clear,N,,Complete dry tank req. N2 purging and blanket
,Didp-fexol 10/10,,,,,,,,,,,,,,,,,,may be required. Product to produce Phtalic
,linevol dl 911p,,,,,,,,,,,,,,,,,,Acid and Alcohol. Clean with warm water
,"Phthalic acid, bis-8-methyl nonyl ester",,,,,,,,,,,,,,,,,,and ventilate.
,Plasticizer dop,,,,,,,,,,,,,,,,,,
Diisononyl phthalate,,.970,,,3,,N,N,34,251,,221,48,N,,ww,N,,ww standard. Heat adjacent max. 120F. Color
,,,,,,,,,,,,,,,,,,,sensative. N2 may be required on slack tanks.
,Jayflex dinp Exxon,,,,,,,,,,,,,,,,,,Tanks must be absolutlydry before loading.Clean
,,,,,,,,,,,,,,,,,,,"with warm water, ventilate."
Diisooctyl Adipate,,.924,25,,3,,N,N,34,213,,187,Y,Y,,straw,N,,Full spec. req. prior booking. Should be easy 
,Didp,,,,,,,,,,,,,,,,,,cargo. Tank must be absolutly dry before loading.
,Dioa,,,,,,,,,,,,,,,,,,Zinc stow limit to max 100 ppm water.
,,,,,,,,,,,,,,,,,,,"Clean with warm water, ventilate."
Diisooctyl phthalate,,.970,,,3,,N,N,34,365,,210,48,N,,c-less,N,,Complete dry tank. N2 purge and blanket may be
,Flexol-diop ucc,,,,,,,,,,,,,,,,,,"required. Clean with warm water, ventilate."
,diop-linevol dl79l,,,,,,,,,,,,,,,,,,
,Diop,,,,,,,,,,,,,,,,,,
Diisopropanolamine,,1.022,15,,3,2g,C,Y,8,248,42,126,Y,52,62,c-less,Y,,Get exact heating instructions each time. Clean
,"Dihydroxydipropylamine-2,2",,,,,,,,,,,,,,,white,,,with warm/hot water soonest after dixcharge.
,"Iminodi-2-propanol-1,1",,,,,,,,,,,,,,,yellow,,,Steam tank and lines for odor Dow asks for N2
,Dipa,,,,,,,,,,,,,,,,,,Padding.
Diisopropyl benzene,,.855,20,,2,2g,A,Y,32,204,-18,76,37,N,,ww,N,,Check which grade (meta or para). ww standard
,,,,,,,,,,,,,,,,,,,Clean with warm water and ventilate.
,,,,,,,,,,,,,,,,,,,Correct IMO name; Diisopropylbenzene (allisomers)
Diisopropyl  naphthalene,,.995,20,.00093,3,,N,N,32,295,-47,150,37,,,ww,,,ww standard. Avoid heat adjacent hot wash and 
,Kmc-113,,,,,,,,,,,,,,,,,,steam.
,Kmc oil,,,,,,,,,,,,,,,,,,Marpol appendix 3.
Diisopropylamine,,.710,31,.00950,2,2g,C,Y,7,84,,-1,N,N,,ww,Y,1158,Highly toxic. Use proective equipment when
,,,,,,,,,,,,,,,,,,,handling. Avoid heat adjacent. Clean with cold water
,,,,,,,,,,,,,,,,,,,than steam tank and all lines etc.
"Diluents (Benzene, hydrocarbon mixtures)",,,,,3,2g,C,Y,32,,,,N,N,N,ww,N,1114,Carry this product as Benzene Hydrocarbon mixture
,,,,,,,,,,,,,,,,,,,indicate Benzene content. A compliance cargo if
,Benzene Hydrocarbon mixtures,,,,,,,,,,,,,,,,,,Benzene cont. 10% or more. S.G. and other charac-
,,,,,,,,,,,,,,,,,,,"teristics depends on mix, check. handle as Benzene."
,,,,,,,,,,,,,,,,,,,"Clean with cold water, steam and ventilate."
,,,,,,,,,,,,,,,,,,,Check BCH code for correct shipping name.
"Dimetyl acetamine-n,n",,.936,25,,3,2g,D,Y,10,165,,77,N,N,,ww,Y,,Get spec. before booking. Highly toxic. Tlv is 10ppm
,Dmac,,,,,,,,,,,,,,,,,,"Listed as cat B in Marpol, later proposed as cat D"
,"Acetic acid, dimethyl amide",,,,,,,,,,,,,,,,,,Check ship`s COF for correct category. Clean with
,,,,,,,,,,,,,,,,,,,cold/warm water and ventilate
Dinethyl adipate,,1.068,20,,3,2g,B,Y,34,220,8,102,Y,,,ww,sli,,Compliance cargo. Have no record we have carried
,,,,,,,,,,,,,,,,,,,"before. Heating may be req., check. Product not "
,Methyl adipate,,,,,,,,,,,,,,,,,,"listed in coating resistency lists, must probably test,"
,,,,,,,,,,,,,,,,,,,SS belived ok. Clean with warm water. Stolt A or B.
Dimethyl Glutarate,,1.091,15,,3,2g,C,Y,34,210,-37,107,?,N,N,ww,sli,,Compliance cargo because of pollution hazard.
,,,,,,,,,,,,,,,,,,,SS not tested but belived ok. Carboline tested
,,,,,,,,,,,,,,,,,,,"Zinc and phenoline at 24C and OK, but same test"
,,,,,,,,,,,,,,,,,,,failed at 54C. Consult paint manufacturer before stow
,,,,,,,,,,,,,,,,,,,coated. Clean with warm water. Stolt A or B as ness:
Dimethyl phthalate,,1.190,,,3,2g,C,Y,34,282, ,146,48,N,,ww,N,,Similiar to DOP. N2 should be used on slack
,,,,,,,,,,,,,,,,,,,tanks. Warm wash.
Dimethyl polysiloxane,,.960,20,,3,,N,N,34,149,12,66,Y,Y,,c-less,N,,Defoaming agent from Dow. Easy cargo withh no
,Dow corning 2-0406 intermediate,,,,,,,,,,,,,,,,,,special req. Check hearing in cold climates.
,Poly dimethylsiloxane,,,,,,,,,,,,,,,,,,"Clean with warm water, vent. IMO name Polysiloxane"
Dimethyl succinate,,1.121,15,,3,,,N,34,195,20,94,Y,Y,Y,ww,sli,,"Req. heating, get heating instr. SS stow proably OK"
,,,,,,,,,,,,,,,,,,,coatings must be tested. Classified by USCG as an
,Methyl succinate,,,,,,,,,,,,,,,,,,"noncompliance cargo. Clean with warm water,"
,,,,,,,,,,,,,,,,,,,use Stolt A or B as nessary.
Dimethyl sulfate,,1.332,15,,,,,,,188,-32,83,N,N,N,ww,sli,,Highly toxic product. Strong irritant. absorbed through
,,,,,,,,,,,,,,,,,,,skin. A known carcinogen which induces tumors in
,Methyl sulfate,,,,,,,,,,,,,,,,,,animals. TLV only 0.1ppm. Not yet classified for bulk
,DMS,,,,,,,,,,,,,,,,,,Must have special handling/cleaning instructions.
"Dimethyl-2,2-octanoic acid",,.915,20,,,, ,N,4,149,-40,105,35,N,N,yellow,N,,Non compliance cargo. SS stow should be ok.
,,,,,,,,,,,,,,,,,,,Coatings dobtfull. Most probably colorsensative as
,Neo-decanoic acid,,,,,,,,,,,,,,,,,,a inhibitor is added for color protection. Cold water
,,,,,,,,,,,,,,,,,,,"wash,followed by warm. Ssteam for odor."
"Dinethylamine salt of 2,4 dichloropphenox-",,1.240,15,,3,2g,A,Y,,105,,,40,N,N,brown,Y,,ww standard. Warm wash. product is toxic and must 
,yacetic acid sol,,,,,,,,,,,,,,,,,,be handled with care. Not assigned to any compat.
,Herbicide U-46-D (BASF),,,,,,,,,,,,,,,,,,"group. but incompatible with groups 1,2,3,4,5,11,12,"
,U-46-D fluid 720 G/L,,,,,,,,,,,,,,,,,,and 16
Dimethylamine salt of4-chloro-2methylp-,,1.116,15,,3,2g,A,Y,9,105,20,,40,Y,Y,brown,Y,,ww standard. Warm wash. product is toxic .
,enoxyaceticacid sol.,,,,,,,,,,,,,,,,,,
,U-46-M Herbicide (BASF),,,,,,,,,,,,,,,,,,
,U-46-M fluid 665 G/L,,,,,,,,,,,,,,,,,,
Dimethylamine 25%,,.880,,,3,2g,C,Y,7,66,,-17,N,N,,ww,Y,1160,Check concentration as carriage requirements 
,,,,,,,,,,,,,,,,,,,diffrent above 45% consentration. Compliance 
,N-Methylmethanamine 25%,,,,,,,,,,,,,,,,,,cargo with IMO special req. 4.9-4.12.2-4.17-4.12.2
,DMA 25%,,,,,,,,,,,,,,,,,,"ww standard, no bulkhead test. No heat adjacent. "
,,,,,,,,,,,,,,,,,,,Vapor return during loading/discharge. Cold wash.
,,,,,,,,,,,,,,,,,,,ventilate.
Dimethylamine  40%,,.896,,,3,2g,C,Y,7,51,,-16,Y,N,,ww,Y,1160,Check concentration. ww standard. (55% to 65%
,N-Methylmethanamine 40%,,,,,,,,,,,,,,,,,,solution require cooling) No heat adjacent. Vapor
,DMA40%,,,,,,,,,,,,,,,,,,"return during loading/transfer. Cold wash,ventilate."
Dimethylamine  50%,,.853,20,,2,2g,C,Y,7,-45,,-23,N,N,N,ww,Y,1160,Check concentration. ww standard.  No heat adjac.
,N-Methylmethanamine 50%,,,,,,,,,,,,,,,,,,"Vapor return during loading transfer. Cold wash, vent"
,DMA 50%,,,,,,,,,,,,,,,,,,Highly flammable - avoid breathing vapor IMO
,,,,,,,,,,,,,,,,,,,classify this product in three categories:1. 45% or les
,,,,,,,,,,,,,,,,,,,2. above 45% but max 55%. 3. above 55% but max
,,,,,,,,,,,,,,,,,,,65% - this one  req cooling.
"Dimethylcyclohexylamine-n,n",,.850,20,,2,2g,C,Y,7,160,-50,39,`?,N,N,ww,sli,2264,SS untested but belived to be ok. All coatings
,"Dimethylcyclohexylamine-n,n",,,,,,,,,,,,,,,,,,untested but none belived to be suitable. Handle
,,,,,,,,,,,,,,,,,,,as an amine. Clean with warm water. As product only
,,,,,,,,,,,,,,,,,,,"slightlly soluble in water, Stolt A or B may be req."
Dimethylethanolamine,,.887,,,3,2g,D,Y,8,134,-60,40,N,N,,c-less,Y,2051,ww standard. MOst shippers req. SS tank. N2
,Dimethylaminoethanol,,,,,,,,,,,,,,,,,,purging and blanketing normally req. Clean with 
,Deanol,,,,,,,,,,,,,,,,,,"warm water, steam tank and lines, ventilate."
Dimethylformamide,,.950,,,3,2g,D,Y,10,152,-61,58,N,N,,ww,Y,2265,Wall wash may be required. (chlorides and hydroc)
,Dimethylformamide n-n,,,,,,,,,,,,,,,,,,"Clean with cold water, ventilate."
,DMF,,,,,,,,,,,,,,,,,,
Dimethylhydrolyzate,,.960,,,3,,N,N,34,148,12,66,Y,Y,,clear,sli,,"Product classified as Polysiloxane. Easy product,"
,Polysiloxane,,,,,,,,,,,,,,,,,,no bulkhead test req. May req. some heating - check
,Siloxane,,,,,,,,,,,,,,,,,,"Clean with warm water, steam and ventilate. If "
,Dow corning 2-0406 intermediate,,,,,,,,,,,,,,,,,,necessary use Stolt A or B for spots.
Dimethylhydrosinate,,,,,,,,,,,,,,,,,,,Inhibited. Spec. req. before booking. Cold wash
,,,,,,,,,,,,,,,,,,,followed by hot and steam. Not classified
"Dinitrotoluene-2,4",,1.300,,,2,2g,B,Y,42,260,,,,,,yellow,N,1600,"Higly toxic, absorbed through skin. Correct IMO "
,DNT,,,,,,,,,,,,,,,to,,,name  Dinitrotoluene (molten).
,"Dinitrotoluol-2,4",,,,,,,,,,,,,,,red,,,"Oily liquied. Clean with warm water, use  Stolt A or B"
,"Methyl-2,4-dinitrobenzene-1",,,,,,,,,,,,,,,,,,for final cleaning. Melting p. and viscosity infos neded
Dionyl phthalate,,.980,,,3,,N,N,34,210,,215,48,N,,ww,,,Ester of Nonyl phenol. Handle as a plastiziser. N2
,Dinopol Plasticizier,,,,,,,,,,,,,,,,,,"blanket normally req. Clean with warm water, vent."
,DNP,,,,,,,,,,,,,,,,,,Easy product. Marpol appendix 3
,Ester of nonyl alcohol,,,,,,,,,,,,,,,,,,Easy product. Marpol appendix 3
"Dioxane-1,4",,1.030,25,,2,2g,D,Y,41,101,10,12,Y,Y,,c-less,Y,1165,Toxix . absorbed through skin. Tankwill be purged to
,Diethylene oxide,,,,,,,,,,,,,,,,,,"0,1% oxygen, positive pressure of N2 during voyage."
,Dioxan,,,,,,,,,,,,,,,,,,Very sensitive to moisture. Inhibited with BHT.
,Dioxane-p,,,,,,,,,,,,,,,,,,"Clean with ambient temp. water, ventilate and steam."
,,,,,,,,,,,,,,,,,,,May req. require heating in cold climate.
Dipentene,,.840,,,3,2g,C,Y,30,176,-75,48,48,N,,pale ,N,2052,"Oil grade, 48C adjacent ok. Turpentine grade, no"
,"Orange oil, dimonene",,,,,,,,,,,,,,,to,,,"heat adjacent. Warm wash, use Stolt A or B for spots"
,Limonene,,,,,,,,,,,,,,,ww,,,Compliance cargo because of pollution hazards.
,"Mentha-1,8-diene-p",,,,,,,,,,,,,,,,,,
,Phellandrene,,,,,,,,,,,,,,,,,,
,Terpinene,,,,,,,,,,,,,,,,,,
,Terpodiene-1.8-d,,,,,,,,,,,,,,,,,,
Diphenyl oxide,,1.070,,,3,,,N,33,260,26,96,Y,46,,ww,N,,"Tpxic by inhalation. Not yet classified, but should"
,Diphenyl ether,,,,,,,,,,,,,,,,,,be noncompliance. Heating required. check.
,Phenyl ether,,,,,,,,,,,,,,,,,,"Clean with warm water, ventilate."
,Phenoxy benzene,,,,,,,,,,,,,,,,,,
"Diphenyl oxide, Diphenyl phenyl ether mix",,1.115,15,,3,2g,A,Y,41,290,-5,90,?,N,N,,N,,Heat transfer media from Dow. Should be easy
,Dowtherm G,,,,,,,,,,,,,,,,,,"product. Not in any coating resistancy lists, but "
,,,,,,,,,,,,,,,,,,,"should be ok for all. Clean with warm water, ventilate."
Diphenyl/diphenyl oxide mixtures,,1.060,,,2,2g,A,Y,33,,11,107,27,21,27,ww,,,Should be easy cargo. Heat transfer fluid. Get
,,,,,,,,,,,,,,,,,,,heating instructions. Compliance cargo because of
,,,,,,,,,,,,,,,,,,,"pollution hazards. Clean with warm water, steam"
,,,,,,,,,,,,,,,,,,,and ventilate.
Diphenyl. Crude,,1.080  ,50,.00080,2,2g,A,Y,32,140,42,82,Y,65,70,straw,N,,Compliance because of pollution hazards. Compo-
,,,,,,,,,,,,,,,,,,,sition: Dphenyl 67% Naphtalene 3% Aromatic C-9 
,,,,,,,,,,,,,,,,,,,"8%, Aromatic C-10 22%. Carriage req could change "
,,,,,,,,,,,,,,,,,,,"if composition significantly different. High heat, "
,,,,,,,,,,,,,,,,,,,"check exact requirements. Clean with hot water,"
,,,,,,,,,,,,,,,,,,,use Stolt A or B if necessary.
Diphenylmethane diisocyanate,,1.230,25,.00098,2,2g,B,Y,12,200,4,218,37,26,,yellow,N,2489,Consult Stolt handling Manual.
,Mdi,,,,,,,,,,,,,,,,,,No zinc if inhibited with ammonia.
,Carwinate 125 m,,,,,,,,,,,,,,,,,,
,Multrathane M,,,,,,,,,,,,,,,,,,
,Nacconate 300,,,,,,,,,,,,,,,,,,
,Vilrathane 4300,,,,,,,,,,,,,,,,,,
Dipropylene glycol,,1.025,15,.00075,3,,N,N,40,226,,137,49,N,N,ww,Y,,Very fine glycol which may req. wall wash test.
,,,,,,,,,,,,,,,,,,,Zinc stow  may not be acceptable - check.
,,,,,,,,,,,,,,,,,,,Dow requiere N2 padding. Poll cat. Appendix III
Distillate Flashed feed stocks,,.750,15,,3,,N,N,33,135,,,,N,,c-less,N,,Get specs. prior booking. Not  listed in coating
,,,,,,,,,,,,,,,,,,,"resistancy lists, but should be ok all. Classified by"
,Petroleum distillate,,,,,,,,,,,,,,,,,,"USCG as noncompl, not listed IMO code."
,,,,,,,,,,,,,,,,,,,"Clean with warm water, ventilate."
Distillate straight run,,.731,,,3,,,N,33,,,,,N,,c-less,N,,Get specs. prior booking. Not  listed in coating
,,,,,,,,,,,,,,,,,,,"resistancy lists, but should be ok all. Classified by"
,Petroleum distillate,,,,,,,,,,,,,,,,,,"USCG as noncompl, not listed IMO code."
,,,,,,,,,,,,,,,,,,,"Clean with warm water, ventilate."
Diundecyl phthalate,,,,,3,,N,N,34,,,,,,,,,,"Have limited infos. this product, must have full specs"
,,,,,,,,,,,,,,,,,,,Should be easy cargo. Marpol appendix 3.
Dobanols,,,,,,,,,,,,,,,,,,,
,Dobanols EX 23-2,.910,,,3,,,N,20,176,7,93,Y,30,38,clear,,,Dobanols are high grade Fatty Alcohols witch  req.
,"Dobanols EX 23-6,6",.960,,,3,,,N,20,176,7,93,Y,30,38,clear,,,good coated and cleaned tanks. Dobanols are 
,Dobanols EX 235-3,.920,,,3,,,N,20,176,4,93,Y,38,38,clear,,,colorsensitive for heat and instructions must be 
,Dobanols EX 25-3,.930,,,3,,,N,20,176,7,93,Y,38,38,clear,,,strictly followed. Heat adjacent normally accepted
,Dobanols EX 25-7,.970,,,3,,,N,20,176,22,93,Y,38,49,white,,,Check each grade. Clean as for coconut oil.
,Dobanols EX 25-9,.980,,,3,,,N,20,176,25,93,Y,43,55,white,,,Uncertain as to pollution categories.
,Dobanols EX 45-11,.990,,,3,,,N,20,176,29,93,Y,43,57,white,,,
,Dobanols EX 45-18,1.020,,,3,,,N,20,176,37,93,Y,Y,58,white,,,
,Dobanols EX 45-7,.960,,,3,,,N,20,176,22,93,Y,37,49,white,,,
,Dobanols EX 91-6,.980,,,3,,,N,20,176,4,93,Y,27,38,clear,,,
,Dobanols EX 91-6,.990,,,3,,,N,20,176,7,93,Y,30,38,clear,,,
,Dobanols EX 91-8,1.000,,,3,,,N,20,176,15,93,Y,32,49,clear,,,
,Dobanols EX 23,.830,,,3,,,N,20,275,18,132,37,32,49,ww,,,
,Dobanols EX 25,.830,,,3,,,N,20,293,21,137,37,32,49,ww,,,
,Dobanols EX 29,.830,,,3,,,N,20,,60,,35,29,38,ww,,,
,Dobanols EX 35,.830,,,3,,,N,20,,70,,35,32,49,ww,,,
,Dobanols EX 45,.830,,,3,,,N,20,151,29,151,37,38,54,ww,,,
,Dobanols EX 91,.830,,,3,,,N,20,247,-9,107,37,N,N,ww,,,
Dodecane,,.750,,,3,,N,N,31,216,-23,74,?,N,,clear,N,,ww standard. easy cargo. Marpol appendix 3.
,,,,,,,,,,,,,,,,,,,"Clean with warm water, ventilate Product is not misc-"
,,,,,,,,,,,,,,,,,,,"ible with water, may have to use Stolt A or B for final "
,,,,,,,,,,,,,,,,,,,cleaning.
Dodecanol,,.830,24,,3,2g,B,Y,20,259,24,100,Y,Y,,c-less,Y,,Fatty  alcohol. Get heating instructions. Color sensi-
,Dodecyl alcohol,,,,,,,,,,,,,,,,,,"tive for heat, heat caregully. clean with warm water"
,Lauryl alcohol,,,,,,,,,,,,,,,,,,use Stolt C for spots. Compliance cargo because
,Coco fatty alcohol,,,,,,,,,,,,,,,,,,of poll. hazards.
Dodecyl diphenyl oxide disulfonate so.,,1.175,15,.00058,3,2g,B,Y,43,100,-4,,49,30,35,,Y,,ww standard. easy product from Dow. Clean with 
,,,,,,,,,,,,,,,,,,,"warm water, ventilate.  mix compl with water."
,Dowfax 2a1,,,,,,,,,,,,,,,,,,Dow req. N2 padding. Viscosity and melting point
,,,,,,,,,,,,,,,,,,,infos req.
Dodecyl methacrylate,,.870,15,,3,2g,N,Y,14,272,-40,132,N,N,N,drk,N,,ww standard. no bulkhead test. inhibited..
,,,,,,,,,,,,,,,,amber,,,No adjacent  heat. Clean with cold water immediatly
,Lauryl methacrylate,,,,,,,,,,,,,,,,,,"after discharge, than warm water, steam for odor"
,,,,,,,,,,,,,,,,,,,and ventilate. Marpol appendix 3.
Dodecyl/pentadecyl methacrylate mixture,,.860,,,3,2g,N,Y,14,290,-7,101,37,N,,amber,N,,ww standard. no bulkhead test. inhibited..
,,,,,,,,,,,,,,,,,,,"No adjacent  heat. Clean with cold water first, than "
,,,,,,,,,,,,,,,,,,,"followed by warm, steam for odor. Marp.app. 3."
Dodecylbenzene,,.800,,,3,2g,C,Y,32,260,,121,49,N,,ww,N,,ww standard. Warm wash. Avoid high heat adjacent
,Dobane shelll,,,,,,,,,,,,,,,,,,"If next cargo req. wall wash for hydrocarbons, spray"
,Alkyl benzene hansen,,,,,,,,,,,,,,,,,,"tank with Stolt A or B, rinse and steam."
,Alkane Chevron,,,,,,,,,,,,,,,,,,
,Alkylate Monsanto,,,,,,,,,,,,,,,,,,
,Alkyl benzol Conoco,,,,,,,,,,,,,,,,,,
,Neolene Conoco,,,,,,,,,,,,,,,,,,
,Nalkylene conoco,,,,,,,,,,,,,,,,,,
,Detergent alkylate Rohm & Gamble,,,,,,,,,,,,,,,,,,
,Escane imperial,,,,,,,,,,,,,,,,,,
,Ucane alkylate ucc,,,,,,,,,,,,,,,,,,
,Marlican Huels,,,,,,,,,,,,,,,,,,
,Linear alkyl benzene Procter & Gamble,,,,,,,,,,,,,,,,,,
,Phenyldodecane-1,,,,,,,,,,,,,,,,,,
,Laurylbenzene,,,,,,,,,,,,,,,,,,
,Linear alkyl benzene,,,,,,,,,,,,,,,,,,
Dodecylphenol,,.940,20,,1,2g,A,Y,21,154,,163,50,50,50,straw,y,,ww standard req. Product is very color sensitive for
,,,,,,,,,,,,,,,,,,,rapid temperature changes. heat carefully. Clean
,,,,,,,,,,,,,,,,,,,"with hot water, if odor problem, steam and ventilate."
Dp SC-0590,,.950,21,,3,2g,B,Y,34,,,100,,,,,N,,A mixture of Texacos pentanediols and Tall oil.
,,,,,,,,,,,,,,,,,,,Tripartite agreement between USA/Liberia and
,Shurcoal,,,,,,,,,,,,,,,,,,Australia. Must be carried under n.o.s. entry 11.
,,,,,,,,,,,,,,,,,,,Prewash caargo unless heated to above 65C check
,,,,,,,,,,,,,,,,,,,"Warm water, Stolt C if necessary."
Drilling oil,,.814,15,.00080,3,,N,N,33,190,,70,40,N,N,ww,negl,,Handle as Kerosene Marpol annex 1
,Mud oil,,,,,,,,,,,,,,,,,,
,Drilling mud oil,,,,,,,,,,,,,,,,,,
Epichlorohydrin,,1.185,15,.00123,2,2g,C,Y,17,116,-57,40,30,N,N,ww,sli,2023,Poisinous cargo. Max heat adjacent 90f (Dow). 
,Epi,,,,,,,,,,,,,,,,,,Get specification before booking and consult SS/
,Epoxyproopane-3,,,,,,,,,,,,,,,,,,coating resist. lists. Clean with ambient temp. water
,Chloromethyloxirane,,,,,,,,,,,,,,,,,,ventilate.
,Propylene oxide-g,,,,,,,,,,,,,,,,,,
,Propylene oxide-2,,,,,,,,,,,,,,,,,,
Epoxy fatty acid ester henkel,,.980,15,,3,,,N,34,260,,260,38,N,N,yellow,N,,ww standaard .Hot wash. Use Stolt C for spots.
Epoxy fatty acid ester monsanto,,.940,35,,3,,,N,34,260,10,160,49,30,35,pale,N,,ww standard. easy product. Get heating instructions.
,,,,,,,,,,,,,,,,,,,"Clean with warm water, use Stolt C for spots."
Ethane,,.450,,,,,N,Y,31,-88,-183,-135,N,N,N,c-less,N,,Gas code
,Methylethane,,,,,,,,,,,,,,,,,,
,Dimethyl,,,,,,,,,,,,,,,,,,
Ethanolamine-mono,,1.018,15,.00075,3,2g,D,Y,8,170,10,85,49,35,42,ww,Y,2491,ww standard. no wall wash test. Get heating instructio
,Mea,,,,,,,,,,,,,,,,,,Some shippers like DOW will not accept Phenolic.
,Colamine,,,,,,,,,,,,,,,,,,"Clean with warm water, ventilate. DOW req.N2."
,Aminoethanol-2,,,,,,,,,,,,,,,,,,
,Hydroxethylamine-2,,,,,,,,,,,,,,,,,,
Ethoxylated alcohol,,1.000,31,,3,,,N,20,176,4,38,58,16,38,ww,N,,this is a fine grade Fatty Alcohol which req. good 
,,,,,,,,,,,,,,,,,,,coated tank.  Get heating instructions and heat 
,Dobanol 98-8 Reprocessed,,,,,,,,,,,,,,,,,,"carefullly. There is several different grades, check"
,,,,,,,,,,,,,,,,,,,"Clean with earm eater, ude Stolt C if necessary."
,,,,,,,,,,,,,,,,,,,Could be compliance cargo and prewash.
,,,,,,,,,,,,,,,,,,,Check grade and composition.
Ethoxytriglycol,,1.020,,,3,,D,N,40,255,-19,135,49,N,N,ww,N,,"ww standare, no bulkhead test. Handle as other "
,Glycol ether ucc,,,,,,,,,,,,,,,,,,Glycol  ethers. Clean with ambient temp. water.
,Dowanol te,,,,,,,,,,,,,,,,,,Correct IMO name; Triethylene Glycol ethyl ether.
,Ethoxytriethylene Glycol,,,,,,,,,,,,,,,,,,
,Triethylene glycol monoethylether,,,,,,,,,,,,,,,,,,
,Triglycol monoethylether,,,,,,,,,,,,,,,,,,
Ethylacetate,,.900,20,.00120,3,,,N,34,77,-82,-4,38,N,N,ww,2,1173,ww standard. (Celanese req bulkheadtest. filter).
,Ethyl ester,,,,,,,,,,,,,,,,,,N2 blanket recommended on slack tank.
,Acetic ester,,,,,,,,,,,,,,,,,,"Clean with ambient temp water, ventilate."
,Acetic esther,,,,,,,,,,,,,,,,,,
,Ethyl ethanoate,,,,,,,,,,,,,,,,,,
,Viegar naphtha,,,,,,,,,,,,,,,,,,
Ethyl acetoacetate,,1.030,15,,3,,D,N,34,181,-45,85,N,N,N,ww,Y,,Very clean tank as used as afood additive. Cold
,"Acetoacetic acid, Ethyl ester",,,,,,,,,,,,,,,,,,wash followed by warm. use steam for odor.
,Ethyl 3 oxobutanoate,,,,,,,,,,,,,,,,,,
,"Butanoic acid, 3-oxo ethylether",,,,,,,,,,,,,,,,,,
,Diacetic ester,,,,,,,,,,,,,,,,,,
Ethyl acrylate-mono,,.920,,.00110,2,2g,B,Y,14,99,-72,15,N,N,N,ww,Y,1917,Inhibited. Vapor return. Cold wash followed by hot
,EAM,,,,,,,,,,,,,,,,,,and steam.
,Ethyl ester,,,,,,,,,,,,,,,,,,
,Ethyl 2-propenoate,,,,,,,,,,,,,,,,,,
,Ethyl acrylate,,,,,,,,,,,,,,,,,,
Ethyl alcohol,,.810,,.00085,3,,N,N,20,78,-117,12,38,N,N,ww,Y,1170,"Portable grades, very strict inspection. Wall Wash."
,,,,,,,,,,,,,,,,,,," - clorides, hydrocarbon, permanganate, and odor."
,Ethanol,,,,,,,,,,,,,,,,,,Be sure to check specs. as many diff. grades 
,Grain alcohol,,,,,,,,,,,,,,,,,,depending on use. Coatings resist. differ depending
,Denatured alcohol,,,,,,,,,,,,,,,,,,"on specs. Normally, ventilation is sufficient  for clean"
,,,,,,,,,,,,,,,,,,,if stowing Epoxy or Phenplic ventilation is  a must
,,,,,,,,,,,,,,,,,,,Check.
Ethyl amyl ketone,,.819,,,3,2g,C,Y,18,,,59,N,N,N,ww,N,,"ww standard, easy product. Clean with warm water"
,,,,,,,,,,,,,,,,,,,Ventilate.
Ethyl benzene,,.870,15,.00088,3,2g,C,Y,32,136,-95,15,38,N,N,ww,sli,1175,"Acid wash may be req. if last cargo oils or fats,check"
,EB,,,,,,,,,,,,,,,,,,"Clean with ambient temp. water, ventilate. Dow will"
,Phentylethane,,,,,,,,,,,,,,,,,,purge tank prior loading to 8% oxygen.
,Ethylbenzene,,,,,,,,,,,,,,,,,,
,Ethylbenzol,,,,,,,,,,,,,,,,,,
Ethyl butanol,,.830,20,,3,,,N,20,146,114,53,32,N,N,c-less,N,,"ww standaard, no bulkhead test. Avoid heat adjac."
,Ethylbutyl alcohol-2,,,,,,,,,,,,,,,,,,"Clean with ambient temp. water, ventilate."
,Hexyl alcohol-sec,,,,,,,,,,,,,,,,,,"Listed by USCG, but not by IMO."
,Pentyl carbinol-sec,,,,,,,,,,,,,,,,,,
,Pseudohexyl alcohol,,,,,,,,,,,,,,,,,,
Ethyl butylamine-norm,,.700,,,3,2g,C,Y,7,108,-78,18,N,N,N,ww,p.ly,,"ww standard Colorsensitive for heat, avoid heat"
,,,,,,,,,,,,,,,,,,,"adjacent. Clean with warm water, ventilate."
Ethyl cloride,,.920,,,,,,Y,36,12,-139,50,N,N,N,c-less,N,,"Req, cooling, unable to handle."
,Clorethane,,,,,,,,,,,,,,,,,,Check with Gen ops.
,Monochlorethane,,,,,,,,,,,,,,,,,,
Ethyl chlorothioformate,,1.190,20,,2,2g,,Y,,132,-60,52,N,N,N,amber,N,,Problem cargo. Reacts with water to form HCl: acid
,,,,,,,,,,,,,,,,,,,Ss and coating manuf. advises against carriage
,,,,,,,,,,,,,,,,,,,USCG comp cargo w/Trimethylhexamethylene 
,Ectf,,,,,,,,,,,,,,,,,,Diisocyanate aas ref. cargo. IMO special req.
,,,,,,,,,,,,,,,,,,,Changed to 4.9-4.12.1;(with addition of steel)-4.13-4.
,,,,,,,,,,,,,,,,,,,14-4.15 and 4.17. Must have special carriage and
,,,,,,,,,,,,,,,,,,,cleaning nstr. for this product. Not listed IMO.
Ethyl cyclo hexane,,.788,20,,3,,D,N,,132,-111,35,N,N,N,ww,,,Moore info req. Should be easy cargo. Not yet assig
,,,,,,,,,,,,,,,,,,,"temp water, ventilate."
Ethyl glycol di-ethyl ether,,.0980,20,,,,,,,208,,96,,N,N,ww,Y,,"More info req. Not yet classified for shipment, but"
,,,,,,,,,,,,,,,,,,,should be noncompliance.
Ethyl methacrylate (Inhibited),,.910,,,3,2g,D,Y,14,119,,21,N,N,N,ww,N,,Inhibited. ww standard. No heat adjacent. Clean with
,Eyhyl-2-methacrylate,,,,,,,,,,,,,,,,,,"cold water first, then warm water and steam for odor."
,Ethyl a-methylmethacrylate,,,,,,,,,,,,,,,,,,
,Ethyl 2-methyl-2 propenoate,,,,,,,,,,,,,,,,,,
,"Methacrylic acid, ethylester",,,,,,,,,,,,,,,,,,
Ethyl-2-chloro acetanilde-6,,.970,,,,,,,,160,,56,,,,lt,,,More info req. Hasnot been classified for
,,,,,,,,,,,,,,,,yellow,,,bulk shipment.
Ethyl-2-propylacrolein-3,,.850,15,,3,2g,B,Y,19,175,,68,N,N,N,yellow,N,,ww standard. No bulkhead test. Clean with cold w
,Ethylhexenal-2,,,,,,,,,,,,,,,,,,"water, then warm and steam for odor."
,Ethyl-3-propylacrylaldehyde,,,,,,,,,,,,,,,,,,
Ethylamine - pure,,.690,15,,2,1g,C,Y,7,17,-80,-18,N,N,N,ww,Y,,"Cooling or pressurized tank required, Cooling close"
,Aminoethane,,,,,,,,,,,,,,,,,,to zero centigrade will be required. dobthfull if we 
,Monoethylamine,,,,,,,,,,,,,,,,,,"can handle, maybe on our K-40."
,Mea,,,,,,,,,,,,,,,,,,"Clean with cold water, ventilate."
Ethylamine 70 %,,.790,20,,2,2g,C,Y,7,38,-80,-18,N,N,N,ww,Y,,"Check % solution, get boiling point and vapor press"
,Aminoethane,,,,,,,,,,,,,,,,,,In this case with a 70% solution we may be able 
,Monoethylamine,,,,,,,,,,,,,,,,,,carry without cooling - check. Carbozinc may be OK
,Mea 70%,,,,,,,,,,,,,,,,,,exept for salting and discoloration. Clean with cold
,,,,,,,,,,,,,,,,,,,"water, ventilate."
Ethylcyclohexylamine-norm,,.840,,,3,2g,D,Y,7,166,-43,50,N,N,N,ww,p-ly,,ww standard. No heat adjacent. Zinc stow may be 
,Poly cat 8,,,,,,,,,,,,,,,,,,OK. provided absolutley dry. Other coatings not
,,,,,,,,,,,,,,,,,,,tested. Clean with cold water. Steam if odor problem
Ethylene bottoms,,1.045,,,,,,,,179,10,80,,,,lt,,,More info req. 
,,,,,,,,,,,,,,,,brown,,,Kind of Lub oil?
Ethylene chlorohydrin,,1.210,20,.0016,2,2g,C,Y,20,129,-71,55,35,N,N,c-less,Y,1135,Toxic ww standard. See remarks in SS resistancy 
,Chloroethanol-2,,,,,,,,,,,,,,,,,,"list. Clean with ambient temp. water, ventilate."
,Chlorethanol-2,,,,,,,,,,,,,,,,,,
,Chlorethyl alcohol-2,,,,,,,,,,,,,,,,,,
,Ethylene chlorhydrin,,,,,,,,,,,,,,,,,,
,Glycol chlorohydrin,,,,,,,,,,,,,,,,,,
Ethylene cyanohydrin,,1.047,20,,3,2g,D,Y,20,229,-46,129,35,N,N,c-less,Y,,"Toxic. ww standard, no bulkhead test. Avoid heat"
,Cyanoethanol-2,,,,,,,,,,,,,,,yel-brn,,,"adjacent. Clean with ambient temp, water,ventilate"
,Glycol cyanohydrin,,,,,,,,,,,,,,,,,,
,Hydroxy Propanenitrile-3,,,,,,,,,,,,,,,,,,
Ethylene diamine,,.902,15,.00098,2,2g,C,Y,7,116,11,37,40,30,38,ww,Y,1604,ww standard. May require low heating in cold climate
,"Diamino ethane-1,2",,,,,,,,,,,,,,,,,,"Clean with warm water, steam if odor problems. Dow"
,"Ethanediamine-1,2",,,,,,,,,,,,,,,,,,request N2 padd. and heating between 30and 38C.
,EDA,,,,,,,,,,,,,,,,,,
Ethylene dibromide,,2.170,25,.00210,2,2g,B,Y,36,131,9,,38,16,16,ww,Y,1605,"Very toxic. High gravity cargo, check discharge"
,Bromofume,,,,,,,,,,,,,,,,,,condition .- -Do Not Load To Fast. Heat may be
,"Dibromo ethane-1,2",,,,,,,,,,,,,,,,,,required. (15C+) Warm wash.
,"Dowfume 40, w-10, w-15, w-40",,,,,,,,,,,,,,,,,,
,Ethylene Bromide,,,,,,,,,,,,,,,,,,
,EDB,,,,,,,,,,,,,,,,,,
,Dibromide ethane-sym,,,,,,,,,,,,,,,,,,
,Glycol dibromide,,,,,,,,,,,,,,,,,,
Ethylene dichloride,,1.258,15,.00146,2,2g,B,Y,36,85,-38,14,30,N,N,ww,p-ly,1184,"ww standard , no bulkhead  test. Check coating"
,Brocide,,,,,,,,,,,,,,,,,,resistancy if stowing in epoxy or phenolic - there 
,"Dichloroethane-1,2",,,,,,,,,,,,,,,,,,may have been changes. Clean with ambient temp.
,Dutch oil,,,,,,,,,,,,,,,,,,"water, ventilate.DOW max heat adjacent 30C"
,EDC,,,,,,,,,,,,,,,,,,
,Ethylene chloride,,,,,,,,,,,,,,,,,,
,Glycol dichloride,,,,,,,,,,,,,,,,,,
,Dutch liquid,,,,,,,,,,,,,,,,,,
"Ethylene dichloride, crude",,1.300,15,.00146,2,2g,B,Y,36,77,,14,38,N,N,ww,negl,1184,Not classified as such. but carry and handle as Edc.
,,,,,,,,,,,,,,,,,,,Mixture of several diff chlorinated solvents.Pollution
,,,,,,,,,,,,,,,,,,,"category should be B. Coatings may be OK, but "
,EDC Bottoms,,,,,,,,,,,,,,,,,,carry SS until tested. composition May change. ask
,,,,,,,,,,,,,,,,,,,for breakdown as well as water content each time.
Ethylene glycol,,1.115,15,.00070,3,,N,N,20,197,12,111,38,N,N,clear,Y,,"ww ""plus"" standard.Check grades. Fiber grade"
,"Dihydroxyethane-1,2",,,,,,,,,,,,,,,,,,"req. wall wash, very strict inspection and excellent"
,"Ethane diol-1,2",,,,,,,,,,,,,,,,,,coating cond. Avoide xcess heat adjacent . N2 may 
,Ethylene dihydrate,,,,,,,,,,,,,,,,,,be req. anyway use N2 on slack tks. Clean with amb
,Glycol,,,,,,,,,,,,,,,,,,water. Pollution category Appendix III.
,Monoethylene glycol,,,,,,,,,,,,,,,,,,
,Meg,,,,,,,,,,,,,,,,,,
,Ethylene glycol Fibre grade,,,,,,,,,,,,,,,,,,
Ethylene glycol diacetate,,1.110,,,3,,,N,34,191,-31,104,49,N,N,ww,sli,,N2 blanket nay be req. Slack tks must have N2.
,Glycol Diacetate,,,,,,,,,,,,,,,,,,ww standard. no bulkhead test. Clean with warm
,Ethylene acetate,,,,,,,,,,,,,,,,,,"water , ventilate Not listed by  IMO."
,Ethylene diacetate,,,,,,,,,,,,,,,,,,
Ethylene glycol mono phenyl ether,,1.109,20,,3,,D,N,40,244,14,171,Y,Y,Y,ww,p-ly,,"ww ""plus"" standard. May req. heat in cold climate-"
,Phenoxyethanol-2,,,,,,,,,,,,,,,,,,Dow requiresSS. Cold wash. Correct imo name:
,Phenyl cellosolve,,,,,,,,,,,,,,,,,,Ethylene Glycol Phenyl Ether
Ethylene glycol monobuyl ether,,.900,,.00088,3,,N,N,40,171,-39,65,Y,N,N,ww,sli,2369,"ww standard, easy cargo. Clean with cold water,"
,Butoxyethanol-2,,,,,,,,,,,,,,,,,,ventilate. Correct IMO name: Ethylene glycol butyl
,Butyl cellosolve,,,,,,,,,,,,,,,,,,ether.
,Dowanol EB,,,,,,,,,,,,,,,,,,
,Glycol Butyl ether,,,,,,,,,,,,,,,,,,
,Poly-solv EB,,,,,,,,,,,,,,,,,,
,Butyl oxitol Shell,,,,,,,,,,,,,,,,,,
,Butyl glycol Huels,,,,,,,,,,,,,,,,,,
,Egmbe,,,,,,,,,,,,,,,,,,
Ethylene glycol Monobutyl eter acetate,,.940,20,,3,,D,N,34,192,,87,35,N,N,ww,n,,ww standard. Avoid heat adjaacent.
,Butoxyethanol acetate-2,,,,,,,,,,,,,,,,,, N2 blanket recommended. Clean with ambient
,Butoxyethyl acetate-2,,,,,,,,,,,,,,,,,,"temp water, ventilate. Correct IMO name:"
,Butyl cellosolve acetate,,,,,,,,,,,,,,,,,,Ethylene glycol butyl ether acetate.
,Glycol Monobutyl ether acetate,,,,,,,,,,,,,,,,,,
,Cellosolve acetate ucc,,,,,,,,,,,,,,,,,,
Ethylene glycol monobutyl ether mixture,,1.000,15,.00083,3,,D,N,8,,,,amb,N,N,clear,Y,2369,Contains approx. 80% Glycol ethers. ww standard.
,Ethylene glycol bottoms,,,,,,,,,,,,,,,,,,"Use  warn water, ventilate. -ship as Ethylene Glycol"
,Brake fluid base,,,,,,,,,,,,,,,,,,Butyl ether.
Ethylene glycol monobutyl ether,,.930,,.00087,3,,D,B,40,135,-100,40,38,N,N,ww,Y,1171,UCC req. wall wash and odor test. N2 normally req.
,Dowanol ee,,,,,,,,,,,,,,,,,,Very sensitive product. ww standard. Cold rinse or 
,Ethoxy ethanol-2,,,,,,,,,,,,,,,,,,only ventilate. Correct  IMO name 2-Ethoxyethanol
,Ethylene Glycol ethyl ether,,,,,,,,,,,,,,,,,,
,Glycol monoethyl ether,,,,,,,,,,,,,,,,,,
,Poly-solv ee,,,,,,,,,,,,,,,,,,
,Cellosolve solv ee,,,,,,,,,,,,,,,,,,
,Oxitol ethyl Shell,,,,,,,,,,,,,,,,,,
,Exithoxol ICI,,,,,,,,,,,,,,,,,,
,Ethoxy ethanol Basf,,,,,,,,,,,,,,,,,,
,Egmee,,,,,,,,,,,,,,,,,,
Ethylene glycol monoethyl ether acetate,,.970,,,3,2g,C,Y,34,156,,49,43,N,N,ww,3,1172,N2 req. for slack tanks.UCC require wall wash.
,Cellosolve acetate UCC,,,,,,,,,,,,,,,,,,ww standard. Cold rinse or only ventilate.
,Eg acetate Huels,,,,,,,,,,,,,,,,,,Correct IMO name 2-Ethoxyethyl Acetate
,Ektasolve eastman,,,,,,,,,,,,,,,,,,
,Ethoxyethanol acetate-2,,,,,,,,,,,,,,,,,,
,Ethoxyethyl acetate-2,,,,,,,,,,,,,,,,,,
,glycol monoethyl ether acetate,,,,,,,,,,,,,,,,,,
,Poly-solv ee acetate,,,,,,,,,,,,,,,,,,
Ethylene glycol monomethyl ether,,.960,,.00089,3,,D,N,40,124,-85,41,38,N,N,ww,Y,1188,"Good coated tamk required, will pickup Fe."
,Jet fuel additive UCC,,,,,,,,,,,,,,,,,,Moisture sensative. Maximum adjacent heat is 38C.
,Methyl oxitol Shell,,,,,,,,,,,,,,,,,,Cold wash. Correct IMO name; Ethylene Glycol
,Jeffersol #4,,,,,,,,,,,,,,,,,,Methyl Ether.
,Dowanol E M,,,,,,,,,,,,,,,,,,
,Glycol monomethyl ether,,,,,,,,,,,,,,,,,,
,Methoxyethanol-2,,,,,,,,,,,,,,,,,,
,Poly-solv E M,,,,,,,,,,,,,,,,,,
Ethylene glycol monomethyl ether acetate,,1.000,,,3,,D,N,34,144,-65,45,38,Y,Y,ww,Y,1189,"ww ""plus""standard. UCC requires wall wash and "
,Methyl cellosolve acetate,,,,,,,,,,,,,,,,,,odor test. Cold wash. Crrect IMO name:
,,,,,,,,,,,,,,,,,,,Ethylene Glycol Methyl Ether Acetate.
Ethylene oxide,,.870,20,,,,,Y,16,10,-12,-18,N,N,N,c-less,Y,2983,Gas code
,Epoxyethane,,,,,,,,,,,,,,,,,,
Ethylene oxide/propylene oxide mix,,,,,2,1g,D,Y,16,,,,N,N,N,,,2983,Tank type IG required. See SNi handling manual for
,,,,,,,,,,,,,,,,,,,P.O. Cooling required. Should be able to handle on 
,,,,,,,,,,,,,,,,,,,the K-40. Must have full specs. before booking.
,,,,,,,,,,,,,,,,,,,Decktks must have insulation.
Ethylene/Vinyl acetate copolymer,,1.050,20,,3,,N,N,43,100,,,Y,N,N,milky,Y,,"Not liste in any resistancy lists, but should be OK in"
,,,,,,,,,,,,,,,,white,,,SS and all coatings. Tank must be cleaned immed-
,Resyn 1800 (25-1800),,,,,,,,,,,,,,,,,,iatley after discharge with cold water. If left unclean
,,,,,,,,,,,,,,,,,,,"could end up with dried resin on bulkheads, in lines"
,,,,,,,,,,,,,,,,,,,and valves etc. Stolt C or Lac should be best for
,,,,,,,,,,,,,,,,,,,spots etc. Pollution  Appendix 3
Ethylenenemine,,.832,20,,,,,,,57,-78,-11,N,N,N,clear,,,More info required. Presently not authorized in bulk
,Dimethyleneimine,,,,,,,,,,,,,,,,,,in US waters. Known carcinogen.
Ethylhexaldehyde,,.820,20,,3,,,N,19,164,44,,,,,c-less,,1191,Full specs. and heating insstructions req. Will requier
,Butylethylacetaldehyde,,,,,,,,,,,,,,,,,,high heat. USCG classified as noncompliance.
,Ethylcaproaldehyde-2,,,,,,,,,,,,,,,,,,
,Ethylhexaldehyde-2,,,,,,,,,,,,,,,,,,
,Ethylhexanal-2,,,,,,,,,,,,,,,,,,
,Octylaldehyde,,,,,,,,,,,,,,,,,,
Ethylhexoic acid-2,,.900,20,,3,,D,N,4,227,,127,N,N,N,clear,sli,,SS stowage and N2 recommended. Color sensat-
,Octanoic acid,,,,,,,,,,,,,,,,,,"ive. Clean with ambient temp water, ventilate."
,Ethyl hexanoic acid-2,,,,,,,,,,,,,,,,,,
,Butylethylacetic  acid,,,,,,,,,,,,,,,,,,
,2-ethylhexanoic acid,,,,,,,,,,,,,,,,,,
,Ethylhexanoic acid-2,,,,,,,,,,,,,,,,,,
,Ethylhexanoic acid,,,,,,,,,,,,,,,,,,
,Ethylhexoic acid,,,,,,,,,,,,,,,,,,
,2-ethylhexoic acid,,,,,,,,,,,,,,,,,,
Ethylhexyl acetate-2,,.890,20,,3,,D,N,34,210,.-38,82,Y,N,N,ww,sli,1262,"ww standard, strict inspection bu no bulkhead test."
,,,,,,,,,,,,,,,,,,,N2 blanket recommended on slack tanks.IMO uses
,Octyl Acetate,,,,,,,,,,,,,,,,,,Octyl acetate as proper name for this product.
,,,,,,,,,,,,,,,,,,,"Clean with ambient temp. water, ventilate."
Ethylhexyl acrylate-2 (Inhibited),,.890,,,3,2g,D,Y,14,130,,82,32,N,N,pale,N,,"Inhibited. ww standard, but Celanese require wall "
,Ethylhexyl ester-2,,,,,,,,,,,,,,,,,,wash. No heat adjacent.  Clean with ambient water
,Ethylhexyl-2-propenoate-2,,,,,,,,,,,,,,,,,,"first, then warm water and steam for odor."
,2 -Ethyl hexyl acrylate,,,,,,,,,,,,,,,,,,
,Ethylhexyl acrylate,,,,,,,,,,,,,,,,,,
,2 eh acrylate,,,,,,,,,,,,,,,,,,
Ethylhexyl alcohol-2,,.830,,,3,,C,N,20,182,,82,49,N,N,ww,N,,ww standard. Avoid heat adjacent. Cold wash 
,Octyl alcohol,,,,,,,,,,,,,,, ,,,followed by hot and steam to remove strong odor.
,Ethylhexanol-2,,,,,,,,,,,,,,,,,,IMO name: Octanol all isomers
,Di-ethylhexyl alcohol,,,,,,,,,,,,,,,,,,
,2 ethyl hexanol,,,,,,,,,,,,,,,,,,
,Ethylhexyl alcohol,,,,,,,,,,,,,,,,,,
,2-ethylhexyl alcohol,,,,,,,,,,,,,,,,,,
,2-Eh,,,,,,,,,,,,,,,,,,
,2-ethyl hexanol,,,,,,,,,,,,,,,,,,
,2Ethylhexyl alcohol,,,,,,,,,,,,,,,,,,
Etylhexyl tallate,,.950,20,,3,,,N,34,,,202,,,,pale,N,,More info required. Should be easy product.USCG
,Croplas E H,,,,,,,,,,,,,,,yellow,,,"classified as noncompliance, notyet in IMO code."
Ethylhexylamine-2,,.790,,,2,2g,B,Y,7,169,,60,38,N,N,ww,Y,2276,"ww atandard, no bulkhead test. Color sensative."
,,,,,,,,,,,,,,,,,,,Avoid heat adjacent. Clean with ambient  temp. 
,,,,,,,,,,,,,,,,,,,"water, than steam for odor."
Ethylidene chloride,,1.185,,.00136,3,2g,B,Y,35,57,-96,,,N,N,ww,,2362,ww standard. N2 required. Corrosive when in 
,Dichloroethane 1-1,,,,,,,,,,,,,,,,,,contact with water or moisture. Must have full specs.
,Chlorinated hydrochloric ether,,,,,,,,,,,,,,,,,,before booking.
Ethylidene-5-norbornene-2,,.890,20,,3,2g,B,Y,30,147,-80,36,N,N,N,yellow,N,,ww standard. N2 purging and blanket required.
,ENB,,,,,,,,,,,,,,,,,,Product is inhibited to prevent oxidation.
,Ethylidene bicyclo (2.2.1) heptene,,,,,,,,,,,,,,,,,,"Clean with cold water, ventilate."
Eucalyptus oil,,.925,25,, , ,,N,,,-15,,,,,,,,Must have full specs. this product. Should be no
,Eucalyptol,,,,,,,,,,,,,,,,,,problem Has not been classified for bulk.
,Cineol,,,,,,,,,,,,,,,,,,but should be nonregulated.
,Cajeputol,,,,,,,,,,,,,,,,,,
Exxon solvent mixture enj 1013,,.810,,,,,,N,18,121,,10,N,N,N,ww,ss,,"Mix of MIBK, and ACETATE. Handle as Ketone."
,MIBK/MEK/Acetate mix.,,,,,,,,,,,,,,,,,,"ww standard, cold wash probably annex 3 product."
,,,,,,,,,,,,,,,,,,,but not yet assessed.
Fatty acid mixed,,.830,,,3,,,N,34,227,38,93,Y,54,60,pale,N,,"Get specs., And heating instructions. handle as"
,,,,,,,,,,,,,,,,,,,"fatty acid. Hot wash, Use Stolt C or Lac as required."
,,,,,,,,,,,,,,,,,,,Pollution category depends on what kind of mixture
Fatty acid synthetic,,.900,,,,,,N,34,149,16,93,49,,,white,N,,Get exact specs. and heating instructions. Handle
,,,,,,,,,,,,,,,,,,,as fatty acid. Hot wash. Use stolt C or Lac as requir.
,,,,,,,,,,,,,,,,,,,Not listed by IMO.
Fatty alcohol C-12/14,,.830,,,3,2g,B,Y,20,177,10,93,52,27,38,ww,N,,"Get specific grade, heat instructions, etc. Color"
,Lilial 125,,,,,,,,,,,,,,,,,,sensitive.Hot wash. Use Stolt C for film/spots
Fatty alcohol C-16/18,,.830,,,3,,,N,20,204,46,71,82,55,55,ww,Y,,"Get specific grade, heat instructions, etc. Color"
,,,,,,,,,,,,,,,,,,,sensitive.Hot wash. Use Stolt C for film/spots
Fatty alcohol C-6/10,,.830,,,3,,,N,20,177,,71,38,N,N,ww,N,,"Get specific grade, heat instructions, etc. Color"
,,,,,,,,,,,,,,,,,,,sensitive.Hot wash. Use Stolt C for film/spots
Feeric chloride 40 % solution,,1.440,20,,,,,,,,-12,,N,N,N,brown,Y,2582,"Powerfull oxidizing agent, will dissolve most metals:"
,,,,,,,,,,,,,,,,,,,"Fe, Ni, Pb, Hg, Sn, Co, Mg, No good in SS. Phenolic"
,Iron chloride 40 % solution,,,,,,,,,,,,,,,,,,Polyurethane should be ok at ambient temp. 30C.
,Ferrous chloride 40 % solution,,,,,,,,,,,,,,,,,,"Coatings must bee 100% perfect, not one single"
,,,,,,,,,,,,,,,,,,,"bare spot. All SS material must be remowed(pump,"
,,,,,,,,,,,,,,,,,,,coils etc.) STAY AWAY.
Ferrus slufate,,1.890,,,,,,D,,,64,,Y,Y,Y,green,sli,,"More info, required. Not yet classified for bulkshipm."
,Copperas,,,,,,,,,,,,,,,,,,
,Green vitriol,,,,,,,,,,,,,,,,,,
,Iron sulfate,,,,,,,,,,,,,,,,,,
,Iron vitriol,,,,,,,,,,,,,,,,,,
Fish oil,,.910,,,3,,D,N,34,177,-5,204,49,20,30,pale,N,,"Check FFa, heating may be required in cold climate"
,,,,,,,,,,,,,,,,lt,,,Many different grades. Drying oils: Use ambient 
,Anchovy oil,,,,,,,,,,,,,,,brown,,,wash soon after discharge. Use Stolt LAC on dried
,,,,,,,,,,,,,,,,,,,spots. Be sure to ventilate properly before and
,,,,,,,,,,,,,,,,,,,during sweeping.
Fish oil solubles,,1.100,15,,3,,D,N,34,204,-7,93,Y,29,35,drk,Y,,Handle as crude fish oil. Check FFA. This is garbage
,,,,,,,,,,,,,,,,,,,cargo. Be extra careful when sweeping as may give
,,,,,,,,,,,,,,,,,,,off toxic fumes. Use proper  protection and ventilation
,,,,,,,,,,,,,,,,,,,Clean with 40C water immediatly after discharge
,,,,,,,,,,,,,,,,,,,then recirculate through B/W machines a caustic
,,,,,,,,,,,,,,,,,,,or Stolt C solution. Strong odor could be difficult to remove
Flexol epo and jpo,,.990,,,3,,,N,40,152,-2,316,54,35,35,clear,sli,,Epoxydiezed soybean oil Get heating instructions
,Epoxidized soybean oil,,,,,,,,,,,,,,,,,,each grade. UCC asks for SS stow. Clean with hot   
,,,,,,,,,,,,,,,,,,,"water, use Stolt C for spots."
Flexol NHDP (UCC),,.970,,,3,,,B,40,232,,226,37,N,N,ww,N,,Epoxydiezed soybean oil Get heating instructions
,,,,,,,,,,,,,,,,,,,each grade.  Clean with hot  water.  
Fluosilicic acid 17%,,1.300,25,,,,,,1,100,,,,N,N,clear,Y,,Rubber lined tanks only. Inorganic acid.
,Fluorosilicic acid,,,,,,,,,,,,,,,,,,Extremely corrosive.
,Hexafluosilicic acid,,,,,,,,,,,,,,,,,,
,Hydrofluosilicic acid,,,,,,,,,,,,,,,,,,
,Sand acid,,,,,,,,,,,,,,,,,,
,Silico fluoric acid,,,,,,,,,,,,,,,,,,
Formaldehyde in solutions 45% or less,,1.100,,.00065,3,2g,C,Y,19,98,,66,N,N,N,ww,Y,,Obtan consatration and heating requirements. USCG
,Formalin fyde,,,,,,,,,,,,,,,,,,"has authorized to carry up to 50%, IMO list 45%as"
,Formalith Methamal,,,,,,,,,,,,,,,,,,"max. USCG has also classified a Formaldehyde,"
,Mormicaldehyde,,,,,,,,,,,,,,,,,,Methanol mixture containing more than 50% Form-
,Formol,,,,,,,,,,,,,,,,,,aldehyde. Clean with cold or warm water depending
,Methylene oxide,,,,,,,,,,,,,,,,,,"on heating, steam for odor."
Formaline (Congented),,1.200,,,,,,,,,,,,,,,,,Trade name or  synonym for that above.
,Maphthalene-b,,,,,,,,,,,,,,,,,,
,Formalin,,,,,,,,,,,,,,,,,,
Formamide,,1.150,,.00085,3, ,N,N,7,204,-3,154,38,N,N,ww,Y,,Higly corrosive Flush with fresh water first than warm
,Methanamide,,,,,,,,,,,,,,,,,,seawater to remove oily film.
Formic acid (90 to 98 % pure),,1.220,20,.00131,3,2g,D,Y,4,101,8,69,N,N,N,ww,Y,1779,Higly toxic and corrosive See Stolt handling manual
,Methanoic acid,,,,,,,,,,,,,,,,,,"May require heat (F.P 8,5C) Use adjacent cargo "
,Formylic acid,,,,,,,,,,,,,,,,,,for heating. Celanese require clorid and hydrocarbon
,,,,,,,,,,,,,,,,,,,test. Re Cleaning consult handling manual.
Fuel additive shellswim 5x,,.880,,,3,,,N,32,,27,30,Y,30,40,ww,,,fuel additive. May require heating. Contains xylene.
"Fuel additive, Chevron ofa 410",,.890,,,,,,N,33,149,,676,Y,,54,pale,N,,Get heat inst. Warm/hot wash. Stolt A or B for finish.
"Fuel additive, Chevron ofa 414",,.900,,,,,,N,33,149,,66,Y,27,38,drk,N,,Get heat inst. Warm/hot wash.Check for sediment
,,,,,,,,,,,,,,,,,,, Stolt A or B for finish.
Fuel oil heavy #6,,.980,,,3,,,N,33,204,,38,Y,57,57,drk,N,,Cleaning problems Check Gen Ops prior to booking
Fuel oil heavy #3,,.850,,,3,,,N,33,204,,38,Y,N,N,drk,N,,Cleaning problems Check Gen Ops prior to booking
Fuel oil heavy #4,,.950,,,3,,,N,33,204,,38,Y,27,27,drk,N,,Cleaning problems Check Gen Ops prior to booking
Fuel oil heavy #5,,960,,,3,,,N,33,204,,38,Y,38,38,drk,N,,Cleaning problems Check Gen Ops prior to booking
Fuel oil residual,,.970,15,,3,,N,N,33,260,-7,600,Y,N,Y,blk,N,,Most probably same as Fuel oil #6. Difficult to clean
,,,,,,,,,,,,,,,,,,,Check next cargo ex.
Fuel oil road,,1.000,25,,3,,N,N,33,,,149,,,,,,,Have no specs on this one probably garbage.
Fuel oil transformer,,0.891,15,,3,,N,N,33,,-15,146,49,N,N,cless,,,Have no/very little infos. this product should be ok
Furfural,,1.160,20,,3,2g,C,Y,19,162,-38,66,38,N,N,clear,sli,1199,"Derived from sugar canes, corn cobs, oat and rice"
,Furaldehyde-2,,,,,,,,,,,,,,,redish,,,hulls. Always check acid cont. if syowing  sinc.
,Fural,,,,,,,,,,,,,,,,,,Strong odor. Clean with ambient temp water to
,Furfuraldehyde,,,,,,,,,,,,,,,,,,"remove product, than  use warm  and steam for odor"
,Furforole,,,,,,,,,,,,,,,,,,
,Pyromucic aldehyde,,,,,,,,,,,,,,,,,,
,Quaker oil,,,,,,,,,,,,,,,,,,
,Bran oil,,,,,,,,,,,,,,,,,,
,Ant oil artificial,,,,,,,,,,,,,,,,,,
Furfuryl Alcohol,,1.130,20,.00086,3,2g,C,N,20,171,,65,38,N,N,claer,,2874,Color sensative. N2 normally required. Complee
,Furoneaubinol-2,,,,,,,,,,,,,,,or,,,moisture free tk required.Cold wash and ventilate.
,Furfuralcohol,,,,,,,,,,,,,,,pale,,,
,Furyl carbinol-a,,,,,,,,,,,,,,,,,,
,Hydroxy methylfuran-2,,,,,,,,,,,,,,,,,,
,Furyl carbinol,,,,,,,,,,,,,,,,,,
Fusel oil,,.813,20,,,,,N,,132,,43,Y,N,N,off-,,,Low flash solvent.
,Grain oil,,,,,,,,,,,,,,,white,,,"Easy cargo. Clean with ambient temp. water, vent."
,Potato oil,,,,,,,,,,,,,,,,,,
,Isobutyl carbinol,,,,,,,,,,,,,,,,,,
Fyrol cef,,1.430,20,,,,,N,,62,-51,290,N,N,N,ww,,,Full spec.require prior to booking
Gasohol,,.750,15,.00085,3,,N,N,33,150,,-40,35,N,N,bronze,negl,,Unleded gasoline with 0.5-4.9% benzene and 10%
,Petrol,,,,,,,,,,,,,,,,,,Ethyl alcohol. Handle and clean as for unleaded
,Motor spirits,,,,,,,,,,,,,,,,,,gasoline
,Unleaded gasoline containing alcohol,,,,,,,,,,,,,,,,,,
Gasoil Light,,.830,,,3,,,N,33,204,,38,49,N,N,wh,N,,Easy caargo. Clean with hot water aand steam. If
,Tractor & Auto diesel,,,,,,,,,,,,,,,pale,,,going back to sensitive cgo. Use Stolt A or B.
,Gasoil,,,,,,,,,,,,,,,orang,,,
Gasoline additive asd (shell),,.890,,,,,,N,,,,,,,,,,,More info required
Gasoline additive tba,,.780,,,,,,N,33,85,13,10,49,18,18,ww,N,,Gasoline additive. Belive this is same as tert-butyl.
,,,,,,,,,,,,,,,,,,,alcohol
Gasoline aviation 100/130,,.590,,,3,,,N,33,60,,,49,N,N,clear,N,,Aviation gasoline. Check if leaded.
Gasoline aviation 115/145,,.700,,,3,,,N,33,60,,,49,N,N,orange,N,,Aviation gasoline. Check if leaded.
Gasoline aviation 91/98,,.700,,,3,,,N,33,60,,,Y,N,N,,N,,Aviation gasoline. Check if leaded.
Gasoline blending stock reformate,,.793,20,,3,,N,N,33,135,,-18,,,,cless,N,,Hot wash. Always check if leaded or dyed. If so
,,,,,,,,,,,,,,,,,,,"consult Sni,s cleaning instructions."
Gasoline blending stocks alkyates,,.710,15,,3,,N,N,33,135,,-18,,,,cless,N,,"A mixture  of methyl, Ethyl and Butyl Ehters. Get"
,,,,,,,,,,,,,,,,,,,"exact spsification. Not yet classified, but could"
,Glycol ether residue,,,,,,,,,,,,,,,,,,be a compliance cargo ref. Butyl Ehter. 
,,,,,,,,,,,,,,,,,,,"Clean with warm water, ventilate."
Gasoline china,,.720,,,3,,,N,33,60,,-43,N,N,N,,N,,"Normally died, Need clorox for cleaning Contact"
,,,,,,,,,,,,,,,,,,,SNI for cleaning instructions
Gasoline hydro-crakate,,.650,,,3,,,N,33,,,,49,N,N,,N ,,Check if leaded or dyed.
Gasoline premier 93,,.740,,,3,,,N,33,,,,49,N,N,,N,,Check if leaded or dyed.
Gasoline Regular 81,,.700,,,3,,,N,33,,,49,49,N,N,,N,,"Hot wash always check if leaded or dyed,if so"
,,,,,,,,,,,,,,,,,,,consult SNI´s cleaning instructions
Gasoline sky chief,,.730,,,3,,,N,33,60,,,49,N,N,red,N,,"Hot wash always check if leaded or dyed,if so"
,,,,,,,,,,,,,,,,,,,consult SNI´s cleaning instructions
Gasoline super unleaded,,.750,15,.00080,3,,N,N,33,150,,-40,35,N,N,bronze,negl,,Gravity varies from .70-.77. Contaains .5-4.9%
,,,,,,,,,,,,,,,,,,,Benzene . Higly flammable.
Gluconic acid 50% solution,,1.240,15,,,,,,,,,,,,,brown,,,Have very little infos on this product. May require
,Glycogenic acid 50% solution,,,,,,,,,,,,,,,,,,heating  check. Not yet classified for  shipment.
,,,,,,,,,,,,,,,,,,,
Glucose syrup,,1.560,,.00080,3,,N,N,43,,,,Y,Y,Y,clear,Y,,Edible grad requires perfectly clean tanks.  Stow SS
,,,,,,,,,,,,,,,,yellow,,,"if possible. Diffrent grades, always get specs."
,,,,,,,,,,,,,,,,,,,and heating instructions. Clean with warm/hot water
,,,,,,,,,,,,,,,,,,,Marpol appendix 3: Other similar products are 
,,,,,,,,,,,,,,,,,,,"Starch and Corn syrup, Fructose or Dextrose."
,,,,,,,,,,,,,,,,,,,Always contact ops. dep before booking.
Glutar aldehyde,,1.124,20,,3,2g,D,Y,19,100,-7,,Y,30,,pale,Y,,"Avilaable in diffrent solutions, check. USCG and IMO"
,"Pentamedial solution-1,5",,,,,,,,,,,,,,,yellow,,,have classified a solution up to 50% Clean with cold
,,,,,,,,,,,,,,,,,,,"water first, than warm and steam for odor. "
Glycerin,,1.260,20,.00062,3,,N,N,20,204,16,149,Y,38,38,clear,Y,,Check FFA if crude grade. Get  Heating instructions
,Glycerol,,,,,,,,,,,,,,,to,,,Hot wash pollution category: Appendix 3
,Glycyl Alcohol,,,,,,,,,,,,,,,drk,,,
,"Propanetriol-1,2,3",,,,,,,,,,,,,,,,,,
,"Trihydroxypropane-1,2,3",,,,,,,,,,,,,,,,,,
,Glycerin crude,,,,,,,,,,,,,,,,,,
,Glycerin Synthetic,,,,,,,,,,,,,,,,,,
,Glycerine,,,,,,,,,,,,,,,,,,
,Glycerine Crude,,,,,,,,,,,,,,,,,,
,Glycerine Refined,,,,,,,,,,,,,,,,,,
,Soaplye Glycerine,,,,,,,,,,,,,,,,,,
Glycol ether mixed (EX Australia),,1.050,,,,,,N,,150,,77,38,N,N,blk,Y,,"a mixture of Methyl, Ethyl and Butyl Ethers. Get exact"
,,,,,,,,,,,,,,,,,,,"Spesification. Not yet classified, but could be a"
,Glycol ether residue,,,,,,,,,,,,,,,,,,compliance cargo. ref Buhyl ehter. Clean with warm
,,,,,,,,,,,,,,,,,,,"water, ventilate."
Glyoxal 40% solution,,1.280,18,,,,N,N,19,52,15,,38,N,N,yellow,Y,,"ww atandard, Color sensative, good coated tk req."
,Biformal,,,,,,,,,,,,,,,,,,"Product may oxidize to form Formic Acid, there fore"
,Biformyl,,,,,,,,,,,,,,,,,,suggest nitrogen. May require low heat in cold 
,Diformyl,,,,,,,,,,,,,,,,,,"climate. Clean with warm water, ventilate"
,Ethanedial,,,,,,,,,,,,,,,,,,
,Oxal,,,,,,,,,,,,,,,,,,
,Polyethylene liquid,,,,,,,,,,,,,,,,,,
,Oxaldehyde,,,,,,,,,,,,,,,,,,
Grease A white,,.900,,,3,,D,N,34,204,26,149,Y,,52,white to,,,Check grade and get heating instructions.
,,,,,,,,,,,,,,,,brown,,,Hot wash. Use Stolt C for spots:
Grease B white,,.900,,,3,,D,N,34,204,26,149,Y,,52,white to,,,Check grade and get heating instructions.
,,,,,,,,,,,,,,,,brown,,,Hot wash. Use Stolt C for spots:
Grease Brown,,.900,,,3,,D,N,34,204,26,149,Y,,52,white to,,,Check grade and get heating instructions.
,,,,,,,,,,,,,,,,brown,,,Hot wash. Use Stolt C for spots:
Grease choice white (hog),,.900,,,3,,D,N,34,204,26,149,Y,,52,white to,,,Check grade and get heating instructions.
,,,,,,,,,,,,,,,,brown,,,Hot wash. Use Stolt C for spots:
Grease choice white (nah),,.900,,,3,,D,N,34,204,26,149,Y,,52,white to,,,Check grade and get heating instructions.
,,,,,,,,,,,,,,,,brown,,,Hot wash. Use Stolt C for spots:
Grease Fleshing #1,,.900,,,3,,D,N,34,204,26,149,Y,,52,white to,,,Check grade and get heating instructions.
,,,,,,,,,,,,,,,,brown,,,Hot wash. Use Stolt C for spots:
Grease Fleshing #2,,.900,,,3,,D,N,34,204,26,149,Y,,52,white to,,,Check grade and get heating instructions.
,,,,,,,,,,,,,,,,brown,,,Hot wash. Use Stolt C for spots:
Grease Horse #1,,.900,,,3,,D,N,34,204,26,149,Y,,52,white to,,,Check grade and get heating instructions.
,,,,,,,,,,,,,,,,brown,,,Hot wash. Use Stolt C for spots:
Grease House,,.900,,,3,,D,N,34,204,26,149,Y,,52,white to,,,Check grade and get heating instructions.
,,,,,,,,,,,,,,,,brown,,,Hot wash. Use Stolt C for spots:
Grease Pigskin #1,,.900,,,3,,D,N,34,204,26,149,Y,,52,white to,,,Check grade and get heating instructions.
,,,,,,,,,,,,,,,,brown,,,Hot wash. Use Stolt C for spots:
Grease Yellow,,.900,,,3,,D,N,34,204,26,149,Y,,52,white to,,,Check grade and get heating instructions.
,,,,,,,,,,,,,,,,brown,,,Hot wash. Use Stolt C for spots:
Ground nut oil,,.900,25,,3,,D,N,34,285,,315,35,21,21,yellow,sli,,"Handle as peanut oil. If stow zinc, FFA must be"
,Peanut oil,,,,,,,,,,,,,,,,,,"below 2,5% Low heat may be required. Clean with"
,,,,,,,,,,,,,,,,,,,"hot water, if cleaning chems req - use Stolt C."
Gluftene 20/24,,.799,15,.00080,3,,N,N,30,,43,190,Y,Y,Y,ww,negl,,Alpha Olefin fraction from Gulf
,,,,,,,,,,,,,,,,,,,Get heating instruction  Handl.as Alpha  Olefin:
Gulftene 24/28,,.819,15,.00080,3,,,N,30,,63,193,Y,Y,Y,prime,,,Alpha Olefin fractions from gulf.Handle as another
,,,,,,,,,,,,,,,,white,negl,,"Alpha Olefin. This requires high heat, get instructions"
,,,,,,,,,,,,,,,,,,,"Clean with hot water, use Stolt A or B for final clean."
Gulftene 30+,,,,,3,,,N,30,,82,265,Y,Y,Y,std,negl,,"Alpha Olefin fractions from Gulf. Very high heat, we"
,,,,,,,,,,,,,,,,white,,,may not be able to handle. Get full specs.and 
,,,,,,,,,,,,,,,,,,,heating instructions.
Heart cut distillate,,.900,,,3,2g,,Y,34,138,,54,38,N,N,ww,N,,"Mix of aromatic hydrocarbons, no benzene, from "
,,,,,,,,,,,,,,,,,,,Exxon. Contain E.B: Mineral . Spirits. Styrene. Xylene
,Aromatic Hydrocarbons,,,,,,,,,,,,,,,,,,Compliance because of pollution. Easy product.
,,,,,,,,,,,,,,,,,,,"Clean with cold water, ventilate. Check Marpol"
,,,,,,,,,,,,,,,,,,,Classification
Heating oil #2,,.870 ,15,.00080,3,,N,N,33,171,-29,38,35,N,N,light,insol,,Handle and clean as for diesel oil.
,Fuel oil #2,,,,,,,,,,,,,,,amber,,,
Heavy recyle parrafin (Monsanto),,.770,15,,3,,,N,31,95,-10,96,38,N,N,clear,N,,"Easy product, handle as normal parrafin."
,Paraffin wax (Monsanto),,,,,,,,,,,,,,,,,,"Clean with warm water, ventilate. Marpol appendix 3"
Heptane Exxon-Baytown,,.730,20,,3,,N,N,31,98,-91,-1,N,N,N,ww,,,Handle as low flash. Acid wash may be required
,,,,,,,,,,,,,,,,,,,"depending last cargo. Clean with cold water, vent."
,,,,,,,,,,,,,,,,,,,Pollution category : Appendix 3
Heptane Standard S G,,.680,20,,3,,N,N,31,98,-91,-1,N,N,N,ww,N,,Handle as low flash. Acid wash may be required
,Dipropylmethane,,,,,,,,,,,,,,,,,,"depending last cargo. Clean with cold water, vent."
,,,,,,,,,,,,,,,,,,,Pollution category : Appendix 3
Heptanoic acid-norm,,.918,,,3,,D,N,4,221,-7,110,38,N,N,clear,N,,"ww standard, no wall wash. SS stow recommended."
,Enanthic acid,,,,,,,,,,,,,,,,,,"Color sensative, use N2: Clean with warm water."
,Heptyl acid-n,,,,,,,,,,,,,,,,,,Pollution category D is only provisionally assigned.
,Heptoic acid,,,,,,,,,,,,,,,,,,
Heptene Mixed,,.710,,,3,2g,C,Y,30,190,,-10,N,N,N,ww,N,,Handle as low flash. Acid wash may be required
,,,,,,,,,,,,,,,,,,,"if oil/fats last cargo. Clean with cold water, vent."
Heptene-1,,.700,,,3,2g,C,Y,30,93,-120,-7,N,N,N,ww,N,,Handle as normal low flash solvent.
,Heptylene,,,,,,,,,,,,,,,,,,ww standard . Acid wash may be required
,,,,,,,,,,,,,,,,,,,"if oil/fats last cargo. Clean with cold water, vent."
Heptene -2,,.704,,,3,2g,C,Y,30,99,,-2,N,N,N,ww,N ,,Handle as a normal low flash solvent. ww standard.
,,,,,,,,,,,,,,,,,,,Acid wash may be required if last cargo oils/fats.
,,,,,,,,,,,,,,,,,,,"Clean with cold water, ventilate."
Herbicide (Ciba-Geigy),,1.120,20,,3,2g,C,Y,33,100,,200,,,,,,,"ww standard, easy product. Classified as complia-"
,,,,,,,,,,,,,,,,,,,nce cargo because of poluution hazard. Full name
,,,,,,,,,,,,,,,,,,,is: (2-chloro-N-(2-ethyl-6-methyl phenyl)-(2-methoxy-
,Metolachlor,,,,,,,,,,,,,,,,,,"1-methylethyl) acatamide). Clean with cold water,"
,Metolachlor Technical,,,,,,,,,,,,,,,,,,ventilate. Whave sucessfully carried in Phenoline
,,,,,,,,,,,,,,,,,,,and Phenoguard
Herring oil,,.920,,,3,,D,N,34,204,16,204,49,21,32,clear,sli,,Drying oil. Check FFA. Avoid heat adjacent. Cold
,Fish oil,,,,,,,,,,,,,,,yel-drk,,,wash followed by warm. Use Stolt C for spots.
Hexachlorocyclopentadiene,,1.710,20,,,,,,,239,9,,38,21,27,yel-gr,,,"Higly toxic, tolerane  only 0.01 ppm in air. Not class-"
,,,,,,,,,,,,,,,,yellow,,,"ified for bulk shipments, will be compiance cargo"
,Perchlorocyclopentadiene,,,,,,,,,,,,,,,,,,"Will be difficult to handle, may req,external heating."
,,,,,,,,,,,,,,,,,,,Must know water content if stow SS. Check with ops
,,,,,,,,,,,,,,,,,,,Dep fo rCleaning handling insstruction.
Hexamethylenediamine pure,,.860,,,3,2g,C,Y,7,204,41,,Y,52,52,ww,sli,1783,Check Gen Ops prior booking. We should ba able 
,"Diaminohexane-1,6",,,,,,,,,,,,,,,,,,"to handle, only problem could be heating. Also "
,Hmda,,,,,,,,,,,,,,,,,,see Hexamethylenediamine Solution.
Hexamethylenediamine solutions,,.900,,,3,2g,C,Y,7,116,17,115,Y,24,27,ww,sli,1783,Check concentration as may require heating. Heat
,,,,,,,,,,,,,,,,,,,by external means only. Normally no heating req.
,,,,,,,,,,,,,,,,,,,"Product is color sensative, use N2."
,,,,,,,,,,,,,,,,,,,"Clean with warm water, ventilate."
Hexamethyleneimine,,.880,,,2,2g,C,Y,7,132,,38,N,N,N,clear,p.ly,2493,Celanese require wallwash for clorides and hydro-
,Azacyclohepthane,,,,,,,,,,,,,,,to,,,carbons. N2 blanket recommended.
,Hexahydroazepine,,,,,,,,,,,,,,,yellow,,,"Clean with cold water, ventilate."
,Homopiperdine,,,,,,,,,,,,,,,,,,
Hexane-norm,,.700,15,.00089,3,,N,N,31,63,,-7,N,N,N,ww,N,1208,"Acid wash may be required, depending on last cgo."
,Hexyl Hydride,,,,,,,,,,,,,,,,,,"Flush with cold water, ventilate Pollution category:"
,N-Hexane,,,,,,,,,,,,,,,,,,Appendix 3
Hexanol,,.820,,,3,,N,N,20,158,-44,63,N,N,N,c-less,sli,2282,Tecknical and purified grades. Check for specifica-
,Amylcarbinol,,,,,,,,,,,,,,,,,,tion. Handle as a normal low flash solvent.
,Hexyl alcohol,,,,,,,,,,,,,,,,,,"Clean with cold water, Steam and ventilate "
,Hydroxyhexane-1,,,,,,,,,,,,,,,,,,Marpol Annex 3
Hexene-1,,.673,,,3,2g,C,Y,30,63,,-26,N,N,N,c-less,N,,Aviod heat adjacent. Do not hot wash or steam
,,,,,,,,,,,,,,,,,,,adjacent bulkhead. Handle as a normal low flash
,Hexalene,,,,,,,,,,,,,,,,,,solvent. Flush with cold water ventilate. Compliance
,,,,,,,,,,,,,,,,,,,cargo because of pollution.
Hexene-2,,.689,,,3,2g,C,Y,30,68,,-21,N,N,N,ww,N,,Aviod heat adjacent. Do not hot wash or steam
,,,,,,,,,,,,,,,,,,,adjacent bulkhead. Handle as a normal low flash
,,,,,,,,,,,,,,,,,,,solvent. Flush with cold water ventilate. Compliance
,,,,,,,,,,,,,,,,,,,cargo because of pollution.
Hexyl acetate,,.890,,,3,2g,B,Y,34,169,-63,45,Y,N,N,ww,N,1233,ww staandard. Handle as a normal low flash cargo.
,,,,,,,,,,,,,,,,,,,"Clean with cold water, ventilate. Compliance cgo"
,,,,,,,,,,,,,,,,,,,because of pollution hazard.
Hexylene glycol,,.920,,.00072,3,,N,N,20,199,-40,93,y,N,N,ww,Y,,ww standard. May require N2. Clean with warm 
,,,,,,,,,,,,,,,,,,,water ventilate. Pollution category  Apendix 3 
Hostapur (Hoechst) SAS 60,,1.062,60,,,,,N,,,20,,Y,60,70,yellow,Y,,Paraffin soap. Heating approx. 60/70C. Masy req.
,Sodium alcane sulfonate,,,,,,,,,,,,,,,,,,circulation on long voyages. Hot wash. pollution
,,,,,,,,,,,,,,,,,,,"category not yet assigned, but expect Category 3"
Hydrazine-hydrate,,1.000,,,,,,,,119,-52,73,N,N,N,ww,Y,,"More info req. Fuming liquid, Hazardous."
,Diamide Hydrate,,,,,,,,,,,,,,,,,,
Hydrocloric acid,,1.190,20,,3,1g,D,Y,1,50,,,,,,clear,Y,1789,Special tank lining req. Can not we handle on
,Hydrogen cloride,,,,,,,,,,,,,,,,,,our ships.
,Muriatic acid,,,,,,,,,,,,,,,,,,
Hydrocyanic acid,,,,,,,,,1,26,,,,,,,,,Highly toxic. Contact Gen .Ops. prior booking.
,Sodium salt,,,,,,,,,,,,,,,,,,"Extremly difficult to handle, may not be allowed "
,Hydrogen cyanide,,,,,,,,,,,,,,,,,,in bulk on chemical tks.
,Prussic acid,,,,,,,,,,,,,,,,,,
Hydrofluoric acid,,1.000,,.00060,,,B,Y,1,19,-83,,,,,ww,Y,,Contact Gen Ops. Cargo of  particular hazard.Note:
,Fluorohydric acid,,,,,,,,,,,,,,,,,,NOT Presently Authorized in US water.
Hydrogen peroxide solution,,1.100,,,3,2g,C,Y,,107,,,N,N,N,c-less,Y,2014,Contackt SNI. Very special handling instruct.
,Over (8%but not over 60%),,,,,,,,,,,,,,,,,,Se IMO special req. Must check with USCG.
Hydrogen peroxide solution,,,,,,,,,,,,,,,,,,2015,
,Over( 60%but not over70%),,,,,,,,,,,,,,,,,,
,Peroxide,,,,,,,,,,,,,,,,,,
,Albone,,,,,,,,,,,,,,,,,,
,Superoxol,,,,,,,,,,,,,,,,,,
Hydrogen sulfide,,1.190,60,,,,,,,-60,-84,,,,,c-less,,,Gas code
Hydrogenated oils,,.910,,,3,,D,N,34,,21,,Y,66,66,pale,sli,,"Get specs. and heating instructions. In general,"
,Hardened coco oil,,,,,,,,,,,,,,,lt red,,,"handle ,heat and clean as normal coco-oil."
,Hardened cottonseed,,,,,,,,,,,,,,,,,,
Hydroxy-2-4(Methylhio) Butanol acid,,1.200,15,,3,,,N,4,,-40,120,amb,N,N,lt,mich, ,"Corrosive, avoid contact. Chicken feed. Not tested"
,Alimet (Montsanto),,,,,,,,,,,,,,,brown,,,"for coating resistancy, hoewer, we have carried in"
,Methionine hydroxy analogue,,,,,,,,,,,,,,,,,,Phenoline373 whitout problems
,,,,,,,,,,,,,,,,,,,Clean with ambient temp water.
Hydroxyethyl-Ethylenediamine,,1.030,,,3,2g,D,Y,8,243,,135,38,N,N,ww,Y,,ww standard. No special requirements. Clean with
,Amino Ethyl Ethanolamine ,,,,,,,,,,,,,,,,,,"cold water first, than warm and steam. Pollution cat"
,,,,,,,,,,,,,,,,,,,D is only provisionally  assigned and may change.
,,,,,,,,,,,,,,,,,,,Imo Classified as Aminoethylethanolamine
Hydroxyethyl-2-acrylate (Inhibited),,1.107,15,,2,2g,B,Y,,210,-60,104,38,N,N,c-less,Y,,"Inhibited. ww standard. No heat adjacent, same "
,Hydroxyethyl acrylate-b,,,,,,,,,,,,,,,,,,precautions as for other acrylates. No USCG # 
,Hydroxyethyl-2-propenate,,,,,,,,,,,,,,,,,,"assingned but  incompatible with #2,3,5,6,7,8 and12."
,,,,,,,,,,,,,,,,,,,"Clean with cold water first, than warm and steam"
Hydroxyethylpiperazine-n,,1.060,20,,,,,,,246,-10,124,,,,off,Y,,Product not yet classified. Similar to an Amine.
,Hep,,,,,,,,,,,,,,,white,,,Must have more infos. Not yet in resistancy list.
Intermediate detergent,,.830,,,3,,,N,20,260,21,104,66,35,43,white,sli,,Color sensative for heat. Get heat instruct. Warm wash
Ip solvent 1016 (Idemitsu),,.720,15,,3,,,N,31,95,-70,,N,N,N,ww,N,,ww chemical of high purity. Require a good clean
,,,,,,,,,,,,,,,,,,,"tank. Not listed in any coating resistancy list, but"
,Iso-Paraffin 1016,,,,,,,,,,,,,,,,,,"should be ok all, except epoxy. Avoid high heat"
,Iso-Paraffin Hydrocarbon oil 1016,,,,,,,,,,,,,,,,,,adjacent. Have not yet carried
Ip solvent 1620 (Idemitsu),,.762,15,,3,,,N,31,166,-70,50,Y,N,N,ww,N,,ww chemical of high purity. Require a good clean
,,,,,,,,,,,,,,,,,,,"tank. Not listed in any coating resistancy list, but"
,Iso-Paraffin 1620,,,,,,,,,,,,,,,,,,"should be ok all, except epoxy. Avoid high heat"
,Iso-Paraffin Hydrocarbon oil 1620,,,,,,,,,,,,,,,,,,adjacent. Have not yet carried. Clean with warm 
,,,,,,,,,,,,,,,,,,,"water, ventilate"
Ip solvent 2028 (Idemitsu),,.790,15,,3,,,N,31,205,-70,83,Y,N,N,ww,N,,ww chemical of high purity. Require a good clean
,,,,,,,,,,,,,,,,,,,"tank. Not listed in any coating resistancy list, but"
,Iso-Paraffin 2028,,,,,,,,,,,,,,,,,,"should be ok all, except epoxy. Avoid high heat"
,Iso-Paraffin Hydrocarbon oil 2028,,,,,,,,,,,,,,,,,,adjacent. Have not yet carried. Clean with warm 
,,,,,,,,,,,,,,,,,,,"water, ventilate"
Ip solvent 2835 (Idemitsu),,.823,15,,3,,,N,31,270,-60,142,Y,N,N,ww,N,,ww chemical of high purity. Require a good clean
,,,,,,,,,,,,,,,,,,,"tank. Not listed in any coating resistancy list, but"
,Iso-Paraffin 2835,,,,,,,,,,,,,,,,,,"should be ok all, except epoxy. Low heat adjacent"
,Iso-Paraffin Hydrocarbon oil 2835,,,,,,,,,,,,,,,,,,should be ok. Clean with warm water ventilate.
,,,,,,,,,,,,,,,,,,,First shipment in Phenoline 373
Isobutyl acetate,,.870,,,3,2g,C,Y,34,112,-99,18,38,N,N,ww,1,1213,N2 may be required. Celanese requires wall wash
,"Acetic acid, Isobutyl ester",,,,,,,,,,,,,,,,,,for clorides and hydrocarbons. Cold wash.
,Methyl-2-Propyl-1 Acetate,,,,,,,,,,,,,,,,,,
,Methylpropylethanoate-b,,,,,,,,,,,,,,,,,,
Isobutyl Acrylate,,.880,25,.00094,2,2g,D,Y,14,61,,30,N,N,N,ww,5,2527,Inhibited Cold wash followed by hot and steam
Isobutyl alcohol,,.800,15,.00076,3,,N,N,20,107,,38,38,N,N,ww,8.5,1212,N2 may be required. Celanese requires wall wash
,Isobutanol,,,,,,,,,,,,,,,,,,for  clorides and hydrocarbons. Eject and ventilate.
,Isopropyl carbinol,,,,,,,,,,,,,,,,,,or cold wash. Included in Marpol Annex 2 App 3
,Methyl-2 Propanol-1,,,,,,,,,,,,,,,,,,
,,,,,,,,,,,,,,,,,,,
Isobutyl ether,,.720,,,,,,N,41,67,,-18,N,N,N,ww,,,More info required This name probably incomplete
Isobutyl Isobutyrate,,.855,68,,3,2g,B,Y,34,149,,43,38,N,N,ww,N,,"ww staandard N2 blanket required, Cold wash"
,IBIB,,,,,,,,,,,,,,,,,,
Isobutyl methacrylate monomer,,.880,,,3,2g,D,Y,14,154,,49,N,N,N,ww,p.ly,,"Inhibited. Avoid adjacent heat and hot wash, steam"
,Butyl Methacrylate,,,,,,,,,,,,,,,,,,on adjaacent bulkheads. Cold wash followed by hot
,,,,,,,,,,,,,,,,,,,and steam. Correct IMO name: Butyl Methacrylate
Isobutyl Nitrile,,.770,,,,,,,,103,,28,N,N,N,ww,,,More info required.Unable to identify this product
Isobutyraldehyde,,.790,,,3,2g,C,Y,19,64,-68,.24,N,N,N,clear,p-ly,2045,N2 blanket required. Cold wash Avoid heat adjacent
,Isobutyl Aldehyde,,,,,,,,,,,,,,,,,,B.P. 64C
Isodecanol,,.840,,,3,2g,B,Y,20,220,,104,38,N,N,ww,N,,Require good coating. N2 may be required. Avoid
,Fatty alcohol  C-10,,,,,,,,,,,,,,,,,,heat adjacent as may have color problem. Clean
,Isodecanol C-10,,,,,,,,,,,,,,,,,,"with warm water, steam. Corect IMO name Decyl"
,Isodecyl alcohol,,,,,,,,,,,,,,,,,,Alcohol all (isomerer)
Isododecane,,.750,,,3,,N,N,31,149,,43,38,Y,Y,ww,N,,ww standard. Normal paraffin af high purity. Clean
,Dodecane C-12,,,,,,,,,,,,,,,,,,"with hot water, ventilate. Marpol appendix 3"
Isononanoic acid,,.910,,,3,,D,N,4,254,12,114,Y,Y,Y,ww,,,ww standard Easy cargo Clean with warm water
,Pelargonic acid,,,,,,,,,,,,,,,or,,,USCG compatibility #4
,,,,,,,,,,,,,,,,yellow,,,
Isooctane,,.696,15,,3,,D,N,31,99,-107,-12,N,N,N,ww,N,1262,"Easy product, handle as low flash, water white"
,"Trimethylpentane-2,2,4",,,,,,,,,,,,,,,,,,chemical. Check for N2 requirements. Flush with
,,,,,,,,,,,,,,,,,,,"ambient temp water, ventilate IMO name is Octane"
Isooctyl alcohol,,.830,15,.00086,3,2g,C,N,20,185,,82,49,N,N,clear,Y,,Acid wash may be required dependent on last cgo.
,Alfanol,,,,,,,,,,,,,,,,,,"Caustic Potash 50% can be stowed adjacent, "
,Isooctanol,,,,,,,,,,,,,,,,,,"excemtion from guide. Clean with warm water,"
,Oxo Alcohol,,,,,,,,,,,,,,,,,,ventilate. IMO name is Octanol (All Isomerer)
,Linevol ,,,,,,,,,,,,,,,,,,
,Alcohol Plasticizer,,,,,,,,,,,,,,,,,,
Isopar C,,.696,,,3,,B,N,33,103,,4,Y,N,N,ww,N,,Odorless solvents. Thinners Good clean tank
,,,,,,,,,,,,,,,,,,,required. Sensative cargo. Odor senaative.
,,,,,,,,,,,,,,,,,,,Cold wash. Not yet assessed for pollution.
Isopar E,,.720,,,3,,B,N,33,116,,7,,N,N,ww,N,,Odorless solvents. Thinners Good clean tank
,,,,,,,,,,,,,,,,,,,required. Sensative cargo. Odor senaative.
,,,,,,,,,,,,,,,,,,,Cold wash. Not yet assessed for pollution.
Isopar G,,.750,,,3,,B,N,33,160,,40,38,N,N,ww,N,,Odorless solvents. Thinners Good clean tank
,,,,,,,,,,,,,,,,,,,required. Sensative cargo. Odor senaative.
,,,,,,,,,,,,,,,,,,,Cold wash. Not yet assessed for pollution.
Isopar H,,.750,,,3,,B,N,33,177,,49,38,N,N,ww,N,,Odorless solvents. Thinners Good clean tank
,,,,,,,,,,,,,,,,,,,required. Sensative cargo. Odor senaative.
,,,,,,,,,,,,,,,,,,,Cold wash. Not yet assessed for pollution.
Isopar K,,.760,,,3,,B,N,33,185,,52,38,N,N,ww,N,,Odorless solvents. Thinners Good clean tank
,,,,,,,,,,,,,,,,,,,required. Sensative cargo. Odor senaative.
,,,,,,,,,,,,,,,,,,,Cold wash. Not yet assessed for pollution.
Isopar L,,.750,,,3,,B,N,33,193,,62,38,N,N,ww,N,,Odorless solvents. Thinners Good clean tank
,,,,,,,,,,,,,,,,,,,required. Sensative cargo. Odor senaative.
,,,,,,,,,,,,,,,,,,,Cold wash. Not yet assessed for pollution.
Isopar M,,.760,,,3,,B,N,33,177,,62,38,N,N,ww,N,,Odorless solvents. Thinners Good clean tank
,,,,,,,,,,,,,,,,,,,required. Sensative cargo. Odor senaative.
,,,,,,,,,,,,,,,,,,,Cold wash. Not yet assessed for pollution.
Isopentane,,.619,20,,3,2g,D,N,31,28,,21,N,N,N,ww,N,,"Low boiling point, cooling is not required, Higly"
,Methyl-2 Butane,,,,,,,,,,,,,,,,,,flammable. Cold wash. Although this product is non-
,Ethyl Dimethyl Methane,,,,,,,,,,,,,,,,,,"compliance, and cooling not required by regulations"
,,,,,,,,,,,,,,,,,,,problem could arise in hot climate. Consult ops.
Isophorone,,.922,20,.00650,3,2g,D,N,18,215,-8,96,38,N,N,ww,negl,,Toxic. ww standard. Color sensative N2 often req.
,"Trimethyl-2 Cyclohexene-1-one-3,5,5",,,,,,,,,,,,,,,,,,"Clean with ambient water, ventilate."
Isophorone Diamine,,.920,,,3,2g,D,Y,7,101,10,110,Y,Y,Y,ww,Y,2289,"Check heating instructions. ww standaard, no wall"
,Ipd,,,,,,,,,,,,,,,,,,"wash. Clean with  warm water, ventilate. No yet"
,,,,,,,,,,,,,,,,,,,assigned to any compliance # but should be amines
Isophorne Diisocyanate,,1.038,20,,3,2g,B,Y,12,158,-60,155,N,N,N,ww to,,2290,Handle as TDI. Heat my be required. Contact Gen
,,,,,,,,,,,,,,,,yellow,,,ops prior to booking.
"Isophorne 50 and 1, Pm-5464  (UCC)",,.860,20,,3,2g,D,N,18,114,-8,35,Y,N,N,clear,negl,,This UCC product is a mixture of 46.5 % Isophorone
,,,,,,,,,,,,,,,,,,,and 53.5% MIBK. Not classified for carriage. but 
,,,,,,,,,,,,,,,,,,,should be non compliance and compatibility # 18.
,,,,,,,,,,,,,,,,,,,"Not found in resistancy lists, but should go same as"
,,,,,,,,,,,,,,,,,,,Isophorone. have no record of carriage.
,,,,,,,,,,,,,,,,,,,"Clean with warm water, ventilate"
Isophrene (Inhibited),,.680,20,.00150,3,2g,C,Y,30,34,,-48,N,N,N,ww,N,1218,"Inhibited. Low boiling point, cooling required."
,"Methyl-3-Butadiene-1,3",,,,,,,,,,,,,,,,,,"ww Standard. Flush with water, ventilate."
,"Methyl-2-Butadiene-1,3",,,,,,,,,,,,,,,,,,
Isopropanolamine,,.960,,,3,2g,C,Y,8,160,1,76,,,,cless,Y,,N2 normally required. Heat may be required in
,Monoisopropanolamine,,,,,,,,,,,,,,,,,,"cold climate. Heat by adjacent cargo,"
,Amino-1-propanol-2,,,,,,,,,,,,,,,,,,no heating coils. Warm wash.
,Hydroxypropylamine-2,,,,,,,,,,,,,,,,,,
,Mipa,,,,,,,,,,,,,,,,,,
Isopropyl acetate,,.870,,.00101,3,2g,,N,34,89,-73,4,38,N,N,ww,1,1220,N2 required for slack tks. Avoid heat
,"Acetic acid, isopropyl ester",,,,,,,,,,,,,,,,,,adjacent. Cold wash. Marpol annex 3.
,Propyl acetate-2,,,,,,,,,,,,,,,,,,
Isopropyl alcohol,,.790,20,,3,2g,N,N,20,82,,15,38,N,N,ww,Y,1219,ww standard. Acid wash may be required depend-
,IPA,,,,,,,,,,,,,,,,,,ing on last cargo. Exxon requires odor specifications
,Dimethyl carbinol,,,,,,,,,,,,,,,,,,Wall wash testing must be expected if oils as last 
,Isopropanol,,,,,,,,,,,,,,,,,,"cargo. Clean with warm water, ventilate. "
,Petrohol,,,,,,,,,,,,,,,,,,Marpol annex 3
,Propanol-2,,,,,,,,,,,,,,,,,,
,Propyl alcohol-sec,,,,,,,,,,,,,,,,,,
,Rubbing alcohol,,,,,,,,,,,,,,,,,,
Isopropyl ether,,.720,,.00102,3,2g,D,Y,41,66,,-18,N,N,N,c-less,N,1159,Inhibited. N2 purging and  blanket required. DO not
,Diisopropyl ether,,,,,,,,,,,,,,,ww,,,stow heated cargoes adjacent. Clean with cold 
,Diisopropyl oxide,,,,,,,,,,,,,,,,,,"water, ventilate. US barges: Subchapter 0, intertion"
,Isopropoxy Propane-2,,,,,,,,,,,,,,,,,,and inhibition required.
Isopropylamine,,.690,15,.00110,2,2g,C,Y,7,32,-95,-26,N,N,N,ww,Y,1221,Cooling required (B.P. 34C) Get full specifications.
,Aminopropane-2,,,,,,,,,,,,,,,,,,"Clean with ambient water, ventilate."
,Monoisopropylamine,,,,,,,,,,,,,,,,,,
Isopropylamine 50% solution,,.870,,,2,2g,C,Y,7,338,-6,3,N,N,N,ww,Y,1221,Must have spec. Cooling may be required.
,,,,,,,,,,,,,,,,,,,"Clean with ambient water, ventilate"
,,,,,,,,,,,,,,,,,,,Steam if odor problem.
Isovaleraldehyde,,.785,20,,3,2g,C,Y,19,92,-50,13,N,N,N,c-less,sli,2058,IMO requires inert atnosphere for this product. N2
,Isovaleral,,,,,,,,,,,,,,,,,,"required for purging, blanketing and purging during "
,Isovaleric Aldehyde,,,,,,,,,,,,,,,,,,"discharge. Clean with ambient water, ventilate."
,Methylbutyraldehyde-3,,,,,,,,,,,,,,,,,,
,Methyl Butanal-3,,,,,,,,,,,,,,,,,,
Jet Fuel JP-1,,.810,,,3,,N,N,33,200,,38,38,N,N,clear,,,Check S.G. etc. as varies. MSTS(US Govt) have
,,,,,,,,,,,,,,,,to,,,"some restrictions, re: mild steel and last cargo."
,,,,,,,,,,,,,,,,ww,,,"Good, clean tank required. Clean with ambient water"
,,,,,,,,,,,,,,,,,,,Ventilate.
Jet Fuel JP-3,,.760,,,3,,N,N,33,149,,38,38,N,M,clear,,,Check S.G. etc. as varies. MSTS(US Govt) have
,,,,,,,,,,,,,,,,to,,,"some restrictions, re: mild steel and last cargo."
,,,,,,,,,,,,,,,,ww,,,"Good, clean tank required. Clean with ambient water"
,,,,,,,,,,,,,,,,,,,Ventilate.
Jet Fuel JP-4,,.780,,,3,,N,N,33,149,,38,38,N,N,clear,,,Check S.G. etc. as varies. MSTS(US Govt) have
,,,,,,,,,,,,,,,,to,,,"some restrictions, re: mild steel and last cargo."
,,,,,,,,,,,,,,,,ww,,,"Good, clean tank required. Clean with ambient water"
,,,,,,,,,,,,,,,,,,,Ventilate.
Jet Fuel JP-5,,.800,,,3,,N,N,33,149,,38,38,N,N,clear,,,Check S.G. etc. as varies. MSTS(US Govt) have
,,,,,,,,,,,,,,,,to,,,"some restrictions, re: mild steel and last cargo."
,,,,,,,,,,,,,,,,ww,,,"Good, clean tank required. Clean with ambient water"
,,,,,,,,,,,,,,,,,,,Ventilate.
Jetfuel A,,.807,15,.00075,3,,N,N,33,154,,49,35,N,N,clear,insol,,Handle and carry as a normal jetfuel
,Jet Fuel,,,,,,,,,,,,,,,,,,Clean and dry tanks required.
,Dual Purpose Kerosine,,,,,,,,,,,,,,,,,,
,Kerosine,,,,,,,,,,,,,,,,,,
Ka-oil,,.948,15,,3,2g,,Y,18,,-15,53,N,N,N,clear,N,,Kaoil is a mix of 40% Cyclohexane and 60% Cycloh-
,,,,,,,,,,,,,,,,,,,exanone. It should be carried and handled like Cyclo-
,Cyclohexanone/Cyclohexanol Mixture,,,,,,,,,,,,,,,,,,"hexane. Not classified as such, but USCG advises"
,,,,,,,,,,,,,,,,,,,that it may be carried as Cyclohexanone USCG #18
,,,,,,,,,,,,,,,,,,,"Clean with warm water, ventilate. Not class in Marpol"
Kaurit Glue,,1.300,,,,,,,,,,,30,20,20,off,Y,,More info. required. May required external
,Formal 55,,,,,,,,,,,,,,,white,,,"heating and cooling. Glue used for woodwork, dries."
Kerosene,,.800,,,3,,N,N,33,210,,38,38,N,N,clear,sli,,Check grade. Finer grades requiere good coated
,Fuel Oil #1,,,,,,,,,,,,,,,,,,"tanks. Clean with warm water, ventilate."
,Lamp oil,,,,,,,,,,,,,,,,,,"Pollution category; Oils, Annex I."
,Illuminating oil,,,,,,,,,,,,,,,,,,
,Kerosine,,,,,,,,,,,,,,,,,,
,Range oil,,,,,,,,,,,,,,,,,,
Kerosine Inferior,,.800,,,3,,N,N,33,149,,38,38,N,N,near ww,N,,Handle as normal Kerosene: Clean with warm water
,Unfinished Kerosene,,,,,,,,,,,,,,,,,,"ventilate. Pollution category: Oils, Annex I."
Latic Acid,,1.200,,,3,2g,D,N,,122,18,,,,,clear,Y,,Check grade and heating instructions. Should be
,Hydroxypropanoic acid-2-a,,,,,,,,,,,,,,,,,,no problem. USCG compatibility # not yet assigned.
,Hydroxypropionic acid,,,,,,,,,,,,,,,,,,
,Milk acid,,,,,,,,,,,,,,,,,,
,Recemic lactic acid,,,,,,,,,,,,,,,,,,
Laktane (EXXON),,.770,,,3,,,N,33,104,,1,N,N,N,ww,N,,Handle as white spirit. Proposed pollution cat. is B.
,Paint Thinner,,,,,,,,,,,,,,,,,,"but could change. Clean with warm water, vent."
Lard Edible,,.890,,,3,,D,N,34,204,-19,204,Y,40,52,wh-,N,,Get heating instructions and follow closley.(Hog fat)
,,,,,,,,,,,,,,,,pale,,,"Clean with warm water, Use Stolt C for final cleaning."
Latex Natural,,.930,,,3,,D,N,40,204,-4,,N,N,N,white,Y,,Check SNI for complete handling and cleaning instr.
,Natural Latex,,,,,,,,,,,,,,,,,,"If  ammonia stablized, ammonia content not to exeed"
,,,,,,,,,,,,,,,,,,,2% when stowed in coated tank. Max heat adjacent
,,,,,,,,,,,,,,,,,,,"37,8C. Do not stow camkote tanks whitout having"
,,,,,,,,,,,,,,,,,,,approval each and every time.
Latex Synthetic,,,,,,,,,,,,,,,,,,,Wet tank surface with fresh water prior to loading.
,Latex Synthetic,1.057,,,3,,D,N,43,,,,N,N,N,milky,,Y,Cold fresh water soon after discharge. Use Stolt C
,Latex Synthetic Bayer,,,,3,,D,N,43,204,-7,,,10,10,white,,,and/or LAC for spots or film. Never let tank dry after
,Latex Synthetic D-699,1.010,,,3,,D,N,43,204,,,,,,white,Y,,"Discharge. If slow discharge, apply live steam"
,Latex Synthetic DL620,1.000,,,3,,D,N,43,204,,,38,4,4,white,,,(carefully not to heat ) to tank - if recivers accept.
,Latex Synthetic DL892,,,,3,,D,N,43,204,-10,,,,,,,,Do not stow camkote tanks whitout prior approval
,Latex Synthetic 39/41%,1.010,,,3,,D,N,43,204,,,,,,white,Y,,from Camrex.
,Latex Synthetic 44/50%,,,,3,,D,N,43,204,-7,,,,,,,,
,Latex Synthetic 50%,.970,,,3,,D,N,43,204,,,N,N,N,white,p-ly,,
,Latex Synthetic 5356,.980,,,3,,D,N,43,,,,N,N,N,,p-ly,,
Lauryl alcohol,,.830,,,3,2g,B,Y,20,259,24,100,Y,32,32,ww,N,,handle as Coco Fatty Alcohol. Get heating inst-
,Dodecanol,,,,,,,,,,,,,,,,,,ructions and follow closely. Correct IMO name is
,C-12,,,,,,,,,,,,,,,,,,"Dodecyl Alcohol. Clean with hot water, Stolt C if nec."
,Coco Fatty Alcohol,,,,,,,,,,,,,,,,,,
,Dodecyl Alcohol,,,,,,,,,,,,,,,,,,
Lauryl mercapton,,.850,15,,,,,,,,-7,128,38,Y,Y,ww,N,,"More info required, has not been classified for"
,Dodecanethiol-1 ,,,,,,,,,,,,,,,,,,bulkshipment. toxic.
,Dodecyl Mercapton,,,,,,,,,,,,,,,,,,
Lignin liquor 55/75%,,1.270,21,,3,,N,N,43,,,,49,27,32,drk,Y,,"Check ph and get spec. Do not stow zinc, other"
,,,,,,,,,,,,,,,,,,,coatings should be ok.Correct name is: Calsium
,,,,,,,,,,,,,,,,,,,"lignosulfonate solution. Clean with warm water, vent."
,,,,,,,,,,,,,,,,,,,Marpol appendix 3
Ligin Sulfonate,,1.200,,,3,,N,N,43,,,,49,32,38,drk,Y,,Same as Lignin Liquor. Several grades. handling
,,,,,,,,,,,,,,,,,,,etc. see Lignin Liquor. Marpol appendix 3.
,,,,,,,,,,,,,,,,,,,
Lime Slaked,,1.100,,,,,D,,,,,,Y,,,grey,,,More info required. Has not been classed for bulk
,Lime Hydrated,,,,,,,,,,,,,,,ww,,,
,Calcium Hydroxide,,,,,,,,,,,,,,,,,,
Linseed oil,,.930,,.00068,3,2g,D,N,34,-316,-20,204,43,N,N,yellow,N,,Drying oils. check grade. Avoid heat adjacent.
,Flaxeed oil,,,,,,,,,,,,,,,lt brn,,,Wash tanks immediatley after discharge with 
,Linseedoil Refined,,,,,,,,,,,,,,,,,,ambient  temp water. Use Stolt LAC for final cleaning
,Linseed oil Refined,,,,,,,,,,,,,,,,,,and dried spots.
,Linseedoil,,,,,,,,,,,,,,,,,,
Lorol special (Henkel),,.830,25,.00071,3,2g,D,Y,20,,,275,35,28,30,c-less,negl,,Fatty Alcohol. N2 blanket required
,,,,,,,,,,,,,,,,,,,Get heating instructions. Compliance cargo 
,Fatty Alcohol C12/C14  (Henkel),,,,,,,,,,,,,,,,,,because of pollution hazards
,,,,,,,,,,,,,,,,,,,
Low oil Saci Feed,,1.020,15,,,,,,,320,,40,Y,N,N,amber,negl,,"Not yet classified, but should be non compliance."
,,,,,,,,,,,,,,,,,,,"Not found in any resistancy lists, but should be easy"
,,,,,,,,,,,,,,,,,,,product. To be soure check for heating. Clean with
,,,,,,,,,,,,,,,,,,,"warm water, use Stolt A or B for final cleaning."
LUBE ADDITIVES,,,,,,,,,,,,,,,,,,,"Lube Additives vary greatly. Get full specs,"
,Amoco 198,,,,,,,,,,,,,,,,,,"like S.G., viscosity, heating, N2 req. , etc. Most "
,Amoco 6850A,,,,,,,,,,,,,,,,,,Lub adds are listed unde Group 33 (USCG Comp)
,Amoco 7806,,,,,,,,,,,,,,,,,,but there are exceptions - check. Exercixe care
,Amoco 9220,,,,,,,,,,,,,,,,,,when stowing new prod. in coated space.
,Amoco 9231,,,,,,,,,,,,,,,,,,Get heating instructions. Cleaning normally
,Amoco 9243M,,,,,,,,,,,,,,,,,,"hot wash followed by Stolt A or B, but some"
,Amoco 9250,,,,,,,,,,,,,,,,,,require cold water first or spray down with MDO.
,Calcium Sulf oil,1.150,,,3,,D,,33,,,,Y,,170,d.red,,,
,Chevron Oloa 1200,.990,,,,,,N,33,,,,Y,,160,blk,,,
,Chevron Oloa 1200B,,,,,,,,,,,,,,,,,,
,Chevron Oloa 146,.970,,,,,,N,33,,,,Y,,160,reddish,,,
,Chevron Oloa 1510T,,,,,,,,,,,,,,,,,,
,Chevron Oloa 1709D,.980,,,,,,N ,33,,,,Y,,145,,,,
,Chevron Oloa 1714M,,,,,,,N,33,,,,Y,,125,,,,
,Chevron Oloa 1714N,.990,,,,,,N,33,,,,Y,,140,,,,
,Chevron Oloa 1763A,.970,,,,,,N,33,,,,Y,,140,d-red,,,
,Chevron Oloa 219,.960,,,,,,N,33,,,,Y,,180,blk,,,
,Chevron Oloa 219U,,,,,,,,,,,,,,,,,,
,Chevron Oloa 2194,,,,,,,,,,,,,,,,,,
,Chevron Oloa 2456N,.980,,,,,,N,33,,,,Y,,140,drk,,,
,Chevron Oloa 246B,.960,,,,,,N,33,,,,,,150,drk,,,
,Chevron Oloa 247B,1.150,,,,,,N,33,,,,Y,,170,orang,,,
,Chevron Oloa 247E,,,,,,,,,,,,,,,,,,
,Chevron Oloa 2470,,,,,,,N,33,,,,Y,,,,,,
,Chevron Oloa 2476,.990,,,,,,N,33,,,,Y,,160,drk,,,
,Chevron Oloa 249E,,,,,,,,,,,,,,,,,,
,Chevron Oloa 267,1.100,,,,,,N,33,,,,120,,N,light,,,
,Chevron Oloa 2716A,.960,,,,,,N,33,,,,Y,,150,d-red,,,
,Chevron Oloa 279E ,,,,,,,,,,,,,,,,,,
,Chevron Oloa 2852M,1.000,,,,,,N,33,,,,Y,,140,d-red,,,
,Chevron Oloa 2918N,.990,,,,,,N,33,,,,Y,,150,,,,
,Chevron Oloa 2939,,,,,,,,,,,,,,,,,,
,Chevron Oloa 3127,1.000,,,,,,N,33,,,,Y,,150,blk,,,
,Chevron Oloa 3149C,.970,,,,,,N,33,,,,Y,,160,red,,,
,Chevron Oloa 370,.990,,,,,,N,33,,,,Y,,160,blk,,,
,Chevron Oloa 373,.900,,,,,,N,33,,,,Y,,160,red,,,
,Chevron Oloa 374Q,,,,,,,,,,,,,,,,,,
,Chevron Oloa 592B,.980,,,,,,N,33,,,,Y,,150,orang,,,
,Chevron Oloa 594,.960,,,,,,N,33,,,,Y,,150,drk,,,
,Chevron Oloa 6004,.960,,,,,,N,33,,,,Y,,125,d-red,,,
,Chevron Oloa 8305,.940,,,,,,N,33,,,,Y,,135,,,,
,Chevron Oloa 8361N,,,,,,,,,,,,,,,,,,
,Chevron Oloa 857E,,,,,,,,,,,,,,,,,,
,Chevron Oloa 858B,,,,,,,,,,,,,,,,,,
,Chevron Oloa 8804,,,,,,,,,,,,,,,,,,
,Chevron Oloa 8809,,,,,,,,,,,,,,,,,,
,Chevron Ped 4669,.990,,,,,,N,33,,,,Y,,160,red,,,
,Chevron sulfonate oil,.980,,,,,,N,33,,,,Y,,160,red,,,
,Chevron 2939,,,,,,,,,,,,,,,,,,
,Cooper/Hitec E-2720,.980,,,,,,N,33,,,,Y,,120,brown,,,
,Cooper/Hitec E-611,1.137,15,.00059,3,,,N,33,,,,Y,63,74,,,,
,Cooper/Hitec E-614,.952,15,.00066,3,,,N,33,,,,Y,63,74,d.brn,,,
,Cooper/Hitec E-638,,,,3,,,N,33,,,,Y,,,,,,
,Cooper/Hitec E-644,.920,,,,,,N,33,,,,Y,,180,d.brn,,,
,Cooper/Hitec E-656,1.000,,,,,,N,33,,,,Y,N,N,tan,,,
,Cooper/Hitec E-686,.954,15,.00065,3,,,N,33,,,,Y,60,71,,,,
,Cooper/Hitec E-725,1.000,,,,,,N,33,,,,Y,,160,,,,
,Cooper/Hitec EA-11,1.000,,,,,,N,33,,,,Y,,140,brn,,,
,Cooper/Hitec L-74,1.100,,,,,N,N,33,,,,Y,,165,,,,
,Eca 1123,.990,,,,,,N,33,,,,Y,,90,l.red,,,
,Eca 1136,1.000,,,,,,N,33,,,,Y,,140,drk,,,
,Eca 1140,.910,,,,,,N,33,,,,Y,,180,drk,,,
,Eca 1142,1.000,,,,,,N,33,,,,Y,,120,light,,,
,Eca 4242,.920,,,,,,N,33,,,,Y,,150,drk,,,
,Eca 4360,.920,,,,,,N,33,,,,Y,,180,drk,,,
,Eca 4600,,,,,,,,,,,,,,,,,,
,Eca 4687,.950,,,,,,N,33,,,,Y,,130,drk,,,
,Eca 4735 B,.990,,,,,,N,33,,25,340,Y,,140,drk,,,
,Eca 4738,1.000,,,,,,N,33,,,,Y,,120,light,,,
,Eca 4758,.970,,,,,,N,33,,,,Y,,140,drk,,,
,Eca 4831,.860,,,,,,N,33,,,,Y,,180,,,,
,Eca 4868,.990,,,,,,N,33,,,,Y,,140,drk,,,
,Eca 4950,1.000,,,,,,N,33,,,,Y,,120,drk,,,
,Eca 4999,1.070,,,,,,N,33,,25,350,Y,,200,drk,,,
,Eca 5025,.930,,,,,,N,33,,,,Y,,180,drk,,,
,Eca 5087,1.100,,,,,,N,33,,,,Y,,170,,,,
,Eca 5246,.990,,,,,,N,33,,,,Y,,125,,,,
,Eca 5257,.960,,,,,,N,33,,,,Y,,120,drk,,,
,Eca 5344,.990,,,,,,N,33,,,,Y,,130,l.red,,,
,Eca 5604,.990,,,,,,N,33,,,,Y,,140,drk,,,
,Eca 5624,.890,,,,,,N,33,,,,Y,,180,light,,,
,Eca 5635,1.000,,,,,,N,33,,,,Y,,120,l.red,,,
,Eca 5667,1.000,,,,,,N,33,,,,Y,,140,red,,,
,Eca 5685,1.150,,,,,,N,33,,,,Y,,180,d.red,,,
,Eca 5686,1.100,,,,,,N,33,,,,Y,,100,light,,,
,ECa 5692,.900,,,,,,N,33,,,,Y,,180,lemon,,,
,Eca 5920,.900,,,,,,N,33,,,,,,100,l.yel,,,
,Eca 6024,.990,,,,,,N,33,,,,Y,,100,pale,,,
,Eca 6030,.920,,,,,,N,33,,,,Y,,180,drk,,,
,Eca 6060,.990,,,,,,N,33,,,,Y,,135,l.red,,,
,Eca 6121,.990,,,,,,N,33,,,,Y,,150,,,,
,Eca 6132,.920,,,,,,N,33,,,,Y,,140,,,,
,Eca 6354,1.100,,,,,,N,33,,,,Y,,180,drk,,,
,Eac 6371,1.060,,,,,,N,33,,25,355,Y,,120,light,,,
,Eca 6710,,,,,,,N,33,,,,Y,,,,,,
,Eca 6723,.900,,,,,,N,33,,25,90,Y,,,red.br,,,
,Eca 6846,.980,,,,,,N,33,,,,Y,,140,,,,
,Eca 6911,.860,,,,,,N,33,,,,Y,,175,light,,,
,Eca 6972,.960,,,,,,N,33,,,,Y,,170,drk,,,
,Eca 7197,1.000,,,,,,N,33,,,,Y,,150,drk,,,
,Eca 7199,.950,,,,,,N,33,,,,Y,,130,drk,,,
,Eca 7367,.970,,,,,,N,33,,,,Y,,140,drk,,,
,Eca 7371,.920,,,,,,N,33,,,,Y,,140,drk,,,
,Eca 7424A,.980,,,,,,N,33,,,,Y,,150,drk,,,
,Eca 7437A,.980,,,,,,N,33,,,,Y,,150,drk,,,
,Eca 7500,.940,,,,,,N,33,,25,410,Y,,180,drk,,,
,Eca 7588,1.000,,,,,,N,33,,,,Y,,140,drk,,,
,Eca 7644,.980,,,,,,N,33,,,,Y,,150,drk,,,
,Eca 7705,.860,,,,,,N,33,,,,Y,,180,,,,
,Eca 7751,.860,,,,,,N,33,,,,Y,,160,light,,,
,Eca 7773,1.000,,,,,,N,33,,,,Y,,140,drk,,,
,Eca 7779,.920,,,,,,N,33,,25,370,Y,,180,drk,,,
,Eca 7849,.920,,,,,,N,33,,25,370,Y,,180,drk,,,
,Eca 7965,.990,,,,,,N,33,,25,200,Y,,140,drk,,,
,Eca 8099,,,,,,,,,,,,,,,,,,
,Eca 8600,.960,,,,,,N,33,,25,300,Y,,,drk,,,
,Eca 8604,.990,,,,,,N,33,,25,295,Y,,140,drk,,,
,Eca 8611,.990,,,,,,N,33,,25,295,Y,,140,drk,,,
,Eca 8622,.990,,,,,,N,33,,25,295,Y,,140,drk,,,
,Eca 9002,.920,,,,,,N,33,,,,Y,,150,clr,,,
,Eca 9003,.880,,,,,,N,33,,,,Y,,140,pale,,,
,Eca 9252C,,,,,,,,,,,,,,,,,,
,Eca 9730 ,,,,,,,,,,,,,,,,,,
,Eca 9736,,,,,,,,,,,,,,,,,,
,Eca 9796,,,,,,,,,,,,,,,,,,
,Exxon Enj 1038,1.100,,,,,,N,33,,,,Y,,175,d.red,,,
,Exxon Enj 941,.810,,,,,,N,33,,25,90,Y,,,clear,,,
,Exxon Paraflow 149,.890,,,,,,N,33,,,,Y,,140,d-red,,,
,Exxon Paraflow 201,.860,,,,,,N,33,,,,Y,,,d-red,,,
,Exxon  Paranox 12,.990,,,,,,N,33,,,,Y,,125,,,,
,Exxon  Paranox 15,1.100,,,,,,N,33,,,,Y,,100,light,,,
,Exxon  Paranox 351,1.040,,,,,,N,33,,,,Y,,140,drk,,,
,Exxon  Paranox 361,1.150,,,,,,N,33,,,,Y,,150,blk,,,
,Exxon  Paranox 43,.980,,,,,,N,33,,,,Y,,140,blk,,,
,Exxon  Paranox 52,1.100,,,,,,N,33,,,,Y,,180,drk,,,
,Exxon  Paranox 5257,.960,,,,,,N,33,,,,Y,,120,drk,,,
,Exxon  Paranox 578,,,,,,,N,33,,,,,,,,,,
,Exxon  Parapoid 30,1.070,,,,,,N,33,,25,225,Y,,100,drk,,,
,Exxon  Parapoid 48,1.040,,,,,,N,33,,25,225,,,,drk,,,
,Exxon Paratone N,.870,,,,,,N,33,,,,Y,,180,honey,,,
,Exxon Paratone 108,.890,,,,,,N,33,,,,Y,,180,honey,,,
,Exxon Paratone 210,.870,,,,,,N,33,,,,Y,,150,orange,,,
,Exxon Paratone 707,.840,,,,,,N,33,,,,Y,,180,amber,,,
,Lubrizol A-1140,1.000,,,3,,,N,33,,,,,,68,drk,,,
,Lubrizol A-803,1.100,,,3,,,N,33,,,,Y,,65,l.red,,,
,Lubrizol A-943,.980,,,3,,,N,33,,,,Y,,63,drk,,,
,Lubrizol Anglm 98A,1.025,15,.00068,3,,,N,33,,,,Y,16,38,d.red,,,
,Lubrizol Anglm 99,1.065,15,.00069,3,,,N,33,,,,Y,13,38,red,,,
,Lubrizol Con 58,1.125,15,.00064,3,,,N,33,,,,Y,60,70,red,,,
,Lubrizol G.A.  1244,1.030,15,.00064,3,,,N,33,,,,Y,57,66,d.red,,,
,Lubrizol G.A.  1254,1.081,15,.00074,3,,,N,33,,,,Y,38,49,red,,,
,Lubrizol G.A.  1310,.930,15,.00064,3,,,N,33,,,,Y,79,93,red,,,
,Lubrizol  pa99,,,,3,,,N,33,,,,Y,,,,,,
,Lubrizol  STK 1128,1.130,15,.00072,3,,,N,33,,,,Y,38,60,red,,,
,Lubrizol  STK 1255,.950,15,.00064,3,,,N,33,,,,Y,77,88,light,,,
,Lubrizol  STK 1261,1.080,15,.00081,3,,,N,33,,,,Y,57,68,red,,,
,Lubrizol  STK 1362,.970,15,.00076,3,,,N,33,,,,Y,52,66,red,,,
,Lubrizol  STK 1439,1.005,15,.00064,3,,,N,33,,,,Y,57,66,drk,,,
,Lubrizol  STK 1444,.995,15,.00068,3,,,N,33,,,,Y,57,71,light,,,
,Lubrizol  STK 1461,1.000,15,.00068,3,,,N,33,,,,Y,52,66,light,,,
,Lubrizol  STK 2358,,,,3,,,N,33,,,,Y,,,,,,
,Lubrizol  00058,1.000,,,3,,,N,33,,,,Y,,66,red,,,
,Lubrizol  00065,.965,15,.00076,3,,,N,33,,,,Y,52,66,red,,,
,Lubrizol  00074,1.140,15,.00064,3,,,N,33,,,,Y,50,66,l.red,,,
,Lubrizol  00078,1.220,15,.00072,3,,,N,33,,,,Y,49,66,,,,
,Lubrizol  00112,.980,15,.00068,3,,,N,33,,,,Y,49,60,drk,,,
,Lubrizol  00116,.980,15,.00068,3,,,N,33,,,,Y,54,66,red,,,
,Lubrizol  00142,.950,15,.00064,3,,,N,33,,,,Y,66,77,red,,,
,Lubrizol  00151,.988,15,.00067,3,,,N,33,,,,Y,52,66,red,,,
,Lubrizol  00282,1.000,,,3,,,N,33,,,,Y,,79,,,,
,Lubrizol  00284,1.120,,,3,,,N,33,,,,Y,,60,red,,,
,Lubrizol  00894,.935,15,.00073,3,,,N,33,,,,Y,85,99,red,,,
,Lubrizol  00910,.980,15,.0068,3,,,N,33,,,,Y,54,65,red,,,
,Lubrizol  00936,.935,15,.00064,3,,,N,33,,,,Y,79,93,l.red,,,
,Lubrizol  00961D,1.000,15,.00067,3,,,N,33,,,,Y,52,66,drk,,,
,Lubrizol  01161,.995,15,.00073,3,,,N,33,,,,Y,60,71,drk,,,
,Lubrizol  01191,.980,,,3,,,N,33,,,,Y,60,71,,,,
,Lubrizol  01261D,1.080,15,.00072,3,,,N,33,,,,Y,57,68,red,,,
,Lubrizol  01275,1.030,15,.00072,3,,,N,33,,,,Y,46,60,l.red,,,
,Lubrizol  01937,1.020,15,.00068,3,,,N,33,,,,Y,52,66,drk,,,
,Lubrizol  021,1.025,15,.00068,3,,,N,33,,,,Y,16,38,d.red,,,
,Lubrizol  02310,1.100,,,3,,,N,33,,,,Y,,65,red,,,
,Lubrizol  02760,.930,15,.00064,3,,,N,33,,,,Y,65,79,red,,,
,Lubrizol  02764,.925,15,.00068,3,,,N,33,,,,Y,54,66,d.red,,,
,Lubrizol  02912P,.935,15,..00064,3,,,N,33,,,,Y,79,93,d.red,,,
,Lubrizol  02950,.935,15,.00064,3,,,N,33,,,,Y,79,93,d.red,,,
,Lubrizol  02960P,.930,15,.00064,3,,,N,33,,,,Y,79,93,d.red,,,
,Lubrizol  02965,.950,15,.00064,3,,,N,33,,,,Y,79,93,drk,,,
,Lubrizol  02971,,,,3,,,,,,,,,,,,,,
,Lubrizol  03132,.880,15,,3,,,N,33,,,,Y,,82,light,,,
,Lubrizol  03140,.880,15,.00065,3,,,N,33,,,,Y,88,99,pale,,,
,Lubrizol  03172,.875,15,.00064,3,,,N,33,,,,Y,71,79,pale,,,
,Lubrizol  03327D,.980,15,.00068,3,,,N,33,,,,Y,49,60,drk,,,
,Lubrizol  03510D,.990,15,.00066,3,,,N,33,,,,Y,52,66,drk,,,
,Lubrizol  03511,.950,,,3,,,N,33,,,,Y,,65,l.red,,,
,Lubrizol  03513,.950,,,3,,,N,33,,,,Y,,65,pale,,,
,Lubrizol  03515D,.995,15,.00067,3,,,N,33,,,,Y,52,66,drk,,,
,Lubrizol  03521C,1.000,15,.00066,3,,,N,33,,,,Y,52,66,red,,,
,Lubrizol  03521E,1.000,15,.00066,3,,,N,33,,,,Y,52,66,red,,,
,Lubrizol  03558,1.000,15,.00066,3,,,N,33,,,,Y,60,68,,,,
,Lubrizol  03702,.910,15,.00064,3,,,N,33,,,,Y,85,99,light,,,
,Lubrizol  03715,.920,15,.00064,3,,,N,33,,,,Y,85,99,pale,,,
,Lubrizol  03826E,.980,15,.00065,3,,,N,33,,,,Y,54,66,red,,,
,Lubrizol  03839B,.985,15,.00064,3,,,N,33,,,,Y,66,77,drk,,,
,Lubrizol  03859A,.985,15,.00067,3,,,N,33,,,,Y,52,66,d.red,,,
,Lubrizol  04004,1.000,,,3,,,N,33,,,,Y,,65,,,,
,Lubrizol  04028D,1.030,15,.00064,3,,,N,33,,,,Y,57,66,d.red,,,
,Lubrizol  04082,1.005,15,.00068,3,,,N,33,,,,Y,54,66,drk,,,
,Lubrizol  04410,.960,,,3,,,N,33,,,,Y,,71,l.red,,,
,Lubrizol  04420C,1.010,15,.00068,3,,,N,33,,,,Y,57,66,red,,,
,Lubrizol  04420P,1.000,,,3,,,N,33,,,,Y,,65,red,,,
,Lubrizol  04431,1.005,15,.00064,3,,,N,33,,,,Y,49,57,,,,
,Lubrizol  04461D,1.015,15,.00069,3,,,N,33,,,,Y,54,66,d.red,,,
,Lubrizol  04462D,1.010,15,.00068,3,,,N,33,,,,Y,52,66,red,,,
,Lubrizol  04462P,1.010,15,.00068,3,,,N,33,,,,Y,52,60,red,,,
,Lubrizol  04476P,.985,15,.00064,3,,,N,33,,,,Y,57,66,d.red,,,
,Lubrizol  04533,1.040,15,.00070,3,,,N,33,,,,Y,49,60,d.red,,,
,Lubrizol  04549,1.080,15,.00074,3,,,N,33,,,,Y,38,49,red,,,
,Lubrizol  04575,1.000,15,.00064,3,,,N,33,,,,Y,52,60,red,,,
,Lubrizol  04575C,1.000,15,.00064,3,,,N,33,,,,Y,52,60,red,,,
,Lubrizol  04622,.990,15,.00064,3,,,N,33,,,,Y,54,60,red,,,
,Lubrizol  04720,.950,15,.00064,3,,,N,33,,,,Y,66,79,red,,,
,Lubrizol  04720A,.950,15,.00064,3,,,N,33,,,,Y,66,79,red,,,
,Lubrizol  05002,1.015,15,.00065,3,,,N,33,,,,Y,38,49,red,,,
,Lubrizol  06111,1.050,15,.00069,3,,,N,33,,,,Y,21,32,drk,,,
,Lubrizol  06117,1.030,15,.00069,3,,,N,33,,,,Y,10,38,drk,,,
,Lubrizol  06280,1.120,15,.00073,3,,,N,33,,,,38,10,38,d.red,,,
,Lubrizol  06401,.930,15,.00064,3,,,N,33,,,,Y,79,93,red,,,
,Lubrizol  06452,.960,15,.00064,3,,,N,33,,,,Y,77,88,drk,,,
,Lubrizol  06456,1.155,15,.00064,3,,,N,33,,,,Y,66,77,red,,,
,Lubrizol  06464,1.155,15,.00072,3,,,N,33,,,,Y,66,77,red,,,
,Lubrizol  06466,1.000,,,3,,,N,33,,,,Y,,60,red,,,
,Lubrizol  06606,.950,15,.00064,3,,,N,33,,,,Y,66,77,d.red,,,
,Lubrizol  06734D,.915,15,.00064,3,,,N,33,,,,Y,38,66,red,,,
,Lubrizol  07014,.855,15,.00064,3,,,N,33,,,,Y,107,121,,,,
,Lubrizol  07315,.880,,,3,,,N,33,,,,Y,,82,light,,,
,Lubrizol  07393,,,,3,,,N,33,,,,,,,,,,
,Lubrizol  08117,.905,15,.00064,3,,,N,33,,,,Y,N,N,d.red,,,
,Lubrizol  08119,.910,15,.00064,3,,,N,33,,,,Y,N,N,d.red,,,
,Lubrizol  08121,.931,15,.00064,3,,,N,33,,,,Y,N,N,pale,,,
,Lubrizol  08127,.870,15,.00068,3,,,N,33,,,,Y,N,38,,,,
,Lubrizol  08392,.910,15,.00064,3,,,N,33,,,,Y,85,99,pale,,,
,Lubrizol  08393,.900,15,,3,,,N,33,,,,Y,,82,pale,,,
,Lubrizol  08401,.920,15,.00064,3,,,N,33,,,,Y,85,99,pale,,,
,Lubrizol  09050,.817,15,.00073,3,,,N,33,,,,Y,N,N,white,,,
,Lubrizol  09270,.950,15,,3,,,N,33,,,,Y,,82,l.red,,,
,Lubrizol  09610,.990,15,,3,,,N,33,,,,Y,,65,light,,,
,Lubrizol  10095,,,,,,,,,,,,,,,,,,
,Lubrizol  10610,,,,,,,,,,,,,,,,,,
,Lubrizol  10640,1.150,15,.00072,3,,,N,33,,,,Y,60,71,light,,,
,Lubrizol 10665,1.000,15,,3,,,N,33,,,,Y,,65,,,,
,Lubrizol 10668,1.000,15,,3,,,N,33,,,,Y,,49,red,,,
,Lubrizol 10669,,,,,,,,,,,,,,,,,,
,Lubrizol 10695,1.145,15,.00072,3,,,N,33,,,,Y,52,66,red,,,
,Lubrizol 10696,1.220,15,.00072,3,,,N,33,,,,Y,49,66,d.red,,,
,Lubrizol 10699,1.145,15,.00072,3,,,N,33,,,,Y,52,66,d.red,,,
,Lubrizol 11295,1.220,15,.00067,3,,,N,33,,,,Y,27,38,red,,,
,Lubrizol  11625,,,,,,,,,,,,,,,,,,
,Lubrizol  11650,.930,15,.00068,3,,,N,33,,,,Y,82,93,"d,red",,,
,Lubrizol 12149,1.170,15,.00087,3,,,N,33,,,,Y,35,43,orge,,,
,Lubrizol 12159,1.180,15,.00087,3,,,N,33,,,,Y,32,49,pale,,,
,Lubrizol 12186,1.135,15,.00079,3,,,N,33,,,,Y,27,43,pale,,,
,Lubrizol 12189,,,,,,,,,,,,,,,,,,
,Lubrizol 12197,1.080,15,.00079,3,,,N,33,,,,Y,27,43,light,,,
,Lubrizol 12874,,,,,,,,,,,,,,,,,,
,Lubrizol 12888,1.060,15,.00064,3,,,N,33,,,,Y,54,66,drk,,,
,Lubrizol 12890,1.055,15,.00064,3,,,N,33,,,,Y,57,66,drk,,,
,Lubrizol 15610,1.110,15,.00072,3,,,N,33,,,,Y,10,38,pale,,,
,Lubrizol 15620,1.030,15,.00068,3,,,N,33,,,,Y,10,38,pale,,,
,Lubrizol 15625,1.080,15,.00070,3,,,N,33,,,,Y,10,38,lemon,,,
,Lubrizol 17109,.890,15,.00064,3,,,N,33,,,,Y,79,93,light,,,
,Lubrizol 17119,.895,15,.00064,3,,,N,33,,,,Y,79,93,white,,,
,Lubrizol 19807,.925,15,.00065,3,,,N,33,,,,Y,75,85,,,,
,Lubrizol 19808,,,,,,,,,,,,,,,,,,
,Lubrizol 19818,,,,,,,,,,,,,,,,,,
,Lubrizol 3775,,,,,,,,,,,,,,,,,,
,Lubrizol 400,,,,,,,,,,,,,,,,,,
,Lubrizol 4723B,,,,,,,,,,,,,,,,,,
,Lubrizol 4887,,,,,,,,,,,,,,,,,,
,Lubrizol 6830,,,,,,,,,,,,,,,,,,
,Lubrizol 73041,.880,15,.00064,3,,,N,33,,,,Y,88,99,,,,
,Lubrizol 73125,1.040,15,,3,,,N,33,,,,Y,,66,drk,,,
,Lubrizol 73315,.880,15,.00065,3,,,N,33,,,,Y,88,99,light,,,
,Lubrizol 73613,1.025,15,.00064,3,,,N,33,,,,Y,49,54,red,,,
,Lubrizol 74783,1.060,15,.00070,3,,,N,33,,,,Y,35,50,,,,
,Lubrizol 7574B,,,,,,,,,,,,,,,,,,
,Lubrizol 766040,1.040,15,,3,,,N,33,,,,Y,,60,drk,,,
,Lubrizol 76107,.950,15,,3,,,N,33,,,,Y,,66,red,,,
,Lubrizol 76117,1.055,15,,3,,,N,33,,,,Y,46,54,red,,,
,Lubrizol 76327,.925,15,.00068,3,,,N,33,,,,Y,66,77,red,,,
,Lubrizol 76427,.915,15,.00064,3,,,N,33,,,,Y,38,52,red,,,
,Lubrizol 76440,,,,,,,,,,,,,,,,,,
,Lubrizol 76717,.936,15,.00065,3,,,N,33,,,,Y,43,52,red,,,
,Lubrizol 77475,1.160,15,.00070,3,,,N,33,,,,Y,30,50,,,,
,Lubrizol 78002,1.000,15,,3,,,N,33,,,,Y,,27,red,,,
,Lubrizol 78004,1.065,15,.00069,3,,,N,33,,,,Y,13,38,light,,,
,Lubrizol 78008,,,,,,,,,,,,,,,,,,
,Lubrizol 7839,,,,,,,,,,,,,,,,,,
,Lubrizol 77908,,,,,,,,,,,,,,,,,,
,Mobil C-100/ADC 100,1.150,,,,,,N,33,,,,Y,,120,pale,,,
,Mobil Exa 401,.880,,,,,,N,33,,,,Y,,,,,,
,Mobil Parapoid 29,,,,,,,N,33,,,,Y,,150,,,,
,Mobil Parapoid 30,,,,,,,N,33,,,,Y,,,,,,
,Mobil Parapoid 35,,,,,,,N,33,,,,Y,,,,,,
,Mobil Parapoid 48,1.000,,,,,,N,33,,,,Y,,100,pale,,,
,Mobil Stk 414,,,,,,,N,33,,,,,,,,,,
,Mobil Sulf oil,1.000,,,,,,N,33,,,,Y,,180,o-rge,,,
,Orogil Phenate,1.100,,,3,,,N,33,,,,Y,,70,d.red,,,
,Shell AC45,.980,,,3,,,N,33,,,,Y,,38,brn,,,
,"Shell ADD ""E""",1.000,,,3,,,N,33,,,,Y,,60,,,,
,Shell ADD 190,.990,,,3,,N,N,33,,,,Y,,48,,,,
,Shell NTOC,.990,,,3,,,N,33,,,,Y,,140,,,,
,Shell 199,,,,,,,,,,,,,,,,,,
,Shell 383,,,,,,,,,,,,,,,,,,
,Shell 400,,,,,,,,,,,,,,,,,,
,Shell 416,,,,,,,,,,,,,,,,,,
,Shell 417,,,,,,,,,,,,,,,,,,
,Surpass Surchem 306,1.150,20,.00085,,,,N,33,,,,Y,,170,d.red,,,
,Texaco ADD 525,.820,,,3,,,N,33,,,,Y,,82,light,N,,
,Texaco POA 187/TC 7024,1.000,,,3,,,N,33,,,,Y,,65,v.drk,,,
,Texaco POA 187/TC 7856,.980,,,3,,,N,33,,,,Y,,65,drk,,,
,Texaco POA 187/TC 7876,.980,,,3,,,N,33,,,,Y,,65,drk,,,
,Texaco POA 187/TC 7956,1.000,,,3,,,N,33,,,,Y,,65,drk,,,
,Texaco POA 187/TC 7978,1.000,,,3,,,N,33,,,,Y,,65,,,,
,Texaco POA 188/TC 8549,.980,,,3,,,N,33,,,,Y,,65,drk,,,
,Texaco POA 188/TC 9680,.960,,,3,,,N,33,,,,Y,,65,drk,,,
,Texaco POA 188/TC 9827,.850,,,3,,,N,33,,,,Y,,65,o-rge,,,
,Texaco TLA 202,.900,,,3,,,N,33,,,,Y,,65,red,,,
,Texaco TLA 470,.950,,,3,,,N,33,,,,Y,,65,,,,
,Texaco TLA 500,,,,3,,,N,33,,,,Y,,,,,,
,TMKA 92/50,.900,,,3,,,N,33,,,,Y,,71,brn,,,
,Viscoplex 5847,.870,,,3,,,N,33,204,,232,Y,,82,amber,N,,
,Witco C-300,1.100,,,3,,,N,33,,,,Y,,76,reddish,,,
,Witco C-45,.950,,,3,,,N,33,,,,Y,,71,reddish,,,
,Witco DI-Petronate,.960,,,3,,,N,33,,,,Y,,60,reddish,,,
,Witco M-300,1.100,,,3,,,N,33,,,,Y,,82,reddish,,,
,Witco M-400,1.100,,,3,,,N,33,,,,Y,,82,reddish,,,
,Witco Saci 745,.960,,,3,,,N,33,,,,Y,,52,reddish,,,
,Witco Sulfonate oil,.980,,,3,,,N,33,,,,Y,,71,reddish,,,
LUBE OILS,,,,,,,,,,,,,,,,,,,Always check grade and get heating
,Arco Pale Oil 2000,.910,,,,,,,33,,,,,38,49,pale,,,instructions. HOT WASH. Use Stolt A or B 
,Arco  Tufflo Base Oil,.920,,,,,,N,33,,,,,38,38,white,,,for spots.
,Arco WOB-370,.880,,,,,,N,33,,,,,N,N,lili.w,,,
,Arco  1111,.910,,,,,,N,33,,,,,54,60,blk,,,
,Arco 1183,.920,,,,,,N,33,,,,,54,60,blk,,,
,Arco 1218,.860,,,,,,N,33,,,,,N,N,cream,,,
,Arco 1223,.880,,,,,,N,33,,,,,38,43,lt.red,,,
,Arco 1227,.900,,,,,,N,33,,,,,54,60,red,,,
,Arco 1600,.910,,,,,,N,33,,,,,N,N,psle,,,
,Arco 1617,.960,,,,,,N,33,,,,,54,60,d.red,,,
,Asiatic Code 69961,.880,,,,,,N,33,,,,,52,52,ww,,,
,Asiatic Code 9857,.880,,,,,,N,33,,,,,,,ww,,,
,Asiatic Fusus,.830,,,,,,N,33,,,,,,,cream,,,
,Asiatic HVI-160,.890,,,,,,N,33,,,,,,,pale,,,
,Asiatic Spray Oil,.850,,,,,,N,33,,,,,,,cream,,,
,Banana Spray Oil,.850,,,,,,N,33,,,93,48,N,,w/crem/ple,,,
,Bottom Benzene,.900,,,,,,N,33,,,148,Y,Y,,pale,,,
,Burma Spindle Oil,.860,,,,,,N,33,,,,,N,N,light,,,
,Caltex Bright Stck 150,.890,,,,,,N,33,,,,,49,57,,,,
,Caltex Bright Stck 160,.900,,,,,,N,33,,,,,49,57,,,,
,Caltex Bright Stock,.890,,,,,,N,33,,,,,43,49,pale,,,
,Caltex Pale Oil 100,.890,,,,,,N,33,,,,,32,38,pale,,,
,Caltex Pale Oil 500 F,.890,,,,,,N,33,,,,,32,38,pale,,,
,Caltex Pale Oil 85/90,.910,,,,,,N,33,,,,,52,57,,,,
,Caltex Paramid 500,.880,,,,,,N,33,,,,,,,,,,
,Caltex Po 450,.880,,,,,,N,33,,,,,43,49,white,,,
,Caltex Po 475,.890,,,,,,N,33,,,,,120,125,or/ple,,,
,Caltex Po 700B,.820,,,,,,N,33,,,,,,,,,,
,Caltex Pob 175,.940,,,,,,N,33,,,,,49,54,ex.pale,,,
,Caltex Pob 250,.920,,,,,,N,33,,,,,60,66,green,,,
,Caltex Pob 400,.870,,,,,,N,33,,,,,N,N,white,,,
,Caltex Pob 450,.890,,,,,,N,33,,,,,38,54,,,,
,Caltex Pob 475,.890,,,,,,N,33,,,,,38,54,green,,,
,Caltex Pob 500,.860,,,,,,N,33,,,,,32,38,white,,,
,Caltex Pob 700,.880,,,,,,N,33,,,,,49,54,pale,,,
,Caltex Solvnt NTRL 150,.870,,,,,,N,33,,,,,,,,,,
,Caltex Solvnt NTRL 500,.880,,,,,,N,33,,,,,,,,,,
,Caltex Steam cyldr Oil,.960,,,,,,N,33,,,,,60,66,d.green,,,
,Chevron Rubr Prcss Oil,.940,,,,,,N,33,,,,,49,54,pale,,,
,Chevron Spray Oil,.850,,,,,,N,33,,,,,N,N,e.pale,,,
,Chevron 150 SN,.840,,,,,,N,33,,,,,N,N,,,,
,Chevron 160 B,.900,,,,,,N,33,,,,,49,57,,,,
,Chevron 500 SN,.880,,,,,,N,33,,,,,38,46,,,,
,Chevron 521 9/100 PALE,.940,,,,,,N,33,,,,,49,54,cream,,,
,Chevron 531 100 PALE,.920,,,,,,N,33,,,,,27,32,cream,,,
,Chevron 587 600 PL TRB,.890,,,,,,N,33,,,,,43,49,white,,,
,Chevron 600 C,.920,,,,,,N,33,,,,,57,66,,,,
,Chevron 7580 PALE,.930,,,,,,N,33,,,,,52,57,lemon,,,
,Chevron 78/96 TLA 300,.950,,,,,,N,33,,,,,49,66,,,,
,Chevron 80 SN,.840,,,,,,N,33,,,,,N,N,,,,
,Chevron 872 145 TRB PL,.870,,,,,,N,33,,,,,,,white,,,
,Exxon AV OIL 1100,.880,,,,,,N,33,,,,,49,54,lt.red,,,
,Exxon AV OIL 120,.880,,,,,,N,33,,,,,38,49,lt.red,,,
,Exxon AV OIL 2321,.890,,,,,,N,33,,,,,32,43,clear,,,
,Exxon BASE EXT LIGHT A,.880,,,,,,N,33,,,,,N,N,cream,,,
,Exxon BASE HEAVY C,.890,,,,,,N,33,,,,,43,49,d.red,,,
,Exxon BASE LIGHTA,..860,,,,,,N,33,,,,,N,N,cream,,,
,Exxon BASE LT SPECIAL A,.860,,,,,,N,33,,,,,N,N,cream,,,
,Exxon BASE MEDIUM B,.870,,,,,,N,33,,,,,16,27,ex.pale,,,
,Exxon BASE MEDIUM C,.880,,,,,,N,33,,,,,16,27,pale,,,
,Exxon BASE OIL 1394,.900,,,,,,N,33,,,,,38,49,light,,,
,Exxon BASE STOCK 3215,.940,,,,,,N,33,,,,,66,66,,,,
,Exxon BASE UNIVOLT 200,.910,,,,,,N,33,,,,,43,49,d.red,,,
,Exxon BRIGHT STOCK 150,.900,,,,,,N,33,,,,,57,57,d.red,,,
,Exxon CHATHUS 210,.920,,,,,,N,33,,,,,57,60,d.green,,,
,Exxon COBLAX 200,.960,,,,,,N,33,,,,,60,60,drk,,,
,Exxon COBLAX 85,.920,,,,,,N,33,,,,,57,57,blk,,,
,Exxon CORAY 200,.910,,,,,,N,33,,,,,38,49,lt.red,,,
,Exxon CORAY 37,.890,,,,,,N,33,,,,,N,N,white,,,
,Exxon CORAY 40,.890,,,,,,N,33,,,,,N,N,cream,,,
,Exxon CORAY 55,.910,,,,,,N,33,,,,,27,38,ex.pale,,,
,Exxon CORAY 65,.920,,,,,,N,33,,,,,32,38,ex.pale,,,
,Exxon CORAY 70,.910,,,,,,N,33,,,,,38,49,lemon-,,,
,Exxon CORAY 80,.910,,,,,,N,33,,,,,38,49,pale,,,
,Exxon CORAY 90 F 1520,.920,,,,,,N,33,,,,,38,49,orange,,,
,Exxon CORAY 90 JPALE,.920,,,,,,N,33,,,,,38,49,orange,,,
,Exxon CYL OIL,.930,,,,,,N,33,,,,,49,54,drk,,,
,Exxon CYL OIL 2619,.930,,,,,,N,33,,,,,71,71,drk,,,
,Exxon CYL OIL 2740,.930,,,,,,N,33,,,,,71,71,,,,
,Exxon CYLESSO 300,.920,,,,,,N,33,,,,,57,57,drk,,,
,Exxon CYLINDER OILS,.900,,,,,,N,33,,,,,38,38,drk,,,
,Exxon DIOL RD 80,.900,,,,,,N,33,,,,,38,38,d.red,,,
,Exxon ESSO 60 VISC 60,.910,,,,,,N,33,,,,,27,27,white,,,
,Exxon F 1273,.870,,,,,,N,33,,,,,27,32,white,,,
,Exxon F 1390,.890,,,,,,N,33,,,,,49,49,pale,,,
,Exxon F 1394,.900,,,,,,N,33,,,,,49,54,pale,,,
,Exxon F 1502,.900,,,,,,N,33,,,,,N,N,pale,,,
,Exxon F 1836,.870,,,,,,N,33,,,,,N,N,pale,,,
,Exxon F 2912,.840,,,,,,N,33,,,,,N,N,white,,,
,Exxon F 2961,.840,,,,,,N,33,,,,,N,N,white,,,
,Exxon F 2955,.840,,,,,,N,33,,,,,N,N,white,,,
,Exxon F 3261,.860,,,,,,N,33,,,,,27,32,white,,,
,Exxon  F 717,.880,,,,,,N,33,,,,,32,43,white,,,
,Exxon  F 872,.860,,,,,,N,33,,,,,N,N,white,,,
,Exxon FAXAM 35,.870,,,,,,N,33,,,,,N,N,cream,,,
,Exxon FAXAM 40,.880,,,,,,N,33,,,,,N,N,ex.pale,,,
,Exxon FAXAM 50,.900,,,,,,N,33,,,,,16,27,lem.pale,,,
,Exxon FLEXON 769,.880,,,,,,N,33,,,,,60,60,red,,,
,Exxon FROM 1836,.890,,,,,,N,33,,,,,N,N,white,,,
,Exxon F 1273 ALSO F 3261,.870,,,,,,N,33,,,,,27,32,cr.wht,,,
,Exxon F1380,.870,,,,,,N,33,,,,,27,32,white,,,
,Exxon F1509,.920,,,,,,N,33,,,,,41,41,red,,,
,Exxon F3215 PRCSS OIL,.920,,,,,,N,33,,,,,60,60,drk,,,
,Exxon F717,.880,,,,,,N,33,,,,,32,38,white,,,
,Exxon F872,.850,,,,,,N,33,,,,,N,N,white,,,
,Exxon HEAVY AXLE OIL,.970,,,,,,N,33,,,,,54,55,d.green,,,
,Exxon INSULATING OIL,.880,,,,,,N,33,,,,,N,N,clear ,,,
,Exxon LUBE 1288,.890,,,,,,N,33,,,,,38,38,or-ge,,,
,Exxon MEDIUM,.970,,,,,,N,33,,,,,54,54,d.green,,,
,Exxon MENTOR 28,.810,,,,,,N,33,,,,,N,N,white,,,
,Exxon MENTOR 32,.860,,,,,,N,33,,,,,N,N,light,,,
,Exxon NECTON 37,.870,,,,,,N,33,,,,,N,N,whitthish,,,
,Exxon NECTON 40,.880,,,,,,N,33,,,,,N,N,cream,,,
,Exxon NECTON 45,.890,,,,,,N,33,,,,,N,N,ex.pale,,,
,Exxon NECTON 60,.900,,,,,,N,33,,,,,27,38,lem-ple,,,
,Exxon NECTON 78,.900,,,,,,N,33,,,,,38,49,lem-ple,,,
,Exxon ORCHEX N790,.850,,,,,,N,33,,,,,N,N,white,,,
,Exxon RR DIESEL BASE,.890,,,,,,N,33,,,,,27,38,pale,,,
,Exxon RUBBER PRCSS OIL,.920,,,,,,N,33,,,,,38,43,pale,,,
,Exxon SAE 30 UNIVERSAL,.870,,,,,,N,33,,,,,27,38,lemon,,,
,Exxon SOLUBS,.890,,,,,,N,33,,,,,71,71,,,,
,Exxon SOLVENT BRIGHT ST,.890,,,,,,N,33,,,,,38,49,lt.red,,,
,Exxon SOLVENT BRIGHT,.900,,,,,,N,33,,,,,38,49,d.red,,,
,Exxon SPRAY OIL,.890,,,,,,N,33,,,,,N,N,ex.pale,,,
,Exxon STANCO BASE 100,,,,,,,,,,,,,,,,,,
,Exxon STANCO BASE 150,,,,,,,,,,,,,,,,,,
,Exxon STANCO BASE 600,,,,,,,,,,,,,,,,,,
,Exxon STANCO 2500BV,,,,,,,,,,,,,,,,,,
,Exxon STM RFND OIL 150,.970,,,,,,N,33,,,,,57,66,,,,
,Exxon STOCK 0025,.890,,,,,,N,33,,,,,N,N,lemon,,,
,Exxon STOCK 1102,.820,,,,,,N,33,,,,,38,38,,,,
,Exxon STOCK 1174,.860,,,,,,N,33,,,,,38,38,,,,
,Exxon STOCK 1177,.870,,,,,,N,33,,,,,54,54,,,,
,Exxon STOCK 1286,.870,,,,,,N,33,,,,,N,N,pale,,,
,Exxon STOCK 1397,.900,,,,,,N,33,,,,,27,38,pale,,,
,Exxon STOCK 495,.910,,,,,,N,33,,,,,60,66,d.green,,,
,Exxon TERESSO 43,.860,,,,,,N,33,,,,,32,38,cream,,,
,Exxon TERESSO 52,.870,,,,,,N,33,,,,,38,43,cream,,,
,Exxon TRANS OIL FINE,.880,,,,,,N,33,,,,,N,N,clear,,,
,Exxon TRANS OIL JAYFLX,,,,,,,N,33,,,,,,,white,,,
,Exxon UNIVOLT 60,.860,15,,3,,N,N,33,238,45,145,amber,N,N,ww,negl,,
,Exxon WS 3157,.880,,,,,,N,33,,,,,N,N,white,,,
,Exxon WS 3657,.880,,,,,,N,33,,,,,N,N,straw,,,
,Exxon WS 5369,.830,,,,,,N,33,,,,,N,N,,,,
,Exxon 1S311 & 313,.900,,,,,,N,33,,,,,54,54,drk,,,
,Exxon 10,.860,,,,,,N,33,,,,,N,N,cream,,,
,Exxon 100,.880,,,,,,N,33,,,,,N,N,pale,,,
,Exxon 1239,.860,,,,,,N,33,,,,,27,32,pale,,,
,Exxon 1251,.860,,,,,,N,33,,,,,21,32,oran pale,,,
,Exxon 1269 (TL 1269),.860,,,,,,N,33,,,,,N,N,pale,,,
,Exxon 1288,.880,,,,,,N,33,,,,,32,32,,,,
,Exxon 1276,,,,,,,N,33,,,,,,,,,,
,EXXON 1380 (SPL),.889,,,,,,N,33,,,,,N,N,light,,,
,EXXON 1390,.890,,,,,,N,33,,,,,49,49,pale,,,
,EXXON 150 S.R. OIL,.980,,,,,,N,33,,,,,60,66,drk,,,
,EXXON 150 SB2500 ,.890,,,,,,N,33,,,,,38,49,lt.red,,,
,EXXON 150 SOLVENT NTRL,.860,,,,,,N,33,,,,,21,32,cream,,,
,EXXON 1780 BRIGHT,.910,,,,,,N,33,,,,,43,49,lt.red,,,
,EXXON 180 NEUTRAL,.880,,,,,,N,33,,,,,N,N,pale,,,
,EXXON 2000 PALE,.920,,,,,,N,33,,,,,38,49,orange,,,
,EXXON 2006,.890,,,,,,N,33,,,,,38,43,pale,,,
,EXXON 2313,.880,,,,,,N,33,,,,,38,43,red,,,
,EXXON 2507 (SBS),.890,,,,,,N,33,,,,,38,43,d.red,,,
,EXXON 2507 SOLUBES,.890,,,,,,N,33,,,,,60,60,,,,
,EXXON 2546,.910,,,,,,N,33,,,,,32,43,d.green,,,
,EXXON 2576,.920,,,,,,N,33,,,,,38,54,d.green,,,
,EXXON 2627,.920,,,,,,N,33,,,,,38,43,d.green,,,
,"EXXON 300, 320, 330, SL N",.890,,,,,,N,33,,,,,41,49,lemon,,,
,EXXON 325 SLYNT NTRAL,.880,,,,,,N,33,,,,,16,27,pale,,,
,EXXON 3253,.870,,,,,,N,33,,,,,38,38,,,,
,EXXON 330 STANCO BASE,.870,,,,,,N,33,,,,,21,32,orng pale,,,
,EXXON 450,.870,,,,,,N,33,,,,,27,38,pale,,,
,EXXON 495/525,.870,,,,,,N,33,,,,,27,32,pale,,,
,EXXON 500 NEUTRAL,.890,,,,,,N,33,,,,,27,38,pale,,,
,EXXON 500 W O BASE,.890,,,,,,N,33,,,,,27,38,lem pale,,,
,EXXON 600 VIS NEUT1254,.880,,,,,,N,33,,,,,27,38,lem pale,,,
,EXXON 65 SOLVENT NTRL,.860,,,,,,N,33,,,,,N,N,white,,,
,EXXON 75 W O BASE ,.870,,,,,,N,33,,,,,N,N,white,,,
,EXXON 750 S N W/PR DEP,.880,,,,,,N,33,,,,,32,38,lem pale,,,
,EXXON 750 SLYNT NEUTRL,.880,,,,,,N,33,,,,,32,38,lem pale,,,
,FROTA AERO W-80,.881,,,3,,,N,33,,,,,,,,,,
,FROTA BRIGHT STCK 1390,.900,,,3,,,N,33,,,,,27,32,pale,,,
,FROTA BRIGHT STCK 2313,.880,,,3,,,N,33,,,,,43,46,red,,,
,FROTA BRIGHT STOCK 538,.910,,,3,,,N,33,,,,,43,46,pale,,,
,FROTA EX STOCK 1288,.900,,,3,,,N,33,,,,,38,43,pale,,,
,FROTA EX STOCK 1397,.900,,,3,,,N,33,,,,,32,38,pale,,,
,FROTA F26105 HAVOLINEB,.870,,,3,,,N,33,,,,,27,32,l.pale,,,
,FROTA F26107=1,.880,,,3,,,N,33,,,,,,,,,,
,FROTA F717,.880,,,3,,,N,33,,,,,32,43,white,,,
,FROTA F872,.860,,,3,,,N,33,,,,,N,N,white,,,
,FROTA HVI-N-170,.900,,,3,,,N,33,,,,,21,38,lemon,,,
,FROTA HVI-160B,.870,,,3,,,N,33,,,,,21,38,orange,,,
,FROTA HVI-165,.880,,,3,,,N,33,,,,,N,N,white,,,
,FROTA LVI-50,.910,,,3,,,N,33,,,,,38,49,green,,,
,FROTA NSR-45,.870,,,3,,,N,33,,,,,35,38,clear,,,
,FROTA NSR-6105,.870,,,3,,,N,33,,,,,32,38,yellow,,,
,FROTA NSR-6109,.880,,,3,,,N,33,,,,,49,52,yellow,,,
,FROTA SLVT BT STCK 345,.900,,,3,,,N,33,,,,,49,52,d.red,,,
,FROTA SOLVENT PALE MED,.910,,,3,,,N,33,,,,,38,38,cream,,,
,FROTA STOCK 1239,.860,,,3,,,N,33,,,,,27,32,pale,,,
,FROTA STOCK 1367,.880,,,3,,,N,33,,,,,32,43,pale,,,
,FROTA STOCK 1376,.880,,,3,,,N,33,,,,,32,43,pale,,,
,FROTA STOCK 318 B,.870,,,3,,,N,33,,,,,N,N,lemon,,,
,FROTA STOCK 345 B,.900,,,3,,,N,33,,,,,49,57,red,,,
,FROTA STOCK 5015B,.880,,,3,,,N,33,,,,,43,52,lemon,,,
,FROTA STOCK 5028B,.870,,,3,,,N,33,,,,,N,N,lemon,,,
,FROTA STOCK 615 B,.920,,,3,,,N,33,,,,,N,N,lemon,,,
,FROTA TLA-245,1.000,,,3,,,N,33,,,,,46,52,drk,,,
,FROTA TLA-321,.970,,,3,,,N,33,,,,,46,52,drk,,,
,FROTA 1273,.870,,,3,,,N,33,,,,,16,27,pale,,,
,FROTA 1286,.870,,,3,,,N,33,,,,,N,N,pale,,,
,FROTA 1518,.910,,,3,,,N,33,,,,,38,49,pale,,,
,FROTA 2006,.890,,,3,,,N,33,,,,,38,43,pale,,,
,FROTA 2507,.890,,,3,,,N,33,,,,,38,43,d.red,,,
,FROTA 2627,.920,,,3,,,N,33,,,,,57,60,d.green,,,
,FROTA 735,.880,,,3,,,N,33,,,,,,,,,,
,FROTA 8245,.900,,,3,,,N,33,,,,,52,52,d.red,,,
,GULF BASE STOCK 900,.880,,,3,,,N,33,,,,Y,43,49,lt.red,,,
,GULF BASES 2006,.900,,,3,,,N,33,,,,Y,54,54,amber,,,
,GULF BRIGHT STOCK 150,.890,,,3,,,N,33,,,,Y,38,49,lt.red,,,
,GULF BRIGHT STOCK 1531,.920,,,3,,,N,33,,,,Y,60,60,drk/amb,,,
,GULF BRIGHT STOCK 200,.900,,,3,,,N,33,,,,Y,38,49,red,,,
,GULF BRIGHT STOCK3215,.940,,,3,,,N,33,,,,Y,71,71,d.green,,,
,GULF BRIGHT STOCK3221,.970,,,3,,,N,33,,,,Y,60,60,d.red,,,
,GULF BRIGHT STOCK 345,.900,,,3,,,N,33,,,,Y,49,52,d.red,,,
,GULF CSTL PALE 100 VIS,.900,,,3,,,N,33,,,,Y,38,43,pale/amb,,,
,GULF GRUNDEL L-6,.860,,,3,,,N,33,,,,Y,32,38,white,,,
,GULF PARALUX 70,.870,,,3,,,N,33,,,,Y,N,N,pale,,,
,GULF PARAMID 100,.850,,,3,,,N,33,,,,,N,N,white,,,
,GULF PARAMID 150,.870,,,3,,,N,33,,,,,N,N,white,,,
,GULF PARAMID 500,.880,,,3,,,N,33,,,,Y,38,49,pale,,,
,GULF PARAMID 600,.890,,,3,,,N,33,,,,Y,49,49,pale,,,
,GULF PARAMID 95,.870,,,3,,,N,33,,,,Y,27,38,lt.pale,,,
,GULF PARATEX 100,.860,,,3,,,N,33,,,,Y,N,N,light,,,
,GULF PARATEX 1200,.900,,,3,,,N,33,,,,Y,38,49,light,,,
,GULF PARATEX 500,.890,,,3,,,N,33,,,,Y,27,38,light,,,
,GULF PARATEX 75,.880,,,3,,,N,33,,,,Y,N,N,white,,,
,GULF PARATEX 950,.900,,,3,,,N,33,,,,Y,38,49,wittish,,,
,GULF SL PL 495/525 VIS,.900,,,3,,,N,33,,,,Y,54,54,amber,,,
,GULF SLVNT NTRL 100 E,.880,,,3,,,N,33,,,,Y,N,N,cream,,,
,GULF SLVNT NTRL 450 VS,.880,,,3,,,N,33,,,,Y,54,54,amb/red,,,
,GULF SLVNT PALE MEDIUM,.910,,,3,,,N,33,,,,Y,38,38,cream,,,
,GULF SLVNT PALE  65 VIS,.840,,,3,,,N,33,,,,Y,38,38,pale/amb,,,
,GULF SLVNT PL 73/78VIS,..870,,,3,,,N,33,,,,Y,38,38,pale/amb,,,
,GULF ST BR STK 150/160,.890,,,3,,,N,33,,,,Y,60,60,drk.amb,,,
,GULF TEXOIL 1900,.900,,,3,,,N,33,,,,Y,38,49,,,,
,GULF VERITAS V-9,.880,,,3,,,N,33,,,,,,,,,,
,HESS HVI-650,.900,,,3,,,N,33,,,,,49,49,,,,
,HESS HYDROLUBE,1:00,,,3,,,N,33,121,,93,37,N,N,near wht,,,
,IDEMITSU BRT STCK 200,.900,,,3,,,N,33,,,,,54,60,red,,,
,IDEMITSU ES 100 NEUTRAL,.870,,,3,,,N,33,,,,,N,N,,,,
,IDEMITSU MC 150 W,.860,,,3,,,N,33,,,,,N,N,white,,,
,IDEMITSU MNRL SEA OIL,.820,,,3,,,N,33,,,,,N,N,white,,,
,IDEMITSU MC 500 W,.860,,,3,,,N,33,,,,,N,N,white,,,
,IDEMITSU PARALUX 70,.870,,,3,,,N,33,,,,,N,N,pale,,,
,IDEMITSU PARATEX 100,.860,,,3,,,N,33,,,,,N,N,light,,,
,IDEMITSU PARATEX 500,.890,,,3,,,N,33,,,,,54,60,light,,,
,MOBIL A.S.B.O.,.930,,,,,,N,33,,,,,N,N,white,,,
,MOBIL AERO BD AVRX 1100,.890,,,,,,N,33,,,,,49,57,red,,,
,MOBIL AERO GREEN BAND,.890,,,,,,N,33,,,,,49,57,red,,,
,MOBIL AXLE OIL,.900,,,,,,N,33,,,,,38,43,green,,,
,MOBIL BASE STOCK 900,.880,,,,,,N,33,,,,,43,57,whittish,,,
,MOBIL BRIGHT STCK 1254,.980,,,,,,N,33,,,,,,,drk,,,
,MOBIL BRIGHT STOCK 130,,,,,,,N,33,,,,,52,57,red,,,
,MOBIL BS STK 9258,.940,,,,,,N,33,,,,,N,N,white,,,
,MOBIL CORYDON STK 0025,.890,,,,,,N,33,,,,,N,N,lemon,,,
,MOBIL CORYDON STK 0026,.850,,,,,,N,33,,,,,N,N,white,,,
,MOBIL CORYDON STK 0030,.870,,,,,,N,33,,,,,N,N,lemon,,,
,MOBIL CORYDON STK 0032,.870,,,,,,N,33,,,,,N,N,white,,,
,MOBIL CORYDON STK 0038,.870,,,,,,N,33,,,,,N,N,ex pale,,,
,MOBIL CORYDON STK 0041,.940,,,,,,N,33,,,,,35,43,orange,,,
,MOBIL CORYDON STK 0043,.940,,,,,,N,33,,,,,35,43,org/pale,,,
,MOBIL CORYDON STK 0045,.900,,,,,,N,33,,,,,43,52,lemon,,,
,MOBIL CORYDON STK 0048,.880,,,,,,N,33,,,,,43,52,d.red,,,
,MOBIL CORYDON STK 0050,.880,,,,,,N,33,,,,,43,52,lemon,,,
,MOBIL CORYDON STK 0062,.900,,,,,,N,33,,,,,49,57,d.red,,,
,MOBIL CYL OIL,.900,,,,,,N,33,,,,,49,57,d.green,,,
,MOBIL D.T.E HVY - MED,.880,,,,,,N,33,,,,,43,52,lemon,,,
,MOBIL FOIL OIL #38,.830,,,,,,N,33,,,,,N,N,white,,,
,MOBIL GENTREX 55,.800,,,,,,N,33,,,,,N,N,white,,,
,MOBIL GENTREX 56,.810,,,,,,N,33,,,,,N,N,white,,,
,MOBIL GENTREX 57,.810,,,,,,N,33,,,,,N,N,white,,,
,MOBIL GRADE 1,.840,,,,,,N,33,,,,,N,N,white,,,
,MOBIL GRADE 22A,.910,,,,,,N,33,,,,,49,57,d.green,,,
,MOBIL HPO-70,.856,,,,,,N,33,,,,,N,N,white,,,
,MOBIL ICE SAE40,.900,,,,,,N,33,,,,,52,52,red,,,
,MOBIL ICE 70,.930,,,,,,N,33,,,,,52,52,reddish,,,
,MOBIL METRO SAE 40,.930,,,,,,N,33,,,,,49,57,red,,,
,MOBIL MOBILSOLVE K,.990,,,,,,N,33,,,,,49,57,drk,,,
, MOBIL NAPREX 38 -0023,.920,,,,,,N,33,,,,,N,N,,,,
, MOBIL NAPREX 50,.910,,,,,,N,33,,,,,41,49,lemon,,,
,"MOBIL NEUTRAL 70"" 100",.850,,,,,,N,33,,,,,N,N,white,,,
,MOBIL OIL C 742,.930,,,,,,N,33,,,,,57,66,red,,,
,MOBIL PALE OIL 80/90,.940,,,,,,N,33,,,,,49,54,yellow,,,
,MOBIL PROCESS H,.950,,,,,,N,33,,,,,49,57,d.green,,,
,MOBIL PROCESS OIL HVY,.880,,,,,,N,33,,,,,35,43,white,,,
,MOBIL PROCESS OIL LGHT,.840,,,,,,N,33,,,,,N,N,white,,,
,MOBIL PROMOR F,.970,,,,,,N,33,,,,,38,38,blk,,,
,MOBIL PROMOR PP,1.000,,,,,,N,33,,,,,N,N,blk,,,
,MOBIL PROMOR 5,.860,,,,,,N,33,,,,,N,N,lemon,,,
,MOBIL PROMOR 80,.990,,,,,,N,33,,,,,49,52,drk,,,
,MOBIL POREX M,.860,,,,,,N,33,,,,,N,N,white,,,
,MOBIL S.A. CYL OIL,.940,,,,,,N,33,,,,,49,57,green,,,
,MOBIL SAE 40,.920,,,,,,N,33,,,,,35,43,orange,,,
,MOBIL SAME AS 32 36,.870,,,,,,N,33,,,,,N,N,white,,,
,MOBIL SAME AS 50 56,.880,,,,,,N,33,,,,,43,52,lemon,,,
,MOBIL SLVNT BRT STK 120,.890,,,,,,N,33,,,,,49,57,red,,,
,MOBIL SLVNT BRT STK 150,.900,,,,,,N,33,,,,,49,57,red/pale,,,
,MOBIL SLVNT BRT STK NTRL,.870,,,,,,N,33,,,,,N,N,lem/ple,,,
,MOBIL SLVNT NTRL OL 600,.890,,,,,,N,33,,,,,N,N,lemon,,,
,MOBIL SLVNT NTRL 200,.870,,,,,,N,33,,,,,N,N,lemon,,,
,MOBIL SOLVENT BR. STOCK,.900,,,,,,N,33,,,,,49,57,d. red,,,
,MOBIL SOVA SPRAY,.860,,,,,,N,33,,,,,N,N,white,,,
,MOBIL SP NAPHTHA BR ST,.910,,,,,,N,33,,,,,49,57,red,,,
,MOBIL SPINDLE OIL,.860,,,,,,N,33,,,,,N,N,light,,,
,"MOBIL STCK 321,321 1/2",.870,,,,,,N,33,,,,,N,N,lemon,,,
,MOBIL STCK 530 (UNFLT),.880,,,,,,N,33,,,,,N,N,lemon,,,
,MOBIL STK 1203 1/2 LUB,1.000,,,,,,N,33,,,,,66,66,drk,,,
,MOBIL STK 1260 (LBRZL),1.000,,,,,,N,33,,,,,60,66,d.red,,,
,MOBIL STK 1280 LUBE AD,1.000,,,,,,N,33,,,,,60,66,d.red,,,
,"MOBIL STK5027, 5028B",.870,,,,,,N,33,,,,,N,N,lemon,,,
,MOBIL STOCK  0036,.870,,,,,,N,33,,,,,N,N,white,,,
,MOBIL STOCK  0046,.900,,,,,,N,33,,,,,49,57,d.green,,,
,MOBIL STOCK  0049,.910,,,,,,N,33,,,,,49,57,d.green,,,
,MOBIL STOCK  0051,.900,,,,,,N,33,,,,,49,57,d.green,,,
,MOBIL STOCK  0056,.880,,,,,,N,33,,,,,43,52,lemon,,,
,MOBIL STOCK  0059 1/2,.900,,,,,,N,33,,,,,49,57,green,,,
,MOBIL STOCK  0069,.840,,,,,,N,33,,,,,N,N,pale,,,
,MOBIL STOCK  0073 1/2,.860,,,,,,N,33,,,,,N,N,white,,,
,MOBIL STOCK  0083,.930,,,,,,N,33,,,,,49,57,d.green,,,
,MOBIL STOCK  0092,.950,,,,,,N,33,,,,,49,57,red,,,
,MOBIL STOCK  0092 1/2,.920,,,,,,N,33,,,,,49,57,d.red,,,
,MOBIL STOCK  113 1/2,.840,,,,,,N,33,,,,,N,N,white,,,
,MOBIL STOCK  115,.860,,,,,,N,33,,,,,N,N,lemon,,,
,MOBIL STOCK  138,,,,,,,N,33,,,,,,,,,,
,MOBIL STOCK  140,.860,,,,,,N,33,,,,,N,N,white,,,
,MOBIL STOCK  141 1/2,.860,,,,,,N,33,,,,,N,N,white,,,
,MOBIL STOCK  142,.860,,,,,,N,33,,,,,N,N,lemon,,,
,MOBIL STOCK  14200,.930,,,,,,N,33,,,,,49,57,orange,,,
,MOBIL STOCK  144,.860,,,,,,N,33,,,,,N,N,white,,,
,MOBIL STOCK  150 (NTRL),.870,,,,,,N,33,,,,,N,N,white,,,
,MOBIL STOCK  180,.900,,,,,,N,33,,,,,N,N,lemon,,,
,MOBIL STOCK  2035,.890,,,,,,N,33,,,,,49,49,lemon,,,
,MOBIL STOCK  220,.870,,,,,,N,33,,,,,N,N,lemon,,,
,MOBIL STOCK  236,.880,,,,,,N,33,,,,,35,43,,,,
,MOBIL STOCK  300,.870,,,,,,N,33,,,,,N,N,red,,,
,MOBIL STOCK  302 1/2,.900,,,,,,N,33,,,,,43,52,,,,
,MOBIL STOCK  306,.870,,,,,,N,33,,,,,N,N,light,,,
,MOBIL STOCK  307,.900,,,,,,N,33,,,,,49,57,drk,,,
,MOBIL STOCK  310,.890,,,,,,N,33,,,,,41,49,red,,,
,MOBIL STOCK  311,.870,,,,,,N,33,,,,,N,N,red,,,
,MOBIL STOCK  318 1/2,.860,,,,,,N,33,,,,,N,N,lemon,,,
,MOBIL STOCK  318GR,.870,,,,,,N,33,,,,,N,N,lemon,,,
,MOBIL STOCK  319 1/2,.870,,,,,,N,33,,,,,N,N,lemon,,,
,MOBIL STOCK  324,.870,,,,,,N,33,,,,,N,N,lemon,,,
,MOBIL STOCK  324T,.870,,,,,,N,33,,,,,N,N,white,,,
,MOBIL STOCK  327,.860,,,,,,N,33,,,,,N,N,ple/lem,,,
,MOBIL STOCK  331,,,,,,,N,33,,,,,49,57,,,,
,MOBIL STOCK  340A,.880,,,,,,N,33,,,,,35,43,lemon,,,
,MOBIL STOCK  342,.880,,,,,,N,33,,,,,35,43,lemon,,,
,MOBIL STOCK  347,.900,,,,,,N,33,,,,,49,57,red,,,
,MOBIL STOCK  349,.900,,,,,,N,33,,,,,49,57,red,,,
,MOBIL STOCK  349T,.890,,,,,,N,33,,,,,54,54,lt.red,,,
,MOBIL STOCK  350,.860,,,,,,N,33,,,,,N,N,lemon,,,
,MOBIL STOCK  352,.860,,,,,,N,33,,,,,N,N,lemon,,,
,MOBIL STOCK  352 GR,.860,,,,,,N,33,,,,,N,N,lemon,,,
,MOBIL STOCK  352 1/2,.870,,,,,,N,33,,,,,N,N,lemon,,,
,MOBIL STOCK  358,.890,,,,,,N,33,,,,,35,43,red,,,
,MOBIL STOCK  364,.870,,,,,,N,33,,,,,,,pale,,,
,MOBIL STOCK  368 OR 366,.900,,,,,,N,33,,,,,49,57,d.red,,,
,MOBIL STOCK  383,.900,,,,,,N,33,,,,,46,54,red,,,
,MOBIL STOCK  395,.880,,,,,,N,33,,,,,,,ple/lem,,,
,MOBIL STOCK  396,.880,,,,,,N,33,,,,,N,N,light,,,
,MOBIL STOCK  398,.890,,,,,,N,33,,,,,35,43,red,,,
,MOBIL STOCK  488,.910,,,,,,N,33,,,,,49,57,d.green,,,
,MOBIL STOCK  495,.910,,,,,,N,33,,,,,60,66,d.green,,,
,"MOBIL STOCK  5015,5015B",.880,,,,,,N,33,,,,,43,52,lemon,,,
,MOBIL STOCK  511,.890,,,,,,N,33,,,,,N,N,lemon,,,
,MOBIL STOCK  516,.950,,,,,,N,33,,,,,41,49,red,,,
,MOBIL STOCK  530,.890,,,,,,N,33,,,,,N,N,lemon,,,
,MOBIL STOCK  577,1.000,,,,,,N,33,,,,,49,57,green.blk,,,
,MOBIL STOCK  608,.880,,,,,,N,33,,,,,N,N,lemon,,,
,MOBIL STOCK  616,.910,,,,,,N,33,,,,,N,N,lemon,,,
,MOBIL STOCK  621,.940,,,,,,N,33,,,,,43,52,red,,,
,MOBIL STOCK  631,.920,,,,,,N,33,,,,,35,43,lemon,,,
,MOBIL STOCK  637,.920,,,,,,N,33,,,,,43,52,red,,,
,MOBIL STOCK  640,.910,,,,,,N,33,,,,,49,57,red,,,
,MOBIL STOCK  640 1/2,.910,,,,,,N,33,,,,,49,57,red,,,
,MOBIL STOCK  641 1/2,.940,,,,,,N,33,,,,,52,52,,,,
,MOBIL STOCK  643,.920,,,,,,N,33,,,,,49,57,orange,,,
,MOBIL STOCK  643 1/2,.930,,,,,,N,33,,,,,49,57,orange,,,
,MOBIL STOCK  6518,.830,,,,,,N,33,,,,,N,N,ww,,,
,MOBIL STOCK  653,.890,,,,,,N,33,,,,,N,N,lemon,,,
,"MOBIL STOCK  670, 671",.920,,,,,,N,33,,,,,43,52,orange,,,
,MOBIL STOCK  672,.910,,,,,,N,33,,,,,43,52,lemon,,,
,"MOBIL STOCK  678, 678 GR",.900,,,,,,N,33,,,,,38,52,lemon,,,
,MOBIL STOCK  711 1/2,.960,,,,,,N,33,,,,,38,57,green,,,
,MOBIL STOCK  737,.890,,,,,,N,33,,,,,49,57,red,,,
,MOBIL STOCK  741,.900,,,,,,N,33,,,,,49,57,red,,,
,MOBIL STOCK  742 1/2,.910,,,,,,N,33,,,,,41,49,orange,,,
,MOBIL STOCK  9250,.940,,,,,,N,33,,,,,43,57,red,,,
,MOBIL TY 30 (MBLSOL 30),.990,,,,,,N,33,,,,,49,54,d.green,,,
,MOBIL 313,,,,,,,N,33,,,,,N,N,,,,
,MOBIL 6065,.860,,,,,,N,33,,,,,N,N,lemon,,,
,SHELL AEROSHELL w-120,.880,,,3,,,N,33,,,,40,27,38,,,,
,SHELL AEROSHELL w-80,.880,,,3,,,N,33,,,,,27,38,clear,,,
,SHELL AEROSHELL 100/120,.880,,,3,,,N,33,,,,,,,red,,,
,SHELL AROMA #71C,.950,,,3,,,N,33,204,-7,238,Y,66,,drk/brn,,,
,SHELL ATF-A BASE STOCK,.880,,,3,,,N,33,,,,,,,,,,
,SHELL BANANA SPRAY OIL,870,,,3,,,N,33,,,,,N,N,cream,,,
,SHELL DUTREX 33 LUBE,.950,,,3,,,N,33,,,,,16,32,med.drk,,,
,SHELL DUTREX 55C,1.000,,,3,,,N,33,204,-7,,Y,52,65,drk-blk,,,
,SHELL DUTREX 718,.970,,,3,,,N,33,204,-7,,Y,52,65,drk-blk,,,
,SHELL DUTREX 726,.930,,,3,,,N,33,204,-7,,Y,49,49,drk-blk,,,
,SHELL DUTREX 766,.970,,,3,,,N,33,204,-7,,Y,65,65,drk-blk,,,
,SHELL DUTREX786,.970,,,3,,,N,33,204,-7,,Y,65,65,drk-blk,,,
,SHELL GRAVEX 29,.930,,,3,,,N,33,,,,,38,38,ple/lem,,,
,SHELL HVI-B,.870,,,3,,,N,33,,,,,21,38,orange,,,
,SHELL HVI-N-40,.860,,,3,,,N,33,,,,,N,N,ww,,,
,SHELL HVI-100- NEUT,.860,,,3,,,N,33,,,,,,,,,,
,SHELL HVI-150-D BS,.900,,,3,,,N,33,,,,,,,,,,
,SHELL HVI-160-160S,.890,,,3,,,N,33,,,,,18,38,lt.red,,,
,SHELL HVI-170,.900,,,3,,,N,33,,,,,21,38,lemon,,,
,SHELL HVI-250-NEUTRAL,.880,,,3,,,N,33,,,,,,,,,,
,SHELL HVI-270/350,.890,,,3,,,N,33,,,,,Y,Y,lt.red,,,
,SHELL HVI-500-NEUTRAL,.880,,,3,,,N,33,,,,,,,,,,
,SHELL HVI-55/65,.880,,,3,,,N,33,,,,,N,N,white,,,
,SHELL HVI-650,.900,,,3,,,N,33,,,,,54,54,pale,,,
,SHELL HVI-95,.870,,,3,,,N,33,,,,,N,N,pale,,,
,SHELL LVI-100-C-NEUT,.900,,,3,,,N,33,,,,,,,,,,
,SHELL LVI-1100,.960,,,3,,,N,33,,,,,43,54,drk,,,
,SHELL LVI-140,.940,,,3,,,N,33,,,,,,,orange,,,
,SHELL LVI-375/450,.950,,,3,,,N,33,,,,,,,orange,,,
,SHELL LVI-450,.930,,,3,,,N,33,,,,,32,38,,,,
,SHELL LVI-50,.920,,,3,,,N,33,,,,,27,32,green,,,
,SHELL LVI-570/750,.950,,,3,,,N,33,,,,,57,60,orge.red,,,
,SHELL LVI-575-C-NEUT,.920,,,3,,,N,33,,,,,,,,,,
,SHELL LVI-90/210-C,.920,,,3,,,N,33,,,,,,,,,,
,SHELL MVI-N-170,.900,,,3,,,N,33,,,,,21,38,lemon,,,
,SHELL MVI-N-40,.860,,,3,,,N,33,,,,,N,N,ww,,,
,SHELL MVI-N-45,.880,,,3,,,N,33,,,,,N,N,pale,,,
,SHELL MVI-P,.860,,,3,,,N,33,,,,,N,N,ww,,,
,SHELL MVI-P-1300,.930,,,3,,,N,33,,,,,60,60,drk,,,
,SHELL MVI-P-50,.900,,,3,,,N,33,,,,,32,38,pale,,,
,SHELL MVI-400-NEUT,.900,,,3,,,N,33,,,,,,,,,,
,SHELL MVI-76/210-N,.900,,,3,,,N,33,,,,,,,,,,
,SHELL NASSA 89,.910,,,3,,,N,33,,,,,49,57,d.green,,,
,SHELL NSR-45,.870,,,3,,,N,33,,,,,35,38,clear,,,
,SHELL SHELLFLEX N LUBE,.930,,,3,,,N,33,,,,,43,43,ple.red,,,
,SHELL SHELLFLEX 312,1.000,,,3,,,N,33,204,4,177,Y,,66,drk,,,
,SHELL SPRAYOIL,.850,,,3,,,N,33,,,,,N,N,light,,,
,SHELL STOCK 398,.880,,,3,,,N,33,,,,,35,43,red,,,
,SHELL TALPA 30,.900,,,3,,,N,33,,,,,,,,,,
,SHELL TERGOL 180L-BS,.970,,,3,,,N,33,,,,,,,,,,
,SHELL TRANSFORMER OIL,.860,,,3,,,N,33,,,,,N,N,clear,,,
,SHELL UNTRTD TRANSFO,.870,,,3,,,N,33,,,,,,,,,,
,SINCLAIR NAPREX 50,.910,,,3,,,N,33,,,,,41,49,lemon,,,
,SINCLAIR NAPREX 38/0023,.920,,,3,,,N,33,,,,,N,N,,,,
,SUN 100SN,,,,,,,,,,,,,,,,,,
,SUN 200SN,,,,,,,,,,,,,,,,,,
,SUN 325SN,,,,,,,,,,,,,,,,,,
,SUN 600SN,,,,,,,,,,,,,,,,,,
,SUNCO ICPA150 SOLV BR,.900,15,.00085,3,,,N,33,,,,Y,60,60,d.red,,,
,SUNCO ICPA 500 SOLVENT,.890,20,.00085,,,,N,33,,,,Y,43,43,cream,,,
,SUNCO ICPA 650 BSE GREEN,.900,20,.00085,,,,N,33,,,,Y,43,43,org.ple,,,
,SUNCO 104 PALE OIL,.930,20,.00085,3,,,N,33,,,,Y,27,38,lem.ple,,,
,SUNCO 500 PALE OIL,.930,20,.00085,3,,,N,33,,,,Y,35,43,lem.ple,,,
,SUNCO 80/90 PALE OIL,.940,20,.00085,3,,,N,33,,,,Y,49,57,lem.ple,,,
,SUNCO 87-H,.940,20,.00085,3,,,N,33,,,,Y,43,54,orange,,,
,SUNCO 87-H RED,.950,20,.00085,3,,,N,33,,,,Y,43,49,d.red,,,
,SUNCO 91-GOLDEN,.920,20,.00085,3,,,N,33,,,,Y,16,32,ex.pale,,,
,SUNCO 92-B,.950,20,.00085,3,,,N,33,,,,Y,49,57,red,,,
,SUNCO 96-GOLDEN,.940,20,.00085,3,,,N,33,,,,Y,38,49,pale,,,
,TEXACO AIRCRAFT ENG 120,.880,,,,,,N,33,,,,,,,,,,
,TEXACO AIRCRAFT ENG20,.880,,,,,,N,33,,,,,,,,,,
,TEXACO AIRCRAFT OIL 100,.880,,,3,,,N,33,,,,,,,,,,
,TEXACO AIRCRAFT OIL 120,,,,3,,,N,33,,,,,52,57,drk,,,
,TEXACO BEARING OIL,.940,,,3,,,N,33,,,,,,,,,,
,TEXACO BLACK OIL STOCK,.920,,,3,,,N,33,,,,,,,,,,
,TEXACO BRIGHT STCK 160,.910,,,3,,,N,33,,,,,,,,,,
,TEXACO  CAR OIL STCK TH,.900,,,3,,,N,33,,,,,,,,,,
,TEXACO CAR OIL WA,.910,,,3,,,N,33,,,,,,,,,,
,TEXACO DASR RESIDIUM,.920,,,3,,,N,33,,,,,,,,,,
,TEXACO DIESELTEX HD40,.900,,,3,,,N,33,,,,,,,,,,
,TEXACO DYED FLUID 3525,.890,,,3,,,N,33,,,,,,,,,,
,TEXACO E PALE OIL 100,.880,,,3,,,N,33,,,,,,,,,,
,TEXACO FIRE STOCK 650,.920,,,3,,,N,33,,,,,,,,,,
,TEXACO FIRE STOCK 650H,.920,,,3,,,N,33,,,,,,,,,,
,TEXACO FIRE STOCK 650 DW,,,,3,,,N,33,,,,,60,66,green,,,
,TEXACO FLTRED NTRNT 15,.860,,,3,,,N,33,,,,,,,,,,
,TEXACO FLUID 3528,.890,,,3,,,N,33,,,,,,,,,,
,TEXACO FRUIT SPRAY,.870,,,3,,,N,33,,,,,,,,,,
,TEXACO  GEAR OIL,.950,,,3,,,N,33,,,,,,,,,,
,TEXACO HAVOLINE 08,.870,,,3,,,N,33,,,,,,,,,,
,TEXACO HAVOLINE 20,.880,,,3,,,N,33,,,,,,,,,,
,TEXACO HAVOLINE 40,.880,,,3,,,N,33,,,,,,,,,,
,TEXACO INK OIL E,.930,,,3,,,N,33,,,,,,,,,,
,TEXACO INK OIL G,.940,,,3,,,N,33,,,,,,,,,,
,TEXACO JET ENGH OL MED,.870,,,3,,,N,33,,,,,,,,,,
,TEXACO JOURNALTEX HD,.910,,,3,,,N,33,,,,,,,,,,
,TEXACO JOURNALTEX HDS,.910,,,3,,,N,33,,,,,,,,,,
,TEXACO JOURNALTEX HDW,.900,,,3,,,N,33,,,,,,,,,,
,TEXACO JOURNALTEX HD-100,.910,,,3,,,N,33,,,,,,,,,,
,TEXACO LITE LUBE DSTLE,.910,,,3,,,N,33,,,,,,,,,,
,TEXACO MNRL CYL 650-T,.920,,,3,,,N,33,,,,,,,,,,
,TEXACO MS 2110,.920,,,3,,,N,33,,,,,,,,,,
,TEXACO MS 2190,.910,,,3,,,N,33,,,,,,,,,,
,TEXACO MS 2250,.940,,,3,,,N,33,,,,,,,,,,
,TEXACO MS 3050,.880,,,3,,,N,33,,,,,,,,,,
,TEXACO MS 3080,.890,,,3,,,N,33,,,,,,,,,,
,TEXACO NEUTRAL 500,.890,,,3,,,N,33,,,,,27,38,pale,,,
,TEXACO OIL FLT 762/500,.910,,,3,,,N,33,,,,,38,49,lt.pale,,,
,TEXACO OIL 300,.840,,,3,,,N,33,,,,,,,,,,
,TEXACO P PALE OIL 10,.880,,,3,,,N,33,,,,,,,light,,,
,TEXACO P PALE TRBN 440,.880,,,3,,,N,33,,,,,,,,,,
,TEXACO  P PLE TURBINE,.860,,,3,,,N,33,,,,,N,N,white,,,
,TEXACO PALE FILTERED 55,.880,,,3,,,N,33,,,,,32,38,white,,,
,TEXACO PALE OIL 070,.910,,,3,,,N,33,,,,,,,,,,
,TEXACO PALE OIL 080,,,,3,,,N,33,,,,,52,57,d.pale,,,
,TEXACO PALE OIL 100,,,,3,,,N,33,,,,,N,N,lt.pale,,,
,TEXACO PALE OIL 200,.920,,,3,,,N,33,,,,,,,,,,
,TEXACO PALE OIL 300,.930,,,3,,,N,33,,,,,,,,,,
,TEXACO PALE OIL 500,.930,,,3,,,N,33,,,,,,,,,,
,TEXACO PALE TRBNE 300,.910,,,3,,,N,33,,,,,,,,,,
,TEXACO PALE TRBNE 500,.910,,,3,,,N,33,,,,,,,,,,
,TEXACO PALE TRBNE 700,.930,,,3,,,N,33,,,,,,,,,,
,TEXACO PETROX,.920,,,3,,,N,33,,,,,,,,,,
,TEXACO PETROX 214,.920,,,3,,,N,33,,,,,,,,,,
,TEXACO PG OIL 55,.900,,,3,,,N,33,,,,,,,,,,
,TEXACO PL OL C FLT 080,.880,,,3,,,N,33,,,,,,,fine,,,
,TEXACO PL OL C FLT 300,.900,,,3,,,N,33,,,,,,,product,,,
,TEXACO PL OL C FLT 500,.910,,,3,,,N,33,,,,,,,careful,,,
,TEXACO RB OIL,.920,,,3,,,N,33,,,,,,,,,,
,TEXACO RED OIL 200,.920,,,3,,,N,33,,,,,,,,,,
,TEXACO RED OIL 300,.920,,,3,,,N,33,,,,,,,,,,
,TEXACO RED OIL75/80,.930,,,3,,,N,33,,,,,,,,,,
,TEXACO REGAL OIL L,.890,,,3,,,N,33,,,,,54,54,v.drk,,,
,TEXACO SLUBE OIL C BS,1.000,,,3,,,N,33,,,,,,,,,,
,TEXACO SLUBE OIL D BS,1.000,,,3,,,N,33,,,,,,,,,,
,TEXACO SMN 2611,.880,,,3,,,N,33,,,,,38,43,cream,,,
,TEXACO SMN 2627,.880,,,3,,,N,33,,,,,38,43,cream,,,
,TEXACO SNO 05,.860,,,3,,,N,33,,,,,,,,,,
,TEXACO SNO 07,.860,,,3,,,N,33,,,,,,,,,,
,TEXACO SNO 08,.870,,,3,,,N,33,,,,,,,,,,
,TEXACO SNO 20,.880,,,3,,,N,33,,,,,,,,,,
,TEXACO SNO 40,.890,,,3,,,N,33,,,,,,,,,,
,TEXACO SNO 50,.900,,,3,,,N,33,,,,,N,N,pale,,,
,TEXACO SPRAYTEX CT,.890,,,3,,,N,33,,,,,,,,,,
,TEXACO SPRAYTEX OIL C,.920,,,3,,,N,33,,,,,49,66,d.green,,,
,TEXACO SR-CYLINDERSTCK,,,,3,,,N,33,,,,,N,N,,,,
,TEXACO STOCK 6518,.810,,,3,,,N,33,,,,,,,,,,
,TEXACO TEXMATIC FLUID,.890,,,3,,,N,33,,,,,,,,,,
,TEXACO TEXSPRAY BASE,.870,,,3,,,N,33,,,,,,,,,,
,TEXACO TLA 106,1.000,,,3,,,N,33,,,,,,,,,,
,TEXACO TLA 197,1.000,,,3,,,N,33,,,,,,,,,,
,TEXACO TLA 229,1.000,,,3,,,N,33,,,,,,,,,,
,TEXACO TLA 245,1.030,,,3,,,N,33,,,,,52,52,drk,,,
,TEXACO TLA 272,1.000,,,3,,,N,33,,,,,,,,,,
,TEXACO TLA 321,.950,,,3,,,N,33,,,,,43,60,ww,,,
,TEXACO TLA 537,.980,,,3,,,N,33,,,,,54,66,,,,
,TEXACO TLA 538,.960,,,3,,,N,33,,,,,54,66,,,,
,TEXACO TMO BASE,.900,,,3,,,N,33,,,,,,,,,,
,TEXACO TORQUE FLD BASE,.890,,,3,,,N,33,,,,,,,,,,
,TEXACO TRNSFRMR OIL 55,.890,,,3,,,N,33,,,,,,,,,,
,TEXACO TURBINE OIL PLE,.850,,,3,,,N,33,,,,,N,N,white,,,
,TEXACO TURBINE OIL  300,.910,,,3,,,N,33,,,,,,,,,,
,TEXACO TURBINE OIL 440,.880,,,3,,,N,33,,,,,,,,,,
,TEXACO TURBINE OIL 500,.910,,,3,,,N,33,,,,,,,,,,
,TEXACO TURBINE OIL 600,.870,,,3,,,N,33,,,,,32,43,,,,
,TEXACO TURBINE OIL 750,.930,,,3,,,N,33,,,,,,,,,,
,TEXACO VSCSTY STCK 100,.920,,,3,,,N,33,,,,,,,,,,
,TEXACO 521,.930,,,3,,,N,33,,,,,54,60,,,,
,TEXACO 527,.865,,,3,,,N,33,,,,,27,32,pale,,,
,TEXACO 538,.910,,,3,,,N,33,,,,,27,35,pale,,,
,TEXACO 587,.880,,,3,,,N,33,,,,,32,43,lt.pale,,,
,TEXACO 6105,.870,,,3,,,N,33,,,,,32,38,yellow,,,
,TEXACO 6109,.870,,,3,,,N,33,,,,,49,52,yellow,,,
,TEXACO 650,,,,3,,,N,33,,,,,60,66,d.green,,,
,TEXACO 7872,.950,,,3,,,N,33,,,,,43,60,ww,,,
,TEXACO 8245,.900,,,3,,,N,33,,,,,52,57,d.red,,,
,TEXACO 872,.880,,,3,,,N,33,,,,,27,32,white,,,
,TEXACO 874,.910,,,3,,,N,33,,,,,54,66,green,,,
,TIDEWATER DIOL 80,.920,,,3,,,N,33,,,,,38,52,lemon,,,
,TIDEWATER PALE  OIL 100,.900,,,3,,,N,33,,,,,N,N,cream,,,
,TIDEWATER PALE  OIL 1800,.930,,,3,,,N,33,,,,,N,N,pale,,,
,TIDEWATER REFINED 150,.970,,,3,,,N,33,,,,,57,66,,,,
,TOMEN BASE OIL,.950,,,3,,,N,33,,,,,,,white,,,
,TRANSFORMER OIL,.860,,,3,,,N,33,232,,149,49,N,N,clr&ple,N,,
,WITCO PALE OIL,.880,,,3,,,N,33,,,,40,27,27,pale,,,
Magnesium chloride (solution 65%H20),,1.300,20,,3,,N,N,,104,,,,37,N,white,Y,,This spec. is for a 30/70 % sol. in water. Stow in
,,,,,,,,,,,,,,,,,,,"organic coatings only. Noncompliance, Marpol"
,,,,,,,,,,,,,,,,,,,annex 3. Combatibility unassigned but uncombatible
,,,,,,,,,,,,,,,,,,,"with #2,3,5,6,and 12. Clean  with ambient water vent"
Magnesium hydroxide (solution 43% H2O),,1.500,,,3,,N,N,33,,,,,,,white,N,,More info required. Noncompliance. Marpol annex
,Magnesium hydrate,,,,,,,,,,,,,,,,,,3. Correct IMO name is Magnesium hydroxide Slurry
,Magnesia magma,,,,,,,,,,,,,,,,,,
,Milk of magnesia,,,,,,,,,,,,,,,,,,
,"Magnesium sulfonate, overbased",1.070,,,3,,,N,,260,,193,Y,,,brn,sli,,May require heating check. SS and coating should
,,,,,,,,,,,,,,,,,,,should be ok. except mabye for zinc as product
,,,,,,,,,,,,,,,,,,,moderatly basic. Not yet in IMO code but USCG
,,,,,,,,,,,,,,,,,,,classified as noncompliance. NO compatibility
,,,,,,,,,,,,,,,,,,,"yet assigned. Clean with hot water, use Stolt A or B"
,,,,,,,,,,,,,,,,,,,if necessary. Pollution category not assigned
Maleic anhydride (molten),,1.430,15,,3,2g,D,Y,11,200,53,102,Y,79,79,c.less,,,"Heat required (fp 53C) Stow in centertk only, use"
,Butenedioic anhydrine-cis,,,,,,,,,,,,,,,drk,,,steamtraced lines in cold climate. Clean tank
,"Furanedione-2,5",,,,,,,,,,,,,,,,,,immediatly after discharge with hot water and steam
,Toxilic acid,,,,,,,,,,,,,,,,,,
, ,,,,,,,,,,,,,,,,,,
Marine diesel intermediate,,.940,,,3,,,N,33,204,,38,Y,38,38,,,,Cleaning problems. Check Operations prior booking
Marine diesel light,,.850,,,3,,,N,33,204,,38,Y,N,N,,,,Hot wash use Stolt A or B.
Menhaden oil,,.930,,,3,,D,N,34,204,-5,224,38,30,30,drk,N,,Drying oil. Fish oil. Max 50C adjacent. Several
,Mossbunker oil,,,,,,,,,,,,,,,yellow,,,"grades with different FFA, check. Normally FFA"
,,,,,,,,,,,,,,,,,,,"above 2,5% all grades. Wash tank immediatley"
,,,,,,,,,,,,,,,,,,,"after discharge with cold water, then warm water."
,,,,,,,,,,,,,,,,,,,Use Stolt C for final cleaning and spots.
Mesamoll farben,,1.000,,,3,,,N,,299,,27,38,N,N,ww,N,,Tradenamn for Alkyl Sulfonic Ester of Phenol and
,Alkyl sulfonic ester,,,,,,,,,,,,,,,,,,Creosol. Not classified for bulkshipment under this 
,,,,,,,,,,,,,,,,,,,"name. Should be easy, but need more info."
Mesityl Oxide,,.860,,,3,2g,D,Y,18,130,,32,38,N,N,c.less,Y,1229,"ww standard, no wallwash required Toxic, handle"
,Isobutenyl methyll ketone,,,,,,,,,,,,,,,lt.yell,,,"with care. Color sensative, require good tank."
,Isopropylideneacetone,,,,,,,,,,,,,,,,,,"Rough wash with cold water, then warm wash.Oily."
,Methyl isobutenyl ketone,,,,,,,,,,,,,,,,,,
,Methyl-3-pentene-2-one-4,,,,,,,,,,,,,,,,,,
Meta Trifluoromethylphenyl Isocyaanate,,1.335,15,,,,,,,168,-26,66,N,N,N,ww,N,,"Must have more infos on product. Not yet classified,"
,,,,,,,,,,,,,,,,,,,most probably IMO chapt 6. compliance cgo. N2
,,,,,,,,,,,,,,,,,,,required as product reacts with water to form
,,,,,,,,,,,,,,,,,,,"Carbon dioxide, check that tank atmosphere "
,,,,,,,,,,,,,,,,,,,"before entry, Clean with ambient temp water."
,,,,,,,,,,,,,,,,,,,Probably SS stow only. P.H= acidic
Methacrylic acid (inhibited),,1.000,,,3,2g,D,Y,4,162,13,79,N,20,20,ww,Y,2531,Inhibited. Do not stow heated cargoes adjacent
,,,,,,,,,,,,,,,,,,,"Get heating instructions, May have to heat with"
,,,,,,,,,,,,,,,,,,,"water, not steam. Clean with cold water only."
,,,,,,,,,,,,,,,,,,,Steam for odor.
Methacrylonitrile,,.800,20,,2,2g,C,Y,15,90,-36,12,amb,N,N,ww,Y,3079,Inhibited. No heat adjacent. Probably SS stow
,,,,,,,,,,,,,,,,,,,only. Handle with care Clean with cold water.
,,,,,,,,,,,,,,,,,,,Steam for odor
Methaform (Borden),,1.100,25,,3,2g,C,Y,19,82,,38,N,N,N,c-less,Y,,This product is Formaldehyde 55% in water 11%
,,,,,,,,,,,,,,,,,,,and Methanol 34% and classified by USCG as 
,,,,,,,,,,,,,,,,,,,Formaldehyde (over 50%) in Methyl alcohol 
,Formaldehyde solution 54%,,,,,,,,,,,,,,,,,,(over 30%) with Formaldehyde 45% as ref. cargo
,,,,,,,,,,,,,,,,,,,with add. req.: Closed gauging. Storage temp.
,,,,,,,,,,,,,,,,,,,"23-25 C, temp. must not drop below 15C."
,,,,,,,,,,,,,,,,,,,"Clean with cold water, then warm and steam."
Methane,,.420,,,,,N,Y,31,-162,-183,-188,,,,c-less,N,,Gas code.
,Marsh gase,,,,,,,,,,,,,,,,,,
,Methyl hydride,,,,,,,,,,,,,,,,,,
Methoxytriglycol,,1.000,,,3,,D,N,40,249,-44,118,38,N,N,ww,Y,,More info required. This is a plasticizer intermediate
,Glycol ether,,,,,,,,,,,,,,,,,,colorless liquid with low toxicity. Shold be easy
,,,,,,,,,,,,,,,,,,,"cargo. Clean with warm water, ventilate."
Methyl acetate,,,,,3,,N,N,34,,,9,N,N,N,ww,Y,1231,ww standard. Handle as a Low flash solvent.
,Methyl ester,,,,,,,,,,,,,,,,,,"Clean with cold water, ventilate."
Methylic acetate acetone,,1.080,,,3,,N,N,34,112,28,70,38,N,N,ww,,,More infos required. Probably not correct name
,,,,,,,,,,,,,,,,,,,Should be easy cargo.
Methyl acetoacetate,,1.078,20,,3,,D,N,34,170,-32,70,38,N,N,ww,N,,More info req. should be easy cgo.
Methyl acetylene propadiene mixture,,.575,15,,,,N,Y,30,-38,,,,,,c-less,,,Gas code.
,Allene-methylacetylene mixture,,,,,,,,,,,,,,,,,,
,Mapp Gas,,,,,,,,,,,,,,,,,,
,Methylacetyleneallene Mixture,,,,,,,,,,,,,,,,,,
,Propadienemethylacetylene,,,,,,,,,,,,,,,,,,
Methyl acrylate (Inhibited),,.960,,,2,2g,C,Y,14,80,-77,-4,N,N,N,ww,sli,1919,Inhibited. Vapour return may be required. Special 
,Acrylic acid methyl ester,,,,,,,,,,,,,,,,,,"req. in Rotterdam for Acryles. ww standard, tank"
,Methyl-2-propenoate,,,,,,,,,,,,,,,,,,"and lines 100% dry. Clean with cold water, steam"
,,,,,,,,,,,,,,,,,,,for odor.
Methyl alcohol,,.790,,,3,,N,N,20,64,,12,N,N,N,ww,Y,1230,Chloride and hydrocarbon wall wash. Check Stolt
,Methanol,,,,,,,,,,,,,,,,,,"special cleaning, testing procedures. Consult ops"
,Colonial spirit,,,,,,,,,,,,,,,,,,dep. before stoing in organic coatings. PTT time
,Columbian spirit,,,,,,,,,,,,,,,,,,50 min 3ppm cl. Cleaning. empty sump  vent.
,Wood alcohol,,,,,,,,,,,,,,,,,,Marpol appendix 3.
,Wood Naphta,,,,,,,,,,,,,,,,,,
,Wood spirit,,,,,,,,,,,,,,,,,,
Methyl amyl acetate,,.860,,,3,2g,C,N,34,146,-68,43,N,N,N,c-less,N,1233,Low flash solvent. ww standard. N2 may be required
,Hexyl acetate,,,,,,,,,,,,,,,,,,check Some caotings have restrictions.
,Maa,,,,,,,,,,,,,,,,,,"Clean with cold water, ventilate."
,Methylisobutyl carbinyl acetate,,,,,,,,,,,,,,,,,,
,Methyl-4-pentanol-2-acetate,,,,,,,,,,,,,,,,,,
,Methyl-4-pentyl-2-acetate,,,,,,,,,,,,,,,,,,
Methyl amyl alcohol,,.810,15,,3,2g,C,Y,20,130,-60,55,38,N,N,ww,1,2053,ww standard. Some shippers very strict on last cgo.
,Mibc,,,,,,,,,,,,,,,,,,some also require N2 purge and blanketing.
,Isobutyl methyl carbinol,,,,,,,,,,,,,,,,,,"Clean with cold water, ventilate."
,Isobutyl methyl methanol,,,,,,,,,,,,,,,,,,
,Maho,,,,,,,,,,,,,,,,,,
,Methyl isobutyl carbinol,,,,,,,,,,,,,,,,,,
,Methyl-4-pentanol-2,,,,,,,,,,,,,,,,,,
,Mic,,,,,,,,,,,,,,,,,,
,Methylisobutylcarbide,,,,,,,,,,,,,,,,,,
Methyl bromide,,.730,,,,,,Y,36,5,-95,,,,,c-less,1,,Require cooling.
,Bromoethane,,,,,,,,,,,,,,,,,,
,Embafume,,,,,,,,,,,,,,,,,,
,M-B-C fumigant,,,,,,,,,,,,,,,,,,
,Monobromomethane,,,,,,,,,,,,,,,,,,
Methyl butyraldehyde,,.800,,,3,2g,C,Y,19,93,-51,40,38,,,,1,2058,Perfume based product. High cleanliness expected.
,Isovaleraldehyde,,,,,,,,,,,,,,,,,,Correct IIMO name is Isovaleraldehyde.
Methyl carbonate,,1.070,20,,,,,,,90,,,,,,ww,N,,Must have more infos. this product. Not found
,Dimethyl carbonate,,,,,,,,,,,,,,,,,,in aany resistancy lists. Not classified for carriage.
Metyl chloride,,.920,,,,,N,Y,36,-24,-98,,N,,,c-less,N,,B.P. - 24C Unable to handle this lo bp.
Methyl ethyl ketone,,.810,,,3,,N,N,18,80,-86,-1,49,N,N,ww,4,1193,Acid wash if last cgo oil or fats. N2 or dessicators
,Mek,,,,,,,,,,,,,,,,,,required by most shippers. Cold wash and steam.
,Butanone-2,,,,,,,,,,,,,,,,,,Pollution category; Marpol annex ll. app lll.
,Ethyl methyl ketone,,,,,,,,,,,,,,,,,,
Methyl formal,,.861,20,,3,,N,N,41,42,-106,-18,N,N,N,c-less,,,More infos required. Should be no problem to hand.
,Dimethoxymethane,,,,,,,,,,,,,,,,,,this Formaldehyde solution. Classified by USCG
,Dimethyl formal,,,,,,,,,,,,,,,,,,"as noncompliance, not yet in IMO code."
,Formaldehyde dimethyl acetal,,,,,,,,,,,,,,,,,,"Clean with cold water, ventilate."
,Methylal,,,,,,,,,,,,,,,,,,
,Methylene dimethyl eter,,,,,,,,,,,,,,,,,,
Methyl formate,,.980,20,,2,2g,D,Y,34,31,-100,-32,N,N,N,c-less,Y,1243,Cooling or pressured tk required.
,Methyl ester,,,,,,,,,,,,,,,,,,
Methyl heptyl ketone,,.800,,,3,2g,B,Y,18,193,-7,71,49,N,N,ww,N,,N2 blanket may be required. ww standard. Compl-
,Mhk,,,,,,,,,,,,,,,,,,iance cargo because of pollution hazards.
,Methyl-5-octanone-2,,,,,,,,,,,,,,,,,,"Clean with  cold water, ventilate."
Methyl isoamyl ketone,,.810,,,3,2g,C,Y,18,144,-74,43,38,N,N,ww,1,1110,ww standard. Color sensative. N2 blanket 
,,,,,,,,,,,,,,,,,,,recommended. Cold wash. Compliance because
,,,,,,,,,,,,,,,,,,,of pollution hazards.
Methyl isobutyl ketone,,.800,,,3,,D,N,18,114,-80,14,38,N,N,w,1,1245,ww standard easy cargo.
,Hexone,,,,,,,,,,,,,,,,,,N2 recommended to protect  quality.
,Isobutyl mehyl ketone,,,,,,,,,,,,,,,,,,"Clean with cold water , ventilate."
,Isopropylacetone,,,,,,,,,,,,,,,,,,
,Methyl-4-pentanone-2,,,,,,,,,,,,,,,,,,
,Mibk,,,,,,,,,,,,,,,,,,
,Mik,,,,,,,,,,,,,,,,,,
Methyl methacrylate monomer,,.949,15,,2,2g,D,Y,14,101,-48,10,N,N,N,ww,N,1247,Inhibited. No adjacent heat. Cold wash 
,Methacrylate monomer,,,,,,,,,,,,,,,,,,followed by steam.
,"Methacrylic acid, Methyl ester",,,,,,,,,,,,,,,,,,
,Methyl Methylacrylate-a,,,,,,,,,,,,,,,,,,
,Methyl-2-methyl-2-propenoate,,,,,,,,,,,,,,,,,,
,MMM,,,,,,,,,,,,,,,,,,
Methyl naphtalene,,.990,,,3,,,N,32,204,4,82,Y,30,30,ww,N,,"Several grades, check. Get heating instructions"
,,,,,,,,,,,,,,,,to,,,Warm wash and steam Presently a non compliance
,,,,,,,,,,,,,,,,drk.brn,,,"cargo, but could change because of pollution haz"
Methyl Pyridine-2,,.950,,,2,2g,B,Y,9,129,,39,N,N,N,c-less,Y,2313,"TOXIC ww standard Clean with cold water,vent."
,Picoline-a,,,,,,,,,,,,,,,,,,Steam if necessary for odor.
,Picoline-2,,,,,,,,,,,,,,,,,,
Methyl pyridine-3,,.950,15,,2,2g,B,Y,9,144,,38,N,N,N,clear or,Y,,Toxic ww standard.
,,,,,,,,,,,,,,,,yellow,,,
Methyl pyridine-3/methyl Pyrideine-4 Mix,,.956,20,.00091,2,2g,B,Y,9,145,,37,N,N,N,yellow,Y,2313,Toxic .Corrosive and flammable. Handle with care.
,,,,,,,,,,,,,,,,clear,,,Max 100 ppm water content if stow zinc.
,Picoline mixtures Beta/gamma,,,,,,,,,,,,,,,,,,"Clean with cold water first, than warm and steam."
,Picoline mixtures 3/4,,,,,,,,,,,,,,,,,,"If strong odor use Stolt C. Not listed in IMO, but "
,,,,,,,,,,,,,,,,,,,should be same as for the other Methylpyridines.
Methyl pyridine-4,,.955,20,.00100,2,2g,B,Y,9,145,4,56,amb,N,N,ww,Y,2313,"ww standard, Good tank required. N2 required if"
,,,,,,,,,,,,,,,,,,,"Stow in zinc. clean with warm water, steam for odor."
Methyl styrene-alpha,,.900,25,,2,2g,A,Y,30,165,-23,53,37,N,N,ww,sli,2303,Inhibited. No heat adjacent.  Clean with cold water 
,Alpha methyl styrene,,,,,,,,,,,,,,,,,,"immediatley after discharge, then warm water and"
,AMS,,,,,,,,,,,,,,,,,,"steam. Pollution category A, Prewash to shore req."
,,,,,,,,,,,,,,,,,,,
Metyl tertary butyl ether,,.747,15,,3,,D,N,41,55,-40,-27,N,N,N,,sli,,"Gasoline additive, handle as a unleaded gasoline"
,MTBE,,,,,,,,,,,,,,,,,,"Clean with warm water, ventilate Not comp. with#1."
Methyl-n-pyrrolidone-2,,1.030,,,3,2g,B,Y,9,202,-24,95,N,N,N,ww,Y,,ww standard. Color sensative. N2 blanket and
,Methyl-1-pyrrolidione-2,,,,,,,,,,,,,,,,,,purging recommended. No heat adjacent. Clean
,Methylpyrrolidione-n,,,,,,,,,,,,,,,,,,"with cold water, ventilate."
,Methylpyrrolidone-n,,,,,,,,,,,,,,,,,,
,Methyl-a-pyrrolidone-n,,,,,,,,,,,,,,,,,,
,NMP,,,,,,,,,,,,,,,,,,
Methyl-2 6-Ethylaniline,,.969,15,.00044,3,2g,C,Y,9,230,-25,101,N,N,N,clear,negl,,Handle as aniline. Not tested for SS or coating 
,,,,,,,,,,,,,,,,,,,resistancy. SS should be OK. Carboline says Z-11
,,,,,,,,,,,,,,,,,,,"probably ok. Clean with warm water, then warm,"
,,,,,,,,,,,,,,,,,,,and steam.
Methyl-2-ethylpyridine-5,,.920,20,,3,2g,B,Y,9,178,-70,74,38,N,N,ww,1,,Vapor return and N2 may be required. Product
,Aldehyde-collidine,,,,,,,,,,,,,,,,,,"rapidley absorbs moisture, Clean with cold water,"
,Aldehydine,,,,,,,,,,,,,,,,,,then warm and steam.
,Eethyl-5-methylpyridine-2,,,,,,,,,,,,,,,,,,
,Ethyl-5-picoline-2,,,,,,,,,,,,,,,,,,
,Mep,,,,,,,,,,,,,,,,,,
Methyl-2-hydroxy-2-butyne-3,,.867,15,.00106,3,2g,N,Y,20,104,3,25,38,,,clear,misc,,"Not tested for coating resistancy, SS should be ok"
,Methyl butynol,,,,,,,,,,,,,,,,,,"Check if heating required. Clean with warm water,"
,Methyl-2-butyne-3,,,,,,,,,,,,,,,,,,Use Stolt A or B if necessary.
Methyl-3-butene-2,,.662,20,.00160,,,,,,38,-133,-45,N,N,N,ww,N,,"Not yet classified, will propably be a compliance"
,Methyl-2-butene-3,,,,,,,,,,,,,,,,,,cargo. Cooling may be required. dependent on
,Trimethylethylene,,,,,,,,,,,,,,,,,,"exact vapour pressure, Check. Most proably N2"
,Beta isoamylene,,,,,,,,,,,,,,,,,,purge and blanketing. Vapor return could also be
,Tertiary amylenes,,,,,,,,,,,,,,,,,,"required. Flush with ambient temp water, ventilate"
Methylamine 42% or less,,.900,20,,2,2g,C,Y,7,49,-38,-10,N,N,N,ww,Y,1230,Check % concentration and B.P. each time.
,Monomethylamine,,,,,,,,,,,,,,,,,,Do not stow adjacent to heat. Clean with ambient 
,Aminomethane,,,,,,,,,,,,,,,,,,"water, ventilate. Avoid inhalation af vapor, causes"
,MMA,,,,,,,,,,,,,,,,,,severe coughing and chest pain.
,Methanamine,,,,,,,,,,,,,,,,,,
,Methylamine-Mono 42% or less,,,,,,,,,,,,,,,,,,
,Methylamine 42%or less,,,,,,,,,,,,,,,,,,
,,,,,,,,,,,,,,,,,,,
Methylene chloride,,1.332,15,.00148,3,2g,D,Y,36,41,-97,,33,N,N,ww,N,1593,ww standard. Avoid oils or fats as last cargo in zinc
,Dichloromethane,,,,,,,,,,,,,,,,,,"DOW allows max. heat  adj. 33C, also requests N2"
,Methylene dichloride,,,,,,,,,,,,,,,,,,"padding. Clean with amb. water, ventilate."
,Mec,,,,,,,,,,,,,,,,,,
"Methylenedianiline,4. 1/0-Dichlorobenzene",,,,,,,,,,,,,,,,,,,
,80/20 solution,!.175,25,.00100,2,1g, ,Y,9,180,55,104,Y,70,80,brown,sli,,Difficult cargo with special handling and cleaning
,,,,,,,,,,,,,,,,,,,instructions. Contact Cargo Manager for details
,,,,,,,,,,,,,,,,,,,Pollutions category not yet assigned
Methylhydrazine,,.878,20,,,,,,,87,-52,16,N,N,N,clear,Y,,Have not carried. Not listed in any coating resistancy
,,,,,,,,,,,,,,,,,,,"lists, but belive in SS stow only as product reacts"
,Monomethylhydrazine,,,,,,,,,,,,,,,,,,"with Iron , Copper and Alloy. Also reacts  slowly with "
,MMH,,,,,,,,,,,,,,,,,,"N2 therefore required. Clean with cold water, vent."
,,,,,,,,,,,,,,,,,,,Product listed as poisonous. Not yet classified but
,,,,,,,,,,,,,,,,,,,will certainly be a compliance cargo.
Mineral oil arco tufflo rubber softner,,.970,,,,,,N,33,204,-10,93,Y,54,,blk,N,,
Mineral oil arco tufflo 1559A,,.920,,,,,,N,33,204,-10,,Y,38,54,pale,N,,
Mineral oil arco tufflo491,,.990,,,,,,N,33,204,-10,93,Y,71,82,blk,N,,
Mineral oil arco tufflo 6056,,.870,,,,,,N,33,204,-10,93,66,38,,white,N,,
Mineral oil arco tufflo 6204,,.880,,,,,,N,33,204,-10,93,66,38,,ww,N,,
Mineral oil petrolatum jelly,,.830,,,3,,,N,33,260,33,149,Y,82,82,wh,N,,More info  required. High heat M.P. 60C. May req.
,,,,,,,,,,,,,,,,Yellwo,,,external or thermal heating.
,,,,,,,,,,,,,,,,wmb,,,Expect cleaning problem
Mineral oil petrolatum liquid,,.870,,,3,,,N,33,400,,300,50,Y,Y,white,,,Different grades. Get heating instructions. Easy cgo.
,,,,,,,,,,,,,,,,,,,Clean with hot water. Marpol appendix lll.
Mineral oil sealol (Exxxon),,.870,,,3,,,N,33,204,-12,149,49,,38,white,N,,may require some heat. get heating instructions
,,,,,,,,,,,,,,,,,,,Hot wash. Stolt A och B.
Mineral sealoil,,.800,,,3,,,N,33,149,,82,49,N,N,white.ww,N,,Very fine oil- handle with care . Hot wash
,,,,,,,,,,,,,,,,,,,Use Stolt A or B as required.
"Mineral spirit, Shellsol T",,.756,15,,3,2g,,N,33,182,,54,,N,N,clear,N,,
,Shellsol T,,,,,,,,,,,,,,,,,,
Mineral spirits,,,,,3,,,,,,,,,,,,,,
,"M SPIRIT, AROMASOL-H",.870,,,3,,,N,33,,204,47,38,N,N,ww,N,,Shell product. Avoid mild steel.
,"M SPIRIT, CERTREX 39",.760,,,3,,,N,33,,185,59,38,38,38,,N,,ww standard. Stolt A or B for spot cleaning.
,"M SPIRIT, ESCAID 100",.790,,,3,,,N,33,,196,71,38,N,N,ww,N,,
,"M SPIRIT, EXSOL D-60",.770,,,3,,,N,33,,160,49,40,N,N,ww,,,
,"M SPIRIT, EXSOL D-80",.790,,,3,,,N,33,,232,74,40,N,N,,,,
,"M SPIRIT, MOBIL WS 100",.870,,,3,,,N,33,,160,41,38,N,N,ww,N,,
,"M SPIRIT, MOBIL WS 150",.890,,,3,,,N,33,,182,66,38,N,N,ww,N,,
,"M SPIRIT, MOBIL 3",.870,,,3,,,N,33,,193,41,38,N,N,ww,,,
,"M SPIRIT, MOBIL 4",.890,,,3,,,N,33,,182,66,38,N,N,ww,,,
,"M SPIRIT, PEGASOL 100",.870,,,3,,,N,33,,160,41,38,38,38,,N,,
,"M SPIRIT, PEGASOL 2530",.750,,,3,,,N,33,,121,53,38,N,N,ww,N,,
,"M SPIRIT, PEGASOL 3035",.780,,,3,,,N,33,,160,41,38,N,N,ww,N,,
,"M SPIRIT, PEGASOL 3040",.780,,,3,,,N,33,,160,41,38,N,N,ww,N,,
,"M SPIRIT, PEGASOL 3440",.760,,,3,,,N,33,,182,49,38,N,N,ww,N,,
,"M SPIRIT, SBP 100/140",.730,,,3,,,N,33,,100,,38,N,N,ww,N,,
,"M SPIRIT, SBP 140/165",.750,,,3,,,N,33,,140,26,N,N,N,ww,N,,
,"M SPIRIT, SBP 62/82",.680,,,3,,,N,33,,66,,38,N,N,ww,N,,
,"M SPIRIT, SBP 80/100",.710,,,3,,,N,33,,80,,38,N,N,ww,N,,
,"M SPIRIT, SHELL HAWS",.810,,,3,,,N,33,,160,41,38,N,N,ww,N,,
,"M SPIRIT, SHELL KEREX",.860,,,3,,,N,33,,160,46,38,N,N,ww,N,,
,"M SPIRIT, SHELL LAWS",.770,,,3,,,N,33,,160,39,38,N,N,ww,N,,
,"M SPIRIT, SHELLSOL A",.870,,,3,,,N,33,,160,43,38,N,N,ww,N,,
,"M SPIRIT, SHELLSOL AB",.890,,,3,,,N,33,,185,43,38,N,N,ww,N,,
,"M SPIRIT, SHELLSOL D40",.762,15,,3,2G,,N,33,,162,40,,N,N,claer,N,,
,"M SPIRIT, SHELLSOL D60",.783,15,,3,2G,,N,33,,185,61,,N,N,claer,N,,
,"M SPIRIT, SHELLSOL D70",.790,15,,3,2G,,N,33,,194,72,,N,N,claer,N,,
,"M SPIRIT, SHELLSOL E",.850,,,3,,,N,33,,160,44,38,N,N,ww,N,,
,"M SPIRIT, SHELLSOL F",.820,,,3,,,N,33,,160,45,38,N,N,ww,N,,
,"M SPIRIT, SHELLSOL H",.790,,,3,,,N,33,,188,66,38,N,N,ww,N,,
,"M SPIRIT, SHELLSOL K",.780,,,3,,,N,33,,193,66,38,N,N,ww,N,,
,"M SPIRIT, SHELLSOL N",.870,,,3,,,N,33,,166,53,38,N,N,ww,N,,
,"M SPIRIT, SHELLSOL PD",.780,,,3,,,N,33,,149,38,38,N,N,ww,N,,
,"M SPIRIT, SHELLSOL R",.890,,,3,,,N,33,,210,78,38,N,N,ww,N,,
,"M SPIRIT, SHELLSOL RA",.910,,,3,,,N,33,,182,63,38,N,N,ww,N,,
,"M SPIRIT, SHELLSOL TD",.749,15,,3,2G,,N,33,,170,45,,,,claer,N,,
,"M SPIRIT, SOLVASOL 35",.760,,,3,,,N,33,,188,49,38,38,38,,N,,
,"M SPIRIT, SOLVASOL 5",.800,,,3,,,N,33,,182,41,38,38,38,,N,,
,"M SPIRIT, SOLVASOL 5BC",.780,,,3,,,N,33,,182,41,38,38,38,,N,,
,"M SPIRIT, SOMENTOR 31",.790,,,3,,,N,33,,232,74,38,38,38,,N,,
,"M SPIRIT, EXXON NAPHTA",.740,,,3,,,N,33,,121,16,N,N,N,,N,,
,"M SPIRIT, EXXON VARSOL",,,,3,,,N,33,,160,,,,,,N,,
,"M SPIRIT, MOBIL NAPHTHA",.740,,,3,,,N,33,,121,15,N,N,N,ww,N,,
,"M SPIRIT, MOBIL ODORLES",.750,,,3,,,N,33,,149,38,38,N,N,ww,N,,
,"M SPIRIT, MOBIL SLVT100",.870,,,3,,,N,33,,160,41,38,N,N,ww,N,,
,"M SPIRIT, MOBIL SUPERSOL",.770,,,3,,,N,33,,160,41,38,Y,Y,ww,N,,
,"M SPIRIT, MOBIL 140/150",.890,,,3,,,N,33,,140,66,38,N,N,ww,N,,
,"M SPIRIT, PEGASL R-3035",.780,,,3,,,N,33,,160,41,38,N,N,ww,N,,
,"M SPIRIT, PEGASL R-3040",.780,,,3,,,N,33,,160,41,38,N,N,ww,N,,
,"M SPIRIT, PEGASOL R-100",.870,,,3,,,N,33,,160,41,38,38,39,,N,,
,"M SPIRIT, PEGASOL R-150",.890,,,3,,,N,33,,162,65,38,38,38,,N,,
,"M SPIRIT, SHELL CYCOSL",,,,3,,,N,33,,,,,,,,N,,
,"M SPIRIT, SHELL ODORLES",.760,,,3,,,N,33,,149,38,Y,N,N,ww,N,,
,"M SPIRIT, SHSOL T&TD-71",.750,,,3,,,N,33,,154,41,38,N,N,ww,N,,
Mixed methyl palitate-oleate esters,,.863,35,,3,,D,N,34,,21,,40,32,45,lt-ylow,N,,manufacturer asking for SS stow. normal storage
,Stepan C-65,,,,,,,,,,,,,,,,,,temp. is between 32 and 49C. Heat carefully as
,,,,,,,,,,,,,,,,,,,may darken if heated to quickly.
"Molasses, Blackstrap & Beet",,1.450,,,3,,,N,20,204,21,,Y,Y,Y,brn,Y,,Check PH if zinc stow. Get full specs. grade and 
,,,,,,,,,,,,,,,,,,,geating instructions. Hot wash. Use Stolt C if
,,,,,,,,,,,,,,,,,,,necessary. Consult SNI handling ins for Molasses.
Monoisopropanolaamine,,.960,,,3,2g,C,Y,7,160,1,77,37,,,cless,Y,,ww standard. Heating may be required in cold 
,Amino-1-propanol-2,,,,,,,,,,,,,,,,,,"climate. Clean with warm water, steam and vent."
,Hydroxypropylamine-2,,,,,,,,,,,,,,,,,,
,Isopropanolamine,,,,,,,,,,,,,,,,,,
Mononitrobenzene,,1.200,,,2,2g,B,Y,42,211,6,88,37,,,lt green,N,,"Very toxic, handle with care. ww standard.  Will "
,Essence of mirbane,,,,,,,,,,,,,,,yellow,,,require heat in cold climate. Clean with warm 
,Nitrobenzol,,,,,,,,,,,,,,,,,,"water, steam and ventilste."
,Oil of mirbane,,,,,,,,,,,,,,,,,,
Morpholine,,1.000,,,3,2g,D,Y,7,129,-8,31,49,30,30,ww,Y,2054,ww standard. Heat will be required in cold
,Dimethyleneimide oxide,,,,,,,,,,,,,,,,,,"climate. Clean with warm water, ventilate"
,Diethylene oximide,,,,,,,,,,,,,,,,,,
,"Tetrahydro-2h-1,4-oxazine",,,,,,,,,,,,,,,,,,
,Tetrahydro-p-oxazine,,,,,,,,,,,,,,,,,,
Motor fuel antiknock compounds,,1.650,,,2,1g,A,Y,,180,135,94,,,,red/orge,1,1649,"Dedicated tanks only. See BCH code, 4.6."
,,,,,,,,,,,,,,,,blue,,,difficult handling.
Mustard seed oil (Vegetable oil),,.910,,,3,,D,N,34,151,-10,46,38,N,N,yellow,sli,,Low F.F.A. vegoil (less than 2% as Oleic). Drying oil
,Allyl isothiocynate,,,,,,,,,,,,,,,,,,Handle as a normal drying veg oil.
,Propenylisothiocynate-2,,,,,,,,,,,,,,,,,,
Myristyl alcohol,,.840,,,3,2g,,,20,264,38,140,Y,49,54,white,N,,Get full specs. and heating  Easy caargo.
,Tetradecanol-1,,,,,,,,,,,,,,,,,,"Clean with warm water, stem and ventilate."
,,,,,,,,,,,,,,,,,,,Must be assessed for pollution
Na Salt of ferric hydroxethylethylene di,,,,,,,,,,,,,,,,,,,
,amine triacetic acid,1.390,20,-60,,,,Y,43,108,-27,,N,N,N,d.red,Y,,SS stow only time beeing as corrosive to carbon
,,,,,,,,,,,,,,,,,,,"steel. If any coating OK, must be in perfect "
,,,,,,,,,,,,,,,,,,,"condition. Stow away from heat, decomposes at "
,,,,,,,,,,,,,,,,,,,approx 60/65C incompatible with # 3.
,,,,,,,,,,,,,,,,,,,"Clean with ambient temp water, vent."
,,,,,,,,,,,,,,,,,,,Solution contains 56% water Not listed by IMO.
Naphta petroleum,,,,,,,,,,,,,,,,,,,Handle as heavy naphta.
,"Naphta, aromtc ctrx47",.930,,,3,,,N,33,182,,65,37,N,N,cream,N,,
,"Naphta, han, sas 269",.988,15,,3,,,N,33,288,,149,49,N,N,ww,N,,
,"Naphta, high aromatic",,,,3,,,N,33,177,,66,37,N,N,ww,N,,
,"Naphta, petroleum",.710,,,3,,,N,33,32,,-18,N,N,N,pale,N,,
"Naphta, Steamed cracked",,.830,,,3,,,N,33,,,,N,N,N,ww,N,,Handle as normal naphta. This type of naphta
,,,,,,,,,,,,,,,,,,,"is not compatible with strong acids, caustics or "
,,,,,,,,,,,,,,,,,,,oxidizing agents.
"Naphta, Heavy aromatic (HAN) Sunco",,.870,,,3,,,N,33,160,,38,Y,N,N,ww,N,,Various grades. ww Standard.
Naphtalene liquid,,.965,80,.00040,2,2g,A,Y,32,218,80,79,Y,93,95,white,N,,Very high heat. Consult Operations prior to booking.
,Naphtalin,,,,,,,,,,,,,,,,,,
,Tar camphor,,,,,,,,,,,,,,,,,,
,White tar,,,,,,,,,,,,,,,,,,
Naphtalene oil,,.980,,,,,,,32,204,63,65,Y,79,85,brown,N,,Very high heat. consult Gen Ops prior booking.
,,,,,,,,,,,,,,,,,,,Expect great problems cleaning as this product
,,,,,,,,,,,,,,,,,,,is 70% Naphtalene and 30% Coal tar.
Naphtenic acid refined,,.980,20,,2,2g,A,Y,4,132,15,149,38,30,37,golden,N,,Check if crude or refined. Avoid heat adjacent
,,,,,,,,,,,,,,,,to blk,,,for refined grade. Heating may be required. Hot
,,,,,,,,,,,,,,,,,,,"wash, use Stolt A or B if necessary. We have"
,,,,,,,,,,,,,,,,,,,experienced coating discoloration in Phenoline 373
,,,,,,,,,,,,,,,,,,,therefor stow SS
Naphtenic acid crude,,.950,,,2,2g,A,Y,4,232,4,66,60,30,37,drk brn,N,,Check grade. Get heating instructions. We have
,,,,,,,,,,,,,,,,,,,experienced coating discoloration in Phenoline 373
,,,,,,,,,,,,,,,,,,,"therefor stow SS Clean with warm water, use Stolt"
,,,,,,,,,,,,,,,,,,,A or B if necessary.
Neopentyl Glycol 90% solution,,1.050,,,3,,D,N,20,204,120,,Y,52,52,white,,,More info . required
,"Dimethyl-2-propanediol-1,3",,,,,,,,,,,,,,,,,,"Correct IMO name is Dimetyl-2-Propanediol-1,3"
Niax isocyanate SF-58 (UCC),,1.185,20,.00073,2,2g,,Y,12,230,5,266,Y,Y,Y,drk,N,,Product is  a mixture of 80% TDI and 20% Diphenyl
,,,,,,,,,,,,,,,,,,,Methane Isocyanate (MDI). Handle and carry as per
,TDI/MDI Mixture,,,,,,,,,,,,,,,,,,Stolt TDI manual USCG says product to be listed as
,,,,,,,,,,,,,,,,,,,Toulene Diisocyanate/Diphenylmethane 
,,,,,,,,,,,,,,,,,,,Diisocyanate Mixture. Not listed by IMO but
,,,,,,,,,,,,,,,,,,,should be same as for TDI
Niax Polyol (UCC) BE-375,,1.010,15,,3,,D,N,40,204,,204,60,60,60,white,Y,,Get heating instructions each and every time.
,,,,,,,,,,,,,,,,,,,Glykol standard tank. Hot wash.
Niax Polyol (UCC) LG-56 ONE,,1.010,15,,3,,D,N,40,204,,204,60,60,60,white,Y,,Get heating instructions each and every time.
,,,,,,,,,,,,,,,,,,,Glykol standard tank. Hot wash.
Niax Polyol (UCC) LG-56 REG,,1.000,15,,3,,D,N,40,204,,204,60,60,60,white,Y,,Get heating instructions each and every time.
,,,,,,,,,,,,,,,,,,,Glykol standard tank. Hot wash.
Niax Polyol (UCC) LS-490,,1.094,15,,3,,D,N,40,204,,204,60,60,60,white,Y,,Get heating instructions each and every time.
,,,,,,,,,,,,,,,,,,,Glykol standard tank. Hot wash.
Niax Polyol (UCC) PPG-1025,,1.005,15,,,,D,N,40,204,,204,38,32,32,white,Y,,Get heating instructions each and every time.
,,,,,,,,,,,,,,,,,,,Glykol standard tank. Hot wash.
Niax Polyol (UCC) PPG-2025,,1.005,15,,,,D,N,40,204,,204,40,37,37,white,Y,,Get heating instructions each and every time.
,,,,,,,,,,,,,,,,,,,Glykol standard tank. Hot wash.
Niax Polyol (UCC) PPG-425,,1.008,15,,,,D,N,40,204,,204,35,N,N,white,Y,,Get heating instructions each and every time.
,,,,,,,,,,,,,,,,,,,Glykol standard tank. Hot wash.
Niax Polyol (UCC) 14-16,,1.021,15,,3,,D,N,40,204,,204,45,37,37,white,Y,,Get heating instructions each and every time.
,,,,,,,,,,,,,,,,,,,Glykol standard tank. Hot wash.
Niax Polyol (UCC) 16-46,,1.020,15,.00065,3,,D,N,40,204,,204,60,60,60,white,Y,,Get heating instructions each and every time.
,,,,,,,,,,,,,,,,,,,Glykol standard tank. Hot wash.
Niax Polyol (UCC) 31-45,,1.000,15,,3,,D,N,40,204,,204,40,37,37,yellow,Y,,Get heating instructions each and every time.
,,,,,,,,,,,,,,,,,,,Glykol standard tank. Hot wash.
Niax Polyol (UCC) 34-28,,1.045,15,.00052,3,,D,N,40,204,,204,40,37,37,tan,Y,,Get heating instructions each and every time.
,,,,,,,,,,,,,,,,,,,Glykol standard tank. Hot wash.
Niax Polyol (UCC) 34 -45,,1.029,20,.00056,3,,D,N,40,204,,204,40,37,37,white,Y,,Get heating instructions each and every time.
,,,,,,,,,,,,,,,,,,,Glykol standard tank. Hot wash.
Nitric acid less than 70%,,1.490,,.00067,2,2g,C,Y,3,89,-42,,N,N,N,ww to,Y,,Cloride free tk. Avoid heat adjacent. Max 50C.
,,,,,,,,,,,,,,,,pale.yell,,,Clean with plenty ambient  temp water.
Nitric acid 70% and over,,1.500,,.00067,2,2g,C,Y,3,89,.42,,N,N,N,cl to l.br,Y,,Cloride free tk. Avoid heat adjacent. Max 50C.
,Aqua-fortis,,,,,,,,,,,,,,,,,,Check SS resistancy list for max strenght and temp.
,Hydrogen nitrate,,,,,,,,,,,,,,,,,,Clean with plenty ambient  temp water.
Nitrobenzene,,1.208,,.00099,2,2g,B,Y,42,211,6,88,49,N,N,yellow,N,1662,Maay require heating Check. N2 purging and 
,Essence of mirbane,,,,,,,,,,,,,,,,,,blanket normally required. Cold wash.
,Nitrobenzol,,,,,,,,,,,,,,,,,,
,Oil of Mirbane,,,,,,,,,,,,,,,,,,
,Mononitrobenzene,,,,,,,,,,,,,,,,,,
"Nitrochlorobenzene, ortho",,1.368,20,,2,2g,B,Y,42,245,32,261,Y,Y,Y,yellow,N,1578,"Poisonous cargo, absorbed through skin. Get"
,,,,,,,,,,,,,,,,,,,heating instructions. See remarks in SS and
,Chloronitrobenzene-2,,,,,,,,,,,,,,,,,,Coating resistancy lists. Clean with warm water(hot)
,Ortho-chloronitrobenzene,,,,,,,,,,,,,,,,,,ventilate. Use Stolt A or B if required.
Nitroethane/1-nitropropane mixture,,1.010,15,,3,2g,D,Y,42,125,,34,Y,N,N,clear,negl,1993,This is a 40/60 mixture of the two products. Stow
,Comsol 200 (Angus),,,,,,,,,,,,,,,,,,SS if possible as no caoatings have been tested.
,,,,,,,,,,,,,,,,,,,ww standard Clean with cold water ventilate.
Nitrophenol-ortho,,1.490,,,2,2g,B,Y,,214,44,,60,52,66,yellow,Y,1663,Handle as phenol .N2 may be required. Carboline
,Hydroxynitrobenzene,,,,,,,,,,,,,,,,,,"belive in Phenoline and zinc should be ok, but"
,,,,,,,,,,,,,,,,,,,have not tested. No Compatbility # but incomp.
,,,,,,,,,,,,,,,,,,,"with #2,3 and 5 through 10. Clean with warm w steam."
Nitropropane-1,,1.006,15,.00108,3,2g,D,Y,43,132,-108,38,30,N,N,ww,N,2608,Wallwash for hydrocarbons. N2 purge may be
,,,,,,,,,,,,,,,,,,,required. N2 blanket required. Avoid heat 
,,,,,,,,,,,,,,,,,,,adjacent (30C). Cold wash.
Nitropropane-2,,.993,20,.00110,3,2g,D,Y,43,120,-93,27,N,N,N,ww,,2608,Wallwash for hydrocarbons. N2 purge may be
,,,,,,,,,,,,,,,,,,,required. N2 blanket required. Avoid heat 
,,,,,,,,,,,,,,,,,,,adjacent (30C). Cold wash.
Nitrotoulene-ortho,,1.160,20,.00097,2,2g,C,Y,42,220,-8,106,38,N,N,yellow,N,1664,Higly toxic.
,Methylnitrobenzene-o,,,,,,,,,,,,,,,,,,N2 blanket may be required. Clean withwarm water
,Methylnitrobenzene-p,,,,,,,,,,,,,,,,,,ventilate.
Nitrotoulene-para,,,,,2,2g,C,Y,42,,,,,,,,,1664,More infos. required
,Methylnitrobenzene-o,,,,,,,,,,,,,,,,,,Should be handled similar to the ortho grade.
,Methylnitrobenzene-p,,,,,,,,,,,,,,,,,,
Nonane,,.718,20,.00077,3,,D,N,31,150,-54,30,N,N,N,c-less,,1920,ww standard. easy cargo. N2 blanket may be
,,,,,,,,,,,,,,,,,,,asked for. Clean with ambient temp water.
Nonene-1,,.743,,,3,2g,B,Y,30,150,,22,49,N,N,ww,N,,ww standard.Check if N2 required. Compliance
,Heptylene-n,,,,,,,,,,,,,,,,,,cargo because of pollution hazards.
,Nonylene-1,,,,,,,,,,,,,,,,,,Clean with ambient temp water.
Nonyl alcohol-norm,,.829,15,.00070,3,2g,C,Y,20,191,5,71,49,21,40,ww,N,,ww standard. Heat sensitive. Get heating
,Nonanol,,,,,,,,,,,,,,,,,,instructions and follow closley.
,Alcohol C-9,,,,,,,,,,,,,,,,,,Clean with warm water. use Stolt A or B for spots.
,Octyl carbinol,,,,,,,,,,,,,,,,,,
,Pelargonic Alcohol,,,,,,,,,,,,,,,,,,
,Nonanol N,,,,,,,,,,,,,,,,,,
,Nonanol-N,,,,,,,,,,,,,,,,,,
,N-Nonanol,,,,,,,,,,,,,,,,,,
Nonyl phenol,,.950,20,.00072,2,2g,A,Y,21,315,-11,121,60,21,38,cless,N,,N2 normally requested. Get heat instructions as
,Alkyl Phenol,,,,,,,,,,,,,,,pale.yell,,,varies from shipper to shipper. Color sensitive to
,Polyeter glycol,,,,,,,,,,,,,,,,,,"air. Clean with warm water, ventilate."
,Arkopal,,,,,,,,,,,,,,,,,,
Nonyl phenol ethoxylated grade,,1.000,38,,3,2g,B,Y,40,204,-7,220,60,21,40,clear,,,Get heating instructions. Check if N2 required.
,Akropal Hoechst,,,,,,,,,,,,,,,,,,Compliance cargo because of pollution haz.
,Marlophene BP,,,,,,,,,,,,,,,,,,"Clean with warm water, ventilate."
,Synperonic ICI,,,,,,,,,,,,,,,,,,
,Tegitol N-10 UCC,,,,,,,,,,,,,,,,,,
Octane,,.703,20,,,,C,N,31,125,-57,13,38,N,N,c.less,N,1262,ww standard. Easy product.
,,,,,,,,,,,,,,,,ww,,,Clean with ambient temp water.
Octanol-1-norm,,.830,20,.00067,3,2g,C,Y,20,193,-16,81,49,N,N,ww,N,,ww standard. cold wash and steam.
,Alcohol C-8,,,,,,,,,,,,,,,,,,
,Heptyl Carbinol,,,,,,,,,,,,,,,,,,
,Octyl Alcohol,,,,,,,,,,,,,,,,,,
,Octyl Aldehyde,,,,,,,,,,,,,,,,,,
Octene,,.715,20,,3,2g,C,Y,30,121,-102,21,38,N,N,c.less,N,,N2 may be required. Compliance cargo because
,Carylene,,,,,,,,,,,,,,,,,,of pollution hazards. Clean with warm water.
,Octylene-a,,,,,,,,,,,,,,,,,,
,Octylene-1,,,,,,,,,,,,,,,,,,
Oiticicica oil raw,,.960,,,3,,D,N,34,204,-1,177,40,38,43,cream,N,,Drying oil. Get specs and heating instructions
,,,,,,,,,,,,,,,,amber,,,Heat exactly according to instr. Rough clean tk
,,,,,,,,,,,,,,,,green,,,immediatly after discharge then use warm water.
,,,,,,,,,,,,,,,,,,,Stolt C for final cleaning. Stolt LAC for dried spots.
Olefins (Shell) Decene 103,,.760,,,3,,C,N,30,191,,79,38,N,N,ww,N,,N2 blanket may be required. Use coated or SS
,,,,,,,,,,,,,,,,,,,"space. Clean with warm water, use Stolt A or B"
,,,,,,,,,,,,,,,,,,,if oily film
Olefins (Shell) Nonene 80,,.740,,,3,,B,N,30,149,,29,38,N,N,ww,N,,N2 blanket may be required. Use coated or SS
,,,,,,,,,,,,,,,,,,,"space. Clean with warm water, use Stolt A or B"
,,,,,,,,,,,,,,,,,,,if oily film
Olefins (Shell) Tetra-Decene,,.780,,,3,,C,N,30,218,,110,38,N,N,yellow,N,,N2 blanket may be required. Use coated or SS
,,,,,,,,,,,,,,,,,,,"space. Clean with warm water, use Stolt A or B"
,,,,,,,,,,,,,,,,,,,if oily film
Oleic acid crude,,.880,,.00069,3,,D,N,4,260,14,160,37,21,49,o.red/,N,,Easy cargo. Get heating instructions. Handle as
,Heptadecylene-8-carboxylic acid-cis,,,,,,,,,,,,,,,pale,,,"you would Tallow. Clean with hot water, use Stolt C "
,Octadecenoic acid-9-cis,,,,,,,,,,,,,,,,,,for Spots.
,Octadecylienic acid-d-dis,,,,,,,,,,,,,,,,,,
,Red oil,,,,,,,,,,,,,,,,,,
Oleum 20% solution,,1.970,15,,2,2g,C,Y,,149,-4,,N,N,N,ww,Y,1831,Check Gen Ops prior to booking. Several different
,,,,,,,,,,,,,,,,,,,grades of which some requires heating. Reacts
,Fuming sulfuric acid,,,,,,,,,,,,,,,,,,violently with water and organic matters. Reacts
,Oil of vitriol,,,,,,,,,,,,,,,,,,with humidity in air to produce dense white smoke
,,,,,,,,,,,,,,,,,,,of aresol sulfuric acid. Must issue special handling
,,,,,,,,,,,,,,,,,,,and cleaning instructions prior to carriage.
Olive oil,,.915,15,.00062,3,,D,N,34,285,-6,225,37,N,N,l.yellow,N,,"Food grade. Very high cleanliness required,"
,,,,,,,,,,,,,,,,,,,methanol standard. Cl free. If possible go for SS.
,Sweet oil,,,,,,,,,,,,,,,,,,"Clean with warm water first, then hot. Use Stolt"
,,,,,,,,,,,,,,,,,,,C for films or spots.
Oxinol 10 Gasoline blending Component,,.790,15,.00080,3,,N,N,20,63,-100,-20,amb,N,N,clear,N,,"Higly flammable. Good, clean tank required."
,,,,,,,,,,,,,,,,,,,Contains 90% t-Butyl Alcohol and 10% Methanol
,,,,,,,,,,,,,,,,,,,do not stow epoxy or Phenoline. Vent dry.
,,,,,,,,,,,,,,,,,,,Marpol appendix lll.
Palm acid oil,,.874,57,,3,,D,N,34,177,27,177,Y,38,60,"drk,blk",N,,Heavy bottoms may require circulation 1/2 day 
,Acidulated Palm Oil,,,,,,,,,,,,,,,,,,"prior to discharge. Hot wash, inject Stolt E, alternat."
,,,,,,,,,,,,,,,,,,,spray with Stolt LAC.
Palm Fatty Acid,,.874,57,,3,,D,N,34,204,40,160,Y,,57,lt.red,N,,Avoid single skin/bottom winter time. Contact SNI
,Palm Facid,,,,,,,,,,,,,,,,,,"re circulation during voyage. Hot wash, Inject"
,,,,,,,,,,,,,,,,,,,Stolt E or roundwash Caustic or spray  Stolt LAC.
Palm Fattty Acid Destillate (Palmco),,.870,57,.00075,3,,D,N,34,204,29,160,Y,N,57,"lt,red",N,,Raise to discharge temp. 3/4 days prior to arrival
,Palm Fatty Acid Distillate,,,,,,,,,,,,,,,,,,"Hot wash, inject Stolt E or spray with Stolt LAC."
Palm Kernel oil,,:904,43,.00068,3,,D,N,34,204,26,198,Y,27,45,yellow,N,,Handle as Palm Oil.
,PK Oil,,,,,,,,,,,,,,,,,,"Hot Wash, Stolt C."
,Palm Oil Kernel,,,,,,,,,,,,,,,,,,
,Crude Palm Kernel Oil,,,,,,,,,,,,,,,,,,
,Palm Oil Kernel Crude,,,,,,,,,,,,,,,,,,
,Palm Kernel Oil Crude,,,,,,,,,,,,,,,,,,
Palm Kernel Oil Refined Bleached Deodor,,.904,43,,3,,D,N,34,,20,,40,27,43,,,,"FFA low, normally 0,05%."
,RBD Pk OIL,,,,,,,,,,,,,,,,,,Get heating instructios.
,PKO Red,,,,,,,,,,,,,,,,,,
,Palm Oil Kernel Red,,,,,,,,,,,,,,,,,,
Palm Kernel Oil-crude Hard Fraction,,.900,57,,3,,D,N,34,204,28,160,Y,30,45,light,N,,Be sure max. discharge temp is reached before 
,,,,,,,,,,,,,,,,,,,entering cold climate. Hot wash. Use Stolt C as 
,,,,,,,,,,,,,,,,,,,Necessary.
Palm Kernel Olein,,.913,29,,3,,D,N,34,,200,,45,32,40,,N,,"FFA low, normally 0,05%."
,PK Olein,,,,,,,,,,,,,,,,,,Get heating instructios.
Palm Kernel Olein Refined Bleached Deodor,,.910,30,,3,,D,N,34,,,,,,,,N,,Check FFA and get heating instructions.
,RBD PK Olein,,,,,,,,,,,,,,,,,,
,PK Ole RBD,,,,,,,,,,,,,,,,,,
,RBD PK Ole,,,,,,,,,,,,,,,,,,
,RBD Palm Kernal Olein,,,,,,,,,,,,,,,,,,
,RBD Palm Kernel Ole,,,,,,,,,,,,,,,,,,
Palm Kernel Stearin,,.900,46,.00068,3,,D,N,34,204,29,177,Y,35,43,Lt.red,N,,Observe heating instructions carefully.
,,,,,,,,,,,,,,,,,,,No heat shock. Hot wash. Stolt C
Palm Kernel Stearine Refine Bleach Deodor,,.900,46,,3,,D,N,34,,,,,,,,N,,"Normally low FFA, abt 1%."
,RBD Palm Kernel Stearine,,,,,,,,,,,,,,,,,,Check heating instructions
,RBD Pk Staer,,,,,,,,,,,,,,,,,,
,RBD PKS,,,,,,,,,,,,,,,,,,
,PKS RBD,,,,,,,,,,,,,,,,,,
Palm Kernel Stearine refined,,.901,46,,3,,D,N,34,,30,,45,35,43,,,,"FFA normally@ 0,87%."
,,,,,,,,,,,,,,,,,,,Get heatin instructions.
"Palm Oil Bleached, Not Neutralized",,.890,54,,3,,D,N,34,177,27,160,Y,32,55,lemon,N,,Color sensative to rust
,,,,,,,,,,,,,,,,,,,Hot wash Stolt C
Palm Oil Crude,,.886,57,,3,,D,N,34,177,30,160,Y,38,55,Reedish,N,,Avoid single skin/bottom winter time.
,Crude Palm Oil,,,,,,,,,,,,,,,,,,Discharge tem 6/7 days prior to arrival. Hot Wash.
,CPO,,,,,,,,,,,,,,,,,,Stolt C.
,Crude P OIL,,,,,,,,,,,,,,,,,,
Palm Oil Full Refined,,.890,50,.00068,3,,D,N,34,177,27,160,Y,N,55,lemon,,,
,,,,,,,,,,,,,,,,pale,,,
Palm Oil Hard Fraction,,.890,54,.00068,3,,D,N,34,177,48,160,Y,52,66,red,N,,Discharge temp 3/4 days prior to arrival
,,,,,,,,,,,,,,,,,,,Hot wash Stolt C.
Palm Oil Netralized Fractionated,,.883,60,.00068,3,,D,N,34,177,51,160,Y,42,63,reddish,N,,Discharge temp 3/4 days prior to arrival
,,,,,,,,,,,,,,,,,,,Hot wash Stolt C.
"Palm Oil Netralized, Bleached",,.890,50,,3,,D,N,34,177,27,160,Y,32,50,lemon,,,
Palm Oil Refined,,.890,50,.00068,3,,D,N,34,177,27,160,Y,N,50,Lemon/,,,
,Palm oil Neutralized,,,,,,,,,,,,,,,pale,,,
,Palm Oil Neutral,,,,,,,,,,,,,,,,,,
Palm Oil Refined Bleached ,,.890,50,,3,,D,N,34,177,36,160,Y,32,53,reddish,,,
Palm Oil Refined Bleached Deoderised,,.883,60,,3,,D,N,34,177,51,160,Y,42,63,orange,,,
,RBD Palm Oil,,,,,,,,,,,,,,,,,,
,RBD Palm oil Bulk,,,,,,,,,,,,,,,,,,
,Palm Oil RBD Bulk,,,,,,,,,,,,,,,,,,
,RBD Palm Oil,,,,,,,,,,,,,,,,,,
,,,,,,,,,,,,,,,,,,,
,RBD P Oil,,,,,,,,,,,,,,,,,,
,P Oil RBD,,,,,,,,,,,,,,,,,,
Palm Oil Refined Deoderised,,.890,50,.00068,3,,D,N,34,177,36,160,Y,32,53,pale,,,
Palm Oil Semi/Refined ,,.890,50,.00068,3,,D,N,34,177,27,160,Y,32,55,reddish,,,
Palm oil Special Prime Bleachable,,.890,44,,3,,D,N,34,177,35,160,Y,32,53,lemon,,,
Palm oil Special Prime Bleached,,.890,50,.00068,3,,D,N,34,177,27,160,Y,32,55,reddish,,,
Palm Olein Crude,,.890,,.00068,3,,D,N,34,177,18,160,54,N,29,reddish,N,,Requires little or no heat.
,Crude Palm Olein,,,,,,,,,,,,,,,,,,Hot wash. Stolt C.
Palm Olein Refined,,.900,86,,3,,D,N,34,177,18,160,54,N,29,lt.red,N,,Requires little or no heat.
,Palm Olein Neutralized,,,,,,,,,,,,,,,,,,Hot wash. Stolt C.
,Palm Olein Neutral,,,,,,,,,,,,,,,,,,
Palm Olelin Refined Bleached,,.900,,,3,,D,N,34,,,,,,,,N,,"FFA max 0,25% Get heating instructions"
Palm Olelin Refined Bleached Deoderised,,.903,32,,3,,D,N,34,,15,,35,25,25,,N,,"FFA very low , 0.10% Get heating instructions."
,RBD Palm Olein,,,,,,,,,,,,,,,,,,
,RBD Palm Olein in Bulk,,,,,,,,,,,,,,,,,,
,P Olein RBD,,,,,,,,,,,,,,,,,,
,RBD P Olein,,,,,,,,,,,,,,,,,,
,RBD Palm Ole,,,,,,,,,,,,,,,,,,
,RBD P Ole,,,,,,,,,,,,,,,,,,
,,,,,,,,,,,,,,,,,,,
Palm Stearine crude,,.889,54,,3,,D,N,34,177,48,160,Y,52,66,d.red,N,,Raise to discharge temp 3/4 days prior
,Crude Palm Stearine,,,,,,,,,,,,,,,,,,"to arrival. Hot Wash, Stolt C."
,Crude P STR,,,,,,,,,,,,,,,,,,
Palm Stearine Degummed,,.890,,,3,,D,N,34,,,,,,,,,,FFA is max 5.0%. Get heating instructions.
Palm Stearine Refined,,.883,60,,3,,D,N,34,177,51,160,Y,40,63,org/ple,N,,Color sensative to rust. Hot Wash. Stolt C.
,Palm Stearine Neutralized,,,,,,,,,,,,,,,,,,
Palm Stearine Refined Bleached,,.883,60,,3,,D,N,34,,51,,Y,40,63,,N,,"FFA normally very low, max. 0.25%"
,,,,,,,,,,,,,,,,,,,Get heating instructions always.
Palm Stearine Refined Bleached Deoder,,.883,60,,3,,D,N,34,,51,,Y,40,63,,N,,"FFA normally very low, max. 0.25%"
,RBD Palm Stearine,,,,,,,,,,,,,,,,,,Get heating instructions always.
,RBD P Stearine,,,,,,,,,,,,,,,,,,
,RBD Ps,,,,,,,,,,,,,,,,,,
,PS RBD,,,,,,,,,,,,,,,,,,
Paradyne 20,,.860,,,3,,,N,33,149,-4,46,Y,37,49,white,N,,Heavy Aromatic Naphta Solvent from Exxon.
,,,,,,,,,,,,,,,,,,,Easy cargo. Ask for heating instructions.
,,,,,,,,,,,,,,,,,,,"Clean with warm water, ventilate. Pollution Cat"
,,,,,,,,,,,,,,,,,,,not yet assigned.
Paradyne 25,,.940,,,3,,,N,33,149,10,43,Y,10,27,pale,N,,Same as above.
Paradyne 85,,.910,,,3,,,N,33,149,10,43,Y,38,66,yellow,N,,Same as above. Get heating insstructions. Hot
,,,,,,,,,,,,,,,,,,,wash Use Stolt A or B as necessary.
Paraffin Chlorinated,,1.200,,,,,,Y,31,148,,,Y,20,30,pale to,N,,"ww ""plus"" standard. Heat; min 20C max. 30C. "
,,,,,,,,,,,,,,,,White,,,Very heat sensitive. Must heat with hot water or
,Cereclor 42,,,,,,,,,,,,,,,,,,adjacent cargo. Not yet classified for shipment
,,,,,,,,,,,,,,,,,,,Clean with hot water.
Paraffin Normal,,.740,,,3,,D,N,33,118,-7,71,49,32,,ww,N,,Aromatic free white spirits. Different grades check.
,Aliphatic Hydrocarbons,,,,,,,,,,,,,,,,,,Edible grades require SS Hot wash.
Paraldehyde,,.996,20,.00117,3,2g,C,Y,19,124,-12,36,25,,15,c.less,Y,,ww standard. May require heating. Reacts
,"Tremethyl2,4,6Trioxane1,3,5Para-",,,,,,,,,,,,,,,,,,strongly with acids. USCG compatibility # 19.
,cetaldehyde,,,,,,,,,,,,,,,,,,Clean with warm water.
Paring Oil /coconut oil),,.900,50,,3,,D,N,34,177,21,160,Y,,50,light,N,,Coconut oil treated with Sulfuric Acid. Handle as
,Coconut oil-paring,,,,,,,,,,,,,,,,,,Coconut oil. Must stow SS or MS.
,,,,,,,,,,,,,,,,,,,"Clean with hot water, use Stolt C if necessary."
Peanut oil Crude,,.910,,,3,,D,N,34,204,-4,282,60,29,29,cream,N,,Heat adjacent max 60C. Check FFA if zinc.
,Ground Nut Oil,,,,,,,,,,,,,,,d.brown,,,"Clean with warm water, use Stolt  C if necessary."
Pelargonic Acid,,.970,20,,3,,D,N,4,238,11,129,Y,Y,Y,ww,sli,,Easy product with no special requierments. Get
,Noanoic acid,,,,,,,,,,,,,,,,,,"heating instructions, check if N2 req. Clean with"
,N-nonoic acid,,,,,,,,,,,,,,,,,,"warm water, use Stolt C if necessary"
,N-Nonanoic acid,,,,,,,,,,,,,,,,,,Correct IMO name Noanoic Acid
,N-Nonylic acid,,,,,,,,,,,,,,,,,,
Pentachloroethane,,1.685,,,2,2g,B,Y,36,159,-29,,30,N,N,c.less,N,,Max. adjacent heat  30C. Check  temp req. prior to
,Pentalin,,,,,,,,,,,,,,,,,,booking. Use N2 when stowing SS. Warmwash.vent.
Pentadecanol,,.892,50,,3,,N,N,20,300,44,,,,,c.less,,,More info required. Marpol applll
,Pentadecyl Alcohol,,,,,,,,,,,,,,,,,,Correct IMO name is Alcohols (C13 and above)
Pentane-norm,,.630,,.00120,3,2g,C,Y,31,36,-130,-49,N,N,N,c.less,N,1265,"Boiling point only 36C, could expect some boil off"
,,,,,,,,,,,,,,,,,,,in hot climate. Cooling not required by regulatios.
,,,,,,,,,,,,,,,,,,,"Clean by ventilation only, or flush bottom with"
,,,,,,,,,,,,,,,,,,,fresh water and ventilate. Compliance cargo
,,,,,,,,,,,,,,,,,,,because of pollution hazards.
Pentasodium salt of diethylenetriamine ,,,,,,,,,,,,,,,,,,,
,Pentaacetic acid 40%,1.294,15,,3,,,N,43,106,-27,,38,N,N,,Y,,DOW product. Should be easy to handle. Probably
,Versenex 80 (DOW),,,,,,,,,,,,,,,,,,SS stow only. DOW vill request N2 padding.
,,,,,,,,,,,,,,,,,,,Clean with ambient temp water. Not yet class.by IMO
Pentene-mixed,,.660,,,3,2g,C,Y,35,32,-23,,38,N,N,ww,N,,Very low boiling point. Cooling may be  required 
,,,,,,,,,,,,,,,,,,,No heat adjacent Warm wash. N2 blanket recom.
,,,,,,,,,,,,,,,,,,,
Pentene-1,,.640,,,3,2g,C,Y,30,30,-155,-20,N,N,N,c-less,N,,Very low boiling point. Cooling not required by 
,Propylethylene,,,,,,,,,,,,,,,,,,regulations. Expect high boil off in warm climate.
,Amylene-n-a,,,,,,,,,,,,,,,,,,"Clean with cold water, ventilate."
Phenol,,1.070,15,.00090,2,2g,B,Y,21,182,41,78,Y,49,60,pink/wh,sli,2312,Highly poisonous. Handle with care. Toxic  heat
,Nitro-phenol,,,,,,,,,,,,,,,,,,return required. Get heating instructions. May req. N2
,Carbolic Acid,,,,,,,,,,,,,,,,,,Hot wash and steam. Several grades with different
,Hydroxybenzene,,,,,,,,,,,,,,,,,,specs. and heating instructions. Dow allow max
,Phenic Acid,,,,,,,,,,,,,,,,,,heat adjacent 55C.
,Phenyl Hydroxide,,,,,,,,,,,,,,,,,,
Phenol Hydrate,,,,,2,2g,B,Y,21,,,,,,,,sli,2312,Mix of Phenol and water. handle as Phenol.
,,,,,,,,,,,,,,,,,,,May require heating.
Phenyl-1-xylyl Ethane-1,,.988,20,,3,2g,C,Y,32,290,-50,148,,amb,amb,ww,N,,ww standard. Check for N2 and other carriage req.
,,,,,,,,,,,,,,,,,,,Clean with ambient temp. water ventilate.
Phosphoric Acid,,1.750,,,3,2g,D,Y,1,,,,50,N,N,,,1805,"Get spec. each time, re : SS manufacturers"
,,,,,,,,,,,,,,,,,,,resistency list. Handling and cleaning as per
,Ohrtophosphoric Acid,,,,,,,,,,,,,,,,,,Stolt manual.
,,,,,,,,,,,,,,,,,,,This spec. is for Phos. Acid Wet. Phos Acid pure
,,,,,,,,,,,,,,,,,,,or food grade has diff. spec and handling instr.
,,,,,,,,,,,,,,,,,,,Re Super Phos. Acid check with Ops Dep.
Phosphorous,,1.820,,,1,1g,A,Y,,282,44,30,,,,dk straw,N,1805,Req special eqp. Check Gen Ops.
Phosphorous elemental (montsanto),,1.700,,,1,1g,A,Y,,279,43,,Y,,46,lt yell,,1805,Req special eqp. Check Gen Ops.
Phosphorus oxychloride,,1.585,,,,,,,,,,,,,,,,,Not authorized for bulkshipment
Phosphorus Trichloride,,1.580,,,,,,,,,,,,,,,,,Not authorized for bulkshipment
Piene-alpha/beta,,.860,,,3,2g,A,Y,30,154,-40,32,38,N,N,www,N,2368,Similar to refined Turpentine. Handle accordlingy.
,,,,,,,,,,,,,,,,,,,"Presently ca A, but proposed downgrade to cat B."
,,,,,,,,,,,,,,,,,,,witch some contrys allready accepts check.
Piperazine 65,,1.100,,,,,,,,145,104,87,N,N,N,cless,Y,,Mor info req
,"Diazacyclohexane 1,4",,,,,,,,,,,,,,,,,,
Piperylene,,.690,,,3,2g,C,Y,30,42,,-29,N,N,N,ww,N,,"Classified as 1,3-Pentadiene (Inhibited) Low boiling"
,"Pentadiene-1,3",,,,,,,,,,,,,,,,,,"point, do not stow heated cargoes adjacent."
,,,,,,,,,,,,,,,,,,,Clean with ambient temp water.
PKO hard fraction (wessanen),,.900,,,3,,D,N,34,177,32,160,Y,46,46,lt,N,,Circulation may be required if single skin.
,,,,,,,,,,,,,,,,,,,settles on bottom. Hot wash. Stolt C fo r spots:
"Polybutadiene, hydroxyl Terminated",,.901,30,,3,,,N,20,260,-1,229,Y,43,54,clear,negl,,ww standard. N2  blanketing required. Get heating 
,,,,,,,,,,,,,,,,,,,"instructions. Not listed in  any resistancy lists, but "
,Poly BD resin,,,,,,,,,,,,,,,,,,belived OK for all coatings. Clean with hot water as
,Poly BD R-45HT,,,,,,,,,,,,,,,,,,soon as tank empty. Use  Stolt C if  film on bulkhead
,,,,,,,,,,,,,,,,,,,Stolt A or B for spots.
,,,,,,,,,,,,,,,,,,,Marpol annex lll. correct IMO name is
,,,,,,,,,,,,,,,,,,,Hydroxy terminated polubutanediene.
Polybutene,,.840,,,3,,N,N,30,204,21,166,Y,,82,honey,N,,Lubricant with various trade names depending on
,Lubrizol 17109,,,,,,,,,,,,,,,,,,manufakturer. High heat required (82C disc).
,Butene Resins,,,,,,,,,,,,,,,,,,Hot wash. Stolt A or B. Marpol annex lll.
,Polyisolbutene Plastics,,,,,,,,,,,,,,,,,,
,Polybutylene,,,,,,,,,,,,,,,,,,
,Poyisolbetene Waxes,,,,,,,,,,,,,,,,,,
,Polyisobutene,,,,,,,,,,,,,,,,,,
Polyethylene glycol,,1.000,,,3,,N,N,40,204,-21,191,,,,white,Y,,Higher grades require wall wash and odor test.
,Polyether Glycol,,,,,,,,,,,,,,,,,,"N2 may be rquired. Heat, odor and color sensitive."
,Peg,,,,,,,,,,,,,,,,,,May require heat be careful. Marpol annex lll.
,Polyoxyethylene Polyglycol,,,,,,,,,,,,,,,,,,
,Caradols,,,,,,,,,,,,,,,,,,
Polyethylene Polyamine,,1.100,20,.00602,3,2g,C,Y,7,250,20,218,y,38,49,drk,Y,,"Handle as an Amine. Get heating instructions, check"
,Polyamine HPA#2 UCC,,,,,,,,,,,,,,,,,,"if N2 requiered. Have carried in Phen 373, no probl."
,Polyamine HPA#1 UCC,,,,,,,,,,,,,,,,,,Beliven zinc should be OK as well. Ucc has two diff
,Ethylene amine,,,,,,,,,,,,,,,,,,"grades, Polyamine HPA#1 and HPA#2"
,,,,,,,,,,,,,,,,,,,"Handle same way, Clean  with warm water  ventilate."
Polyner 600 (chevron),,.828,15,,,,,N,30,295,-60,135,40,N,N,amb,N,,Should be easy product. Get full specs and if any
,,,,,,,,,,,,,,,,,,,special handling instructions. Product similar to 
,,,,,,,,,,,,,,,,,,,Propulene Polymer or Propylene Tetramer.
,,,,,,,,,,,,,,,,,,,"Clean with hot water, Use Stolt A or B as necessary."
Poly methylene Polyphenyl Isocyanate,,1.200,20,,2,2g,D,Y,12,200,5,218,40,Y,Y,drk.brn,N,,Higly poisonous. Consult Sni handling manual
,Voranate M275,,,,,,,,,,,,,,,,,,
Polypropylene Glycol Ataka,,1.000,,,3,,D,N,40,176,,204,38,N,N,white,,,
,Thanol,,,,,,,,,,,,,,,,,,
Polypropylene Glycol Basf Cp3030,,1.000,,,3,,D,N,40,176,,204,49,N,N,white,,,
,Thanol,,,,,,,,,,,,,,,,,,
Polypropylene Glycol Basf MK79,,1.000,,,3,,D,N,40,176,4,204,60,,43,white,,,
,Thanol,,,,,,,,,,,,,,,,,,
Polypropylene Glycol Bayer,,1.000,,,3,,D,N,40,176,7,204,60,24,46,white,,,
,Thanol,,,,,,,,,,,,,,,,,,
Polypropylene Glycol Chugay,,1.000,,,3,,D,N,40,176,7,204,60,24,49,white,,,
,Thanol,,,,,,,,,,,,,,,,,,
Polypropylene Glycol Jefferson,,1.000,,,3,,D,N,40,176,10,204,66,27,52,white,,,
,Thanol,,,,,,,,,,,,,,,,,,
Polypropylene Glycol Kulman,,1.000,,,3,,D,N,40,350,35,204,50,,38,white,,,
,Thanol,,,,,,,,,,,,,,,,,,
Polypropylene Glycol methyl ether,,.983,15,.00064,3,,D,N,40,,,,38,N,N,c-less,,,
,Polypropyleneglycol Methyl ehter,,,,,,,,,,,,,,,,,,
Polypropylene Glycol Nichieman,,1.000,,,3,,D,N,40,176,2,204,49,,38,white,,,
,Thanol,,,,,,,,,,,,,,,,,,
Polypropylene Glycol Olin,,1.000,,,3,,D,N,40,176,7,204,60,24,43,white,,,
,Thanol,,,,,,,,,,,,,,,,,,
Polypropylene Glycol Sumitomo,,1.000,,,3,,D,N,40,176,2,204,49,N,N,white,,,
,Thanol,,,,,,,,,,,,,,,,,,
Polysiloxane,,1.000,,,3,,N,N,,37,,73,,,,ww/pale,,,Get full specs. before booking. ww standard. Hot
,Siloxane,,,,,,,,,,,,,,,Yellow,,,wash. This product same as Dimetyl Polysiloxane
,Oxosilane,,,,,,,,,,,,,,,,,,Marpol annex lll
Polyvinylbenzyl Trimethyl ammon chlor 33%,,1.050,,,2,2g,,Y,43,100,,,38,N,N,cream,Y,,ww standard. Easy cargo. DOW is relucctant to heat
,,,,,,,,,,,,,,,,white,,,adjacent. Pollution category not yet assigned.
,,,,,,,,,,,,,,,,,,,Clean with warm water.
Potassium Hydroxide 45%,,1.400,,,3,2g,C,Y,5,145,-43,,N,,,greyish,Y,1814,Handle as Caustic soda.Heat may be required in
,KOH,,,,,,,,,,,,,,,,,,"cold climate, keep above 15."
,Potassium Hydrate,,,,,,,,,,,,,,,,,,
,Caustic Potash,,,,,,,,,,,,,,,,,,
,LYE,,,,,,,,,,,,,,,,,,
,Potassium Hydroxide 45% or less,,,,,,,,,,,,,,,,,,
Pro-silage,,1.130,,,,,,Y,,54,,,N,N,N,brown,,,Commence cleaning immediately after discharge
,,,,,,,,,,,,,,,,,,,whit warm water max 50 C. Brown color may cause
,,,,,,,,,,,,,,,,,,,"porblem, check all lines etc."
,,,,,,,,,,,,,,,,,,,Not yet classified.
Process/Extender Oils,,,,,,,,,,,,,,,,,,,
,Arco NY-1559-A (a),.920,,,,,,N,33,,,,,38,54,pale,,,Should be handled and treated as a Lube Add.
,ARCO RUBBER SOFTNER (A),.980,,,,,,N,33,,,,,54,54,blk,,,
,ARCO TUFFLO (A) 491,.990,,,,,,N,33,,,,,71,82,blk,,,
,ARCO 6065 (N),.870,,,,,,N,33,,,,,38,38,white,,,
,ARCO 6204 (N),.880,,,,,,N,33,,,,,38,38,ww,,,
,CALTEX RUBBR PRCSS (A),.940,,,,,,N,33,,,,,49,54,pale,,,
,CHEVRON RUBBR PRCSS (N),.940,,,,,,N,33,,,,,49,54,pale,,,
,EXXON FLEXINDRA (N),.900,,,,,,N,33,,,,,N,N,light,,,
,EXXON FLEXON 290(A),.990,,,,,,N,33,,,,,49,60,white,,,
,EXXON FLEXON 641 (N),.900,,,,,,N,33,,,,,N,N,white,,,
,EXXON FLEXON 765 (P),.890,,,,,,N,33,,,,,49,60,red,,,
,EXXON FLEXON 766 (P),.890,,,,,,N,33,,,,,49,60,red,,,
,EXXON FLEXON 769 (P),.880,,,,,,N,33,,,,,49,60,red,,,
,EXXON FLEXON 845 (P),.870,,,,,,N,33,,,,,38,38,white,,,
,GULF RUBBR EXTNDER OIL,.950,,,3,,,N,33,,,,Y,66,71,drk,,,
,HESS EXTENDER OIL (A),.990,,,3,,,N,33,,,,,27,32,,,,
,MOBIL PROCESS H (A),.950,,,,,,N,33,,,,,49,57,drk,,,
,MOBIL PROCESS OIL (P),.840,,,,,,N,33,,,,,N,N,white,,,
,SHELL DUTREX 33 PROC,.950,,,,,,N,33,,,,,16,32,med.drk,,,
,SHELL DUTREX 55 C (A),.970,,,3,,,N,33,,,,,66,66,med.drk,,,
,SHELL DUTREX 718 (A),.970,,,3,,,N,33,,,,,52,66,drk,,,
,SHELL DUTREX 726 (A),.930,,,3,,,N,33,,,,,49,49,drk,,,
,SHELL DUTREX 766 (A),.970,,,3,,,N,33,,,,,66,66,drk,,,
,SHELL DUTREX 786 (A),.970,,,3,,,N,33,,,,,66,66,drk,,,
,SHELL SHELLFLEX N PROC,.930,,,3,,,N,33,,,,,43,43,ple/red,,,
,SHELL SHELLFLEX 213,.900,,,3,,,N,33,,,,,49,49,,,,
,SHELL SHELLFLEX 371,.900,,,3,,,N,33,,,,,49,49,,,,
,SUNOCO CIRCOLGHT RB PR,.910,15,.00085,3,,,N,33,,,,,,,ex.pale,,,
,SUNOCO CIRCOPROCESS (N),.920,20,.00085,3,,,N,33,,,,Y,21,32,ex.pale,,,
,SUNOCO CIRCOSOL (N)304,..890,20,.00085,3,,,N,33,,,,,,,white,,,
,SUNOCO CIRCOSOL (N)306,.900,20,.00085,3,,,N,33,,,,,,,lil white,,,
,SUNOCO CIRCOSOL (N)407,.910,20,.00085,3,,,N,33,,,,,,,cream,,,
,SUNOCO CIRCOSOL (N)410,.920,20,.00085,3,,,N,33,,,,,,,cream,,,
,SUNOCO CIRCOSOL (N)420,.920,20,.00085,3,,,N,33,,,,,,,ex.pale,,,
,SUNOCO CIRCOSOL (N)430,.930,20,.00085,3,,,N,33,,,,,,,ex.pale,,,
,SUNOCO CIRCOSOL (N)450,.930,20,.00085,3,,,N,33,,,,,,,ex.pale,,,
,SUNOCO CIRCOSOL (N)480,.930,20,.00084,3,,,N,33,,,,,,,lem/ple,,,
,SUNOCO CIRCOSOL (N)4130,.940,20,.00085,3,,,N,33,,,,,,,lem/ple,,,
,SUNOCO CIRCOSOL (N)4240,.940,20,.00085,3,,,N,33,,,,,,,ex.orge,,,
,SUNOCO CIRCOSOL (N)5600,.950,20,.00085,3,,,N,33,,,,,,,drk,,,
,SUNOCO SUNDEX (A) 4120,.950,20,.00085,3,,,N,33,,,,,,,drk,,,
,SUNOCO SUNDEX (A) 790,.980,20,.00085,3,,,N,33,,,,Y,49,60,black,,,
,SUNOCO SUNDEX (A) 8125,.990,20,.00085,3,,,N,33,,,,Y,60,66,black,,,
,SUNOCO SUNDEX (A) 8180,,,,3,,,N,33,,,,,,,,,,
,SUNOCO SUNDEX (A) 890,,,,,,,N,33,,,,,,,,,,
,SUNOCO SUNDEX (A) 107,.850,20,.00085,3,,,N,33,,,,,,,white,,,
,SUNOCO SUNDEX (P) 110,.850,20,.00085,3,,,N,33,,,,,,,lil white,,,
,SUNOCO SUNDEX (P) 115,.860,20,.00085,3,,,N,33,,,,,,,lil white,,,
,SUNOCO SUNDEX (P) 120,.860,20,.00085,3,,,N,33,,,,,,,cream,,,
,SUNOCO SUNDEX (P) 130,.870,20,.00085,3,,,N,33,,,,,,,ex.lemon,,,
,SUNOCO SUNDEX (P) 150,.870,20,.00085,3,,,N,33,,,,,,,ex.lemon,,,
,SUNOCO SUNDEX (P) 180,.870,20,.00085,3,,,N,33,,,,,,,ex orge,,,
,SUNOCO SUNDEX (P) 2100,.880,20,.00085,3,,,N,33,,,,,,,pale,,,
,SUNOCO SUNDEX (P) 2150,.880,20,.00085,3,,,N,33,,,,,,,lt red,,,
,SUNOCO SUNDEX (P) 2210,.880,20,.00085,3,,,N,33,,,,,,,lt red,,,
,SUNOCO SUNDEX (P) 2280,.890,20,.00085,3,,,N,33,,,,,,,red,,,
,SUNOCO SUTHENE (N)250,.890,20,.00085,3,,,N,33,,,,,,,cream,,,
,SUNOCO SUTHENE (N)310,.900,20,.00085,3,,,N,33,,,,,,,lilwhite,,,
,SUNOCO SUTHENE (N)380,.920,20,.00085,3,,,N,33,,,,Y,27,38,ex.pale,,,
,SUNOCO SUTHENE (N)410,.900,20,.00085,3,,,N,33,,,,,,,white,,,
,SUNOCO SUTHENE (N)415,.910,20,.00085,3,,,N,33,,,,,,,white,,,
,SUNOCO SUTHENE (N)420,.910,20,.00085,3,,,N,33,,,,,,,white,,,
,SUNOCO SUTHENE (N)450,.930,20,.00085,3,,,N,33,,,,,,,lil white,,,
,SUNOCO SUTHENE (N)480,.930,20,.00085,3,,,N,33,,,,,,,lil white,,,
,SUNOCO SUTHENE (N)3120,.920,20,.00085,3,,,N,33,,,,,,,cream,,,
,SUNOCO SUTHENE (N)4130,.930,20,.00085,3,,,N,33,,,,,,,lily white,,,
,SUNOCO SUTHENE (N)4240,.940,20,.00085,3,,,N,33,,,,Y,38,49,cream,,,
,SUNOCO SUTHENE (N)5600,.940,20,.00085,3,,,N,33,,,,,,,cream,,,
Propanolamine-norm,,.978,,,3,2g,C,Y,8,184,12,79,,,,c.less,Y,,May require heat Fp. 12C
,Amino-3-Propanol-1,,,,,,,,,,,,,,,,,,Ambient wash followed by hot.
,N-propanolamine,,,,,,,,,,,,,,,,,,
Propiolactone-beta,,1.150,,,2,2g,D,Y,,155,-33,75,,,,c.less,Y,,Highly toxic (cargnigious).
,Betaprone,,,,,,,,,,,,,,,,,,Moore info req. Not atuhorized in Us waters.
,Hydracrylic acid,,,,,,,,,,,,,,,,,,
,Lactone-b,,,,,,,,,,,,,,,,,,
,Oxetanone-2,,,,,,,,,,,,,,,,,,
,Propanolide,,,,,,,,,,,,,,,,,,
Propionaldehyde,,.800,20,.01282,3,2g,D,Y,19,48,-80,-18,N,N,N,ww,p.ly,1275,Higly poisinous and flammable liquid. Require 
,Propanal,,,,,,,,,,,,,,,,,,special handling instructions. Contaact Cargo Man.
,Methyl Acetaldehyde,,,,,,,,,,,,,,,,,,for details. UCC has very strict req. expect very slow
,Propaldehyde,,,,,,,,,,,,,,,,,,"loading. Clean with cold sea water, fresh water rinse"
,Propionic Aldehyde,,,,,,,,,,,,,,,,,,Ventilate
Propionic Acid,,.900,,,3,2g,D,Y,4,141,-21,54,38,N,N,clear,Y,1848,Avoid heat adjacent. (38C max)
,Ethanecarboxylic Acid,,,,,,,,,,,,,,,,,,Cold wash steam.
,Methylacetic Acid,,,,,,,,,,,,,,,,,,
,Propanoic Acid,,,,,,,,,,,,,,,,,,
Propionic Anhydride,,1.020,,,3,2g,C,Y,11,169,-45,74,N,N,N,c-less,N,2496,More info required. Cold wash followed by 
,Methylacetic Anhydrine,,,,,,,,,,,,,,,,,,hot and steam. ( Decomposes by water)
,Propanoic Anhydride,,,,,,,,,,,,,,,,,,
,Propionyl Oxide,,,,,,,,,,,,,,,,,,
Propionitrile,,.780,15,,2,1g,C,Y,37,97,-92,12,N,N,N,brn,sli,2404,Highly toxic cargo. Protection and precautions as 
,Propanenitrile,,,,,,,,,,,,,,,,,,for tdi. Have amyl Nitrate capsules ready as an
,Ethyl Cyanide,,,,,,,,,,,,,,,,,,antidose. ww Standard. Warm wash followed by 
,Cyanoethane,,,,,,,,,,,,,,,,,,steam. Reacts with strong Acids and Alkalies.
,,,,,,,,,,,,,,,,,,,Cyanide first aid kit recommended to be available.
Propyl acetate,,.890,,,3,,D,N,34,102,-95,10,N,N,N,c-less,N,1276,More info required
,Acetic acid iospropyl ester,,,,,,,,,,,,,,,,,,
Propyl Alcohol,,.840,,,3,,D,N,20,97,-127,15,37,N,N,ww,Y,1274,If stow Phenolic (Epoxy) ventilate before wash.
,Propanol-1,,,,,,,,,,,,,,,,,,
Propylamine-norm,,.720,,,2,2g,C,Y,7,48,-83,-37,N,N,N,ww,4,1277,Avoid heat adjacent (B.P. 48C) Highly toxic and
,,,,,,,,,,,,,,,,,,,flammable. Clean with ambient temp. water vent.
Propylene Glycol mono methyl Ether,,.920,15,,3,,D,N,40,120,-97,38,N,N,N,ww,Y,,ww standard.DOW will not allow adjacent heat.
,Dowanol PM,,,,,,,,,,,,,,,,,,(similar to Cellosolve). Cold wash followed by hot.
,Methoxy-1-Propanol-2,,,,,,,,,,,,,,,,,,
,Dowanol 33B,,,,,,,,,,,,,,,,,,
"Propylene glycol-1,2",,1.038,15,.00075,3,,N,N,20,187,-60,107,49,N,N,ww,y,,"Check witch grade. ww Standard, dry tank and"
,"Dihydroxypropane-1,2",,,,,,,,,,,,,,,,,,lines. N2 recommended for slack tanks. Hot Wash.
,Methylethylene Glycol,,,,,,,,,,,,,,,,,,Dow may refuse load in Z-11.
,"Propanediol-1,2",,,,,,,,,,,,,,,,,,Pollution category: Appendix lll.
Propylene Oxide,,.834,15,.00124,2,2g,D,Y,16,34,-104,-37,N,N,N,ww,2,1280,Special requirements. Consult SNI handling
,"Epoxy propane-1,2",,,,,,,,,,,,,,,,,,manual. Cooling and N2.
,Methyl Oxirane,,,,,,,,,,,,,,,,,,
,Propene Oxide,,,,,,,,,,,,,,,,,,
Propylene Pentamer,,.760,,,3,,N,N,30,183,-32,64,49,N,N,c-less,5,2850,Slitly Toxic. Easy product. ww standard.
,Tetrapropylene,,,,,,,,,,,,,,,,,,Clean with ambient temp water. Marpol annex lll.
,Propylene Tetramer,,,,,,,,,,,,,,,,,,
,Tetramerk Exxon,,,,,,,,,,,,,,,,,,
,Dodecene Nonlinear,,,,,,,,,,,,,,,,,,
,Tetrapropylene,,,,,,,,,,,,,,,,,,
Propylene Trimer,,.740,,,3,2g,B,Y,30,135,-81,40,49,N,N,cless,,2057,"An olefin. Easy product, no problem. Cold wash."
,Tripropylene,,,,,,,,,,,,,,,,,,Compliance caargo because of pollution hazard.
Pseudocumene,,.871,15,,3,2g,B,Y,32,169,-44,54,38,N,N,ww,N,,Color sensative. N2 recommended. Will soften
,"Trimethylbenzene-1,2,4",,,,,,,,,,,,,,,,,,epoxy coating. Cold wash. Correct name 
,,,,,,,,,,,,,,,,,,,Trimethylbenzene. Exxon Areomatic 100
Pyridine,,.978,,,3,2g,B,Y,9,115,-42,17,38,N,N,ww,Y,1282,Toxic. ww standard. Vapor return normally requiered
,,,,,,,,,,,,,,,,lt.yell,,,Cold wash N2 blanket recommended.
Pyridine bases,,.950,20,.00085,2,2g,B,Y,9,130,,29,amb,N,N,brn,sli,2313,Toxic and corrosive. Compliance cargo with 
,,,,,,,,,,,,,,,,,,,4-Methylpyridine as ref cargo. Clean with cold water
,,,,,,,,,,,,,,,,,,,"followed by hot and steam. If odor problem, use"
,,,,,,,,,,,,,,,,,,,mild Stolt C solution. Pyridine bases not listed by
,,,,,,,,,,,,,,,,,,,"IMO, but should be same as 4-Methylpyridine"
Pyrolisis Fuel,,1.036,77,,3,,,Y,33,,,,Y,N,N,,,,Similar to Carbon BlackFeedstock. Get full spec.
,,,,,,,,,,,,,,,,,,,before booking. Expect cleaning problem- check.
,,,,,,,,,,,,,,,,,,,with Gen Ops. Not Listed by IMO
,,,,,,,,,,,,,,,,,,,
Pyrolisis Gasoline,,.840,,,3,2g,B,Y,33,,,,N,N,N,,N,,This is a compliance cargo if Benzene content is
,,,,,,,,,,,,,,,,,,,10%  or more. Always check. Full  breakdown of 
,,,,,,,,,,,,,,,,,,,components should be requested. Handle and 
,,,,,,,,,,,,,,,,,,,clean as gasoline.
Rapseed oil,,.920,,,3,,D,N,34,177,10,163,49,21,27,,N,,Non drying. Check if crude or refined. Check FFA
,Colza oil,,,,,,,,,,,,,,,,,,if Stowing zinc. Clean with hot water. Use Stolt C
,,,,,,,,,,,,,,,,,,,for final cleaning.
"Reconstituted Californian oil, ER #1",,.910,,,3,,,N,33,,,129,Y,N,N,drk,N,,Partly refined petrolium. Should be no problem.
,ER#1,,,,,,,,,,,,,,,,,,Clean as for Diesel oil.
Regohol,,.750,15,.00085,3,,N,N,33,150,,-40,35,N,N,bronze,negl,,Leaded regular gasoline with 0.5-4.9% Benzene
,Petrol,,,,,,,,,,,,,,,,,,and 10% Ethyl Alcohol. Handle as leaded gasoline.
,Motor spirit,,,,,,,,,,,,,,,,,,Check with Ops. Dep. if have to de lead.
,Leaded Gasoline containing alcohol,,,,,,,,,,,,,,,,,,
Resin concentrate,,.920,,,3,,,N,33,149,,4,49,N,N,lemon,sli,,Reisnous petroleum. Max heat adjacent. ambient.
,Synthetic Resin,,,,,,,,,,,,,,,pale,,,Hto wash immediatly after discharge.
,Petroleum Resin,,,,,,,,,,,,,,,,,,Stolt A or B  for spots.
Resin oil,,.950,,,,,,N,33,149,,4,49,N,N,pale,N,,Check which grade. Avoid heat adjacent. Cold 
,Coumarone oil,,,,,,,,,,,,,,,lt brown,,,"wash followed by hot and steam. Strong odor,"
,,,,,,,,,,,,,,,,,,,use Stolt A or B for final cleaning. Not listed by IMO
Resin Plasticizer HB40,,1.000,25,.00741,3,,,N,34,343,-24,177,38,N,N,lemon,N,,Monsanto trade name. Avoid heat adjacent. 
,Santasol 340,,,,,,,,,,,,,,,,,,"Clean with warm water, if oily bulkheads use Stolt"
,HB40,,,,,,,,,,,,,,,,,,"A or B Not listed  by IMO under this name, must"
,,,,,,,,,,,,,,,,,,,have correct chemiclal name.
Rice Bran Acid Oil,,.910,25,,3,,D,N,34,204,26,,Y,Y,Y,brownish,N,,Check if any inorganic acid present. Heat may be 
,Acidulated Rice Bran Oil,,,,,,,,,,,,,,,,,,"required in cold climate. Hot wash, use Stolt C final."
Rosin Acid Oil,,.970,,,,,,,N,,,,,,60,,N,,Mixture of Rosin Oil and Tally Fatty Acid. Must have
,Rosin soap (Disproportionated solution),,,,,,,,,,,,,,,,,,full specs. and heating instructions. All coatings
,,,,,,,,,,,,,,,,,,,"exept zinc should be OK. Clean with hot water, inject"
,,,,,,,,,,,,,,,,,,,Stolt C or resirculate with 2-3% Stolt C solution.
,,,,,,,,,,,,,,,,,,,Stolt LAC for spots. Not listed By IMO
Rosin soap (Disproportionated solution),,1.100,15,,3,2g,B,Y,,,,,,,,brn,Y,,PH is 9 to 10. Check heating instr. melting point
,Rosin soap,,,,,,,,,,,,,,,,,,and viscosity. Warm water and Stolt C.
Rum Crude,,.840,,,,,,N,20,,,,N,N,N,,,,
Safflower oil,,.910,,,3,,D,N,34,260,-13,149,49,27,27,,N,,Drying oil. Heating may be required in very cold
,,,,,,,,,,,,,,,,,,,climate. Avoid heat adjacent. Immediately wash
,,,,,,,,,,,,,,,,,,,"cold water, then with warm water. Use Stolt C for "
,,,,,,,,,,,,,,,,,,,final cleaning.
Santicizer 140,,1.200,,,,,,N,34,260,,232,48,N,N,clear,N,,"N2 may be required, recommended on slack tanks."
,Cresyl Diphenyl Phosphate-Mixed,,,,,,,,,,,,,,,,,,Get more infos from Monsanto. Not listed by IMO
Santicizer 148,,1.100,,,,,,N,34,204,,235,38,N,N,clear,N,,Get more infos from Monsanto. Not listed by IMO
,Isodecyl Diphenyl Phosphate,,,,,,,,,,,,,,,,,,
Santicizer 160/261,,1.100,,,2,2g,A,Y,34,243,,202,38,N,N,clear,N,,"N2 may be required, recommended on slack tanks."
,,,,,,,,,,,,,,,,,,,Hot wash. Correct IMO name is Butyl Benzyl Phthalate
Santicizer 711,,.970,,,3,,,N,34,315,,216,49,N,N,clear,N,,"N2 may be required, recommended on slack tanks."
,DL 711P Shell,,,,,,,,,,,,,,,,,,Hot wash  Not listed By IMO.
,DI-n-Alkyl Phthalate,,,,,,,,,,,,,,,,,,
Santicizer 790,,.980,,,3,,,N,34,204,,149,38,N,N,clear,N,,"N2 may be required, recommended on slack tanks."
,,,,,,,,,,,,,,,,,,,Hot wash  Not listed By IMO. Must have correct
,,,,,,,,,,,,,,,,,,,chemical name.
Seal Oil,,.920,,,3,,D,N,33,204,-67,149,49,30,41,white to,N,,Check grade. May require some heat
,,,,,,,,,,,,,,,,brown,,,Check FFA. Hot wash. Stolt A or B
Sesam Oil,,.919,20,,3,,D,N,34,,-5,,N,N,N,lt.yellow,N,,Semi drying oil. Carry aas any such oil. heating not 
,,,,,,,,,,,,,,,,,,,required in normal climate. Clean immediatley
,,,,,,,,,,,,,,,,,,,"with cold water, followed by hot and injection with"
,,,,,,,,,,,,,,,,,,,appr 1 % Stolt C. or recirculate or Spray with Stolt C
,,,,,,,,,,,,,,,,,,,solution.
Shea Butter,,.900,40,,3,,D,N,34,149,38,177,Y,54,66,white to,N,,Get heating instructions. May leave sediment if
,Shea fat,,,,,,,,,,,,,,,gray,,,"discharge temp is too low. High FFA, check"
,,,,,,,,,,,,,,,,,,,Difficult to clean. Hot water and Stolt C. Use 
,,,,,,,,,,,,,,,,,,,Stolt LAC for spots.
Shellbled A,,.830,,,3,,,N,18,121,,27,38,N,N,ww,ss,,N2 may be requested. Avoid heat adjacent. Cold 
,MIBK/MEK/Acetate,,,,,,,,,,,,,,,,,,wash.
Silica Slurry,,1.360,15,,3,,N,N,,,,,Y,N,N,,y,,Prolem cargo. Must have special pumping equi-
,,,,,,,,,,,,,,,,,,,ment - very abrasive to pump seals. Not listed in
,,,,,,,,,,,,,,,,,,,"any resistancy lists, but should be ok coating wise."
,,,,,,,,,,,,,,,,,,,"Not classified, but should be non compliance."
"Soapstocks, Coco",,,,,3,,D,N,34,177,32,160,Y,57,57,c.less,N,,Be sure to have max. dischaarge temp before
,,,,,,,,,,,,,,,,l.yellow,,,arrival. In cold water bring temperature even
,,,,,,,,,,,,,,,,,,,higher. Hot wash and Stolt LAC.
"Soapstocks, Cottonseed",,,,,3,,D,N,34,177,32,160,Y,57,57,drk brn,,,Be sure to have max. dischaarge temp before
,,,,,,,,,,,,,,,,,,,arrival. In cold water bring temperature even
,,,,,,,,,,,,,,,,,,,higher. Hot wash and Stolt LAC.
"Soapstock, Mixed",,,,,3,,D,N,34,177,46,160,Y,71,71,drk,,,Be sure to have max. dischaarge temp before
,,,,,,,,,,,,,,,,,,,arrival. In cold water bring temperature even
,,,,,,,,,,,,,,,,,,,higher. Hot wash and Stolt LAC. Be sure check
,,,,,,,,,,,,,,,,,,,Sulphuric Acid or Phosphoric Acid content before
,,,,,,,,,,,,,,,,,,,stowing coated tanks. Hot wash and Stolt LAC.
"Soapstock, Palm",,,,,3,,D,N,34,177,37,160,Y,71,71,very drk,,,Be sure to have max. dischaarge temp before
,,,,,,,,,,,,,,,,,,,arrival. In cold water bring temperature even
,,,,,,,,,,,,,,,,,,,higher. Hot wash and Stolt LAC. Be sure check
,,,,,,,,,,,,,,,,,,,Sulphuric Acid content before
,,,,,,,,,,,,,,,,,,,stowing coated tanks. Hot wash and Stolt LAC.
"Soapstock,Pko",,,,,3,,D,N,34,177,37,160,Y,71,71,very drk,,,Be sure to have max. dischaarge temp before
,,,,,,,,,,,,,,,,,,,arrival. In cold water bring temperature even
,,,,,,,,,,,,,,,,,,,higher. Hot wash and Stolt LAC. Be sure check
,,,,,,,,,,,,,,,,,,,Sulphuric Acid content before
,,,,,,,,,,,,,,,,,,,stowing coated tanks. Hot wash and Stolt LAC.
"Soapstock, Soybean",,,,,3,,D,N,34,177,32,160,Y,57,57,drk brn,,,Be sure to have max. dischaarge temp before
,,,,,,,,,,,,,,,,,,,arrival. In cold water bring temperature even
,,,,,,,,,,,,,,,,,,,higher. Hot wash and Stolt LAC.
"Soapstock, Tallow",,,,,3,,D,N,34,177,46,160,Y,71,71,blk,,,Be sure to have max. dischaarge temp before
,,,,,,,,,,,,,,,,,,,arrival. In cold water bring temperature even
,,,,,,,,,,,,,,,,,,,higher. Hot wash and Stolt LAC. Be sure check
,,,,,,,,,,,,,,,,,,,Sulphuric Acid or Phosphoric Acid content before
,,,,,,,,,,,,,,,,,,,stowing coated tanks. Hot wash and Stolt LAC.
Sodium chlorate Solutions 50% or less,,1.300,15,.00200,3,2g,,Y,,170,15,,,,,white,Y,,More info required. Not assigned to any compatbility
,,,,,,,,,,,,,,,,yellow,,,"# but incompatible with #1,2,3,5,7,8,10,12,13,17 "
,,,,,,,,,,,,,,,,,,,and 20. Max allowable conc.= 50% Marpol annexlll.
Sodium creoxides,,,,,,,,,,104,,,Y,,,drk,Y,,Some kind of spent Caustic. Get full specs. each
,,,,,,,,,,,,,,,,,,,time. Handle as Caustic. NOTE: Be aware of flash
,,,,,,,,,,,,,,,,,,, point as  it may contain hydrocarbon with a
,,,,,,,,,,,,,,,,,,,flashpoint less than 50C
Sodium Cresylate,,1.200,15,,3,2g,A,Y,5,100,,,37,N,N,drk,Y,,Also called Cresylic Spent Caustic. Mixture of
,Cresylate spent Caustic soda,,,,,,,,,,,,,,,,,,"Sodium salts of Phenol, Cresol and Xylenol."
,Tar Acid,,,,,,,,,,,,,,,,,,Mandatory prewash. Safety as for Caustic Soda.
Sodium Dichromate 70% or less,,1.720,15,,2,2g,B,Y,,120,367,,,N,N,org/red,Y,,"Higly toxic product, handle with care IMO chapter 6"
,Sodium Bichromate,,,,,,,,,,,,,,,,,,compliance cargo. USCG compatbility # none. but
,,,,,,,,,,,,,,,,,,,"Incompatible with groups 1,2,3,5,7,8,10,12,13,17 and"
,,,,,,,,,,,,,,,,,,,20. Stow SS. Clean with ambient water for 2.3 h vent.
Sodium Dimethyl Naphtalene Sulf sol,,,,,3,,,N,34,,,,,,,,,,More info required. Not compatible with #12 and
,,,,,,,,,,,,,,,,,,,strong oxiding agents. Not listed IMO
Sodium hydrosulfide (45 % or less),,1.303,15,,3,2g,B,Y,5,125,16,,38,Y,Y,yellow,Y,2949,Toxic and corrosive product. May require  heating
,,,,,,,,,,,,,,,,,,,get instructions. Shoretank may have blanket of
,Sodium Sulfide,,,,,,,,,,,,,,,,,,"fueloil. check. Clean with warm water, if fueloil"
,,,,,,,,,,,,,,,,,,,blanket in shoretank some may have entered shiptk
,,,,,,,,,,,,,,,,,,,use Stolt A or B. This specification is foe 45% solut.
,,,,,,,,,,,,,,,,,,,Sodium Hydrosulfide i compatible with Methanol.
Sodium Hydrosulfide/Ammonium Sulfide Mix,,!.282,15,.00040,2,2g,B,Y,5,,-18,100,N,N,N,green,Y,,"Cooling required. Vapour pressure@  37,8=1385mm"
,,,,,,,,,,,,,,,,yellow,,,"zinc no good. Product toxic, avoid breating vapor"
,KI-301 Depressant,,,,,,,,,,,,,,,,,,"Composition this spec 41,3% Sodium Hydrosulfide"
,,,,,,,,,,,,,,,,,,,"3,7% Ammonium Sulfide 55% Water. Clean with"
,,,,,,,,,,,,,,,,,,,"ambient water, ventilate."
Sodium Hypochlorite Solution,,1.220,,,3,2g,B,Y,5,,,,,,,green,Y,1791,"ww standard, max concentration allowable 15%."
,Liquid Bleach,,,,,,,,,,,,,,,yellow,,,"Clean with ambient temp water, steam and ventilate"
,Clorox,,,,,,,,,,,,,,,,,,
Sodium Mercaptobenzothiazole,,1.250,20,.00200,3,2g,,Y,5,107,,,Y,N,N,lt.brn,Y,,"Strong alkaline solution, dobthfoll if any coating"
,,,,,,,,,,,,,,,,,,,suitable. OWL has carried in SS. Clean with warm
,,,,,,,,,,,,,,,,,,,"water, ventilate Notassessed for pollution."
Sodium Naphthalene Sulfonate sol 40%,,1.200,20,,3,2g,,Y,34,110,-4,,Y,Y,Y,brn,50%,,Get heating instructions. Cgo temp not below 10C
,,,,,,,,,,,,,,,,,,,Warm wash Use Stolt A or B for final cleaning
,Naphthalene Sulfonate Beta Shf,,,,,,,,,,,,,,,,,,Not yet included in IMO codeBut USCG has classif.
,Beta shf,,,,,,,,,,,,,,,,,,As ref cargo Methylene Chloride with addition of
,,,,,,,,,,,,,,,,,,,special requirements 4.12.1 Not yet assessed for 
,,,,,,,,,,,,,,,,,,,polution.
Sodium Phosphate Tribasic,,1.300,,,,,,,,100,,,Y,66,79,ww,,,"Get specs, Get instructions. Not yet classified for"
,TSP,,,,,,,,,,,,,,,,,,shipment. More infos needed before issuing 
,Trisodium Orthophosphate,,,,,,,,,,,,,,,,,,"handling,  Cleaning instructions."
,Sodium Orthophosphate,,,,,,,,,,,,,,,,,,
Sodium Silicate,,1.400,,,3,,D,N,43,100,-1,,N,N,N,clear,Y,,ww Standard. May require heating in cold climate.
,Water Glass,,,,,,,,,,,,,,,,,,Never go below +5C Max temp 50C. Use only
,Soluble Glass,,,,,,,,,,,,,,,,,,fresh water for cleaning.
Sodium Thiocyanate 56% or less,,1.300,20,,3,2g,B,Y,,122,15,110,Y,Y,Y,ww,Y,,"Toxic. SSstow time beeing, coating must tested"
,Sodium Thiocyanate,,,,,,,,,,,,,,,,,,SS must be dry and clean. May require heating 
,Sodium rhodanide,,,,,,,,,,,,,,,,,,"in cold climate, check. No compatibility # but "
,Rhodanide,,,,,,,,,,,,,,,,,,"Incompatible with # 1,2,3 and 4. Clean with warm "
,,,,,,,,,,,,,,,,,,,water vent. Solution contains ca 44% Water.
Sodium-N-Methyldithiocarbonate 33% sol,,1.220,20,,3,2g,B,Y,,100,5,,Y,N,N,amber,Y,,"Toxic Product. Easy to handle, may require some "
,,,,,,,,,,,,,,,,,,,"heat in cold climate. Not listed in resistancy lists,"
,Metam Sodium,,,,,,,,,,,,,,,,,,"but all coatings should be ok. however, Carbo zinc"
,Metam Fluid 510 GL/L,,,,,,,,,,,,,,,,,,11 not  tested. Have been carried in D-4 whitout
,,,,,,,,,,,,,,,,,,,"problem. Clean with warm water, ventilate."
Softanol 120,,1.020,20,.00062,3,,D,N,20,204,-17,110,68,38,38,clear,N,,"ww standard, color sensative N2 recommended."
,Detergent Alcohols,,,,,,,,,,,,,,,,,,Cold wash for unheated grades. Warm wash
,Nonionic Surfactant,,,,,,,,,,,,,,,,,,for heated grades.
Softanol 30,,.930,20,.0006,3,,D,N,20,204,,82,38,N,N,clear,N,,"ww standard, color sensative N2 recommended."
,Detergent Alcohols,,,,,,,,,,,,,,,,,,Cold wash for unheated grades. Warm wash
,Nonionic Surfactant,,,,,,,,,,,,,,,,,,for heated grades.
Softanol 50,,.950,20,.00060,3,,D,N,20,204,,88,38,N,N,clear,N,,"ww standard, color sensative N2 recommended."
,Detergent Alcohols,,,,,,,,,,,,,,,,,,Cold wash for unheated grades. Warm wash
,Nonionic Surfactant,,,,,,,,,,,,,,,,,,for heated grades.
Softanol 70,,.980,20,.00060,3,,D,N,20,204,.9,93,38,N,N,clear,N,,"ww standard, color sensative N2 recommended."
,Detergent Alcohols,,,,,,,,,,,,,,,,,,Cold wash for unheated grades. Warm wash
,Nonionic Surfactant,,,,,,,,,,,,,,,,,,for heated grades.
Softanol 90,,1.000,20,.00060,3,,D,N,20,204,-5,99,49,27,27,clear,N,,"ww standard, color sensative N2 recommended."
,Detergent Alcohols,,,,,,,,,,,,,,,,,,Cold wash for unheated grades. Warm wash
,Nonionic Surfactant,,,,,,,,,,,,,,,,,,for heated grades.
Solvent Heavy Hydroformate,,.880,15,,3,,N,N,33,121,,32,38,N,N,ww,N,,Handle as a HAN. Cold wash
,Naphtha Solvent Exxon,,,,,,,,,,,,,,,,,,Marpol annex 1.
Solvesso R-150 (Exxon),,.890,,,3,,,N,33,182,,65,Y,38,38,,,,
,Exxon Solvesso R-150,,,,,,,,,,,,,,,,,,
,Aromatic R-150,,,,,,,,,,,,,,,,,,
Solvesso 100 (Exxon),,.870,15,.00080,3,,B,N,33,155,,42,Y,N,N,ww,N,,Mineral spirit from Exxon. ww standard. Easy 
,Exxon Solvesso 100,,,,,,,,,,,,,,,,,,product. Low Heat Ok adjacent. Clean with ambient
,"Aromatic 100, Exxon",,,,,,,,,,,,,,,,,,temp water ventilate. Pollution category may change
Solvesso 150 (Exxon),,.900,15,.00080,3,,B,N,33,183,,66,Y,N,N,ww,N,,Mineral spirit from Exxon. ww standard. Easy 
,Exxon Solvesso 150,,,,,,,,,,,,,,,,,,product. Low Heat Ok adjacent. Clean with ambient
,"Aromatic 150, Exxon",,,,,,,,,,,,,,,,,,temp water ventilate. Pollution category may change
Solvesso 200 (Exxon),,.984,15,.00080,3,,B,N,33,226,,100,Y,N,N,pale,N,,Mineral spirit from Exxon. ww standard. Easy 
,Exxon Solvesso 200,,,,,,,,,,,,,,,straw,,,product. Low Heat Ok adjacent. Clean with ambient
,"Aromatic 200, Exxon",,,,,,,,,,,,,,,,,,temp water ventilate. Pollution category may change
Sorbitol 70% Solution,,1.490,15,.00060,3,,N,N,20,,110,283,Y,32,38,c.less,Y,,Very clean an odorless tank required. Sweetner
,Glucitol-o,,,,,,,,,,,,,,,,,,for various products such as chewing gum.
,Hexahydric Alcohol,,,,,,,,,,,,,,,,,,toothpaste etc.) Check P.H. and heat requierments
,"Hexanehexol-1,2,3,4,5,6",,,,,,,,,,,,,,,,,,Heat carfully. Hot wash. Marpol annex lll.
,Sorbit,,,,,,,,,,,,,,,,,,
,Sorbo,,,,,,,,,,,,,,,,,,
,Sorbol,,,,,,,,,,,,,,,,,,
Soybean Oil,,.922,20,.00075,3,,D,N,34,260,-8,282,38,N,10,pale,N,,Drying oil. Different grades: Refined Special.
,Soybean Oil Common,,,,,,,,,,,,,,,yellow,,,Common and crude. Check FFA Normally below
,Soy Bean Oil Special,,,,,,,,,,,,,,,,,,"2,5% but check if stow zinc. Heating for discharge "
,Soybean  Oil Crude,,,,,,,,,,,,,,,,,,"may be required, max 25C. Cold wash immediatly"
,Common Soybean Oil,,,,,,,,,,,,,,,,,,after discharge followed by warm and Stolt C
,Crude Soybean Oil,,,,,,,,,,,,,,,,,,Either by injection or circulation.
,Special Soybean OIl,,,,,,,,,,,,,,,,,,
,Refined Soybean Oil,,,,,,,,,,,,,,,,,,
,SBO Common,,,,,,,,,,,,,,,,,,
,SBO,,,,,,,,,,,,,,,,,,
,SBO Special,,,,,,,,,,,,,,,,,,
,SBO Refined,,,,,,,,,,,,,,,,,,
,SBO Crude,,,,,,,,,,,,,,,,,,
Spent Caustic Soda Sulfur Free,,1.480,,.00070,3,2g,D,Y,5,140,5,,Y,N,N,milky,Y,,Get full spec. Be sure free of Sulphur if stow coated
,,,,,,,,,,,,,,,,white,,,tanks. Handle and clean as regular caustic.
,,,,,,,,,,,,,,,,,,,May requir heating in cold climate
Sperm Oil Crude & Refined,,.870,32,.00075,3,,D,N,34,260,4,220,54,Y,Y,lt yellow,N,,Get spec. and heating instructions. check FFA if
,,,,,,,,,,,,,,,,,,,stowing zinc. Heat slowly max 5F day. Unlawful to
,,,,,,,,,,,,,,,,,,,carry waleoils to and thru US ports. Hot wash 
,,,,,,,,,,,,,,,,,,,and use Stolt C for Spots.
Sperm OIl Residue,,.840,49,.00075,3,,D,N,34,260,27,177,Y,49,54,light,N,,Get spec. and heating instructions
,Sperm Oil Pressings,,,,,,,,,,,,,,,,,,Handle as normal sperm oil
Stearic Acid Crude,,.840,,.00070,3,,D,N,4,343,71,196,Y,57,71,white,N,,Disch temp should be reached 2 days before disch
,Heptadecane Carboxylic Acid,,,,,,,,,,,,,,,,,,port. Recirculation may be necessary if insuffient
,Octadecanoic  Acid,,,,,,,,,,,,,,,,,,heating during voyage Cleaning: Hot wash 
,Octadecylic Acid-n,,,,,,,,,,,,,,,,,,Immediatly after disch (5 hrs). Spray w Stolt LAC
,Stearophanic Acid,,,,,,,,,,,,,,,,,,"Leave approx for 1 hr, hot wash"
Stearic Acid Pure,,.840,,.00070,3,,D,N,4,343,71,196,Y,82,82,white,,,Many different specs check. Obtain heating instruct.
,,,,,,,,,,,,,,,,,,,Cleaning: Hot wash Immediatly after disch (5 hrs).
,,,,,,,,,,,,,,,,,,,"Spray w Stolt LAC Leave approx for 1 hr, hot wash"
Stearyl Alcohol,,.810,,.00070,3,,B,N,20,210,139,,Y,77,77,White,N,,Fine grade  Fatty Alcohol. Get heating instructions.
,,,,,,,,,,,,,,,,to ww,,,Color sensative . Hot Wash.
Styrene Monomer (Inhibited),,.909,15,.00089,3,2g,B,Y,30,145,-31,32,N,N,N,ww,N,2055,Inhibited. Do not stow adjacent to heat. DOW
,Vinyl Benzene,,,,,,,,,,,,,,,,,,allows max. Heat adjacent 30C Clean with cold
,Phenylethylene,,,,,,,,,,,,,,,,,,"water immediatly after discharge, Then"
,Styrol,,,,,,,,,,,,,,,,,,warm water and steam.
,Styrolene,,,,,,,,,,,,,,,,,,
Styrene Oxide,,1.050,,,,,,,,194,,82,N,N,N,ww,N,,Most probably inhibited. Check. Avoid heat and 
,,,,,,,,,,,,,,,,,,,moisture. Handle and clean as Styrene Monomer.
Sulfolane Aqueous,,1.258,20,,3,,N,N,39,285,4,177,38,21,27,d.yellow,Y,,"ww standard, easy product. May require some heat"
,Sulfolane-w,,,,,,,,,,,,,,,,,,check. Clean with warm water Marpol annex 3.
,Tetrahydrothiophene-1,,,,,,,,,,,,,,,,,,
,Dioxide-1,,,,,,,,,,,,,,,,,,
,Tetramethylene Sulfone,,,,,,,,,,,,,,,,,,
Sulfolane Pure,,1.250,20,,3,,N,N,39,285,27,177,38,32,35,d.yellow,Y,,Get heatinh instructions. Hot wash. Marpol annex 3
,Sulfolane-w,,,,,,,,,,,,,,,,,,
,Tetrahydrothiophene-1,,,,,,,,,,,,,,,,,,
,Dioxide-1,,,,,,,,,,,,,,,,,,
,Tetramethylene Sulfone,,,,,,,,,,,,,,,,,,
Sulfonic Acid,,1.050,,,,,,,39,,,,49,,,brown,Y,,Get spec. and heating requirements. Most probably
,Gardilene SA 96,,,,,,,,,,,,,,,,,,external heating. May be a problem in SS if water 
,,,,,,,,,,,,,,,,,,,present. Avesta reports corrosion attacks if 100ppm
,,,,,,,,,,,,,,,,,,,water. Not listed by IMO.
Sulfonic Alkylate,,.950,,,3,,C,N,,,21,150,Y,66,66,d.brown,Y,,Get spec. and heating requirements.
,,,,,,,,,,,,,,,,,,, Viscosity very high. Exxon requires external or
,,,,,,,,,,,,,,,,,,,thermal oil heating. Difficult product.
,,,,,,,,,,,,,,,,,,,Clean as for lube Additives
Sulfur Liquid,,1.800,,,3,1g,N,Y,,445,119,168,,,,N,,,
,Brimstone Liquid,,,,,,,,,,,,,,,,,,
Sulphuric Acid (Spent) 88/92%,,1.780,15,.00097,3,2g,C,Y,2,315,10,,38,N,N,d.brn,Y,1832,Consult SS manufacturers resistancy list before
,Sulphuric Acid Diluted,,,,,,,,,,,,,,,,,,booking. Handle and clean as per SNI handling
,,,,,,,,,,,,,,,,,,,manual for Sulphuric Acid.
Sulphuric Acid Solution 100%,,1.840,,,3,2g,C,Y,2,315,10,,38,,,clear-,Y,1830,Check grade. Consult SNI cleaning manual.
,Oil of vitriol,,,,,,,,,,,,,,,drk brn,,,Special handling - see Operation manual.
,Battery Acid,,,,,,,,,,,,,,,,,,
,Fertilizer Acid,,,,,,,,,,,,,,,,,,
,Chamber Acid,,,,,,,,,,,,,,,,,,
"Sulphuric Acid Solution 98-98,5%",,1.840,15,.00097,3,2g,C,Y,2,315,,,N,N,N,clear,Y,1830,Consult SS manufacturers resistancy list before
,,,,,,,,,,,,,,,,drk.brn,,,booking. Handle and clean as per SNI handling
,,,,,,,,,,,,,,,,,,,manual for Sulphuric Acid.
"Sulphuric Acid Solution 98-99,5%",,1.840,15,.00097,3,2g,C,Y,2,315,4,,N,N,N,clear,Y,1830,This grade freezes at apporx +5C. 
,,,,,,,,,,,,,,,,drk.brn,,,Consult SS manufacturers resistancy list before
,,,,,,,,,,,,,,,,,,,booking. Handle and clean as per SNI handling
,,,,,,,,,,,,,,,,,,,manual for Sulphuric Acid.
Sulphuric Acid 65%,,1.550,15,.00097,3,2g,C,Y,2,315,-40,,N,N,N,clear,Y,1830,Consult SS manufacturers resistancy list before
,,,,,,,,,,,,,,,,drk.brn,,,booking. Handle and clean as per SNI handling
,,,,,,,,,,,,,,,,,,,manual for Sulphuric Acid.
Sulphuric Acid 75%,,1.670,15,.00097,3,2g,C,Y,2,315,-44,,N,N,N,clear,Y,1830,Consult SS manufacturers resistancy list before
,,,,,,,,,,,,,,,,drk.brn,,,booking. Handle and clean as per SNI handling
,,,,,,,,,,,,,,,,,,,manual for Sulphuric Acid.
Sulphuric Acid 93%,,1.840,15,.00097,3,2g,C,Y,2,315,-32,,N,N,N,clear,Y,1830,Consult SS manufacturers resistancy list before
,,,,,,,,,,,,,,,,drk.brn,,,booking. Handle and clean as per SNI handling
,,,,,,,,,,,,,,,,,,,manual for Sulphuric Acid.
Sulphuric Acid 95%,,1.840,15,.00097,3,2g,C,Y,2,315,-22,,N,N,N,clear,Y,1830,Consult SS manufacturers resistancy list before
,,,,,,,,,,,,,,,,drk.brn,,,booking. Handle and clean as per SNI handling
,,,,,,,,,,,,,,,,,,,manual for Sulphuric Acid.
Sulphuric Acid 96%,,1.840,15,.00097,3,2g,C,Y,2,315,-18,,N,N,N,clear,Y,1830,Consult SS manufacturers resistancy list before
,,,,,,,,,,,,,,,,drk.brn,,,booking. Handle and clean as per SNI handling
,,,,,,,,,,,,,,,,,,,manual for Sulphuric Acid.
Sulphuric Acid 98%,,1.840,15,.00097,3,2g,C,Y,2,315,-1,,N,N,N,clear,Y,1830,Consult SS manufacturers resistancy list before
,,,,,,,,,,,,,,,,drk.brn,,,booking. Handle and clean as per SNI handling
,,,,,,,,,,,,,,,,,,,manual for Sulphuric Acid.
Sunflower Oil Crude,,.920,15,.00080,3,,D,N,34,204,-18,160,49,26,26,ple,N,,Get specs. and heating instructions. Check FFA
,Semi drying Oil,,,,,,,,,,,,,,,yellow,,,if stowing Zinc. Handle as drying Oils.
,Sunfloweroil Common,,,,,,,,,,,,,,,,,,
,Sunflower oil Common,,,,,,,,,,,,,,,,,,
,Sunfloweroil Crude,,,,,,,,,,,,,,,,,,
,Sunflower Oil,,,,,,,,,,,,,,,,,,
,Suflowerseed oil,,,,,,,,,,,,,,,,,,
,SFO,,,,,,,,,,,,,,,,,,
,SFO Crude,,,,,,,,,,,,,,,,,,
,SFO Common,,,,,,,,,,,,,,,,,,
Sulfonic N-95,,1.060,20,.00078,3,,D,N,20,204,4,204,49,16,16,white,Y,,A fine detergent alcohol. ww standard. Get heating
,Ethoxylated Linear Alcohol,,,,,,,,,,,,,,,,,,instructions. Temperature increase max. %F/day.
,Detergent Alcohol 100%,,,,,,,,,,,,,,,,,,Clean with warm water. If lots of foam Use MEOH
,,,,,,,,,,,,,,,,,,,as foam depressant.
Synprol (C-13 & C-15),,.830,20,.00075,3,,B,N,20,204,7,93,49,15,27,ww,N,,A fine fatty alcohol. Get Heating instructions.
,,,,,,,,,,,,,,,,,,,Color sensative for heat. Max temp increase 5F/d.
,,,,,,,,,,,,,,,,,,,ww standard Hot Wash.
Synthetic Detergents,,1.200,,,3,,,N,34,104,,,71,16,27,d.yellow,Y,,ww standard. Get Heating instructions Warm wash.
,Petro Ag Special,,,,,,,,,,,,,,,,,,
,Alkyl Naphtalene,,,,,,,,,,,,,,,,,,
,Sulfonate Sodium Salt,,,,,,,,,,,,,,,,,,
Tall Oil Crude,,.950,48,,3,2g,B,Y,34,182,21,182,Y,37,60,d.brn,N,,"check gravity. Heating is important, Keep 55C"
,Tallol,,,,,,,,,,,,,,,,,,during voyage. Check for sediments prior arrival
,Liquid Resin,,,,,,,,,,,,,,,,,,recirculation may be required. Conssult SNI manual
,,,,,,,,,,,,,,,,,,,for cleaning. Some countries handle this as a Cat A.
Tall Oil Distilled,,.953,25,,3,2g,B,Y,34,165,4,148,60,37,40,l.yellow,N,,Check gravity. Get heating instructions. Some 
,Westvaco M-288,,,,,,,,,,,,,,,,,,Product may require SS stowage. 
,,,,,,,,,,,,,,,,,,,Hot wash and Stolt C or LAC.
"Tall oil Fatty Acid, Arizona ""FAX""",,.900,25,,3,,C,Y,34,232,,193,48,N,N,pale,N,,Always get spec and heating instructions. ww
,,,,,,,,,,,,,,,,,,,standard. Color sensative re: heat. 
,,,,,,,,,,,,,,,,,,,"Hot wash, spot clean with Stolt C or Stolt LAC"
"Tall oil Fatty Acid, Union Camp",,.900,25,,3,2g,C,Y,34,232,1,193,48,,,lem.ple,N,,Always get spec and heating instructions. ww
,,,,,,,,,,,,,,,,,,,standard. Color sensative re: heat. 
,,,,,,,,,,,,,,,,,,,"Hot wash, spot clean with Stolt C or Stolt LAC"
"Tall Oil Fatty Acid, Westvaco, Savannah",,.910,25,,3,2g,C,Y,34,232,,190,37,N,N,l.yellow,N,,Always get spec and heating instructions. ww
,Westvaco L-5,,,,,,,,,,,,,,,,,,standard. Color sensative re: heat. 
,,,,,,,,,,,,,,,,,,,"Hot wash, spot clean with Stolt C or Stolt LAC"
Tall Oil Pitch,,1.020,77,,3,,A,N,34,329,86,495,Y,140,180,dk.brn,,,Get spec. and heating instruction each time.
,,,,,,,,,,,,,,,,,,,Handling and cleaning as per Stolt manual.
,,,,,,,,,,,,,,,,,,,Not listed by IMO.
Tallow,,.890,,,3,,D,N,34,204,21,260,Y,,54,white to,N,,Get spec. and heating instruction each time.
,Tallow oil,,,,,,,,,,,,,,,drk.brn,,,FFA. varies re: grade. Hot wash and Stolt C.
"Tallow Fatty Acid, #153 (95) Ex Emery",,.860,50,,3,,D,N,34,204,29,160,Y,37,60,Pale,N,,Get spec. and heating instruction each time.
,,,,,,,,,,,,,,,,,,,Hot wash and Stolt C or LAC.
"Tallow Fatty Acid, Dist Emersol E531",,,,,3,,D,N,34,,,,,,,,N,,Get specs. and heating instructions.
,,,,,,,,,,,,,,,,,,,Hot wash and Stolt C or Stolt LAC.
"Tallow Fatty Acid, Refined EX P&G",,.920,50,,3,,D,N,34,204,32,148,Y,40,54,pale,N,,Get specs. and heating instructions.
,,,,,,,,,,,,,,,,,,,Hot wash and Stolt C or Stolt LAC.
Tallow Fatty Alcohol TA 1618,,.784,60,,3,2g,B,Y,34,176,52,160,Y,Y,57,white,N,,ww standard. Handle with care. Get specs. and
,Higher Fatty Alcohol,,,,,,,,,,,,,,,,,,heating instructions. Hot wash. Stolt C for spots.
,Stearyl Alcohol Crude,,,,,,,,,,,,,,,,,,Pollution cat. may not be correct.
,Cetyl Alcohol P&G,,,,,,,,,,,,,,,,,,
Tallow Nitrile,,.846,25,,,,,N,37,279,10,171,48,N,N,yellow,,,Get specs and heating instructions. Check FFA if 
,Fatty Nitrile,,,,,,,,,,,,,,,brn,,,stowing zinc Hot wash. Stolt C for spots.
,,,,,,,,,,,,,,,,,,,Not listed by IMO.
Tallow refined white,,.880,,,3,,D,N,34,204,7,187,60,26,26,white,N,,Get specs and heating instructions
,,,,,,,,,,,,,,,,,,,"Color sensative , re: heat. ww standard. odor free."
,,,,,,,,,,,,,,,,,,,Hot wash Stolt C for spots.
Tallow refined Yellow,,.890,,,3,,D,N,34,204,7,187,48,16,16,yellow,N,,Get specs and heating instructions
,,,,,,,,,,,,,,,,,,,"Color sensative , re: heat. ww standard. odor free."
,,,,,,,,,,,,,,,,,,,Hot wash Stolt C for spots.
Tallow Stearine,,.900,37,,3,,D,N,34,204,43,158,Y,60,80,pale,N,,Get specs and heating instructions. Check FFA if 
,Oleo Stearine,,,,,,,,,,,,,,,,,,"stowing zinc Hot wash, applay live steam."
,,,,,,,,,,,,,,,,,,,Stolt C for Spots
Tar Acid,,1.000,,,2,2g,A,Y,21,,,,,N,N,drk,N,,Several grades Check. Tpxic product as it contains
,,,,,,,,,,,,,,,,blk,,,"Phenol, Creosols, etc. Expect difficulty cleaning."
,,,,,,,,,,,,,,,,,,,similar to Creosols
Tar liquid,,1.400,20,,,,,N,21,,,60,,,,blk,,,get full specs.
,Tar Residue,,,,,,,,,,,,,,,,,,
Tergitol 15-S-03,,.920,20,.00080,3,,D,N,20,176,-32,187,48,N,N,white to,,,Get spec.(Grade). and heating instructions.
,,,,,,,,,,,,,,,,ww,,,Check PH if stowin zinc. ww standard. Hot wash.
Tergitol 15-S-07,,.990,20,.00080,3,,D,N,20,176,6,187,48,21,21,white to,,,Get spec.(Grade). and heating instructions.
,,,,,,,,,,,,,,,,ww,,,Check PH if stowin zinc. ww standard. Hot wash.
Tergitol 15-S-09,,1.000,20,.00080,3,,D,N,20,176,12,187,48,26,32,white to,,,Get spec.(Grade). and heating instructions.
,,,,,,,,,,,,,,,,ww,,,Check PH if stowin zinc. ww standard. Hot wash.
Tergitol 15-S-12,,1.000,20,.00080,3,,D,N,20,176,17,187,48,32,37,white to,,,Get spec.(Grade). and heating instructions.
,,,,,,,,,,,,,,,,ww,,,Check PH if stowin zinc. ww standard. Hot wash.
Tergitol 45-S-03,,.910,20,.00080,3,,D,N,20,176,,187,48,N,N,white to,,,Get spec.(Grade). and heating instructions.
,,,,,,,,,,,,,,,,ww,,,Check PH if stowin zinc. ww standard. Hot wash.
Terpineneol 350,,.940,25,.00078,3,,,N,20,215,,26,37,N,N,ww,sli,,ww standard . Warm wash. Avoid heat adjacent
,Terpineol-a,,,,,,,,,,,,,,,,,,"Similar to Decanol, may be a cat B"
,Terpineol-b,,,,,,,,,,,,,,,,,,
,Terpineol-g,,,,,,,,,,,,,,,,,,
,Terpilenol,,,,,,,,,,,,,,,,,,
"Tetrachloroethane-1,1,2,2",,1.950,25,.00170,3,2g,B,Y,36,146,-42,,N,N,N,clear,sli,1702,ww standard. warm wash .
,Acetylene Tetrachloride,,,,,,,,,,,,,,,ple-yell,,,Stolt A or B if necessary.
Tetrachloroethylene,,1.630,15,.00166,3,2g,B,Y,36,121,-23,,N,N,N,c.less,N,1897,ww standard. Warm wash. Stotlt A or B if necessary
,Tetracap,,,,,,,,,,,,,,,,,,This product was uppgraded from noncompliance
,Perclene,,,,,,,,,,,,,,,,,,to compliance cargo in1983. IMO chapter 6.
,Perchloroethylene,,,,,,,,,,,,,,,,,,DOW requires N2 padding.
,Dowper,,,,,,,,,,,,,,,,,,
,Dow-per,,,,,,,,,,,,,,,,,,
,,,,,,,,,,,,,,,,,,,
Tetradecanol,,.824,38,,3,,N,N,20,263,,140,,,,c-less,N,,ww standard. warm wash . Not listed by IMO
,Myristic Alcohol,,,,,,,,,,,,,,,,,,Stolt A or B if necessary.
,Myristyl Alcohol,,,,,,,,,,,,,,,,,,
,Tetradecyl Alcohol-n,,,,,,,,,,,,,,,,,,
,N-Tetradecyl Alcohol,,,,,,,,,,,,,,,,,,
Tetradecene-1,,.771,20,,3,,N,N,30,251,,110,,,,c-less,N,,ww standard . Cold wash followed by hot.
,,,,,,,,,,,,,,,,,,,Marpol annex lll.
Tetradecylbenzene,,.855,20,.00078,3,2g,C,Y,32,359,,,,,,C.less,N,,Get specs. Cold wash followed by hot.
,Phenyltetradecane-1,,,,,,,,,,,,,,,,,,
Tetraethyl Lead,,1.633,20,,2,1g,A,Y,,,100,93,N,N,N,clear,N,,Requierd Independent and dedicated tanks.
,TEL,,,,,,,,,,,,,,,dyed red,,,Check Gen Ops.
,Motor Fuel Antiknock Compounds,,,,,,,,,,,,,,,,,,
Tetraethylene Glycol,,1.160,15,.00080,3,,N,N,40,327,-6,182,Y,N,N,c.less,Y,,"ww standard easy cargo. Clean with warm water,"
,Hydroxyethoxy ethyl ether-2-2-cis,,,,,,,,,,,,,,,straw,,,ventilate. Not yet assigned to any poll category.
,"Trioxaundecan-1-2,6,9",,,,,,,,,,,,,,,,,,Marpol annex lll
Tetraethylene Pentamine,,.998,20,.00076,3,2g,D,Y,7,343,-30,152,48,N,N,ww,,,ww standard. N2 blanket recommended.
,"Triazaundecamethylene-3,6,9-diamine",,,,,,,,,,,,,,,,,,UCC refuse zinc tank.
,,,,,,,,,,,,,,,,,,,Cold wash followed by hot.
Tetrahydrofuran,,.888,20,.00072,3,2g,D,Y,41,65,,-15,37,N,N,ww,Y,,"ww ""plus"" standard. N2 purging and blanket."
,Tetramethylene oxide,,,,,,,,,,,,,,,,,,Heat adjacent 100F max. Cold wash.
,Thf,,,,,,,,,,,,,,,,,,
Tetrahydronaphthalene,,.980,13,.00085,3,2g,C,Y,32,206,-13,71,48,N,N,ww,N,,ww standard Warm Wash.
,Tetralin,,,,,,,,,,,,,,,,,,
,Tetranap,,,,,,,,,,,,,,,,,,
Tetrasodium Salt of Edta Solution,,1.310,15,,3,,,N,43,106,-31,,?,N,N,yellow,Y,,Easy product eith no special requirements. Check
,Versene 100 DOW,,,,,,,,,,,,,,,,,,for  N2 requirements. Clean with ambient temp water
,Tetrasodium Ethylenediaminetetraaceticac,,,,,,,,,,,,,,,,,,Not listed by IMO.
Texanol Chemical Intermediate,,.950,15,,3,2g,C,Y,34,180,,120,48,N,N,white,N,,ww standard. Handle as any acetate. Correct IMO
,"Trimethyl2,2,4pentanediol-1,3monoisobutyr",,,,,,,,,,,,,,,,,,"name: is 2,2,4 Trimethyl1-1,3 Pentanediol-1"
,,,,,,,,,,,,,,,,,,,Isobutyrate.
Texanol Isobutyrate,,.960,15,,3,,,N,,280,,143,48,N,N,white,N,,ww standard. Warm wash Handle as acetate.
,"Trimethyl2,2,4pentanediol-1,3",,,,,,,,,,,,,,,,,,Same as Texanol Chemical Intermediate
,Kodaflex TB 1B,,,,,,,,,,,,,,,,,,
Thermal Phosphoric Acid 75%,,1.570,15,,,,,Y,1,135,-20,,Y,Y,Y,c-less,Y,,"Several different strenghts, check as some require "
,,,,,,,,,,,,,,,,,,,rather high heat which should cause problem inSS.
,,,,,,,,,,,,,,,,,,,Get exact heating requirements and full specs. as
,,,,,,,,,,,,,,,,,,,must check with Avesta each time.
,,,,,,,,,,,,,,,,,,,Clean as for Phosphoric Acid. Do not belive we will
,,,,,,,,,,,,,,,,,,,have sediment problems this product. Not listed
,,,,,,,,,,,,,,,,,,,"by IMO, but should be same as for Phos Acid"
Tin residue,,1.040,,,3,,,,,,,,,N,N,,,,Get specs. each time. Cold wash with injection
,,,,,,,,,,,,,,,,,,,of Stolt A or B. not listed by IMO
Titanium Dioxide 72%,,3.600,,,,,,,,,,,,,,white to,,,Get spec. difficult product. Not yet classified for
,Titanic Anhydride,,,,,,,,,,,,,,,blk,,,"shipment, may require dedicated tks."
,Titanic Acid Anhydride,,,,,,,,,,,,,,,,,,
,Titanic Oxide,,,,,,,,,,,,,,,,,,
,Titanium White,,,,,,,,,,,,,,,,,,
,Titania,,,,,,,,,,,,,,,,,,
Titanium Tetrachloride,,1.760,,,1,1g,D,Y,2,136,-30,,N,N,N,c-less,Y,,"Difficult product, reacts with water to form HCL."
,,,,,,,,,,,,,,,,,,,Avesta says no go in 316L. Must be carried 100%
,,,,,,,,,,,,,,,,,,,dry which means purging and blanketing. Also
,,,,,,,,,,,,,,,,,,,Vapor return during load disch Must be expected.
,,,,,,,,,,,,,,,,,,,Full protective chlothing during handling. Not yet
,,,,,,,,,,,,,,,,,,,"included in the IMO code, but USCG has classified"
,,,,,,,,,,,,,,,,,,,Do not book before consulted with Cgo manager.
Toulene,,.870,15,.00090,3,2g,C,Y,32,110,,7,38,N,N,ww,N,1294,ww standard Cold flush ventilate.
,Methylbenzene,,,,,,,,,,,,,,,,,,Compliance cgo because of pollution hazards.
,Methylbenzol,,,,,,,,,,,,,,,,,,High level alarms req.
,Toluol,,,,,,,,,,,,,,,,,,
,Phentylmethane,,,,,,,,,,,,,,,,,,
Toulene Diamine,,1.000,15,.00076,2,2g,C,Y,9,280,,,,,,c-less,Y,1709,?????? very high heat requirements.
,,,,,,,,,,,,,,,,,,,
Toulene Sulfonic Acid-para,,1.450,25,,,,,,,140,107,,,,,ww to,Y,,Moore info req
,Methylbenzenesulfonic Acid,,,,,,,,,,,,,,,blk,,,
,Tosic Acid,,,,,,,,,,,,,,,,,,
,Tsa-p,,,,,,,,,,,,,,,,,,
"Toulene-2,4-Diisocyanate (various)",,1.220,15,.00108,2,2g,C,Y,12,249,6,132,38,20,20,ww-pale,Y,2078,Product of particular hasard- handle carry and
,TDI,,,,,,,,,,,,,,,yellow,,,clean as per Sni tdi manual.
,Voranate T 80,,,,,,,,,,,,,,,,,,
,Toulene Diisocyanate 65%,,,,,,,,,,,,,,,,,,
,,,,,,,,,,,,,,,,,,,
Toluidiene-ortho,,1.008,20,.00076,2,2g,C,Y,9,200,-16,85,N,N,N,clear,sli,1708,Also a meta and para grade
,Amino-2-methylbenzene,,,,,,,,,,,,,,,lt.yellow,,,ww standard. Warm wash.
,Aminotoulene-2,,,,,,,,,,,,,,,,,,
,Methylaniline-2,,,,,,,,,,,,,,,,,,
,Metylaninline-o,,,,,,,,,,,,,,,,,,
,Toluidine-ortho,,,,,,,,,,,,,,,,,,
Toxaphene (chlorinated camphene),,1.660,27,,,,,,,,65,28,,,,amber,N,,More info require:
,Chlorinated Camphene,,,,,,,,,,,,,,,,,,
"Triacetin: ""Estrobond""",,1.160,,,3,,N,N,34,260,-78,149,49,N,N,ww,sli,,ww standard. Warm wash.
,Estrobond,,,,,,,,,,,,,,,,,,Marpol appendix lll.
,Glyceryl Triacetate,,,,,,,,,,,,,,,,,,
Tiaryl Phosphate,,1.175,20,,2,2g,A,Y,34,250,,200,37,N,N,clear,N,,Prewash cargo. Ref cargo Trixylyl Phosphate but
,Pliabrac 519,,,,,,,,,,,,,,,,,,ship type 2.
,Triisopropyl Phenyl Phosphate,,,,,,,,,,,,,,,,,,Tripartite agreement USA/Lib/ Holland
,Kronitex 50,,,,,,,,,,,,,,,,,,"Clean with ambient water, try Stolt A or B if any"
,,,,,,,,,,,,,,,,,,,problems. Avoid contact. Vapor Toxic:
Tributylphosphate,,.980,,,3,2g,B,Y,34,177,,193,49,N,N,ww,Y,,"Easy product, no special requirement"
,TBP,,,,,,,,,,,,,,,,,,"Clean with warm water, ventilate."
"Trichloro-1,1,2-trifluoroethane-1,1,2",,1.670,15,.00150,3,2g,C,Y,36,47,,,N,N,N,clear,N,,ww standard avoid heat . Low boiling point.
,Freon 113,,,,,,,,,,,,,,,,,,N2 blanket recommended. Cold wash
,TF 113,,,,,,,,,,,,,,,,,,
,Forane 113,,,,,,,,,,,,,,,,,,
"Trichloro-1,1,2-trifluoroethane-1,2,2",,1.565,25,.00050,3,2g,C,Y,36,47,-35,,N,N,N,clear,N,,"Normally SS stowage, N2 required. No heat "
,"Trifluoroethane-1,1,2",,,,,,,,,,,,,,,,,,"adjacent, avoid steaming or hot wash in adjacent"
,Freon tf 113,,,,,,,,,,,,,,,,,,"tanks. Clean with ambient  temp water, ventilate."
"Trichlorobenzene Technical grade-1,2,4",,1.450,20,.00121,2,2g,B,Y,36,210,13,99,49,18,21,clear,N,2321,ww standard. Heat my be required in cold climate.
,,,,,,,,,,,,,,,,,,,"Clean with ambient temp water, ventilate."
"Trichloroethane-1,1,1",,1.330,15,.00163,3,2g,B,Y,36,75,,,38,N,N,ww,N,2831,"ww standard, cold wash."
,Methyl Cloroform,,,,,,,,,,,,,,,,,,DOW requires N2 Padding.
,Triethane,,,,,,,,,,,,,,,,,,
,Genklene,,,,,,,,,,,,,,,,,,
,Aerothene,,,,,,,,,,,,,,,,,,
,Chlorothene SM,,,,,,,,,,,,,,,,,,
,Chlorothene VG,,,,,,,,,,,,,,,,,,
,ChlorothaneSM,,,,,,,,,,,,,,,,,,
,ChlorothaneS/Monoomer,,,,,,,,,,,,,,,,,,
,Chlorothane,,,,,,,,,,,,,,,,,,
,Chloroethane,,,,,,,,,,,,,,,,,,
,Chlorothene,,,,,,,,,,,,,,,,,,
,Cthane SM,,,,,,,,,,,,,,,,,,
,Ctane,,,,,,,,,,,,,,,,,,
"Trichloroethane-1,1,2",,1.441,15,.00185,3,2g,B,Y,36,113,-37,,38,N,N,clear,N,,"ww standard, cold wash."
,Trichloroethane-b,,,,,,,,,,,,,,,,,,DOW requires N2 Padding.
,Vinyl Trichloride,,,,,,,,,,,,,,,,,,
Trichloroethylene,,1.469,15,.00170,3,2g,B,Y,36,87,,,38,N,N,ww,N,1710,ww standard. Cold wash 
,Nev-tri,,,,,,,,,,,,,,,,,,DOW ask for N2 padding and no heat adjacent.
,Ipsolvent 321,,,,,,,,,,,,,,,,,,
,Algylen,,,,,,,,,,,,,,,,,,
,Chlorylen,,,,,,,,,,,,,,,,,,
,Gemalgene,,,,,,,,,,,,,,,,,,
,Threthylene,,,,,,,,,,,,,,,,,,
,Trethylene,,,,,,,,,,,,,,,,,,
,Trichloran,,,,,,,,,,,,,,,,,,
,Trichlorethene,,,,,,,,,,,,,,,,,,
,Triclene,,,,,,,,,,,,,,,,,,
,trilene,,,,,,,,,,,,,,,,,,
,Trimar,,,,,,,,,,,,,,,,,,
,Tcl,,,,,,,,,,,,,,,,,,
"Trichloropropane-1,2,3",,1.416,25,.00150,2,2g,B,Y,36,149,,66,38,N,N,ww,sli,,WW standard. Cold wash
,,,,,,,,,,,,,,,,,,,Check if N2 required.
Tridecane-norm,,.750,,,3,,N,N,34,226,-6,79,49,10,10,ww,N,2574,"Easy product, no special requirements"
,Paraffin-n,,,,,,,,,,,,,,,,,,Clean with ambient temp water.
,,,,,,,,,,,,,,,,,,,Same as normal paraffin.
Tridecene-1,,.765,20,,3,,N,N,20,223,-23,79,36,N,N,c-less,N,,"ww standard. Clean with ambient temp. water, ven."
,Undecylethylene,,,,,,,,,,,,,,,,,,
Tridecyl Alcohol,,.840,15,.00078,3,,N,N,20,260,,82,49,N,N,c-less,N,,"Fatty alcohol (C-13). Normally no heat. ww standard,"
,Isotridecanol,,,,,,,,,,,,,,,,,,no special requirements. Clean with warm water.
,Isotridecyl Alcohol,,,,,,,,,,,,,,,,,,Marpol annex 3.
,Tridecanol-1,,,,,,,,,,,,,,,,,,
Tridecylbenzene,,.860,15,,3,2g,C,Y,32,,,,,,,,,,"Get specs. on this product, should be easy to handle"
,Phenyltridecane-1,,,,,,,,,,,,,,,,,,Clean with warm water.
Triethanolamine,,1.124,15,.00055,3,2g,D,Y,8,335,21,191,49,35,42,ww,Y,,This specs. is for a 85% solution. Specs and heating
,TEA,,,,,,,,,,,,,,,,,,different for other consentrations. Follow heating
,"Nitrilotriethanol-2,2,2",,,,,,,,,,,,,,,,,,"instr. carefully. Clean with warm water, ventilate."
,Triethyloamine,,,,,,,,,,,,,,,,,,
,Trihydroxytriethylamine,,,,,,,,,,,,,,,,,,
,Trishydroxyethylamine,,,,,,,,,,,,,,,,,,
Triethyl Benzene,,.861,20,,2,2g,A,Y,32,216,-70,83,38,N,N,c.less,N,,"ww standard, easy product. Poll cat A, Preewash"
,,,,,,,,,,,,,,,,,,,"to shore necessary. Clean with ambient temp, water."
Triethyl Phosphate,,1.060,20,,3,,D,N,34,216,,116,49,N,N,ww,Y,,ww standard. Avoid heat adjacent. 
,,,,,,,,,,,,,,,,,,,Clean with ambient temp. Water.
Triethylamine,,.730,20,.00092,2,2g,C,Y,7,89,,-7,N,N,N,ww,Y,1296,ww standard. No heat adjacent. Avoid stow zinc.
,TEN,,,,,,,,,,,,,,,,,,(Zinc pick up.) Clean  with ambient temp water.
Triethylene Glycol,,1.120,15,.00078,3,,N,N,40,288,-7,177,49,N,N,ww,Y,,"Methanol standard, good coated tank required."
,TEG,,,,,,,,,,,,,,,,,,N2 blanket may be required. Avoid slack tanks.
,Di-b-Hydroxyethoxyethane,,,,,,,,,,,,,,,,,,Clean with ambient temp water. Marpol appendix lll
,"Ethylenedioxydiethanol-2,2",,,,,,,,,,,,,,,,,,
,Ethylene Glycol Dihydroxy Diethyl Ether,,,,,,,,,,,,,,,,,,
,Triglycol,,,,,,,,,,,,,,,,,,
Triethylene Glycol Dimethyl Ether,,.986,,,3,,D,N,40,153,,111,38,N,N,ww,Y,,ww standard. Cold wash.
Triethylene Glycol Monobutyl Ether,,.990,,,3,,D,N,40,271,-48,143,38,N,N,ww,Y,,ww standard. Cold wash.
Triethylene Glycol Monomethyl Ether,,1.000,,,3,,D,N,40,149,,93,43,N,N,ww,Y,,ww standard. Cold wash.
,Trioxitol,,,,,,,,,,,,,,,,,,
Triethylenetetramine,,.981,15,.00079,3,2g,D,Y,7,277,,143,49,N,N,yellow,Y,2259,ww standard. Avoid heat adjacent if stowed organic
,"Aminoethylethylenediamine-2-n,n-bis",,,,,,,,,,,,,,,,,,"coating. Clean with warm water, ventilate."
,Teta,,,,,,,,,,,,,,,,,,
,Trien,,,,,,,,,,,,,,,,,,
,,,,,,,,,,,,,,,,,,,
Triisobutylene,,.756,20,.00100,3,,,N,30,180,,44,40,N,N,ww,?,,"ww standard. warm wash, use Stolt A or B as requir."
,,,,,,,,,,,,,,,,,,,:Butyl Hydroxy Toulene (BHT) is added as an 
,TIB,,,,,,,,,,,,,,,,,,Inhibitor for quality onlu. (50-100)ppm.
,,,,,,,,,,,,,,,,,,,"Not yet in IMO code, but USCG classified as"
,,,,,,,,,,,,,,,,,,,noncompliance. Marpol  Appendix lll
Triisoctyl Trimellitate,,.987,25,,3,,,N,34,260,-40,254,30,N,N,Clear,N,,"USCG listed as non compliance, not yet in the IMO"
,PX-377,,,,,,,,,,,,,,,,,,"code. All coatings should be OK, but Zinc must be"
,Tiotm,,,,,,,,,,,,,,,,,,"dry. Avoid heat adjacent, maax 30C. N2 blanket may"
,,,,,,,,,,,,,,,,,,,"be required. Clean with warm water, use Stolt A orB."
Triisopropanolamine,,.991,60,.00068,3,,D,N,8,260,58,160,Y,63,68,white,Y,,Get speca. and heating instructions. Several grades
,,,,,,,,,,,,,,,,clear/ww,,,DOW asking for N2 padding.
,,,,,,,,,,,,,,,,,,,"Clean with warm water, ventilate."
Triisopropyl Phenyl Phosphate,,1.171,20,.00067,3,,,N,34,240,-30,268,N,N,N,pale,negl,,Product also Known as Triaryl Phosphate.
,Pliabrac 519,,,,,,,,,,,,,,,yellow,,,Check if heating necessary.
,,,,,,,,,,,,,,,,,,,Clean with warm water.
Trimethyl Phosphite,,1.050,20,,3,2g,,Y,34,111,-78,54,N,N,N,ww,negl,2323,Toxic. Probably SS stow only. N2 blanket recomm-
,,,,,,,,,,,,,,,,,,,"ended. Product reacts slowly with water, decomposes."
,,,,,,,,,,,,,,,,,,,Clean  with ambient temp water use Stolt A or B
,,,,,,,,,,,,,,,,,,,"for final cleaning. USCG # 34, but additional rest-"
,,,,,,,,,,,,,,,,,,,rictions to stow adjacent to #1 and 4.
,,,,,,,,,,,,,,,,,,,Pollution category not yet assigned.
Trimethylacetic acid,,.905,50,,3,2g,D,Y,,163,35,,48,44,48,Clear,negl,,"Organic acid, compatibility # not assigned, but "
,Piralic Acid,,,,,,,,,,,,,,,,,,should be 04. Always keep temp. between 44 and 
,Neopentanoic Acid,,,,,,,,,,,,,,,,,,"48C, do not exeed 55C at any given time."
,,,,,,,,,,,,,,,,,,,Handle and clean as an Acid.
Trimethylamine Solution 25%,,.662,20,,,,C,,,29,-117,3,,,,clear,Y,,"Not yet classified for shipment. Low boiling, flash"
,,,,,,,,,,,,,,,,,,,point and auto ignation temperature. N2 purging
,,,,,,,,,,,,,,,,,,, and blanketing a must. check with Booker.
Trimethylhexamethylene Diamine,,,,,3,2g,D,Y,7,,,,,,,,,,More info required but should be no problem
Trimethylhexamethylene Diisocyanate,,,,,2,2g,B,Y,12,,,,,,,,,,More info required. Should be similar to TDI
Tripropylene Glycol,,1.020,20,.00078,3,,D,N,40,273,,141,38,N,N,c-less,Y,,"ww standard, good coated taank req."
,,,,,,,,,,,,,,,,,,,Check if N2 blanket asked for.
,,,,,,,,,,,,,,,,,,,Clean with ambient temp water.
Trisodium Nitrilotriacetate Solution,,1.315,20,.00250,,,,Y,34,105,-20,,Y,N,N,yellow,Y,,"Not in any resistansy lists. Before coatings tested, "
,NTA 150 Chelant,,,,,,,,,,,,,,,,,,SS stow only. USCG says it is compliance cargo. 
,"Nitrilotriacetic Acid, Trisodium Salt Soul",,,,,,,,,,,,,,,,,,Low heat adjacent should be Ok.
,,,,,,,,,,,,,,,,,,,"Clean with ambient temp water,."
Trisodium Salt Of N-Hydroxyehtylene-Diam,,,,,,,,,,,,,,,,,,,
,ine Triacetic Acid,1.290,20,,3,,,N,43,107,35,,amb,N,N,lt.straw,Y,,42% solution in water. P.H. 11.45. Corrosive. Stow SS
,,,,,,,,,,,,,,,,,,,"Steel. DOW insist. Use warm water for cleaning,vent"
,,,,,,,,,,,,,,,,,,,Not  yet classified by IMO.
Tritolyl Phosphate 1% or more o-Isomer,,1.160,20,,2,2g,A,Y,34,410,,210,40,24,38,clear,N,2574,If contains more than 1% ortho isomers it is shiptype
,TCP,,,,,,,,,,,,,,,,,,"1, tanktype 2g. Correct IMO name is Tricresyl"
,Tricresyl Phosphate,,,,,,,,,,,,,,,,,,Phosphate. Get heating instructions and specs.
,Tri-p-tolyl Phosphate,,,,,,,,,,,,,,,,,,Clean with warm water.
,Tri-P-cresyl Phosphate,,,,,,,,,,,,,,,,,,
Tung Oil,,.940,,,3,,D,N,34,204,4,289,49,32,32,reddish,N,,Dryin oil. Check FFA prior to stowing Zinc. Water
,China Wood Oil,,,,,,,,,,,,,,,yellow,,,sensative product. Get heating instructions
,,,,,,,,,,,,,,,,,,,Clean as other drying oils.
Turpentine,,.870,15,.00085,3,2g,B,Y,30,149,-55,35,49,N,N,pale&,N,,Check if oil or gum graade. Avoid heat adjacent
,Sulfonate Turpentine Crude,,,,,,,,,,,,,,,ww,,,"if gum grade. If dryed on bulkheads, clean  as "
,Do Turpentine,,,,,,,,,,,,,,,,,,drying oil.  High larm required.
,Gum Turpentine,,,,,,,,,,,,,,,,,,
,Spirits Of Turpentine,,,,,,,,,,,,,,,,,,
,Sulfate Turpentine,,,,,,,,,,,,,,,,,,
,Turps,,,,,,,,,,,,,,,,,,
,Wood Turpentine,,,,,,,,,,,,,,,,,,
Udex Rafinate,,.680,,,3,,,N,31,93,,,N,N,N,ww,N,,Easy product. Handle as Heptane.
,,,,,,,,,,,,,,,,,,,An Aliphatic (paraffinic) feedstock.
,,,,,,,,,,,,,,,,,,,Not listed by IMO.
Undecanol,,.836,20,,3,2g,B,Y,20,245,,93,,,,clear,N,,ww atandard. May require heating. Warm water.
,Alcohol C-11,,,,,,,,,,,,,,,,,,Correct IMO name is Undecyl Alcohol.
,Hendecanol-1,,,,,,,,,,,,,,,,,,
,Undecanol-1,,,,,,,,,,,,,,,,,,
,Hendecanoic Alcohol,,,,,,,,,,,,,,,,,,
Undecene,,.750,20,,3,2g,B,Y,30,192,-49,71,38,N,N,clear,N,,ww standard. Warm wash.
,Nonylethylene,,,,,,,,,,,,,,,,,,
Undecylbenzene,,.855,20,,3,,D,N,6,316,-5,140,,,,clear,N,,"Must have more infos. this product. Easy cargo,"
,Phenylundecane-1,,,,,,,,,,,,,,,,,,expect no problem. Correct IMO name is
,,,,,,,,,,,,,,,,,,,Alkyl (9-C17) Benzene
Unifols,,1.270,,,3,,D,N,6,100,,,N,N,N,ww,Y,,"Different grades, check. Phenoline 373 resistant"
,Ammonium phosphate,,,,,,,,,,,,,,,,,,if no heat. This fertilizer contains no free ammonia 
,Urea And Water,,,,,,,,,,,,,,,,,,and is noncompliance.
,,,,,,,,,,,,,,,,,,,Clean with ambient temp water.
Unleaded Clean Petroleum Product,,,,,,,N,N,33,,,,,,,,,,Common name for Numerous types of
,,,,,,,,,,,,,,,,,,,"gasolines, gasoils and dieseloils etc."
Urea Ammonium Nitrate,,1.340,20,,3,,D,N,5,,133,,N,N,N,clear,sli,,"Several different grades, get specs, and ammonia "
,,,,,,,,,,,,,,,,,,,"content. 2% or less ammonia is noncompliance,"
,Carbamide,,,,,,,,,,,,,,,,,,more than 2% ammonia is compliance. If 
,Carbonyldiamide,,,,,,,,,,,,,,,,,,noncompliance than USCG compatbility # is 43.
,,,,,,,,,,,,,,,,,,,Epoxy/Phenolic coatings ok upto 2% ammonia 
,,,,,,,,,,,,,,,,,,,except for Camkote N and EP which check each
,,,,,,,,,,,,,,,,,,,time. Cold/warm wash. Use Stolt A or B as necess-
,,,,,,,,,,,,,,,,,,,ary. If contains  ammonia pollution category is C.
Urea Formaldehyde Solutions,,1.300,,,3,2g,C,Y,19,93,,,N,N,N,clear to,Y,,Check grade and formaldehyde content. (max 42%
,,,,,,,,,,,,,,,,ww,,,free formaldehyde allowed). Also check if alcohol
,UF Concentrate 78,,,,,,,,,,,,,,,,,,present - could change classification. Several 
,,,,,,,,,,,,,,,,,,,"different grades, Always ask for specs."
,,,,,,,,,,,,,,,,,,,Clean with ambient temp water.
Valeraldehyde-norm,,.810,15,,3,2g,D,Y,19,101,,18,N,N,N,ww,sli,2058,ww standard. N2 purging and blanket - possitive
,Amyl Aldehyde,,,,,,,,,,,,,,,,,,pressure. No heat adjacent.
,Pentanol,,,,,,,,,,,,,,,,,,Cold water wash only.
,Valeral,,,,,,,,,,,,,,,,,,
,Valeric Aldehyde,,,,,,,,,,,,,,,,,,
,N-Valeraldehyde,,,,,,,,,,,,,,,,,,
Valeric Acid,,.940,,,,,,,,185,,96,37,N,N,ww,Y,,Must have more infos this product.
,Valerianic Acid,,,,,,,,,,,,,,,,,,Correct IMO name Pentanoic Acid.
,Pentanoic Acid-n,,,,,,,,,,,,,,,,,,
Vidden D (DOW),,1.200,15,.00062,2,2g,B,Y,15,106,,29,N,N,N,yellow,sli,,Vidden D is DOW trade namn. Classified as
,,,,,,,,,,,,,,,,straw,,,Dichloropropene/Dichloropropene Mixture.
,Dichloropropene/Dichloropropene Mixture,,,,,,,,,,,,,,,,,,Se remark in SS and Coating resistancy list.
,,,,,,,,,,,,,,,,,,,Toxic product. Soil fumigrant. Clean with ambient
,,,,,,,,,,,,,,,,,,,"temp water, use Stolt A or B for final cleaning."
Vinyl Acetate (Inhibited),,.930,20,.00128,3,2g,C,Y,13,72,,1,N,N,N,ww,N,,"Inhibitted. ww standard ""plus"" Cold wash."
,VAM,,,,,,,,,,,,,,,,,,
,Vinyl acetate Monomer,,,,,,,,,,,,,,,,,,
,VY AC,,,,,,,,,,,,,,,,,,
Vinyl Chloride,,.910,20,,,,N,Y,35,-14,,-77,N,N,N,ww,sli,,gas code
,Chloroethene,,,,,,,,,,,,,,,,,,
,Chloroethylene,,,,,,,,,,,,,,,,,,
,Vinyl Chloride Monomer,,,,,,,,,,,,,,,,,,
,VCL,,,,,,,,,,,,,,,,,,
,VCM,,,,,,,,,,,,,,,,,,
Vinyl Chloride Chloroethylene,,.980,,,,,,,,13,-159,-77,N,N,N,ww,,,More info required. boiling p. abt 8C.
Vinyl Ethyl Ether,,.754,,,2,1g,C,Y,13,35,-115,-46,N,N,N,clear,sli,1302,Inhibited. Very low B.P. cooling required. Extremly
,Ethyl Vinyl Ether,,,,,,,,,,,,,,,,,,flammable. Very strict carriage requirements
,EVE,,,,,,,,,,,,,,,,,,see IMO code.
Vinyl Neodecanoate,,.870,,,3,2g,C,Y,13,60,,79,37,N,N,ww,,,Inhibited. Do not stow adjacent to heat. Clean 
,Vinyl ester of versatic ester-10 acid,,,,,,,,,,,,,,,,,,"immediatly aafter discharge with cold water,"
,Vinyl Monomer-VV10,,,,,,,,,,,,,,,,,,than warm water and steam.
,Veova-10,,,,,,,,,,,,,,,,,,
,Veova 10,,,,,,,,,,,,,,,,,,
,,,,,,,,,,,,,,,,,,,
Vinyl Propionate,,.920,20,,,,,,,95,-81,2,N,N,N,,N,,more infos required. not yet classified for shipment.
,,,,,,,,,,,,,,,,,,,Most probably inhibited and stow away from heat.
,,,,,,,,,,,,,,,,,,,Cleaning as Styrene.
Vinyl Toulene - Inhibited,,.916,15,.00080,3,2g,A,Y,30,171,,60,30,N,N,ww,N,2618,Inhibited. Good clean tank required DOW allows
,Methylstyrene-p,,,,,,,,,,,,,,,,,,max  30C adjacent and will pad tank with N2.
,,,,,,,,,,,,,,,,,,,"Clean with ambient temp water , ventilate."
,,,,,,,,,,,,,,,,,,,Polution category A
Vinylidene Chloride,,,,,2,2g,B,Y,35,37,,-10,N,N,N,clear,N,1303,Inhibited. Cooling required. Inerting tank necessary.
,"Dichloroethylene-1,1",,,,,,,,,,,,,,,,,,Extremly flammable and toxic.
,Dichloroethylene-unsym,,,,,,,,,,,,,,,,,,Clean immediatley after discharge with cold water.
,VC,,,,,,,,,,,,,,,,,,than warm water and steam.
Virgillio 50,,.830,,,3,,N,N,18,121,,26,37,N,N,ww,,,"Mixture of MIBK, DIBK and ISOPROPYL ACETATE"
,,,,,,,,,,,,,,,,,,,"from UCC. Easy cargo, handle as MIBK."
,,,,,,,,,,,,,,,,,,,Marpol appendix 3.
Viscoplex Paramins (Exxon),,,,,3,,,N,33,,,,,,,,,,"Several different grades, all high viscosity with"
,,,,,,,,,,,,,,,,,,,high heat requirements. Check carfully before
,,,,,,,,,,,,,,,,,,,booking. Slow pumping rate. Also see lubeadd.
,,,,,,,,,,,,,,,,,,,"section. Clean with hot water, use Stolt A or B for"
,,,,,,,,,,,,,,,,,,,final Cleaning. If not carried before get full specs.
,,,,,,,,,,,,,,,,,,,from Exxon before comitting.
,,,,,,,,,,,,,,,,,,,Check poll. cat. may require pre wash to shore.
Voranol 3010,,1.020,15,.00076,3,,D,N,40,204,5,148,45,30,38,clear,sli,,Propylene glycol from DOW. Heat between 24 and
,,,,,,,,,,,,,,,,,,,"38C. Sensative to heat, max adjacent 45C"
,,,,,,,,,,,,,,,,,,,"N2 purging to below 8% oxygen, padding."
Voranol 3137,,1.023,15,.00076,3,,D,N,40,,,,45,24,38,clear,sli,,Propylene glycol from DOW. Heat between 24 and
,,,,,,,,,,,,,,,,,,,"38C. Sensative to heat, max adjacent 48C"
,,,,,,,,,,,,,,,,,,,"N2 purging to below 8% oxygen, padding."
Voranol 3140,,1.015,15,.00076,3,,D,N,40,,,,50,24,38,clear,sli,,Propylene glycol from DOW. Heat between 38 and
,,,,,,,,,,,,,,,,,,,"52C. Sensative to heat, max adjacent 50C"
,,,,,,,,,,,,,,,,,,,"N2 purging to below 8% oxygen, padding."
,,,,,,,,,,,,,,,,,,,"Use warm water, ventilate."
Voranol 3741,,1.018,15,.00076,3,,D,N,40,,,,50,38,52,clear,sli,,Propylene glycol from DOW. Heat between 38 and
,,,,,,,,,,,,,,,,,,,"52C. Sensative to heat, max adjacent 50C"
,,,,,,,,,,,,,,,,,,,"N2 purging to below 8% oxygen, padding."
Voranol 3810,,1.032,15,.00076,3,,D,N,40,,,,37,24,38,clear,sli,,Propylene glycol from DOW. Heat between 24 and
,,,,,,,,,,,,,,,,,,,"38C. Sensative to heat, max adjacent 37C"
,,,,,,,,,,,,,,,,,,,"N2 purging to below 8% oxygen, padding."
Voranol 3935,,1.040,15,.00076,3,,D,N,40,,,,50,38,52,clear,sli,,Propylene glycol from DOW. Heat between 38 and
,,,,,,,,,,,,,,,,,,,"52C. Sensative to heat, max adjacent 50C"
,,,,,,,,,,,,,,,,,,,"N2 purging to below 8% oxygen, padding."
Voranol 4701,,1.025,15,.00076,3,,D,N,40,,,,50,38,52,clear,sli,,Propylene glycol from DOW. Heat between 38 and
,,,,,,,,,,,,,,,,,,,"52C. Sensative to heat, max adjacent 50C"
,,,,,,,,,,,,,,,,,,,"N2 purging to below 8% oxygen, padding."
Waste water,,,,,,,,,,,,,,,,,,,"Wast water from industrial production, may contain"
,,,,,,,,,,,,,,,,,,,"""hundreds"" of different chemicals and metals."
,,,,,,,,,,,,,,,,,,,Do not touch before have analysed samples from 
,,,,,,,,,,,,,,,,,,,top. middle bottom of each tank or truck.
,,,,,,,,,,,,,,,,,,,"Cleaning,  handling instructions etc."
,,,,,,,,,,,,,,,,,,,based upon analyseis results.
Wax - Microcrystaline,,.800,,,3,,D,N,31,,,,Y,75,,ex.pale,N,,Many different grades - Check. Get heatings 
,,,,,,,,,,,,,,,,,,,instructions. Hot.hot wash soon as tank is empty
,,,,,,,,,,,,,,,,,,,"Coils on. If Bulkheads waxy, circulate with a chlor-"
,,,,,,,,,,,,,,,,,,,"inated solvent, steam and ventilate."
Wax - Paraffin Arco 2095,,.770,71,,3,,D,N,31,371,56,148,Y,66,66,off whte,N,,Many different grades - Check. Get heatings 
,,,,,,,,,,,,,,,,,,,instructions. Hot-hot wash with coils on. If films 
,,,,,,,,,,,,,,,,,,,"remains on bulkheads, use Stolt A or B, or circulate"
,,,,,,,,,,,,,,,,,,,with a chlorinated solvent like . Perchloro or
,,,,,,,,,,,,,,,,,,,Trichloro ethylene
Wax - Paraffin Balikapapan & Pelembang,,.770,71,,3,,D,N,31,371,51,148,Y,63,63,off whte,N,,Many different grades - Check. Get heatings 
,,,,,,,,,,,,,,,,,,,instructions. Hot-hot wash with coils on. If films 
,,,,,,,,,,,,,,,,,,,"remains on bulkheads, use Stolt A or B, or circulate"
,,,,,,,,,,,,,,,,,,,with a chlorinated solvent like . Perchloro or
,,,,,,,,,,,,,,,,,,,Trichloro ethylene
Wax - Paraffin HCI-Japan,,.770,71,,3,,D,N,31,371,51,148,Y,71,,off whte,N,,Many different grades - Check. Get heatings 
,,,,,,,,,,,,,,,,,,,instructions. Hot-hot wash with coils on. If films 
,,,,,,,,,,,,,,,,,,,"remains on bulkheads, use Stolt A or B, or circulate"
,,,,,,,,,,,,,,,,,,,with a chlorinated solvent like . Perchloro or
,,,,,,,,,,,,,,,,,,,Trichloro ethylene
Wax - Parrafin/Petroleum Mobil 141/145,,.770,71,,3,,D,N,31,371,60,148,Y,63,63,off whte,N,,Many different grades - Check. Get heatings 
,,,,,,,,,,,,,,,,,,,instructions. Hot-hot wash with coils on. If films 
,,,,,,,,,,,,,,,,,,,"remains on bulkheads, use Stolt A or B, or circulate"
,,,,,,,,,,,,,,,,,,,with a chlorinated solvent like . Perchloro or
,,,,,,,,,,,,,,,,,,,Trichloro ethylene
"Wax - Paraffin, Exxon",,.770,71,,3,,D,N,31,371,57,148,Y,71,71,off whte,N,,Many different grades - Check. Get heatings 
,,,,,,,,,,,,,,,,,,,instructions. Hot-hot wash with coils on. If films 
,Petroleum Wax,,,,,,,,,,,,,,,,,,"remains on bulkheads, use Stolt A or B, or circulate"
,Slack Wax,,,,,,,,,,,,,,,,,,with a chlorinated solvent like . Perchloro or
,,,,,,,,,,,,,,,,,,,Trichloro ethylene
Wax - Petrolatum (Slack Wax),,.770,71,,3,,D,N,31,371,51,148,Y,71,17,yellow,N,,Many different grades - Check. Get heatings 
,,,,,,,,,,,,,,,,amber,,,instructions. Hot-hot wash with coils on. If films 
,,,,,,,,,,,,,,,,,,,"remains on bulkheads, use Stolt A or B, or circulate"
,,,,,,,,,,,,,,,,,,,with a chlorinated solvent like . Perchloro or
,,,,,,,,,,,,,,,,,,,Trichloro ethylene
Wax - Paraffin Arco 1-10 Teaco 4201 1095,,.770,71,,3,,D,N,31,371,48,148,Y,65,65,ofo whte,N,,Many different grades - Check. Get heatings 
,,,,,,,,,,,,,,,,,,,instructions. Hot-hot wash with coils on. If films 
,,,,,,,,,,,,,,,,,,,"remains on bulkheads, use Stolt A or B, or circulate"
,,,,,,,,,,,,,,,,,,,with a chlorinated solvent like . Perchloro or
,,,,,,,,,,,,,,,,,,,Trichloro ethylene
Whale oil,,.910,37,,3,,D,N,34,260,4,204,Y,32,43,yellow,N,,"Different grades, check."
,Blubber Oil,,,,,,,,,,,,,,,,,,Not allowed to ship into through US ports.
,,,,,,,,,,,,,,,,,,,"Hot water wash, Stolt C for final Cleaning"
White Spirit SBP (Shell),,.760,15,.00060,3,,,N,33,97,,,38,N,N,ww,N,,Avoid high heat adjacent. Easy product.
,,,,,,,,,,,,,,,,,,,Check re: pollution Category.
White Spirit SBPS 100/140,,.740,15,.00060,3,,,N,33,121,,,38,N,N,ww,N,,Avoid high heat adjacent. Easy product.
,,,,,,,,,,,,,,,,,,,Check re: pollution Category.
White Spirit SBPS 80/100,,.710,15,.00060,3,,,N,33,82,,-1,38,N,N,ww,N,,Avoid high heat adjacent. Easy product.
,,,,,,,,,,,,,,,,,,,Check re: pollution Category.
Whine must,,1.324,,,3,,N,N,20,121,,,N,N,N,white,Y,,Strict tank inspection. Absolutly no heat adjacent.
,Musto de vino,,,,,,,,,,,,,,,,,,Clean with ambient temp water. Marpol annex lll
Xylene-ortho,,.860,15,.00085,3,2g,C,Y,32,144,,46,38,N,N,ww,N,1307,"Easy product, no special requirements."
,O-xylene,,,,,,,,,,,,,,,,,,"Clean with warm water, ventilate."
,Ortho-Xylene,,,,,,,,,,,,,,,,,,
,Xylene-Ortho,,,,,,,,,,,,,,,,,,
,Ortho Xylene,,,,,,,,,,,,,,,,,,
Xylene-para,,.860,15,.00085,3,2g,C,Y,32,137,12,27,48,23,23,ww,N,1307,"Easy product, may require some heat in cold"
,P-Xylene,,,,,,,,,,,,,,,,,,"climate, especially with regards to Marpol Annex ll."
,Para-Xylene,,,,,,,,,,,,,,,,,,"Clean with warm water, ventilate."
,Para Xylene,,,,,,,,,,,,,,,,,,
,Xylene-para,,,,,,,,,,,,,,,,,,
Xylene-substitute,,.760,15,.00086,3,2g,C,Y,32,137,,7,37,N,N,ww,N,1307,"Similar to Xylene, handle as such."
,,,,,,,,,,,,,,,,,,,"Warm wash, not listed by IMO"
Xylene-Meta,,.860,15,.00085,3,2g,C,Y,32,137,,29,38,N,N,ww,N,1307,"Easy product, no special requirements."
,M-Xylene,,,,,,,,,,,,,,,,,,"Clean with warm water, ventilate."
,Meta-Xylene,,,,,,,,,,,,,,,,,,
Xylene-Mixed,,.860,15,.00085,3,2g,C,Y,32,137,,26,37,N,N,ww,N,1307,Handle as Xylene
,Dimethylbenzene Xyol,,,,,,,,,,,,,,,,,,Warm Wash.
,Mixed Xylene,,,,,,,,,,,,,,,,,,
,Mixed-Xylene,,,,,,,,,,,,,,,,,,
"Xylenol - 2,6 Grade",,1.000,,,3,2g,B,Y,21,204,42,65,Y,60,65,white,sli,2261,Get specs. and heating instructions each time.
,Cresylic Acid,,,,,,,,,,,,,,,,,,"Specs. varies. Highly toxic, handle with care"
,Dimethylphenol,,,,,,,,,,,,,,,,,,"Clean with hot water, venilate,"
,Hydroxy-2 Xylene-m,,,,,,,,,,,,,,,,,,