SL No.,Chemical Name,Appearance,Odour,UN Number,CASRN,MFAG,Main Hazard,Synonyms,Fire - Emergency Procedure,Liquid in Eye - Emergency Procedure,Liquid on Skin - Emergency Procedure,Vapour Inhaled - Emergency Procedure,Spillage - Emergency Procedure,OEL-TLV,Odour Threshold,Effect of Liquid - Eyes,Effect of Liquid - Skin,Effect of Liquid - Skin Absorption,Effect of Liquid - Ingestion,Effect of Vapour - Eyes,Effect of Vapour - Skin,Effect of Vapour - Inhalation (Acute),Effect of Vapour - Inhalation (Chronic),Personal Protection,Flashpoint,Explosion Hazard,Auto-ignition Temperature,Flammable Limits,Formula,Chemical Family,Reactivity - Water (Fresh or Salt),Reactivity - Air,Reactivity - Other Liquids or Gases,Boiling Point,Freezing Point,Latent Heat of Vaporisation (kJ/kg),Vapour Pressure (bar (A)),Relative Vapour Density,Electrostatic Generation,Specific Gravity,Molecular Weight (g/mol),Coefficient of Cubic Expansion,Normal Carriage Condition,Control of Vapour within Cargo Tank,Ship Type,Vapour Detection,Independent Tank Required,Gauging,Materials of Construction - Unsuitable,Materials of Construction - Suitable,Notes and Special Requirements
1,Acetaldehyde,Colourless,"Pungent, fruity, suffocating",1089,75-07-0,"2, 3, 7, 8, 10",FLAMMABLE; TOXIC,AAD; Acetic Aldehyde; Acetyl Hydride; Acetehyde; Aldehyde; Ethanal; Ethyl Aldehyde,"STOP GAS SUPPLY. Firefighters should wear a firefighter's outfit and SCBA. Do not extinguish flame until gas or liquid supply has been shut off in order to avoid explosive re-ignition. Extinguish with water spray, dry powder or carbon dioxide (CO2). Cool tanks and surrounding areas with water spray. Water jet should not be used on the fire. Flooding with water will dilute liquid to a point where combustion cannot be supported.",IMMEDIATELY. Prioritise liquid in eye over liquid on skin. Flood eye gently with water. Keep eye open as widely as possible. Remove contact lenses. Continue washing for at least 15 minutes. Obtain medical advice or assistance as soon as possible.,IMMEDIATELY. First aiders should wear protective gloves and clothing. Carefully remove contaminated clothing and personal items. Flood affected area with water. Continue washing for at least 15 minutes. Do not rub affected area. Obtain medical advice or assistance as soon as possible.,MOVE CASUALTY TO FRESH AIR. If breathing and heart have stopped give CPR immediately. If breathing has stopped give artificial respiration using mouth-to-mouth or mouth-to-nose respiration or face and bag mask. If breathing is weak administer oxygen provided there is no danger of fire or explosion. Obtain medical advice or assistance as soon as possible.,STOP THE FLOW. Avoid contact with liquid or vapour. Extinguish sources of ignition. Emergency teams should wear SCBA and protective clothing. Other people should leave the area. Flood with large amounts of water to disperse the spill. Inform port authorities or coastguard of spill which will float and mix with water.,25ppm (STEL-C),0.05ppm,Irritation and chemical burns. Eye damage possible.,Irritation and chemical burns.,Not available.,Nausea and vomiting. Unconsciousness in severe cases.,Irritation. Chemical burns if exposure is prolonged.,Irritation. Chemical burns if exposure is prolonged.,"Burning of nose and throat, headache, rapid heartbeat and shortness of breath. High concentrations cause stupefaction and can cause nausea, vomiting, and loss of consciousness.",Not available.,"Decontamination showers and eye fountains to be available on deck in convenient locations, and suitably marked. Protective clothing covering all parts of the body, gloves, boots, and goggles or face shield.",-37°C (Closed Cup),Can form unstable and potentially explosive peroxides in air.,175°C,4 - 60% by volume,C2H4O or CH3CHO,Aldehyde (Aliphatic),No reaction. Soluble.,"Vapour oxidises easily. Can form unstable and explosive peroxides, particularly under air pressure.","Dangerous reactions possible with ammonia, chlorine, dimethylamine and ethylamine.",20.4°C,-123°C,569 at 20.4°C,0.70 at 0°C; 1.01 at 20.4°C,1.52,Not known,0.7827 at 20°C,44.05,0.0021 per °C at 20°C,Pressurised or Fully-refrigerated,Inerted. Oxygen content of tank must be maintained at no more than 0.2% by volume.,2G/2PG,Flammable and Toxic,No,Closed or Indirect,"Some rubbers, copper under some circumstances.","Stainless steel, aluminium, mild steel.","1. Bow/stern loading or discharging lines may only be used if specially approved by Flag Administration. 2. Special requirements apply to carriage of this cargo. Reference should be made to the IGC Code, Chapters 14, 17 and 19 prior to accepting cargo on board. 3. Indirect refrigeration systems only. 4. Two additional complete safety outfits required in ships with a cargo capacity over 2,000 m3."
2,Ammonia (Anhydrous),Colourless,"Pungent, suffocating",1005,7664-41-7,"2, 3, 7, 8, 10",TOXIC; CORROSIVE,AMA; Ammonia Gas; Anhydrous Ammonia; Liquefied Ammonia; Liquid Ammonia; NH3,"STOP GAS SUPPLY. Firefighters should wear a firefighter's outfit and SCBA. Fire will produce corrosive and/or toxic gas. Do not extinguish flame until gas or liquid supply has been shut off in order to avoid explosive re-ignition. Extinguish with water spray, dry powder or carbon dioxide (CO2). Cool tanks and surrounding areas with water spray. Do not spray a water jet directly onto burning liquid ammonia.",IMMEDIATELY. Prioritise liquid in eye over liquid on skin. If eye frozen seek additional medical assistance immediately. Flood eye gently with water. Keep eye open as widely as possible. Remove contact lenses. Continue washing for at least 15 minutes. Obtain medical advice or assistance as soon as possible.,IMMEDIATELY. First aiders should wear protective gloves and clothing. Immerse any frostbitten areas in warm water until thawed. Carefully remove contaminated clothing and personal items. Flood affected area with water. Continue washing for at least 15 minutes. Do not rub affected area. Obtain medical advice or assistance as soon as possible.,MOVE CASUALTY TO FRESH AIR. If breathing and heart have stopped give CPR immediately. If breathing has stopped give artificial respiration using mouth-to-mouth or mouth-to-nose respiration or face and bag mask. If breathing is weak administer oxygen provided there is no danger of fire or explosion. Obtain medical advice or assistance as soon as possible.,"STOP THE FLOW. Avoid contact with liquid or vapour. Extinguish sources of ignition. Emergency teams should wear breathing apparatus and protective clothing. Other people should leave the area. Flood with large amounts of water to disperse the spill, and to prevent brittle fracture. Water jet should not be used. Inform port authorities or coastguard of spill.",25ppm,0.4 to 50ppm,Irritation. Cold and chemical burns. Permanent injury possible. Frostbite.,Irritation. Cold and chemical burns. Permanent injury possible. Frostbite.,Not absorbed through skin.,"Very harmful if swallowed. If conscious, victim should drink water or milk.",Irritation with a burning sensation. Cold vapour may cause frostbite.,Irritation with a burning sensation. Cold vapour may cause frostbite.,"Convulsive coughing. At high concentrations, death resulting from inflammation of the larynx.","Irritation of the respiratory tract which may lead to lung damage, chronic cough, asthma, lung fibrosis.","Protective clothing covering all parts of the body, gloves, boots, gas-tight goggles or face shield with SCBA for all persons in cargo operations, or in the near vicinity. Decontamination showers and eye fountains to be available on deck in convenient locations suitably marked, and pressurised.",Flammable gas. Flashpoint not available.,Expanding vapour explosion possible if closed tanks heated due to fire situation. When mixed with mercury and ammonia can form a high explosive which is very sensitive to impact.,651°C,15-28% by volume,NH3,Alkali Gas,Dissolves rapidly and exothermically to produce ammonium hydroxide. Poisonous visible vapour cloud is produced.,No dangerous reaction.,"Dangerous reactions possible with acetaldehyde, chlorine, ethylene oxide, propylene oxide, and sulphur dioxide.",-33°C,-78°C,1370 at -33°C,1.02 at -33°C,17.03,Liquid ammonia can cause ignition if sprayed in a cargo tank containing air.,0.68 at -33°C,0.59,0.0025 per °C,Pressurised or Fully-refrigerated,Inerted. Inert gas containing carbon dioxide (CO2) should not be used.,2G/2PG,Toxic,No,Closed or Indirect,"Mercury, copper, copper bearing alloys, zinc, aluminium and its alloys, mild steel, galvanised surfaces, phenolic resins, PVC, polyesters, viton, rubber.","Stainless steel, iron, PTFE, neoprene, polyethylene.","1. Special requirements apply to carriage of this cargo. Reference should be made to the IGC Code, Chapters 14, 17 and 19, before acceptance of cargo on board. In particular Section 17.12. 2. Suitable respiratory and eye protection for all persons on board for emergency escape purposes and two additional sets of respiratory and eye protection should be permanently located on navigating bridge. 3. Two additional complete safety outfits required on ships with a cargo capacity over 2,000m3. 4. Ammonia is extremely soluble, and water can be sucked back into the system if the ends of flexible pipes are submerged without a syphon break, or unless the Ammonia pressure is sufficiently high. If Ammonia accumulates in a working space the most effective means of dispersion is to ventilate and if necessary to use a water spray. If discharged underwater, care should be taken to ensure it does not enter engine room intakes made from unsuitable materials."
3,Butadiene (Inhibited),Colourless,"Mild aromatic, gasoline-like",1010,106-99-0,"2, 3, 7, 8, 10",FLAMMABLE; TOXIC,"Alpha-Gamma Butadiene; BDI; Biethylene; Bivinyl; Bivinyl Butadiene; Buta-1,3-diene; 1,3-Butadiene; Divinyl; Dinvinyl Butadiene; Erythrene; Pyrrolylene; Vinyl Ethylene","STOP GAS SUPPLY. Firefighters should wear a firefighter's outfit and SCBA. Do not extinguish flame until gas or liquid supply has been shut off in order to avoid explosive re-ignition. Extinguish with water spray, dry powder or carbon dioxide (CO2). Cool tanks and surrounding areas with water spray.",IMMEDIATELY. Prioritise liquid in eye over liquid on skin. If eye frozen seek additional medical assistance immediately. Flood eye gently with water. Keep eye open as widely as possible. Remove contact lenses. Continue washing for at least 15 minutes. Obtain medical advice or assistance as soon as possible.,IMMEDIATELY. First aiders should wear protective gloves and clothing. Immerse any frostbitten areas in warm water until thawed. Carefully remove contaminated clothing and personal items. Flood affected area with water. Continue washing for at least 15 minutes. Do not rub affected area. Obtain medical advice or assistance as soon as possible.,MOVE CASUALTY TO FRESH AIR. If breathing and heart have stopped give CPR immediately. If breathing has stopped give artificial respiration using mouth-to-mouth or mouth-to-nose respiration or face and bag mask. If breathing is weak administer oxygen provided there is no danger of fire or explosion. Obtain medical advice or assistance as soon as possible.,"STOP THE FLOW. Avoid contact with liquid or vapour. Extinguish sources of ignition. Emergency teams should wear breathing apparatus and protective clothing. Other people should leave the area. Flood with large amounts of water to disperse the spill, and to prevent brittle fracture. Water jet should not be used. Inform port authorities or coastguard of spill.",2ppm,<2ppm,Irritation. Cold burn and frostbite.,Irritation. Cold burn and frostbite.,Not absorbed.,Not pertinent. No hazard in normal industrial use due to evaporation.,Irritation.,Irritation.,"High vapour concentrations are irritating to the respiratory tract and may cause headache, drowsiness, dizziness and anaesthesia.","May cause liver, kidney and stomach damage. Suspected human carcinogen.","Where contact is likely, wear SCBA and protective clothing covering all parts of the body, and gloves, boots, goggles or face shield. Where contact may occur, wear long sleeves, chemical-resistant gloves, and goggles",-85°C,Extreme hazard. Polymerisation can generate sufficient heat to cause uncontrollable explosion.,415°C,1 – 12.5% by volume,C4H6,"Hydrocarbon (Unsaturated, Aliphatic)",Insoluble. Inhibitor may be removed by the presence of water.,May form explosive peroxides which induce polymerisation and can decompose violently.,"Dangerous reaction possible with chlorine dioxide, oxidising agents, ether, caustics, amines, alkanolamines, halogenated compounds, alcohols, glycols, phenol, alkylene oxides, ammonia, and halogens.",-4.5°C,-109°C,417.8 at -4.5°C,1.01 at -4.5°C,1.88,Yes,0.653 at -4.5°C,54.1,0.0019 per °C at 20°C,"Pressurised, Semi-pressurised or Fully-refrigerated",Inerted. Oxygen content of tank must be maintained at no more than 0.2% by volume.,2G/2PG,Flammable and Toxic,No,Indirect or Closed,"Copper, copper alloys, silver, mercury, magnesium and other acetylide-forming metals, aluminium, monel.","Stainless steel, mild steel, zinc, PVC, PTFE.","1. Reference should be made to the IGC Code, Chapters 14, 17 and 19, before acceptance of cargo on board, in particular, Sections 17.4.2, 17.4.3, 17.6 and 17.8. 2. The liquid is often inhibited with approximately 100 - 200ppm tertiary-Butylcatechol (TBC) which does not boil-off with the cargo. Condensate from the reliquefaction plant is uninhibited. [See also flammability diagram on p.175]"
4,Butanes (All Isomers),Colourless,"Practically odourless, faintly sweet",n-Butane: 1011; Isobutane: 1969,n-Butane: 106-97-8; Isobutane: 75-28-5,"2, 3, 7, 8, 10",FLAMMABLE,BUT; n-Butane; IBT; i-Butane; Isobutane; 2-Methylpropane; Methyl Ethyl Methane,"STOP GAS SUPPLY. Firefighters should wear a firefighter's outfit and SCBA. Do not extinguish flame until gas or liquid supply has been shut off in order to avoid explosive re-ignition. Extinguish with water spray, dry powder or carbon dioxide (CO2). Cool tanks and surrounding areas with water spray.",IMMEDIATELY. Prioritise liquid in eye over liquid on skin. If eye frozen seek additional medical assistance immediately. Flood eye gently with water. Keep eye open as widely as possible. Remove contact lenses. Continue washing for at least 15 minutes. Obtain medical advice or assistance as soon as possible.,IMMEDIATELY. First aiders should wear protective gloves and clothing. Immerse any frostbitten areas in warm water until thawed. Carefully remove contaminated clothing and personal items. Flood affected area with water. Continue washing for at least 15 minutes. Do not rub affected area. Obtain medical advice or assistance as soon as possible.,MOVE CASUALTY TO FRESH AIR. If breathing and heart have stopped give CPR immediately. If breathing has stopped give artificial respiration using mouth-to-mouth or mouth-to-nose respiration or face and bag mask. If breathing is weak administer oxygen provided there is no danger of fire or explosion. Guard against self-injury if victim is confused or anaesthetised. Be alert to possibility of victim vomiting and then choking. Obtain medical advice or assistance as soon as possible.,"STOP THE FLOW. Avoid contact with liquid or vapour. Extinguish sources of ignition. Emergency teams should wear breathing apparatus and protective clothing. Other people should leave the area. Flood with large amounts of water to disperse the spill, and to prevent brittle fracture. Water jet should not be used. Inform port authorities or coastguard of spill.",800ppm,"2,500ppm",Cold burns and frostbite.,Cold burns and frostbite.,Not absorbed due to rapid evaporation.,Not available.,Cold vapour may cause frostbite.,Cold vapour may cause frostbite.,"Headaches, dizziness and drowsiness. Asphyxiation at high concentrations.",Not available.,"Splash-resistant suit, goggles or face shield, gloves and boots.",n-butane: -60°C (Closed Cup); Isobutane: -83°C (Closed Cup),Vapour/air mixtures have explosive potential.,n-butane: 288°C; Isobutane: 460°C,1.8 – 8.5% by volume,C4H10,"Hydrocarbon (Unsaturated, Aliphatic)",Slightly soluble. No dangerous reaction. May form solid hydrates.,No reaction.,Dangerous reaction possible with chlorine.,n-butane: -0.5°C; Isobutane: -11.7°C,n-butane: -138°C; Isobutane: -138°C,n-Butane: 385.7 at -0.5°C; Isobutane: 365.1 at -11.7°C,n-butane: 1.00 at -0.5°C; Isobutane: 1.01 at -11.7°C,n-butane: 2.09; Isobutane: 2.07,Not available,n-butane: 0.6 at -0.5°C; Isobutane: 0.557 at -20°C,58.12,0.002 per °C at 25°C,Pressurised or Fully-refrigerated,Inerted. Oxygen content of tank must be maintained at no more than 2% by volume.,2G/2PG,Flammable,No,"Indirect, Closed or Restricted","Some rubbers, copper under some circumstances.","Stainless steel, aluminium, mild steel.",1. Normally shipped as a mixture of n-Butane and Isobutane. Information should be obtained from the shipper and a Cargo Information Form should be completed before loading is started.
5,Butenes (All Isomers),Colourless,"Fragrant, gasoline",1012,"25167-67-3, 106-98-9, 590-18-1, 624-64-6, 107-01-7","2, 3, 7, 8, 10",FLAMMABLE,Alpha-Butylene; Beta-Butylene; BTN; 1-Butene; 2-Butene; Dimethylethylene; Ethylethylene; Gamma-Butylene; Isobutene; 2-Methylpropene; Pseudo Butylene,"STOP GAS SUPPLY. Firefighters should wear a firefighter's outfit and SCBA. Do not extinguish flame until gas or liquid supply has been shut off in order to avoid explosive re-ignition. Extinguish with water spray or fog, dry powder or carbon dioxide (CO2). Cool tanks and surrounding areas with water spray.",IMMEDIATELY. Prioritise liquid in eye over liquid on skin. If eye frozen seek additional medical assistance immediately. Flood eye gently with water. Keep eye open as widely as possible. Remove contact lenses. Continue washing for at least 15 minutes. Obtain medical advice or assistance as soon as possible.,IMMEDIATELY. First aiders should wear protective gloves and clothing. Immerse any frostbitten areas in warm water until thawed. Carefully remove contaminated clothing and personal items. Flood affected area with water. Continue washing for at least 15 minutes. Do not rub affected area. Obtain medical advice or assistance as soon as possible.,MOVE CASUALTY TO FRESH AIR. If breathing and heart have stopped give CPR immediately. If breathing has stopped give artificial respiration using mouth-to-mouth or mouth-to-nose respiration or face and bag mask. If breathing is weak administer oxygen provided there is no danger of fire or explosion. Guard against self-injury if victim is confused or anaesthetised. Be alert to possibility of victim vomiting and then choking. Obtain medical advice or assistance as soon as possible.,"STOP THE FLOW. Avoid contact with liquid or vapour. Extinguish sources of ignition. Emergency teams should wear breathing apparatus and protective clothing. Other people should leave the area. Flood with large amounts of water to disperse the spill, and to prevent brittle fracture. Water jet should not be used. Inform port authorities or coastguard of spill.",Not available (Note 1),Odourless (Notes 1 and 2),Cold burns and frostbite.,Cold burns and frostbite.,Not available.,Not pertinent. No hazard in normal industrial use due to evaporation.,Frostbite possible.,Frostbite possible.,"Headaches, dizziness and drowsiness. Asphyxiation or anaesthesia at high concentrations.",Not available.,"Where contact is likely, wear protective clothing covering all parts of the body, gloves, boots, and goggles or face shield. Where contact may occur, wear long sleeves, chemical-resistant gloves, and goggles.",-12°C (Note 1),Flammable vapour/air mixtures have significant explosive potential.,383°C (Note 1),1.5 – 10% by volume.,C4H8,Olefin,No dangerous reaction. May freeze to form solid hydrates.,No reaction.,"Dangerous reaction possible with chlorine, oxidants, acids, halogens.",-6°C (Note 1),-183°C (Note 1),392.23 at -6°C (Note 1),1.0 at -6°C (Note 1),1.94,Yes,0.595 at 20°C (Note 1),56.1,0.0022 per °C at 20°C,Pressurised or Fully-refrigerated,Inerted. Oxygen content of tank must be maintained at no more than 2% by volume.,2G/2PG,Flammable,No,"Closed, Indirect or Restricted","Polyethylene, natural and butyl rubber.","Aluminium, copper and its alloys, mild steel, stainless steel, zinc and its alloys, inorganic zinc coatings, nitrile rubber, CAF jointings.","1. Normally shipped as a mixture. The data provided in this data sheet are for 1-Butene. When ordered to load any Butenes, the Master should seek thorough information from the shipper. The Cargo Information Form should be completed before loading starts. 2. Alpha-butylene is a colourless, flammable, slightly poisonous gas with an odour typical of city gas. If inhaled with air at high concentrations it acts as an anaesthetic."
6,C3/C4 Mixtures,(Note 1),(Note 1),(Note 1),(Note 1),"2, 3, 7, 8, 10",FLAMMABLE; TOXIC,(Note 1),"STOP GAS SUPPLY. Firefighters should wear a firefighter's outfit and SCBA. Do not extinguish flame until gas or liquid supply has been shut off in order to avoid explosive re-ignition. Extinguish with water spray or fog, dry powder or carbon dioxide (CO2). Cool tanks and surrounding areas with water spray.",IMMEDIATELY. Prioritise liquid in eye over liquid on skin. If eye frozen seek additional medical assistance immediately. Flood eye gently with water. Keep eye open as widely as possible. Remove contact lenses. Continue washing for at least 15 minutes. Obtain medical advice or assistance as soon as possible.,IMMEDIATELY. First aiders should wear protective gloves and clothing. Immerse any frostbitten areas in warm water until thawed. Carefully remove contaminated clothing and personal items. Flood affected area with water. Continue washing for at least 15 minutes. Do not rub affected area. Obtain medical advice or assistance as soon as possible.,MOVE CASUALTY TO FRESH AIR. If breathing and heart have stopped give CPR immediately. If breathing has stopped give artificial respiration using mouth-to-mouth or mouth-to-nose respiration or face and bag mask. If breathing is weak administer oxygen provided there is no danger of fire or explosion. Guard against self-injury if victim is confused or anaesthetised. Be alert to possibility of victim vomiting and then choking. Obtain medical advice or assistance as soon as possible.,"STOP THE FLOW. Avoid contact with liquid or vapour. Extinguish sources of ignition. Emergency teams should wear breathing apparatus and protective clothing. Other people should leave the area. Flood with large amounts of water to disperse the spill, and to prevent brittle fracture. Water jet should not be used. Inform port authorities or coastguard of spill.",(Note 1),(Note 1),Cold burns and frostbite.,Cold burns and frostbite.,Not known.,No hazard.,Irritation at high concentrations. Possible cold burns and frostbite.,Cold burns and frostbite.,"Asphyxiation at high concentrations. Headaches, dizziness and drowsiness. May act as a narcotic.",No known chronic effects.,"Chemical splash-resistant suit, face shield or goggles, gloves and rubber boots.",(Note 1),Flammable vapour/air mixtures have significant explosive potential.,(Note 1),(Note 1),Mixture containing either 3 or 4 carbon atoms per molecule,Hydrocarbon Mixture (Note 2),No dangerous reaction. May freeze to form ice or hydrates.,No reaction.,Dangerous reaction possible with chlorine.,(Note 1),(Note 1),(Note 1),(Note 1),(Note 1),(Note 1),(Note 1),(Note 1),(Note 1),Pressurised or Fully-refrigerated,Oxygen content of tank must be maintained at no more than 2% by volume.,2G/2PG,Flammable and Toxic (Note 3),No,Closed or Indirect,"Mild steel below 0°C, certain plastics, natural rubber, butyl rubber. (Note 1)","Mild steel above 0°C, stainless steel, aluminium. (Note 1)","1. Properties depend upon composition of the mixture. Information should be obtained from the shipper and the Cargo Information Form should be completed. 2. Hydrocarbon mixtures, the major components of which have either 3 carbon atoms (e.g. propane, propene, propylene), or 4 carbon atoms (e.g. butane, butenes, butadiene). 3. Toxic vapour detection may be required depending on the butadiene content."
7,Crude Steam-Cracked C4 Product,Colourless gas or liquid,Faint petroleum (Note 1),1965,Not available,"2, 3, 7, 8, 10",FLAMMABLE; TOXIC,Raffinate C4,"STOP GAS SUPPLY. Firefighters should wear a firefighter's outfit and SCBA. Toxic vapours generated in a fire. Do not extinguish flame until gas or liquid supply has been shut off in order to avoid explosive re-ignition. Extinguish with water spray, dry powder or carbon dioxide (CO2). Cool tanks and surrounding areas with water spray.",IMMEDIATELY. Prioritise liquid in eye over liquid on skin. If eye frozen seek additional medical assistance immediately. Flood eye gently with water. Keep eye open as widely as possible. Remove contact lenses. Continue washing for at least 15 minutes. Obtain medical advice or assistance as soon as possible.,IMMEDIATELY. First aiders should wear protective gloves and clothing. Immerse any frostbitten areas in warm water until thawed. Carefully remove contaminated clothing and personal items. Flood affected area with water. Continue washing for at least 15 minutes. Do not rub affected area. Obtain medical advice or assistance as soon as possible.,MOVE CASUALTY TO FRESH AIR. If breathing and heart have stopped give CPR immediately. If breathing has stopped give artificial respiration using mouth-to-mouth or mouth-to-nose respiration or face and bag mask. If breathing is weak administer oxygen provided there is no danger of fire or explosion. Guard against self-injury if victim is confused or anaesthetised. Be alert to possibility of victim vomiting and then choking. Obtain medical advice or assistance as soon as possible.,"STOP THE FLOW. Avoid contact with liquid or vapour. Extinguish sources of ignition. Emergency teams should wear SCBA and protective clothing. Other people should leave the area. Flood with large amounts of water to disperse the spill, and to prevent brittle fracture. Water jet should not be used. Inform port authorities or coastguard of spill.",Simple asphyxiant (Note 1),(Note 1),Cold burns and frostbite.,Cold burns and frostbite.,Not available.,Not pertinent. No hazard in normal industrial use.,Irritation. Cold burns and frostbite.,Irritation. Cold burns and frostbite.,"Irritation of the nose and throat. Headaches, dizziness, nausea or unconsciousness. Asphyxiation at high concentrations.",Not available.,"Chemical splash-resistant suit, face shield or goggles, gloves and rubber boots. Chemical resistant clothing should resist solvent attack.",-76°C (Closed Cup),Flammable vapour/air mixtures have significant explosive potential.,200°C,5 – 15% by volume,(Note 1),Hydrocarbon Mixture,No dangerous reaction (Notes 1 and 2).,Explosive peroxide formation or unstable polymers.,(Notes 1 and 2),(Note 1),(Note 1),(Note 1),(Note 1),(Note 1),(Note 1),(Note 1),(Note 1),(Note 1),"Pressurised, Ambient",Inerted. Oxygen content of tank must be maintained at no more than 0.2% by volume.,2G/2PG,Flammable and Toxic (Note 2),No,Closed or Indirect,"Copper, silver mercury, magnesium, other acetylide-forming metals, PVC, PTFE, monel, aluminium, brass, polyimide epoxy, amine epoxy.","Mild steel, stainless steel, inorganic zinc coatings, vinyl coatings, modified phenolic.","Additional Information: This is cracked C4 after butadiene has been extracted. 1. Properties depend upon composition of the mixture. Information should be obtained from the shipper and the Cargo Information Form should be completed. 2. Reference should be made to the IGC Code, Chapters 14, 17 and 19, before acceptance of cargo on board, in particular Section 17.20."
8,Spent Steam-Cracked C4 Product,Colourless gas or liquid,Faint petroleum (Note 1),1965,Not available,"2, 3, 7, 8, 10",FLAMMABLE,N/A,"STOP GAS SUPPLY. Firefighters should wear a firefighter's outfit and SCBA. Toxic vapours generated in a fire. Do not extinguish flame until gas or liquid supply has been shut off in order to avoid explosive re-ignition. Extinguish with water spray, dry powder or carbon dioxide (CO2). Cool tanks and surrounding areas with water spray.",IMMEDIATELY. Prioritise liquid in eye over liquid on skin. If eye frozen seek additional medical assistance immediately. Flood eye gently with water. Keep eye open as widely as possible. Remove contact lenses. Continue washing for at least 15 minutes. Obtain medical advice or assistance as soon as possible.,IMMEDIATELY. First aiders should wear protective gloves and clothing. Immerse any frostbitten areas in warm water until thawed. Carefully remove contaminated clothing and personal items. Flood affected area with water. Continue washing for at least 15 minutes. Do not rub affected area. Obtain medical advice or assistance as soon as possible.,MOVE CASUALTY TO FRESH AIR. If breathing and heart have stopped give CPR immediately. If breathing has stopped give artificial respiration using mouth-to-mouth or mouth-to-nose respiration or face and bag mask. If breathing is weak administer oxygen provided there is no danger of fire or explosion. Guard against self-injury if victim is confused or anaesthetised. Be alert to possibility of victim vomiting and then choking. Obtain medical advice or assistance as soon as possible.,"STOP THE FLOW. Avoid contact with liquid or vapour. Extinguish sources of ignition. Emergency teams should wear SCBA and protective clothing. Other people should leave the area. Flood with large amounts of water to disperse the spill, and to prevent brittle fracture. Water jet should not be used. Inform port authorities or coastguard of spill.",(Note 1),(Note 1),Irritation. Cold burns and frostbite.,Cold burns and frostbite.,Not currently known.,Not pertinent. No hazard in normal industrial use.,High vapour concentrations may be irritating to the eyes.,Cold burns possible.,"Asphyxiation at high concentrations. Headaches, dizziness and drowsiness. May act as a narcotic.",No known chronic effects.,"Chemical splash-resistant suit, face shield or goggles, gloves and rubber boots. Chemical resistant clothing should resist solvent attack.",-80°C,Flammable vapour/air mixtures have significant explosive potential.,205°C,1.5 – 10% by volume,(Note 1),Hydrocarbon (C4) Mixture,No dangerous reaction.,Contamination with air causes peroxide formation.,"Inorganic acids, organic acids, oxidising agents, molten sulphur, halogenated compounds, monomers, polymerisable esters and cyanohydrins.",(Note 1),(Note 1),(Note 1),(Note 1),(Note 1),(Note 1),(Note 1),(Note 1),(Note 1),Pressurised or Fully-refrigerated,Inerted. Oxygen content of tank must be maintained at no more than 0.2% by volume.,2G/2PG,Flammable,No,"Indirect, Closed or Restricted","Nitrile rubber, polythene, CAF jointings, certain plastics, natural rubber, butyl rubber.","Mild steel, stainless steel, inorganic zinc coatings.",Additional Information: This is cracked C4 after both Butadiene and iso-Butene have been extracted. 1. Properties depend upon composition of the mixture. Information should be obtained from the shipper and the Cargo Information Form should be completed.
9,Chlorine,"Yellow/green gas, amber liquid","Pungent, irritating",1017,7782-50-5,"2, 3, 7, 8, 10",TOXIC; OXIDISING; CORROSIVE,Chlorgas; CLX,"STOP GAS SUPPLY. Poisonous gases are produced by fires involving Chlorine. Firefighters should wear a firefighter's outfit and rubber over clothing and SCBA. Fire will produce corrosive and/or toxic gas. Do not extinguish flame until gas or liquid supply has been shut off in order to avoid explosive re-ignition. Extinguish with water spray, dry powder or carbon dioxide (CO2). Cool tanks and surrounding areas with water spray.",IMMEDIATELY. Prioritise liquid in eye over liquid on skin. If eye frozen seek additional medical assistance immediately. Flood eye gently with water. Keep eye open as widely as possible. Remove contact lenses. Continue washing for at least 15 minutes. Obtain medical advice or assistance as soon as possible.,IMMEDIATELY. First aiders should wear protective gloves and clothing. Immerse any frostbitten areas in warm water until thawed. Carefully remove contaminated clothing and personal items. Flood affected area with water. Continue washing for at least 15 minutes. Do not rub affected area. Obtain medical advice or assistance as soon as possible.,MOVE CASUALTY TO FRESH AIR. If breathing and heart have stopped give CPR immediately. If breathing has stopped give artificial respiration using a face and bag mask. Mouth-to-mouth and mouth-to-nose respiration should not be used. If breathing is weak administer oxygen provided there is no danger of fire or explosion. Obtain medical advice or assistance as soon as possible.,"STOP THE FLOW. Avoid contact with liquid or vapour. Extinguish sources of ignition. Emergency teams should wear SCBA and protective clothing. Other people should leave the area. Flood with large amounts of water to disperse the spill, and to prevent brittle fracture. Water jet should not be used. Inform port authorities or coastguard of spill. See Notes and Special Requirements.",0.5ppm,3.5ppm,Severe chemical and cold burns. Frostbite. Any quantity is dangerous to eyes.,Severe chemical and cold burns. Frostbite. Chlorine will burn through normal clothing.,Toxic and corrosive acids formed with skin moisture.,Not pertinent. No hazard in normal industrial use.,Irritation and burning.,Irritation and burning.,"Coughing, choking, sneezing, copious salivation, general excitement and restlessness. High concentrations cause respiratory distress, violent coughing and retching. Death from suffocation.","May cause bronchitis, erosion of teeth, and inflammation of mucous membranes.","Respiratory equipment should be approved for Chlorine service. Wear goggles, Chlorine-resistant rubber suit, boots and gloves at all times, and note special requirements overleaf. Decontamination showers and eye fountains to be available on deck in convenient locations, and suitably marked and pressurised.",Not Flammable.,Additional Information: Steel burns in Chlorine at 250°C.,Not applicable (Not Flammable),Not applicable (Not Flammable),Cl2,Halogen,Reacts with water or steam to form toxic and corrosive acid fumes.,No reaction with dry air.,"Dangerous reactions possible with acetaldehyde, ammonia, butadiene, butane, butene, dimethylamine, ethane, ethanol, ethylamine, ethylene, methane, methanol, propane, propene, propylene, sulphur dioxide, vinyl chloride.",-34°C,-101°C,287.83 at -34°C,0.98 at -34°C,2.49,Not known,1.424 at 15°C,70.91,0.0028 per °C at 0°C,Pressurised or Fully-refrigerated (Note 5),Dry. Moisture control is required to ensure that cargo tanks are dry before loading. Cargo vapour or dry air with a dewpoint of -45°C or below should be used to prevent negative pressures during discharge.,1G,Toxic (Note 7),Type C,Indirect or Closed devices which do not penetrate the cargo tank,Aluminium is attacked by liquid chlorine above -20°C. Highly corrosive to all metals in a moist environment.,"Magnesium, zinc, copper, monel, mild steel, stainless steel, PTFE, PVC, rubber vulcanised surfaces.","1. Special requirements apply to the carriage of this cargo. Reference should be made to the IGC Code, Chapters 14, 17 and 19, before acceptance of cargo on board, in particular Sections 14.4 and 17.13. 2. Suitable respiratory and eye protection for all persons on board for emergency escape purposes and two additional sets of respiratory and eye protection to be permanently located on navigating bridge. 3. Two additional complete safety outfits required on ships with a cargo capacity over 2,000m3. 4. Place of refuge for crew in accommodation to be provided in case of major cargo release. 5. Only indirect refrigeration systems should be used. 6. Gas detection alarms for cargo pump rooms, or compressor room and motor room airlocks and spaces where vapour may accumulate, should be activated when the concentration reaches the short term exposure limit of 1ppm. 7. Portable gas detecting equipment is not an alternative to fixed equipment. 8. Controlled amounts of water or steam may be used to disperse or absorb chlorine, but neither should be directed at the source of the leak, otherwise rapid corrosion can occur."
10,Diethyl Ether,"Colourless, mobile liquid",Characteristic sweet pungent odour,1155,60-29-7,"2, 3, 7, 8, 10",FLAMMABLE; TOXIC,Anaesthesia Ether; Diethyl Oxide; EET; Ether; Ethoxyethane; Ethyl Ether; Ethyl Oxide; Solvent Ether; Sulphuric Ether,STOP GAS SUPPLY. Firefighters should wear a firefighter's outfit and SCBA. Do not extinguish flame until gas or liquid supply has been shut off in order to avoid explosive re-ignition. Extinguish with dry powder or carbon dioxide (CO2). Cool tanks and surrounding areas with water spray.,IMMEDIATELY. Prioritise liquid in eye over liquid on skin. Flood eye gently with water. Keep eye open as widely as possible. Remove contact lenses. Continue washing for at least 15 minutes. Obtain medical advice or assistance as soon as possible.,IMMEDIATELY. First aiders should wear protective gloves and clothing. Carefully remove contaminated clothing and personal items. Flood affected area with water. Continue washing for at least 15 minutes. Do not rub affected area. Obtain medical advice or assistance as soon as possible.,MOVE CASUALTY TO FRESH AIR. If breathing and heart have stopped give CPR immediately. If breathing has stopped give artificial respiration using face and bag mask. If breathing is weak administer oxygen provided there is no danger of fire or explosion. Obtain medical advice or assistance as soon as possible.,STOP THE FLOW. Avoid contact with liquid or vapour. Extinguish sources of ignition. Emergency teams should wear SCBA and protective clothing. Other people should leave the area. Flood with large amounts of water to disperse the spill which will float and mix with water. Inform port authorities or coastguard of spill.,400ppm,1ppm,Irritation.,Irritation. Repeated exposure may cause dermatitis.,Not currently known.,Irritation and vomiting. May cause intoxication or loss of consciousness.,Irritation at high concentrations.,Not currently known.,"Irritation of nose and throat. Headache, nausea, vomiting, confusion and depression or excitement or loss of consciousness. Higher concentrations will result in unconsciousness and may be fatal.","There have been reports of loss of appetite, fatigue, and increased thirst.","Protective clothing covering all parts of the body, gloves, boots, goggles or face shield. Decontamination showers and eye fountains to be available on deck in convenient locations, and suitably marked.",-40°C (Closed Cup),Flammable vapour/air mixtures have severe explosive potential. (Note 1),180°C,1.9 – 36% by volume,C4H10O,Ether,No dangerous reaction.,Possible formation of explosive peroxides.,"Dangerous reaction with acids and oxidising agents, including Chlorine.",34.6°C,-116°C,356 at 34.6°C,0.95 at 34.6°C,2.55,Not available,0.714 at 20°C,74.12,0.00215 per °C,Ambient or below (Note 2),Inert. Oxygen content of tank should be maintained at not more than 0.2% by volume.,2G/2PG,Flammable and Toxic,Yes,Indirect or Closed,Copper or copper-bearing alloys with more than 1% copper. Natural rubber may become swollen.,Most materials including plastic.,"1. The explosion hazard for this cargo is severe in the presence of a source of ignition. In addition, the formation of peroxides is an additional risk, but diethyl ether is invariably inhibited to minimise their formation. The effectiveness of the inhibitor under fire conditions is not known, however peroxide formation under fire conditions is expected to be slow. 2. Except when trading only in cold climatic areas, it may be necessary to cool the cargo or to provide some overpressure to minimise / prevent boil-off. 3. Special requirements apply to the carriage of this cargo. Reference should be made to the IGC Code, Chapters 14, 17 and 19, before acceptance of cargo on board. 4. Suitable respiratory and eye protection should be provided for all persons on board for emergency escape purposes and two additional sets of respiratory and eye protection to be permanently located on navigating bridge. Two additional complete safety outfits required on ships with a cargo capacity over 2,000m3."
11,Dimethylamine,Colourless liquid,Ammonia or fish-like,1032,124-40-3,"2, 3, 7, 8, 10",FLAMMABLE; TOXIC,Dimethylamine (Anhydrous); DMA,"STOP GAS SUPPLY. Irritating vapours produced in fire. Firefighters should wear a firefighter's outfit, including rubber overclothing and SCBA. Do not extinguish flame until gas or liquid supply has been shut off in order to avoid explosive re-ignition. Extinguish with water spray, dry powder or carbon dioxide (CO2). Cool tanks and surrounding areas with water spray.",IMMEDIATELY. Prioritise liquid in eye over liquid on skin. Flood eye gently with water. Keep eye open as widely as possible. Remove contact lenses. Continue washing for at least 15 minutes. Obtain medical advice or assistance as soon as possible.,IMMEDIATELY. First aiders should wear protective gloves and clothing. Carefully remove contaminated clothing and personal items. Flood affected area with water. Continue washing for at least 15 minutes. Do not rub affected area. Obtain medical advice or assistance as soon as possible.,MOVE CASUALTY TO FRESH AIR. If breathing and heart have stopped give CPR immediately. If breathing has stopped give artificial respiration using mouth-to-mouth or mouth-to-nose respiration or face and bag mask. If breathing is weak administer oxygen provided there is no danger of fire or explosion. Obtain medical advice or assistance as soon as possible.,"STOP THE FLOW. Avoid contact with liquid or vapour. Extinguish sources of ignition. Emergency teams should wear SCBA and protective clothing. Other people should leave the area. Flood with large amounts of water to disperse the spill, and to prevent brittle fracture. Water jet should not be used. Inform port authorities or coastguard of spill.",5ppm,<1ppm,Burns to eyes. Can cause severe and permanent eye damage.,"Burns to skin. Soluble in skin moisture, forming strong alkali base.",Not currently known.,"Corrosive injury to the mouth, throat and stomach if ingested.",Irritation.,Irritation to moist areas.,"Nose and throat irritation and respiratory distress including coughing. Causes sneezing, headache and nausea.",Potential for residual chronic lung disease.,"Where contact is likely, wear chemical-resistant gloves, chemical-resistant suit, rubber boots and SCBA with full face and head coverage. Where contact may occur, wear long sleeves, chemical-resistant gloves, and goggles. Decontamination showers and eye fountains to be available on deck in convenient locations, and suitably marked.",-6°C (Closed Cup),Flammable vapour/air mixtures have explosive potential.,400°C,2.8 – 14.4% by volume,C2H7N,Amine (Aliphatic),No dangerous reaction. Very soluble. Reaction generates considerable heat in solution.,No reaction.,"Very reactive. Dangerous reactions possible with acetaldehyde, alcohols, chlorine, ethylene oxide, propylene oxide, sulphur dioxide.",7°C,-92°C,587.4 at 7°C,1.01 at 7°C; 2.02 at 25°C,1.55,Not available,0.671 at 7°C,45.09,0.0018 per °C at 20°C,Pressurised or Fully-refrigerated,No,2G/2PG,Flammable and Toxic,No,Indirect or Closed,"Mercury, zinc, copper and copper alloys, aluminium and aluminium alloys.","Mild steel, stainless steel, iron and PTFE.","1. Special requirements apply to the carriage of this cargo. Reference should be made to the IGC Code, Chapters 14, 17 and 19, before acceptance of cargo on board. 2. Suitable respiratory and eye protection for all persons on board for emergency escape purposes and two additional sets of respiratory and eye protection to be permanently located on navigating bridge. 3. Bow/stern loading/discharging lines may only be used if approved by the flag Administration."
12,Ethane,Colourless,Odourless or like mild gasoline,1961,74-84-0,"2, 3, 7, 8, 10",FLAMMABLE,Bimethyl; Dimethyl; ETH; Ethane Liquid; Ethane (Refrigerated Liquid); Ethyl Hydride; Methylmethane,"STOP GAS SUPPLY. Irritating vapours produced in fire. Firefighters should wear a firefighter's outfit, including rubber overclothing and SCBA. Do not extinguish flame until gas or liquid supply has been shut off in order to avoid explosive re-ignition. Extinguish with water spray, dry powder or carbon dioxide (CO2). Cool tanks and surrounding areas with water spray.",IMMEDIATELY. Prioritise liquid in eye over liquid on skin. If eye frozen seek additional medical assistance immediately. Flood eye gently with water. Keep eye open as widely as possible. Remove contact lenses. Continue washing for at least 15 minutes. Obtain medical advice or assistance as soon as possible.,IMMEDIATELY. First aiders should wear protective gloves and clothing. Immerse any frostbitten areas in warm water until thawed. Carefully remove contaminated clothing and personal items. Flood affected area with water. Continue washing for at least 15 minutes. Do not rub affected area. Obtain medical advice or assistance as soon as possible.,MOVE CASUALTY TO FRESH AIR. If breathing and heart have stopped give CPR immediately. If breathing has stopped give artificial respiration using mouth-to-mouth or mouth-to-nose respiration or face and bag mask. If breathing is weak administer oxygen provided there is no danger of fire or explosion. Obtain medical advice or assistance as soon as possible.,"STOP THE FLOW. Avoid contact with liquid or vapour. Extinguish sources of ignition. Emergency teams should wear SCBA and protective clothing. Other people should leave the area. Flood with large amounts of water to disperse the spill, and to prevent brittle fracture. Water jet should not be used. Inform port authorities or coastguard of spill.",5ppm (Simple asphyxiant),<1ppm (Note 1),Cold burns and frostbite.,Cold burns and frostbite.,Not pertinent. No hazard in normal industrial use due to rapid evaporation.,Not pertinent. No hazard in normal industrial use due to rapid evaporation.,Cold burns and frostbite possible.,Cold burns and frostbite possible.,"At high concentrations acts as simple asphyxiant. Causes headaches, dizziness and drowsiness.",Not currently known.,"Splash-resistant goggles, gloves, boots and suit. SCBA should be worn where high vapour concentrations are anticipated.",-135°C (Closed Cup),Flammable vapour/air mixtures have explosive potential.,472°C,2.9 – 12.5% by volume,C2H6 or CH3CH3,"Hydrocarbon (Saturated, Aliphatic)",No dangerous reaction. May freeze to form ice or hydrates. Insoluble.,No reaction.,Dangerous reaction possible with Chlorine.,-89°C,-183°C,490.69 at -89°C,0.99 at -89°C,1.05,Yes due to flow or agitation,0.546 at -89°C; 0.446 at 0°C,30.07,0.0028 per °C at -45°C,Refrigerated,No,2G,Flammable,No,"Indirect, Closed or Restricted","Mild steel, polyethylene.","Magnesium, mercury, zinc, copper, aluminium, stainless steel, PTFE, PVC.",1. High odour threshold means that symptoms of asphyxiation appear before it is detected by nose.
13,Ethyl Alcohol,Colourless liquid,Alcohol (Note 1),1170,64-17-5,"2, 3, 7, 8, 10",FLAMMABLE,Alcohol; Cologne Spirit; Denatured Alcohol; EAL; Ethanol; Ethyl Hydroxide; Fermentation Alcohol; Grain Alcohol; Methylcarbinol; Spirits of Wine,"STOP GAS SUPPLY. Firefighters should wear a firefighter's outfit and SCBA. Do not extinguish flame until gas or liquid supply has been shut off in order to avoid explosive re-ignition. Extinguish with water spray, dry powder or carbon dioxide (CO2). Cool tanks and surrounding areas with water spray.",IMMEDIATELY. Prioritise liquid in eye over liquid on skin. Flood eye gently with water. Keep eye open as widely as possible. Remove contact lenses. Continue washing for at least 15 minutes. Obtain medical advice or assistance as soon as possible.,IMMEDIATELY. First aiders should wear protective gloves and clothing. Carefully remove contaminated clothing and personal items. Flood affected area with water. Continue washing for at least 15 minutes. Do not rub affected area. Obtain medical advice or assistance as soon as possible.,MOVE CASUALTY TO FRESH AIR. If breathing and heart have stopped give CPR immediately. If breathing has stopped give artificial respiration using mouth-to-mouth or mouth-to-nose respiration or face and bag mask. If breathing is weak administer oxygen provided there is no danger of fire or explosion. Obtain medical advice or assistance as soon as possible.,STOP THE FLOW. Avoid contact with liquid or vapour. Extinguish sources of ignition. Emergency teams should wear SCBA and protective clothing. Other people should leave the area. Flood with large amounts of water to disperse the spill which will float and mix with water. Inform port authorities or coastguard of spill.,"1,000ppm",10ppm,Irritation.,Irritation.,Not harmful.,Intoxication.,Irritation.,Not harmful.,"Headache, drowsiness and other common symptoms of alcohol intoxication.",Gastric disorders can be caused by ingestion of solutions of 70% or more.,"Splash-resistant goggles, gloves, boots and suit.",12°C (Closed Cup),Flammable vapour/air mixtures have explosive potential.,363°C,3.3 - 19% by volume,CH3CH2OH or C2H6O,"Alcohol (Primary, Aliphatic)",No dangerous reaction. Completely soluble.,No dangerous reaction.,Dangerous reaction possible with chlorine.,78°C,-114°C,836.8 at 78°C,0.057 at 20°C; 1.0 at 78°C,1.6,No,0.789 at 20°C,46.1,0.0011 per °C,Ambient (Note 2),N/A,Carried on board gas tankers as an anti-freeze additive.,N/A,N/A,N/A,Aluminium.,"Mild steel, stainless steel, iron.",1. Odour threshold is so high that symptoms of asphyxiation appear before it is detected by nose. 2. Ethyl Alcohol is a Noxious Liquid Substance (NLS) and is covered by Annex II of MARPOL. Carriage and handling is required to be in accordance with the Procedures and Arrangements (P & A) Manual approved by the flag Administration. Bulk ethyl alcohol is subject to the IBC Code.
14,Ethylamine,Colourless liquid,Alcohol,1170,64-17-5,"2, 3, 7, 8, 10",FLAMMABLE; TOXIC,Aminoethane; EAM; Ethanamine (Anhydrous); MEA; Monoethylamine,STOP GAS SUPPLY. Firefighters should wear a firefighter's outfit and SCBA. Do not extinguish flame until gas or liquid supply has been shut off in order to avoid explosive re-ignition. Extinguish with dry powder or carbon dioxide (CO2). Cool tanks and surrounding areas with water spray.,IMMEDIATELY. Prioritise liquid in eye over liquid on skin. Flood eye gently with water. Keep eye open as widely as possible. Remove contact lenses. Continue washing for at least 15 minutes. Obtain medical advice or assistance as soon as possible.,IMMEDIATELY. First aiders should wear protective gloves and clothing. Carefully remove contaminated clothing and personal items. Flood affected area with water. Continue washing for at least 15 minutes. Do not rub affected area. Obtain medical advice or assistance as soon as possible.,MOVE CASUALTY TO FRESH AIR. If breathing and heart have stopped give CPR immediately. If breathing has stopped give artificial respiration using mouth-to-mouth or mouth-to-nose respiration or face and bag mask. If breathing is weak administer oxygen provided there is no danger of fire or explosion. Obtain medical advice or assistance as soon as possible.,"STOP THE FLOW. Avoid contact with liquid or vapour. Extinguish sources of ignition. Emergency teams should wear SCBA and protective clothing. Other people should leave the area. Flood with large amounts of water to disperse the spill, and to prevent brittle fracture. Water jet should not be used. Inform port authorities or coastguard of spill.",5ppm,1ppm,Irritation and chemical burns. Permanent damage after 15 seconds of exposure.,Irritation and chemical burns. (Note 1),Can be absorbed through the skin. (Note 1),May cause severe mouth and stomach burns. Can be fatal.,Severe irritation.,Irritation possible.,"High concentrations can cause serious burns to the nose, throat and lungs. Pulmonary oedema may result.",May result in acute lung injury.,"Protective clothing covering all parts of the body, gloves, boots, goggles or face shield. Decontamination showers and eye fountains to be available on deck in convenient locations, and suitably marked.",-17°C (Open Cup),Flammable vapour/air mixtures have explosive potential.,384°C,3.5 - 14% by volume,C2H7N or CH3CH2NH2,"Amine (Primary, Aliphatic)",No dangerous reaction. Completely soluble.,No dangerous reaction.,"Dangerous reactions possible with acetaldehyde, chlorine, ethylene oxide, propylene oxide, sulphur dioxide.",16.5°C,-81°C,611 at 16.5°C,1.16 at 20°C,1.56,Likely,0.69 at 20°C,45.1,Not available,Pressurised,No,2G/2PG,Flammable and Toxic,Yes,Closed or Indirect,"Mercury, lead, tin, copper and its alloys, zinc and its alloys, aluminium and many of its alloys.","Mild steel, stainless steel, PTFE, iron.","1. After the vapour has touched the skin, immediate discomfort is often less than might be expected on the basis of the skin burn which follows. After contact, contaminated clothing should be laundered, but leather gloves and footwear should be destroyed. 2. Special requirements apply to the carriage of this cargo and reference should be made to the IGC Code, Chapters 14, 17 and 19, before acceptance of cargo on board. 3. Carriage of Ethylamine is also covered by the IBC Code. 4. Suitable respiratory and eye protection for all persons on board for emergency escape purposes, and two additional sets of respiratory and eye protection to be permanently located on navigating bridge."
15,Ethyl Chloride,Colourless,"Pungent, fruity, suffocating",1089,75-07-0,"2, 3, 7, 8, 10",FLAMMABLE; TOXIC,Aethylis; Aethylis Chloridum; Anodynon; Chelen; Chloridum; Chloroethane; Chloroethyl; Chloryl; Chloryl Anaesthetic; ECL; Ether Chloratus; Hydrochloric Ether; Kelene; Monochloroethane; Muriatic Ether; Narcotile,"STOP GAS SUPPLY. Firefighters should wear a firefighter's outfit and SCBA. Do not extinguish flame until gas or liquid supply has been shut off in order to avoid explosive re-ignition. Extinguish with water spray or fog, dry powder or carbon dioxide (CO2). Cool tanks and surrounding areas with water spray.",IMMEDIATELY. Prioritise liquid in eye over liquid on skin. If eye frozen seek additional medical assistance immediately. Flood eye gently with water. Keep eye open as widely as possible. Remove contact lenses. Continue washing for at least 15 minutes. Obtain medical advice or assistance as soon as possible.,IMMEDIATELY. First aiders should wear protective gloves and clothing. Immerse any frostbitten areas in warm water until thawed. Carefully remove contaminated clothing and personal items. Flood affected area with water. Continue washing for at least 15 minutes. Do not rub affected area. Obtain medical advice or assistance as soon as possible.,MOVE CASUALTY TO FRESH AIR. If breathing and heart have stopped give CPR immediately. If breathing has stopped give artificial respiration using mouth-to-mouth or mouth-to-nose respiration or face and bag mask. If breathing is weak administer oxygen provided there is no danger of fire or explosion. Obtain medical advice or assistance as soon as possible.,"STOP THE FLOW. Avoid contact with liquid or vapour. Extinguish sources of ignition. Emergency teams should wear SCBA and protective clothing. Other people should leave the area. Flood with large amounts of water to disperse the spill, and to prevent brittle fracture. Water jet should not be used. Inform port authorities or coastguard of spill.","1,000ppm",Not available,Irritation. Cold burns and frostbite.,Irritation. Cold burns and frostbite.,Systemic effect.,Systemic effect.,Irritation.,Irritation.,"Irritation of nose and throat. Headaches, blurred vision, dizziness, loss of coordination and apparent drunkenness. Possible unconsciousness.","Severe exposure may result in fatal damage to lungs, liver and kidneys.","SCBA and protective clothing covering all parts of the body, gloves, boots, goggles, or face shield where liquid contact is possible. Splash-proof suit, gloves, boots and goggles where vapour is likely.",-43°C (Open Cup),Flammable vapour/air mixtures have explosive potential.,510°C,3.6 – 15.4% by volume,C2H5Cl or CH3CH2Cl,"Halogenated Hydrocarbon (Aliphatic, Saturated)",Slow hydrolysis with toxic and corrosive fumes. Forms hydrochloric acid (Note 1),No dangerous reaction.,No dangerous reaction.,12°C,-136°C,379 at 12°C,1.00 at 12°C; 1.33 at 20°C,2.22,Not available,0.906 at 12°C,64.52,Not available,Pressurised or Fully-refrigerated,No,2G/2PG,Flammable and Toxic,No,Closed or Indirect,"Powdered aluminium, magnesium, zinc.","Copper, mild steel, stainless steel.",1. Cargo tank system should be dry before cargo is loaded. Hydrolysis is faster in the presence of heat. 2. Bow/stern loading/discharging lines may be used if specially approved by the flag Administration.
16,Ethylene,Colourless,Faintly sweet,1038,74-85-1,"2, 3, 7, 8, 10",FLAMMABLE,Acetene; Bicarburetted Hydrogen; Elayl; Ethene; ETL; Etherin; Liquid Ethylene; Olefiant Gas,"STOP GAS SUPPLY. Firefighters should wear a firefighter's outfit and SCBA. Do not extinguish flame until gas or liquid supply has been shut off in order to avoid explosive re-ignition. Extinguish with water spray or fog, dry powder or carbon dioxide (CO2). Cool tanks and surrounding areas with water spray.",IMMEDIATELY. Prioritise liquid in eye over liquid on skin. If eye frozen seek additional medical assistance immediately. Flood eye gently with water. Keep eye open as widely as possible. Remove contact lenses. Continue washing for at least 15 minutes. Obtain medical advice or assistance as soon as possible.,IMMEDIATELY. First aiders should wear protective gloves and clothing. Immerse any frostbitten areas in warm water until thawed. Carefully remove contaminated clothing and personal items. Flood affected area with water. Continue washing for at least 15 minutes. Do not rub affected area. Obtain medical advice or assistance as soon as possible.,MOVE CASUALTY TO FRESH AIR. If breathing and heart have stopped give CPR immediately. If breathing has stopped give artificial respiration using mouth-to-mouth or mouth-to-nose respiration or face and bag mask. If breathing is weak administer oxygen provided there is no danger of fire or explosion. Obtain medical advice or assistance as soon as possible.,"STOP THE FLOW. Avoid contact with liquid or vapour. Extinguish sources of ignition. Emergency teams should wear SCBA and protective clothing. Other people should leave the area. Flood with large amounts of water to disperse the spill, and to prevent brittle fracture. Water jet should not be used. Inform port authorities or coastguard of spill.",200ppm,Not available,Cold burns and frostbite.,Cold burns and frostbite.,Not absorbed due to rapid evaporation.,Not pertinent. No hazard in normal industrial use.,Non-irritating.,Non-irritating.,"Asphyxiation, dizziness, nausea and unconsciousness.",Not available.,"Splash-proof suit, gloves, boots and goggles. Decontamination showers and eye fountains to be available on deck in convenient locations, and suitably marked.",-136°C (Closed Cup),Flammable vapour/air mixtures have explosive potential.,425°C,2.7 - 34% by volume,C2H4 or CH2CH2,"Hydrocarbon (Aliphatic, Unsaturated)",No reaction. Insoluble in water.,No reaction.,Dangerous reaction possible with chlorine.,-103.7°C,-169°C,483.2 at -103.7°C,1.02 at -103.7°C,0.978,Not available,0.569 at -103.7°C,28.05,0.0026 per °C,Fully-refrigerated,Oxygen content of tank to be maintained at 2.0% by volume or less.,2G,Flammable,No,"Closed, Indirect or Restricted",Mild steel.,"Stainless steel (5% nickel), aluminium, copper, zinc.","1. Suitable respiratory and eye protection for all persons on board for emergency escape purposes. 2. Two additional complete safety outfits required in ships of a cargo capacity over 2,000 m3."
17,Ethylene Oxide,Colourless,"Sweet, Ether-like",1040,75-21-8,"2, 3, 7, 8, 10",FLAMMABLE; TOXIC,"Dihydro Oxirene; Dimethylene Oxide; EO; EOX; ETO; Epoxyethane; 1,2-Epoxyethane; Ethene Oxide; Oxacyclopropane; Oxane; Oxide of Ethylene; Oxidoethane; Oxirane","STOP GAS SUPPLY. Firefighters should wear a firefighter's outfit with rubber overclothing, rubber gloves and SCBA. Do not extinguish flame until gas or liquid supply has been shut off in order to avoid explosive re-ignition. Extinguish with water spray or fog, dry powder or carbon dioxide (CO2). Cool tanks and surrounding areas with water spray.",IMMEDIATELY. Prioritise liquid in eye over liquid on skin. If eye frozen seek additional medical assistance immediately. Flood eye gently with water. Keep eye open as widely as possible. Remove contact lenses. Continue washing for at least 15 minutes. Obtain medical advice or assistance as soon as possible.,IMMEDIATELY. First aiders should wear protective gloves and clothing. Immerse any frostbitten areas in warm water until thawed. Carefully remove contaminated clothing and personal items. Flood affected area with water. Continue washing for at least 15 minutes. Do not rub affected area. Obtain medical advice or assistance as soon as possible.,MOVE CASUALTY TO FRESH AIR. If breathing and heart have stopped give CPR immediately. If breathing has stopped give artificial respiration using mouth-to-mouth or mouth-to-nose respiration or face and bag mask. If breathing is weak administer oxygen provided there is no danger of fire or explosion. Obtain medical advice or assistance as soon as possible.,"STOP THE FLOW. Avoid contact with liquid or vapour. Extinguish sources of ignition. Emergency teams should wear SCBA and protective clothing. Other people should leave the area. Flood with large amounts of water to disperse the spill, and to prevent brittle fracture. Water jet should not be used. Inform port authorities or coastguard of spill.",1ppm,50ppm,Irritation. Cold chemical burns. Frostbite.,Irritation. Cold chemical burns. Frostbite.,Not currently known.,"Mouth, throat and stomach burns. Delayed liver and kidney damage possible.",Irritation.,Irritation.,"Irritation of nose and throat. Nausea, vomiting and difficulty breathing.",Lung congestion up to 72 hours after exposure. Delayed anaesthetic effect causing dizziness and headaches.,"Splash-proof suit, gloves, boots and goggles. Decontamination showers and eye fountains to be available on deck in convenient locations, and suitably marked.",-18°C (Open Cup),"Flammable vapour/air mixtures have explosive potential. Violent polymerisation possible when in contact with cast iron, tin, alumina-chloride and alkali metal hydroxides.",429°C,2.5 - 100% by volume,C2H4O,Epoxide,"No dangerous reaction. Soluble in water. Below 13°C solid hydrates may form, which dissolve in large amounts of water. Ethylene oxide regasifies from water with possible formation of explosive mixtures on surface.",Reacts to form polymers. Does not need oxygen for spontaneous decomposition.,"Dangerous reaction possible with ammonia, dimethylamine, ethylamine. Reactions can be catalysed by the presence of impurities.",10.6°C,-112°C,580 at 10.6°C,1.02 at 10.6°C; 1.45 at 20°C,1.49,Not available,0.82 at 10°C (Liquid),44.05,0.0016 per °C at 20°C,Refrigerated (below 30°C) (Note 4),Inerted with nitrogen. Oxygen content of tank to be maintained at no more than 2.0% by volume.,1G,Flammable and Toxic,Type C,Closed or Indirect,"Iron, copper, silver and its alloys, mercury, magnesium and its alloys, and other acetylide-forming metals, stainless steel (types 416 and 442).","Mild steel providing tanks are rust-free prior to loading, stainless steel (other than types 416 or 442), PTFE, PVC.","1. Special requirements apply to carriage of this cargo and reference should be made to the IGC Code, Chapters 14, 17 and 19, before acceptance of cargo on board, in particular, Sections 17.5 and 17.14. 2. Suitable respiratory and eye protection for all persons on board for emergency escape purposes. 3. Two additional complete safety outfits required in ships of a cargo capacity over 2,000 m3. 4. Only indirect refrigeration systems should be used."
18,Ethylene Oxide-Propylene Oxide Mixtures,Colourless to light coloured,"Sweet, ether-like",2983,"75-21-8, 75-56-9","2, 3, 7, 8, 10",FLAMMABLE; TOXIC,EO/PO Mixtures,"STOP GAS SUPPLY. Firefighters should wear a firefighter's outfit and SCBA. Do not extinguish flame until gas or liquid supply has been shut off in order to avoid explosive re-ignition. Extinguish with water spray, dry powder or carbon dioxide (CO2). Cool tanks and surrounding areas with water spray.",IMMEDIATELY. Prioritise liquid in eye over liquid on skin. If eye frozen seek additional medical assistance immediately. Flood eye gently with water. Keep eye open as widely as possible. Remove contact lenses. Continue washing for at least 15 minutes. Obtain medical advice or assistance as soon as possible.,IMMEDIATELY. First aiders should wear protective gloves and clothing. Immerse any frostbitten areas in warm water until thawed. Carefully remove contaminated clothing and personal items. Flood affected area with water. Continue washing for at least 15 minutes. Do not rub affected area. Obtain medical advice or assistance as soon as possible.,MOVE CASUALTY TO FRESH AIR. If breathing and heart have stopped give CPR immediately. If breathing has stopped give artificial respiration using mouth-to-mouth or mouth-to-nose respiration or face and bag mask. If breathing is weak administer oxygen provided there is no danger of fire or explosion. Obtain medical advice or assistance as soon as possible.,STOP THE FLOW. Avoid contact with liquid or vapour. Extinguish sources of ignition. Emergency teams should wear SCBA and protective clothing. Other people should leave the area. Flood with large amounts of water to disperse the spill which will float and mix with water. Inform port authorities or coastguard of spill.,5ppm,50ppm (as for Ethylene Oxide),Irritation. Cold chemical burns. Frostbite.,Irritation. Cold chemical burns. Frostbite.,Not currently known.,"Mouth, throat and stomach burns. Delayed liver and kidney damage possible.",Irritation.,Irritation.,"Irritation of nose and throat, dizziness, nausea and vomiting.","Fluid may accumulate in the lungs up to 72 hours after exposure. Headaches, numbness of the extremities, muscular weakness, skin sensitisation, numbing of smell and taste and an increased susceptibility to respiratory infection. Symptoms usually clear within months of terminating exposure.","SCBA, with splash-proof suit, gloves, boots and goggles. Decontamination showers and eye fountains to be available on deck in convenient locations, and suitably marked.",-18°C (Closed Cup),Flammable vapour/air mixtures have explosive potential.,Refer to shipper's safety data sheet.,2 - 55% by volume,C2H4O + C3H6O,Epoxide,No dangerous reaction. Slightly soluble. May freeze to form ice or hydrates.,Ethylene Oxide reacts to form polymers. Ethylene Oxide does not need oxygen for spontaneous decomposition.,"Dangerous reaction possible with ammonia, chlorine, dimethylamine, ethylamine. Reactions can be catalysed by the presence of impurities.",Refer to shipper's safety data sheet.,Refer to shipper's safety data sheet.,Refer to shipper's safety data sheet.,Refer to shipper's safety data sheet.,Refer to shipper's safety data sheet.,Refer to shipper's safety data sheet.,Refer to shipper's safety data sheet.,Refer to shipper's safety data sheet.,Refer to shipper's safety data sheet.,Pressurised or Fully-refrigerated (Note 4),Inerted. Nitrogen with continuous over-pressure. Oxygen content to be maintained at no more than 0.2% by volume.,2G/2PG,Flammable and Toxic,Yes,Closed or Indirect,Refer to shipper's safety data sheet. (Note 1),"Steel and stainless steel, PTFE. Refer to shipper's safety data sheet. (Note 1)","1. Special requirements apply to carriage of this cargo and reference should be made to the IGC Code, Chapters 14, 17 and 19, before acceptance of cargo on board, in particular, Section 17.18. 2. Suitable respiratory and eye protection for all persons on board for emergency escape purposes. 3. Two additional complete safety outfits required in ships of a cargo capacity over 2,000 m3. 4. Only indirect refrigeration systems should be used."
19,Isoprene (Inhibited),Colourless liquid,Mild (normally shipped un-stenched),1218,78-79-5,"2, 3, 7, 8, 10",FLAMMABLE,"Beta-Methylbivinyl; IPR; Methyl-1,3-Butadiene; 2-Methyl-1,3-Butadiene; 3-Methyl-1,3-Butadiene; 2-Methylbutadiene",STOP GAS SUPPLY. Toxic vapour produced in fire. Firefighters should wear a firefighter's outfit and SCBA. Do not extinguish flame until gas or liquid supply has been shut off in order to avoid explosive re-ignition. Extinguish with dry powder or carbon dioxide (CO2). Cool tanks and surrounding areas with water spray.,IMMEDIATELY. Prioritise liquid in eye over liquid on skin. Flood eye gently with water. Keep eye open as widely as possible. Remove contact lenses. Continue washing for at least 15 minutes. Obtain medical advice or assistance as soon as possible.,IMMEDIATELY. First aiders should wear protective gloves and clothing. Carefully remove contaminated clothing and personal items. Flood affected area with water. Continue washing for at least 15 minutes. Do not rub affected area. Obtain medical advice or assistance as soon as possible.,MOVE CASUALTY TO FRESH AIR. If breathing and heart have stopped give CPR immediately. If breathing has stopped give artificial respiration using mouth-to-mouth or mouth-to-nose respiration or face and bag mask. If breathing is weak administer oxygen provided there is no danger of fire or explosion. Obtain medical advice or assistance as soon as possible.,STOP THE FLOW. Avoid contact with liquid or vapour. Extinguish sources of ignition. Emergency teams should wear SCBA and protective clothing. Other people should leave the area. Flood with large amounts of water to disperse the spill which will float and mix with water. Inform port authorities or coastguard of spill.,Not available,<1ppm,Irritation.,Irritation.,Not available.,"Irritation of mouth, throat and stomach.",Irritation.,No effect.,Asphyxiation. Irritation of nose and throat.,Not available.,"Protective clothing covering all parts of the body, gloves, boots, goggles or face shield. Decontamination showers and eye fountains to be available on deck in convenient locations, and suitably marked.",-54°C (Closed Cup),"Flammable vapour air/mixtures have severe explosive potential. The product, even when inhibited, may polymerise violently under fire conditions and explode.",220°C,1.5 – 8.9% by volume,C5H8,"Hydrocarbon (Unsaturated, Aliphatic)",No dangerous reaction.,"Unless inhibited, contact with air may result in polymerisation. An inert gas blanket is not necessary if inhibited.","Dangerous reactions with halogens, alkylene oxides, acids, anhydrides and nitriles.",34°C,-146°C,360 at 34°C,0.61 at 20°C; 1.00 at 34°C,2.35,Not available,0.68 at 20°C (Liquid),68.12,0.0015 per °C,Liquid at ambient temperature,No,2G/2PG,Flammable,No,"Indirect, Closed or Restricted","Magnesium, mercury, copper, aluminium, certain rubbers.","Iron, mild steel, stainless steel, PTFE, PVC.","1. Special requirements apply to carriage of this cargo and reference should be made to the IGC Code, Chapters 14, 17 and 19, before acceptance of cargo on board, particularly Section 17.8."
20,Isopropylamine,Colourless,Strong ammonia odour,1221,75-31-0,"2, 3, 7, 8, 10",FLAMMABLE; TOXIC; CORROSIVE,IPP; Monoisopropylamine; 2-Aminopropane; 2-Propanamine,STOP GAS SUPPLY. Toxic gases may form in fire. Firefighters should wear a firefighter's outfit and SCBA. Do not extinguish flame until gas or liquid supply has been shut off in order to avoid explosive re-ignition. Extinguish with dry powder or carbon dioxide (CO2). Cool tanks and surrounding areas with water spray.,IMMEDIATELY. Prioritise liquid in eye over liquid on skin. Flood eye gently with water. Keep eye open as widely as possible. Remove contact lenses. Continue washing for at least 15 minutes. Obtain medical advice or assistance as soon as possible.,IMMEDIATELY. First aiders should wear protective gloves and clothing. Carefully remove contaminated clothing and personal items. Flood affected area with water. Continue washing for at least 15 minutes. Do not rub affected area. Obtain medical advice or assistance as soon as possible.,MOVE CASUALTY TO FRESH AIR. If breathing and heart have stopped give CPR immediately. If breathing has stopped give artificial respiration using mouth-to-mouth or mouth-to-nose respiration or face and bag mask. If breathing is weak administer oxygen provided there is no danger of fire or explosion. Obtain medical advice or assistance as soon as possible.,"STOP THE FLOW. Avoid contact with liquid or vapour. Extinguish sources of ignition. Emergency teams should wear SCBA and protective clothing, including butyl rubber gloves. Other people should leave the area. Flood with large amounts of water to disperse the spill, and to prevent brittle fracture. Inform port authorities or coastguard of spill.",5ppm,5ppm,Irritation and chemical burns.,Irritation and chemical burns.,Absorption is harmful.,Nausea and severe irritation of mouth and stomach.,Irritation. Chemical burns possible.,Irritation. Chemical burns possible.,"Nose, throat and lung irritation, severe coughing and chest pains. Can cause lung oedema and loss of consciousness.",Not currently known.,"Protective clothing covering all parts of the body, gloves, boots, goggles or face shield. Decontamination showers and eye fountains to be available on deck in convenient locations, and suitably marked.",-26°C (Open Cup),Flammable vapour/air mixtures have explosive potential.,402°C,2 – 12% by volume,C3H9N or (CH3)2CHNH2,Amine (Aliphatic),No reaction.,Formation of carbonate.,No dangerous reactions.,32°C,-95°C,448 at 32°C,1.02 at 32°C,2.04,Not available,0.69 at 20°C (Liquid),59.11,Not available,Liquid at ambient temperature,No,2G/2PG,Flammable and Toxic,No,Closed or Indirect,"Aluminium, copper and copper-based alloys, zinc and galvanised steel.","Mild steel, stainless steel, high density polyethylene.","1. Special requirements apply to carriage of this cargo and reference should be made to the IGC Code, Chapters 14, 17 and 19, before acceptance of cargo on board, in particular Section 17.15. 2. Suitable respiratory and eye protection for all persons on board for emergency escape purposes."
21,LPG,Colourless (Note 1),Weak (Note 1),1075,68476-85-7,"2, 3, 7, 8, 10",FLAMMABLE,Butane/Propane Mixtures; Liquefied Petroleum Gas; Propane/Butane Mixtures,STOP GAS SUPPLY. Firefighters should wear a firefighter's outfit and SCBA. Do not extinguish flame until gas or liquid supply has been shut off in order to avoid explosive re-ignition. Extinguish with dry powder or carbon dioxide (CO2). Cool tanks and surrounding areas with water spray.,IMMEDIATELY. Prioritise liquid in eye over liquid on skin. If eye frozen seek additional medical assistance immediately. Flood eye gently with water. Keep eye open as widely as possible. Remove contact lenses. Continue washing for at least 15 minutes. Obtain medical advice or assistance as soon as possible.,IMMEDIATELY. First aiders should wear protective gloves and clothing. Immerse any frostbitten areas in warm water until thawed. Carefully remove contaminated clothing and personal items. Flood affected area with water. Continue washing for at least 15 minutes. Do not rub affected area. Obtain medical advice or assistance as soon as possible.,MOVE CASUALTY TO FRESH AIR. If breathing and heart have stopped give CPR immediately. If breathing has stopped give artificial respiration using mouth-to-mouth or mouth-to-nose respiration or face and bag mask. If breathing is weak administer oxygen provided there is no danger of fire or explosion. Obtain medical advice or assistance as soon as possible.,"STOP THE FLOW. Avoid contact with liquid or vapour. Extinguish sources of ignition. Emergency teams should wear SCBA and protective clothing. Other people should leave the area. Flood with large amounts of water to disperse the spill, and to prevent brittle fracture. Water jet should not be used. Inform port authorities or coastguard of spill.","1,000ppm (Note 1)","5,000 – 20,000ppm (Note 1)",Cold burns and frostbite.,Cold burns and frostbite.,Not pertinent. No hazard in normal industrial use due to rapid evaporation.,Not pertinent. No hazard in normal industrial use due to rapid evaporation.,Cold burns and frostbite possible. High vapour concentrations are irritating to the eyes.,Cold burns and frostbite possible.,"Asphyxiation. Headaches, dizziness, reduced alertness, fatigue, and drowsiness.",Not currently known.,"Protective clothing covering all parts of the body, gloves, boots, goggles or face shield.",(Note 1),Flammable vapour/air mixtures are explosive.,(Note 1),(Note 1),Hydrocarbon Mixture,Hydrocarbon,No dangerous reaction. May freeze to form ice or hydrates.,No reaction.,Dangerous reaction possible with chlorine.,(Note 1),(Note 1),(Note 1),(Note 1),(Note 1),(Note 1),(Note 1),(Note 1),(Note 1),Pressurised or Fully-refrigerated.,Oxygen content of tank to be maintained at not more than 2% by volume.,2G/2PG,Flammable,No,"Closed, Indirect or Restricted",(Note 1),(Note 1),1. Properties depend upon composition of the mixture. Information should be obtained from the shipper and the Cargo Information Form should be completed. Refer also to cargo data sheets 30 (propane) and 4 (butanes) in Appendix 1 of this Guide.
22,Methane/LNG,Colourless,"Very faint, nearly odourless",1971 and 1972,74-82-8,"2, 3, 7, 8, 10",FLAMMABLE,Fire Damp; Liquefied Natural Gas; LNG; Marsh Gas; Methyl Hydride; MTH,STOP GAS SUPPLY. Firefighters should wear a firefighter's outfit and SCBA. Do not extinguish flame until gas or liquid supply has been shut off in order to avoid explosive re-ignition. Extinguish with dry powder or carbon dioxide (CO2). Cool tanks and surrounding areas with water spray.,IMMEDIATELY. Prioritise liquid in eye over liquid on skin. If eye frozen seek additional medical assistance immediately. Flood eye gently with water. Keep eye open as widely as possible. Remove contact lenses. Continue washing for at least 15 minutes. Obtain medical advice or assistance as soon as possible.,IMMEDIATELY. First aiders should wear protective gloves and clothing. Immerse any frostbitten areas in warm water until thawed. Carefully remove contaminated clothing and personal items. Flood affected area with water. Continue washing for at least 15 minutes. Do not rub affected area. Obtain medical advice or assistance as soon as possible.,MOVE CASUALTY TO FRESH AIR. If breathing and heart have stopped give CPR immediately. If breathing has stopped give artificial respiration using mouth-to-mouth or mouth-to-nose respiration or face and bag mask. If breathing is weak administer oxygen provided there is no danger of fire or explosion. Obtain medical advice or assistance as soon as possible.,"STOP THE FLOW. Avoid contact with liquid or vapour. Extinguish sources of ignition. Emergency teams should wear SCBA and protective clothing. Other people should leave the area. Flood with large amounts of water to disperse the spill, and to prevent brittle fracture. Water jet should not be used. Inform port authorities or coastguard of spill.",Simple Asphyxiant,200ppm,Cold burns and frostbite.,Cold burns and frostbite.,Not pertinent. No hazard in normal industrial use due to rapid evaporation.,Not pertinent. No hazard in normal industrial use due to rapid evaporation.,Cold burns and frostbite possible.,Cold burns and frostbite possible.,"Asphyxiation. Dizziness, difficulty breathing and unconsciousness.",Not available.,"Safety glasses or face shield, insulated gloves and boots. Long sleeves worn outside gloves and trouser legs worn outside boots to shed spilled liquid.",-188°C,Will form explosive mixtures in air.,537°C,5 - 16% by volume,CH4,"Hydrocarbon (Aliphatic, Saturated)",No dangerous reaction. May freeze to form ice or hydrates.,No reaction.,Dangerous reaction possible with chlorine.,-161°C,-182°C,510 at -161°C,1.06 at -161°C,0.55,Not available,0.422 at -161°C (Liquid),16.04,0.0026 per °C at -161°C,Fully-refrigerated,Inerted with zero oxygen content.,2G,Flammable,No,Closed or Indirect,"Mild steel, polyethylene.","Aluminium, copper, magnesium, mercury, stainless steel, 9% or 36% nickel steel, PTFE, PVC.","1. Liquefied natural gas is a hydrocarbon mixture, mainly of methane but with small quantities of ethane, propane, butane and nitrogen. Properties depend upon composition of the mixture. Information should be obtained from the shipper and the Cargo Information Form should be completed. Refer also to cargo data sheets 12 (ethane), 30 (propane), 4 (butanes) and 27 (nitrogen) in Appendix 1 of this Guide."
23,Methyl Alcohol,Colourless liquid,"Faintly sweet, like alcohol",1230,67-56-1,"2, 3, 7, 8, 10",FLAMMABLE; TOXIC,Carbinol; Colonial Spirit; Columbian Spirit; MAL; Methanol; Methyl Hydroxide; Pyroxylic Spirit; Wood Alcohol; Wood Spirit,STOP GAS SUPPLY. Toxic vapour produced in fire. Firefighters should wear a firefighter's outfit and SCBA. Do not extinguish flame until gas or liquid supply has been shut off in order to avoid explosive re-ignition. Extinguish with dry powder or carbon dioxide (CO2). Cool tanks and surrounding areas with water spray.,IMMEDIATELY. Prioritise liquid in eye over liquid on skin. Flood eye gently with water. Keep eye open as widely as possible. Remove contact lenses. Continue washing for at least 15 minutes. Obtain medical advice or assistance as soon as possible.,IMMEDIATELY. First aiders should wear protective gloves and clothing. Carefully remove contaminated clothing and personal items. Flood affected area with water. Continue washing for at least 15 minutes. Do not rub affected area. Obtain medical advice or assistance as soon as possible.,MOVE CASUALTY TO FRESH AIR. If breathing and heart have stopped give CPR immediately. If breathing has stopped give artificial respiration using mouth-to-mouth or mouth-to-nose respiration or face and bag mask. If breathing is weak administer oxygen provided there is no danger of fire or explosion. Obtain medical advice or assistance as soon as possible.,STOP THE FLOW. Avoid contact with liquid or vapour. Extinguish sources of ignition. Emergency teams should wear SCBA and protective clothing. Other people should leave the area. Flood with large amounts of water to disperse the spill which will float and mix with water. Inform port authorities or coastguard of spill.,200ppm,"50 - 2,000ppm",Irritation.,Irritation.,See ingestion.,"Poisoning. Abdominal pain, shortness of breath, blurred vision, dizziness, nausea, intoxication. Convulsions possible. Blindness possible. May be fatal.",Irritation.,Not currently known.,"Headache, blurred vision, dizziness, nausea, intoxication, fatigue and drowsiness. Fatal at high concentrations (50,000ppm).",Possible blindness.,"Air respirator or SCBA apparatus, gloves, boots, goggles or face shield and protective clothing covering all parts of the body. Protective clothing should resist alcohol attack. See unsuitable materials of construction.",12°C (Open Cup),Flammable vapour/air mixtures are explosive.,464°C,6 - 36% by volume,CH4O or CH3OH,"Alcohol (Primary, Saturated, Aliphatic)",No reaction. Completely soluble.,No reaction.,Dangerous reaction possible with chlorine.,64.5°C,-98°C,1170 at 64.5°C,0.12 at 20°C; 0.988 at 64.5°C,1.11,None,0.792 at 20°C (Liquid),32.04,0.00149 per °C at 20°C,Ambient (Note 1),N/A,Carried on board gas tankers as an anti-freeze additive.,Flammable (Note 1),N/A,Restricted (Note 1),"Zinc and galvanised metals, synthetic resins, leather, plasticised PVC, polystyrene, perspex and certain rubbers.",Mild Steel and Stainless Steel.,1. Bulk methyl alcohol transport is subject to the IBC Code.
24,Methylacetylene-Propadiene Mixtures,Colourless gas,"Strong, foul, garlic-like",1060,59355-75-8,"2, 3, 7, 8, 10",FLAMMABLE,Allene-Methylacetylene Mixture; MAP; MAPP; Mappgas; Mapp Gas; Methylacetylene-Allene Mixture; Propadiene-Methylacetylene Mixture,"STOP GAS SUPPLY. Firefighters should wear a firefighter's outfit with rubber overclothing, rubber gloves and SCBA. Do not extinguish flame until gas or liquid supply has been shut off in order to avoid explosive re-ignition. Extinguish with water spray or fog, dry powder or carbon dioxide (CO2). Cool tanks and surrounding areas with water spray.",IMMEDIATELY. Prioritise liquid in eye over liquid on skin. If eye frozen seek additional medical assistance immediately. Flood eye gently with water. Keep eye open as widely as possible. Remove contact lenses. Continue washing for at least 15 minutes. Obtain medical advice or assistance as soon as possible.,IMMEDIATELY. First aiders should wear protective gloves and clothing. Immerse any frostbitten areas in warm water until thawed. Carefully remove contaminated clothing and personal items. Flood affected area with water. Continue washing for at least 15 minutes. Do not rub affected area. Obtain medical advice or assistance as soon as possible.,MOVE CASUALTY TO FRESH AIR. If breathing and heart have stopped give CPR immediately. If breathing has stopped give artificial respiration using mouth-to-mouth or mouth-to-nose respiration or face and bag mask. If breathing is weak administer oxygen provided there is no danger of fire or explosion. Obtain medical advice or assistance as soon as possible.,"STOP THE FLOW. Avoid contact with liquid or vapour. Extinguish sources of ignition. Emergency teams should wear SCBA and protective clothing. Other people should leave the area. Flood with large amounts of water to disperse the spill, and to prevent brittle fracture. Water jet should not be used. Inform port authorities or coastguard of spill.","1,000ppm",100ppm,Cold burns and frostbite.,Cold burns and frostbite.,Not pertinent. No hazard in normal industrial use due to rapid evaporation.,Not pertinent. No hazard in normal industrial use due to rapid evaporation.,Cold burns and frostbite possible.,Cold burns and frostbite possible.,Asphyxiant. Difficulty breathing. May cause dizziness or asphyxiation without warning.,Not currently known.,"SCBA for high concentrations. Protective clothing covering all parts of the body, gloves, boots, goggles or face shield.",Flammable Gas,Flammable vapour/air mixtures are explosive.,454°C (Note 1),3 - 11% by volume,CH3≡CH or CH2=C=CH2,Olefin,"No reaction. Not soluble. Floats and boils on water producing a visible, flammable vapour cloud.",No reaction.,"No reaction under normal conditions. Forms explosive compounds in contact with alloys containing more than 67% copper, at high pressure.",-38°C to -20°C depending on mixture (Note 1),(Note 1),(Note 1),(Note 1),1.48,(Note 1),0.576 at 15°C (Liquid),40.1,(Note 1),Pressurised. Fully or Semi refrigerated.,No,2G/2PG,Flammable,No,"Indirect, Closed or Restricted",Copper and copper alloys.,Mild steel and stainless steel.,"1. Information should be obtained from the shipper and the Cargo Information Form should be completed. 2. Special requirements apply to carriage of this cargo and reference should be made to the IGC Code, Chapters 17 and 19, before acceptance of cargo on board. Section 17.16 provides examples of acceptable, stabilised mixtures."
25,Methyl Bromide,Colourless,"Faint, sweet like chloroform",1062,74-83-9,"2, 3, 7, 8, 10",TOXIC,Bromomethane; Embafume; MBC Fumigant; Monobromomethane; MTB,"STOP GAS SUPPLY. Firefighters should wear a firefighter's outfit and SCBA. Toxic gases generated in a fire involving Methyl Bromide. Extinguish fire with water spray or fog, foam, dry powder or carbon dioxide (CO2) as appropriate for the type of fire. Cool tanks and surrounding areas with water spray.",IMMEDIATELY. Prioritise liquid in eye over liquid on skin. Flood eye gently with water. Keep eye open as widely as possible. Remove contact lenses. Continue washing for at least 15 minutes. Obtain medical advice or assistance as soon as possible.,IMMEDIATELY. First aiders should wear protective gloves and clothing. Carefully remove contaminated clothing and personal items. Flood affected area with water. Continue washing for at least 15 minutes. Do not rub affected area. Obtain medical advice or assistance as soon as possible.,MOVE CASUALTY TO FRESH AIR. If breathing and heart have stopped give CPR immediately. If breathing has stopped give artificial respiration using face and bag mask only. If breathing is weak administer oxygen provided there is no danger of fire or explosion. Obtain medical advice or assistance as soon as possible.,"STOP THE FLOW. Avoid contact with liquid or vapour. Extinguish sources of ignition. Emergency teams should wear SCBA and protective clothing. Other people should leave the area. Flood with large amounts of water to disperse the spill, and to prevent brittle fracture. Water jet should not be used. Inform port authorities or coastguard of spill.",1ppm,Virtually odourless unless stenched.,Irritation and chemical burns. Severe blistering possible.,Irritation and chemical burns. Severe blistering possible.,Toxic. See effects of inhalation.,Toxic. See effects of inhalation.,Burning sensation at high concentrations.,Burning sensation at high concentrations.,"Lung congestion and pulmonary oedema. At high concentrations, narcosis is fatal. Non-fatal symptoms include coughing, sore throat, dizziness, abdominal pain, vomiting, weakness, difficulty breathing, confusion, loss of speech, loss of coordination, convulsions and unconsciousness.","Acute effects may be delayed by 48 hours. Numbness of extremities. Fatal damage to liver, kidneys and central nervous systems.","SCBA, with protective clothing covering all parts of the body, gloves, boots, goggles or face shield. Decontamination showers and eye fountains to be available on deck in convenient locations, suitably marked.",Not flammable in air,Practically non-flammable,537°C,9 - 16% by volume,CH3Br,Halogenated Hydrocarbon,Boils in water. Toxic vapour cloud is formed.,No dangerous reaction.,No dangerous reaction.,3.6°C,-94°C,259 at 3.6°C,1.02 at 3.6°C; 1.92 at 20°C,3.27,Not known,1.68 at 20°C (Liquid),94.95,Not known,Pressurised,No,1G,Flammable and Toxic (Note 3),Type C,Closed or Indirect,"Natural rubber (strongly attacked), aluminium and aluminium-bearing alloys (dangerous reaction), magnesium and magnesium alloys, zinc and zinc alloys.","Mild steel, stainless steel. Non-corrosive to most metals.","1. Special requirements apply to carriage of this cargo and reference should be made to the IGC Code, Chapters 14, 17 and 19, before acceptance of cargo on board, in particular Sections 14.4 and 17.5. 2. Suitable respiratory and eye protection for all persons on board for emergency escape purposes and two additional sets of respiratory and eye protection to be permanently located on navigating bridge. 3. Portable gas detecting equipment may not be used."
26,Methyl Chloride,Colourless,Faintly sweet,1063,74-87-3,"2, 3, 7, 8, 10",FLAMMABLE; TOXIC,Artic; Chloromethane; Monochloromethane; MTC; R40,"STOP GAS SUPPLY. Firefighters should wear a firefighter's outfit with rubber overclothing, rubber gloves and SCBA. Do not extinguish flame until gas or liquid supply has been shut off in order to avoid explosive re-ignition. Extinguish with water spray or fog, dry powder or carbon dioxide (CO2). Cool tanks and surrounding areas with water spray.",IMMEDIATELY. Prioritise liquid in eye over liquid on skin. If eye frozen seek additional medical assistance immediately. Flood eye gently with water. Keep eye open as widely as possible. Remove contact lenses. Continue washing for at least 15 minutes. Obtain medical advice or assistance as soon as possible.,IMMEDIATELY. First aiders should wear protective gloves and clothing. Immerse any frostbitten areas in warm water until thawed. Carefully remove contaminated clothing and personal items. Flood affected area with water. Continue washing for at least 15 minutes. Do not rub affected area. Obtain medical advice or assistance as soon as possible.,MOVE CASUALTY TO FRESH AIR. If breathing and heart have stopped give CPR immediately. If breathing has stopped give artificial respiration using mouth-to-mouth or mouth-to-nose respiration or face and bag mask. If breathing is weak administer oxygen provided there is no danger of fire or explosion. Obtain medical advice or assistance as soon as possible.,"STOP THE FLOW. Avoid contact with liquid or vapour. Extinguish sources of ignition. Emergency teams should wear SCBA and protective clothing. Other people should leave the area. Flood with large amounts of water to disperse the spill, and to prevent brittle fracture. Water jet should not be used. Inform port authorities or coastguard of spill.",50ppm,Odourless,Cold and chemical burns. Frostbite.,Cold and chemical burns. Frostbite.,Not pertinent. No hazard in normal industrial use due to rapid evaporation.,Not pertinent. No hazard in normal industrial use due to rapid evaporation.,Irritation.,Irritation.,"Dizziness, headache, nausea, vomiting, convulsions and unconsciousness.","Following exposure to high concentrations, liver, kidney and cardio-vascular damage is possible.","Where contact is likely, wear SCBA and protective clothing covering all parts of the body, gloves, boots, goggles or face shield. Where contact may occur, wear long sleeves, chemical-resistant gloves, boots and goggles.",Less than -35°C (Closed Cup),Flammable vapour/air mixtures have explosive potential.,556°C,7 – 17.4% by volume,CH3Cl,Halogenated Hydrocarbon,"Decomposition in contact with water. Flammable, visible vapour cloud is formed.","No reaction, but evaporates rapidly forming flammable and toxic mixture.",No dangerous reaction.,-24°C,-98°C,424 at -24°C,1.05 at -24°C; 2.6 at 0°C,1.79,Not available,0.997 at -24°C (Liquid),50.49,Not available,Pressurised or Fully-refrigerated.,No,2G/2PG,Flammable and Toxic,No,Closed or Indirect,"Aluminium and its alloys, zinc, magnesium and its alloys.","Mild steel, stainless steel.",1. Bow and stern loading/discharging lines may only be used if specially approved by the flag Administration.
27,Nitrogen,Colourless,Odourless,1977,7727-37-9,"2, 3, 7, 8, 10",ASPHYXIA,LN2; Liquid Nitrogen; NXX,"NOT FLAMMABLE. Firefighters should wear a firefighter's outfit and SCBA. Nitrogen is non-flammable. Extinguish fire with water spray or fog, foam, dry powder or carbon dioxide (CO2) as appropriate for the type of fire. Cool tanks and surrounding areas with water spray.",IMMEDIATELY. Prioritise liquid in eye over liquid on skin. If eye frozen seek additional medical assistance immediately. Flood eye gently with water. Keep eye open as widely as possible. Remove contact lenses. Continue washing for at least 15 minutes. Obtain medical advice or assistance as soon as possible.,IMMEDIATELY. First aiders should wear protective gloves and clothing. Immerse any frostbitten areas in warm water until thawed. Carefully remove contaminated clothing and personal items. Flood affected area with water. Continue washing for at least 15 minutes. Do not rub affected area. Obtain medical advice or assistance as soon as possible.,MOVE CASUALTY TO FRESH AIR. If breathing and heart have stopped give CPR immediately. If breathing has stopped give artificial respiration using mouth-to-mouth or mouth-to-nose respiration or face and bag mask. If breathing is weak administer oxygen provided there is no danger of fire or explosion. Obtain medical advice or assistance as soon as possible.,"STOP THE FLOW. Avoid contact with liquid or vapour. Emergency teams should wear SCBA and protective clothing. Other people should leave the area. Flood with large amounts of water to disperse the spill, and to prevent brittle fracture. Water jet should not be used. Inform port authorities or coastguard of spill.",Simple Asphyxiant,Odourless,Cold burns and frostbite.,Cold burns and frostbite.,Not pertinent in normal industrial use due to rapid evaporation of liquid.,Not pertinent in normal industrial use due to rapid evaporation of liquid.,Cold burns and frostbite possible.,Cold burns and frostbite possible.,"Asphyxiation. High concentrations may cause dizziness, difficulty breathing or unconsciousness.",No effects.,"Safety glasses or face shield, insulated gloves and boots. Long sleeves worn outside gloves and trouser legs worn outside boots to shed spilled liquid. SCBA should be used where insufficient air is present.",Non-flammable,Non-flammable,Non-flammable,Non-flammable,N2,Noble Gas,No dangerous reaction. Nitrogen boils on water.,No reaction.,No reaction.,-196°C,-210°C,199 at -196°C,0.94 at -196°C,0.97,None,0.807 at -196°C (Liquid),28.01,0.005 per °C at -196°C,Fully-refrigerated,No,3G,Asphyxiant,No,Indirect or Closed,Mild steel.,"Stainless steel, copper and aluminium.","1. A special requirement applies to carriage of this cargo and reference should be made to the IGC Code, Chapters 17 and 19, before acceptance of cargo on board, in particular Section 17.17."
28,Pentanes (Pentane),Colourless,"Pungent, fruity, suffocating",1089,75-07-0,"2, 3, 7, 8, 10",FLAMMABLE,Amyl Hydride; n-Pentane; Normal Pentane; PTA,STOP GAS SUPPLY. Firefighters should wear a firefighter's outfit and SCBA. Do not extinguish flame until gas or liquid supply has been shut off in order to avoid explosive re-ignition. Extinguish with dry powder or carbon dioxide (CO2). Cool tanks and surrounding areas with water spray.,IMMEDIATELY. Prioritise liquid in eye over liquid on skin. Flood eye gently with water. Keep eye open as widely as possible. Remove contact lenses. Continue washing for at least 15 minutes. Obtain medical advice or assistance as soon as possible.,IMMEDIATELY. First aiders should wear protective gloves and clothing. Carefully remove contaminated clothing and personal items. Flood affected area with water. Continue washing for at least 15 minutes. Do not rub affected area. Obtain medical advice or assistance as soon as possible.,MOVE CASUALTY TO FRESH AIR. If breathing and heart have stopped give CPR immediately. If breathing has stopped give artificial respiration using mouth-to-mouth or mouth-to-nose respiration or face and bag mask. If breathing is weak administer oxygen provided there is no danger of fire or explosion. Obtain medical advice or assistance as soon as possible.,STOP THE FLOW. Avoid contact with liquid or vapour. Extinguish sources of ignition. Emergency teams should wear SCBA and protective clothing. Other people should leave the area. Flood with large amounts of water to disperse the spill. Inform port authorities or coastguard of spill which will float and mix with water.,600ppm,10ppm,Irritation.,Irritation.,Not currently known.,Nausea and vomiting. Do not induce vomiting.,Irritation at high concentrations.,Not currently known.,"Dizziness, drowsiness and difficulty breathing. High concentrations cause narcosis and pulmonary oedema.",Not currently known.,Eye protection required with suitable protective clothing and footwear.,-49°C (Closed Cup),Flammable vapour/air mixtures have explosive potential.,260°C,1 – 8.5% by volume,C5H12 (but may vary),Paraffin Hydrocarbon,No reaction.,No dangerous reaction.,"Dangerous reaction is possible with oxidising agents and concentrated nitric acid. No other dangerous reaction, but consult the safety data sheet for the other cargoes being carried.",36°C,-129°C,357 at 36°C,1.01 at 36°C,2.48,Likely,0.626 at 20°C (Liquid),72.15,Not available,Ambient (Note 2),No,2G/2PG,Flammable,No,"Closed, Indirect or Restricted","Certain plastics, certain rubbers.","Mild steel, stainless steel, most metals.","1. When ordered to load any Pentane, the Master should seek thorough information from the shipper. The Cargo Information Form should be completed before loading starts. 2. In warm or hot climatic conditions it may be necessary to cool the cargo, or to provide some overpressure to minimise/prevent boil-off. 3. Two additional complete safety outfits required on ships with a cargo capacity over 2,000m3."
29,Pentanes (Iso-Pentane),Colourless liquid,Characteristic gasoline-like,1265,78-78-4,"2, 3, 7, 8, 10",FLAMMABLE,IPT; 2-Methylbutane; Pentane-Plus,STOP GAS SUPPLY. Firefighters should wear a firefighter's outfit and SCBA. Do not extinguish flame until gas or liquid supply has been shut off in order to avoid explosive re-ignition. Extinguish with dry powder or carbon dioxide (CO2). Cool tanks and surrounding areas with water spray.,IMMEDIATELY. Prioritise liquid in eye over liquid on skin. Flood eye gently with water. Keep eye open as widely as possible. Remove contact lenses. Continue washing for at least 15 minutes. Obtain medical advice or assistance as soon as possible.,IMMEDIATELY. First aiders should wear protective gloves and clothing. Carefully remove contaminated clothing and personal items. Flood affected area with water. Continue washing for at least 15 minutes. Do not rub affected area. Obtain medical advice or assistance as soon as possible.,MOVE CASUALTY TO FRESH AIR. If breathing and heart have stopped give CPR immediately. If breathing has stopped give artificial respiration using mouth-to-mouth or mouth-to-nose respiration or face and bag mask. If breathing is weak administer oxygen provided there is no danger of fire or explosion. Obtain medical advice or assistance as soon as possible.,STOP THE FLOW. Avoid contact with liquid or vapour. Extinguish sources of ignition. Emergency teams should wear SCBA and protective clothing. Other people should leave the area. Flood with large amounts of water to disperse the spill. Inform port authorities or coastguard of spill which will float and mix with water.,600ppm,Not available,Irritation.,Irritation.,Not currently known.,Nausea and vomiting. Do not induce vomiting.,Irritation at high concentrations.,Not currently known.,"Irritation to nose and throat. Coughing, difficulty breathing or unconsciousness. Dizziness, drowsiness. High concentrations cause narcosis and pulmonary oedema.",Not currently known.,Eye protection required with suitable protective clothing and footwear.,-57°C (Closed Cup),Flammable vapour/air mixtures have explosive potential.,426°C,1.4 – 8.3% by volume,C5H12 (but may vary),Paraffin Hydrocarbon,No reaction.,No dangerous reaction.,"Dangerous reaction is possible with oxidising agents and concentrated nitric acid. No other dangerous reaction, but consult the safety data sheet for the other cargoes being carried.",28°C,-160°C,339 at 28°C,1.02 at 28°C,2.48,Likely,0.62 at 20°C (Liquid),72.15,Not available,Ambient (Note 2),No,2G/2PG,Flammable,No,"Closed, Indirect or Restricted","Certain plastics, certain rubbers.","Mild steel, stainless steel, most metals.","1. When ordered to load any Pentane, the Master should seek thorough information from the shipper. The Cargo Information Form should be completed before loading starts. 2. In warm or hot climatic conditions it may be necessary to cool the cargo, or to provide some overpressure to minimise/prevent boil-off. 3. Two additional complete safety outfits required on ships with a cargo capacity over 2,000m3."
30,Pentenes (All Isomers),Colourless liquid (Note 1),Characteristic gasoline-like (Note 1),1108,109-67-1,"2, 3, 7, 8, 10",FLAMMABLE,Alpha-n-Amylene; Beta-n-Amylene; 1-Pentene; 2-Pentene; Pent-1-ene; Propylethylene; PTE; Sym-Methylethylethylene,STOP GAS SUPPLY. Firefighters should wear a firefighter's outfit and SCBA. Do not extinguish flame until gas or liquid supply has been shut off in order to avoid explosive re-ignition. Extinguish with dry powder or carbon dioxide (CO2). Cool tanks and surrounding areas with water spray.,IMMEDIATELY. Prioritise liquid in eye over liquid on skin. Flood eye gently with water. Keep eye open as widely as possible. Remove contact lenses. Continue washing for at least 15 minutes. Obtain medical advice or assistance as soon as possible.,IMMEDIATELY. First aiders should wear protective gloves and clothing. Carefully remove contaminated clothing and personal items. Flood affected area with water. Continue washing for at least 15 minutes. Do not rub affected area. Obtain medical advice or assistance as soon as possible.,MOVE CASUALTY TO FRESH AIR. If breathing and heart have stopped give CPR immediately. If breathing has stopped give artificial respiration using mouth-to-mouth or mouth-to-nose respiration or face and bag mask. If breathing is weak administer oxygen provided there is no danger of fire or explosion. Obtain medical advice or assistance as soon as possible.,STOP THE FLOW. Avoid contact with liquid or vapour. Extinguish sources of ignition. Emergency teams should wear SCBA and protective clothing. Other people should leave the area. Flood with large amounts of water to disperse the spill. Inform port authorities or coastguard of spill which will float and mix with water.,Not available,Not available,Irritation.,No effect.,No effect.,Nausea and possibly vomiting. Do not induce vomiting.,Irritation at high concentrations.,No effect.,Dizziness. Asphyxiant. Anaesthesia at high concentrations.,Not currently known.,Eye protection required with suitable protective clothing and footwear.,At or below -18°C (Open Cup). (Note 2),Flammable vapour/air mixtures have explosive potential.,Above 275°C,1 – 9% by volume,C5H10 (but may vary),Olefin,No reaction.,No dangerous reaction.,"Dangerous reaction is possible with oxidising agents and concentrated nitric acid. No other dangerous reaction, but consult the safety data sheet for the other cargoes being carried.",30°C (Note 1),-165°C (Note 1),359 at 30°C (Note 1),1.01 at 30°C (Note 1),2.4,Likely,0.641 at 20°C (Note 1) (Liquid),70.13,Not available,Ambient (Note 2),No,2G/2PG,Flammable,No,"Closed, Indirect or Restricted","Certain plastics, certain rubbers.","Mild steel, stainless steel, most metals.","1. The data provided in this data sheet is for 1-Pentene. When ordered to load any Pentene, the Master should seek thorough information from the shipper. The Cargo Information Form should be completed before loading starts. 2. In warm or hot climatic conditions it may be necessary to cool the cargo, or to provide some overpressure to minimise/prevent boil-off. 3. Two additional complete safety outfits required on ships with a cargo capacity over 2,000m3."
31,Propane,Colourless,Odourless,1978,74-98-6,"2, 3, 7, 8, 10",FLAMMABLE,Dimethylmethane; Liquefied Petroleum Gas; LPG; n-Propane; Propyl Hydride; PRP,"STOP GAS SUPPLY. Firefighters should wear a firefighter's outfit with rubber overclothing, rubber gloves and SCBA. Do not extinguish flame until gas or liquid supply has been shut off in order to avoid explosive re-ignition. Extinguish with water spray or fog, dry powder or carbon dioxide (CO2). Cool tanks and surrounding areas with water spray.",IMMEDIATELY. Prioritise liquid in eye over liquid on skin. If eye frozen seek additional medical assistance immediately. Flood eye gently with water. Keep eye open as widely as possible. Remove contact lenses. Continue washing for at least 15 minutes. Obtain medical advice or assistance as soon as possible.,IMMEDIATELY. First aiders should wear protective gloves and clothing. Immerse any frostbitten areas in warm water until thawed. Carefully remove contaminated clothing and personal items. Flood affected area with water. Continue washing for at least 15 minutes. Do not rub affected area. Obtain medical advice or assistance as soon as possible.,MOVE CASUALTY TO FRESH AIR. If breathing and heart have stopped give CPR immediately. If breathing has stopped give artificial respiration using mouth-to-mouth or mouth-to-nose respiration or face and bag mask. If breathing is weak administer oxygen provided there is no danger of fire or explosion. Obtain medical advice or assistance as soon as possible.,"STOP THE FLOW. Avoid contact with liquid or vapour. Extinguish sources of ignition. Emergency teams should wear SCBA and protective clothing. Other people should leave the area. Flood with large amounts of water to disperse the spill, and to prevent brittle fracture. Water jet should not be used. Inform port authorities or coastguard of spill.",Simple asphyxiant,"Odourless; 5,000 to 20,000ppm when stenched",Cold burns and frostbite.,Cold burns and frostbite.,Not pertinent. No hazard in normal industrial use due to rapid evaporation.,Not pertinent. No hazard in normal industrial use due to rapid evaporation.,Cold burns and frostbite possible.,Cold burns and frostbite possible.,"Asphyxiation. Headaches, nausea, increase in rate of breathing and pulse, dizziness, unconsciousness.",Not currently known.,"Splash-resistant suit, goggles or face shield, gloves and boots.",-105°C (Closed Cup),Flammable vapour/air mixtures have explosive potential.,450°C,2 – 10% by volume,C3H8 or (CH3CH2CH3),Paraffin,Insoluble. No dangerous reaction. May freeze to form ice or hydrates.,No reaction.,Dangerous reaction is possible with chlorine.,-42°C,-188°C,426 at -42°C,1.01 at -42°C; 4.9 at 0°C; 9.53 at 25°C,1.55,Not known,0.58 at -42°C (Liquid),44.1,0.003 per °C at 15°C,Pressurised or Fully-refrigerated,Inerted. Oxygen content to be maintained at not more than 2% by volume.,2G/2PG,Flammable,No,"Closed, Indirect or Restricted","Mild steel (if fully-refrigerated), polyethylene.","Aluminium, copper, magnesium, mercury, mild steel (if pressurised), stainless steel, zinc, PTFE, PVC.",No notes or special requirements currently apply to this cargo.
32,Propylene,Colourless,"Aromatic, faint, gassy, peculiar",1077,0115-07-01,"2, 3, 7, 8, 10",FLAMMABLE,Methylethene; Methylethylene; PPL; Propene,"STOP GAS SUPPLY. Firefighters should wear a firefighter's outfit with rubber overclothing, rubber gloves and SCBA. Do not extinguish flame until gas or liquid supply has been shut off in order to avoid explosive re-ignition. Extinguish with water spray or fog, dry powder or carbon dioxide (CO2). Cool tanks and surrounding areas with water spray.",IMMEDIATELY. Prioritise liquid in eye over liquid on skin. If eye frozen seek additional medical assistance immediately. Flood eye gently with water. Keep eye open as widely as possible. Remove contact lenses. Continue washing for at least 15 minutes. Obtain medical advice or assistance as soon as possible.,IMMEDIATELY. First aiders should wear protective gloves and clothing. Immerse any frostbitten areas in warm water until thawed. Carefully remove contaminated clothing and personal items. Flood affected area with water. Continue washing for at least 15 minutes. Do not rub affected area. Obtain medical advice or assistance as soon as possible.,MOVE CASUALTY TO FRESH AIR. If breathing and heart have stopped give CPR immediately. If breathing has stopped give artificial respiration using mouth-to-mouth or mouth-to-nose respiration or face and bag mask. If breathing is weak administer oxygen provided there is no danger of fire or explosion. Obtain medical advice or assistance as soon as possible.,"STOP THE FLOW. Avoid contact with liquid or vapour. Extinguish sources of ignition. Emergency teams should wear SCBA and protective clothing. Other people should leave the area. Flood with large amounts of water to disperse the spill, and to prevent brittle fracture. Water jet should not be used. Inform port authorities or coastguard of spill.",Simple Asphyxiant,Not available,Cold burns and frostbite.,Cold burns and frostbite.,Not pertinent. No hazard in normal industrial use due to rapid evaporation.,Not pertinent. No hazard in normal industrial use due to rapid evaporation.,Cold burns and frostbite possible.,Cold burns and frostbite possible.,"Asphyxiation. Headaches, nausea, increase in rate of breathing and pulse, dizziness, unconsciousness.",Not currently known.,"Appropriate chemical-resistant suit, goggles or face shield, gloves and boots.",-108°C (Closed Cup),Flammable vapour/air mixtures have explosive potential.,455°C,2 – 12% by volume,C3H6,Olefin,Insoluble. No dangerous reaction. May freeze to form ice or hydrates.,No reaction.,Dangerous reaction is possible with chlorine.,-47.7°C,-185°C,439 at -47.7°C,1.01 at -47.7°C,1.49,Can cause electrical discharge from accumulated static charge.,0.609 at -47.7°C; 0.514 at 20°C (Liquid),42.08,0.0027 per °C at -47.7°C,Pressurised or Fully-refrigerated,No,2G/2PG,Flammable,No,"Closed, Indirect or Restricted","Mild steel (if fully-refrigerated), certain plastics, natural rubber, butyl rubber.","Aluminium, copper, magnesium, mercury, mild steel (if pressurised), stainless steel, zinc, PTFE, PVC, CAF jointings, nitrile rubber.",No notes or special requirements currently apply to this cargo.
33,Propylene Oxide,Colourless,"Sweet, Alcohol, Ether-like",1280,75-56-9,"2, 3, 7, 8, 10",FLAMMABLE; TOXIC,"Epoxypropane; 1,2-Epoxy Propane; Methylethylene Oxide; Methyl Oxirane; PO; POX; Propene Oxide; 1,2-Propylene Oxide",STOP GAS SUPPLY. Firefighters should wear a firefighter's outfit and SCBA. Do not extinguish flame until gas or liquid supply has been shut off in order to avoid explosive re-ignition. Extinguish with dry powder or carbon dioxide (CO2). Cool tanks and surrounding areas with water spray.,IMMEDIATELY. Prioritise liquid in eye over liquid on skin. Flood eye gently with water. Keep eye open as widely as possible. Remove contact lenses. Continue washing for at least 15 minutes. Obtain medical advice or assistance as soon as possible.,IMMEDIATELY. First aiders should wear protective gloves and clothing. Carefully remove contaminated clothing and personal items. Flood affected area with water. Continue washing for at least 15 minutes. Do not rub affected area. Obtain medical advice or assistance as soon as possible.,MOVE CASUALTY TO FRESH AIR. If breathing and heart have stopped give CPR immediately. If breathing has stopped give artificial respiration using mouth-to-mouth or mouth-to-nose respiration or face and bag mask. If breathing is weak administer oxygen provided there is no danger of fire or explosion. Obtain medical advice or assistance as soon as possible.,STOP THE FLOW. Avoid contact with liquid or vapour. Extinguish sources of ignition. Emergency teams should wear SCBA and protective clothing. Other people should leave the area. Flood with large amounts of water to disperse the spill which will float and mix with water. Inform port authorities or coastguard of spill.,2ppm,200ppm,Irritation. Chemical burns and serious eye injury possible.,Irritation. Chemical burns.,Not currently known.,Irritation. Chemical burns.,Irritation.,Not significant unless prolonged exposure to high concentrations.,"Irritation of nose and throat. Headache, nausea, vomiting, lack of coordination, inability to control movements, unconsciousness and depression.",Not currently known.,"SCBA with protective clothing covering all parts of the body, gloves, boots, goggles or face shield. Decontamination showers and eye fountains to be available on deck in convenient locations, suitably marked.",-29°C (Open Cup),Flammable vapour/air mixtures have explosive potential.,430°C,2 – 38.5% by volume,C3H6O or CH3CHCH2O,Alkylene Oxide,No dangerous reaction. Soluble in water.,No dangerous reaction.,"Dangerous reactions possible with ammonia, chlorine, dimethylamine and ethylamine. Reactions can be catalysed by the presence of impurities. Polymerises vigorously on contact with catalysts such as acids, amines, alkalis and salts.",34°C,-112°C,477 at 34°C,0.59 at 20°C; 1.00 at 34°C,2,None,0.83 at 20°C (Liquid),58.08,0.0015 per °C at 20°C,Pressurised or Fully-refrigerated (Note 2),"Inerted with nitrogen, and positive overpressure maintained. Oxygen content to be not more than 0.2% by volume.",2G/2PG,Flammable and Toxic,Yes (Note 3),Closed or Indirect,"Aluminium, copper, iron, magnesium, mercury, acetylide-forming metals and natural rubber.","Mild steel, stainless steel, zinc, PTFE, PVC.","1. Special requirements apply to carriage of this cargo. Reference should be made to the IGC Code, Chapters 14, 17 and 19, before acceptance of cargo on board, in particular Section 17.18. 2. Indirect refrigeration systems are required to be used. 3. The quantity of the cargo is required not to exceed 3,000m3 in any one tank."
34,Refrigerant Gases (Note 1),Colourless,Odourless,"R12: 1028, R22: 1018","R-12: 75-71-8, R22: 75-45-6","2, 3, 7, 8, 10",ASPHYXIA,Arcton 12; Arcton 22; Chlorodifluoromethane; DCF; Dichlorodifluoromethane; Freon 12; Freon 22; Halocarbon 12; Halocarbon 22; MCF; R12; R22,"NOT FLAMMABLE. Firefighters should wear a firefighter's outfit and SCBA. Toxic gases generated in a fire involving refrigerant gases. Refrigerant gases are non-flammable. Extinguish fire with water spray or fog, foam, dry powder or carbon dioxide (CO2) as appropriate for the type of fire. Cool tanks and surrounding areas with water spray.",IMMEDIATELY. Prioritise liquid in eye over liquid on skin. If eye frozen seek additional medical assistance immediately. Flood eye gently with water. Keep eye open as widely as possible. Remove contact lenses. Continue washing for at least 15 minutes. Obtain medical advice or assistance as soon as possible.,IMMEDIATELY. First aiders should wear protective gloves and clothing. Immerse any frostbitten areas in warm water until thawed. Carefully remove contaminated clothing and personal items. Flood affected area with water. Continue washing for at least 15 minutes. Do not rub affected area. Obtain medical advice or assistance as soon as possible.,MOVE CASUALTY TO FRESH AIR. If breathing and heart have stopped give CPR immediately. If breathing has stopped give artificial respiration using mouth-to-mouth or mouth-to-nose respiration or face and bag mask. If breathing is weak administer oxygen provided there is no danger of fire or explosion. Obtain medical advice or assistance as soon as possible.,"STOP THE FLOW. Avoid contact with liquid or vapour. Emergency teams should wear SCBA and protective clothing. Other people should leave the area. Flood with large amounts of water to disperse the spill, and to prevent brittle fracture. Water jet should not be used. Inform port authorities or coastguard of spill.","1,000ppm",Not currently known,Cold burns and frostbite.,Cold burns and frostbite.,Not absorbed due to rapid evaporation.,Not pertinent. No hazard in normal industrial use due to rapid evaporation.,Cold burns and frostbite possible.,Cold burns and frostbite possible.,"Headaches, dizziness, unconsciousness. At high concentrations these gases cause asphyxiation.",Not currently known.,"Appropriate chemical-resistant suit, goggles or face shield, gloves and boots.",Non-flammable,Non-flammable,Non-flammable,Non-flammable,R12 = CCl2F2; R22 = CHCl2F2,Halogenated Hydrocarbons,R12 is not reactive with water and is virtually insoluble. R22 may have a violent reaction with water due to rapid phase transition.,No reaction.,No reaction.,R12 = -30°C; R22 = -41°C,R12 = -157°C; R22 = -146°C,R12 = 165 at -30°C; R22 = 234 at -41°C,R12 = 1.01 at -30°C; R22 = 1.01 at -41°C,R12 = 4.18; R22 = 3.0,None,R12 = 1.325 at 25°C; R22 = 1.41 at -41°C (Liquid),R12 = 120.9; R22 = 86.5,0.0035 per °C at 15°C,Pressurised or Fully-refrigerated,No,3G,Asphyxiant,No,"Indirect, Closed or Restricted","PTFE, aluminium, zinc, magnesium.","Mild steel, stainless steel.",1. R12 and R22 are common refrigerant gases used on gas tankers. Safety data sheets (SDS) should be obtained before accepting refrigerant gases on board.
35,Sulphur Dioxide,"Pale brown, clear liquid",Pungent,1079,7446-09-05,"2, 3, 7, 8, 10",TOXIC; CORROSIVE,SFD; Sulfur Oxide; Sulfurous Acid (Anhydride); Sulfurous Acid (Anhydrous); Sulfurous Oxide,"STOP GAS SUPPLY. Firefighters should wear a firefighter's outfit and SCBA. Toxic gases generated in a fire involving Sulphur Dioxide. Sulphur Dioxide is practically non-flammable. Extinguish fire with water spray or fog, foam, dry powder or carbon dioxide (CO2) as appropriate for the type of fire. Cool tanks and surrounding areas with water spray.",IMMEDIATELY. Prioritise liquid in eye over liquid on skin. If eye frozen seek additional medical assistance immediately. Flood eye gently with water. Keep eye open as widely as possible. Remove contact lenses. Continue washing for at least 15 minutes. Obtain medical advice or assistance as soon as possible.,IMMEDIATELY. First aiders should wear protective gloves and clothing. Immerse any frostbitten areas in warm water until thawed. Carefully remove contaminated clothing and personal items. Flood affected area with water. Continue washing for at least 15 minutes. Do not rub affected area. Obtain medical advice or assistance as soon as possible.,MOVE CASUALTY TO FRESH AIR. If breathing and heart have stopped give CPR immediately. If breathing has stopped give artificial respiration using face and bag mask only. If breathing is weak administer oxygen provided there is no danger of fire or explosion. Obtain medical advice or assistance as soon as possible.,"STOP THE FLOW. Avoid contact with liquid or vapour. Extinguish sources of ignition. Emergency teams should wear SCBA and protective clothing. Other people should leave the area. Flood with large amounts of water to disperse the spill, and to prevent brittle fracture. Water jet should not be used. Inform port authorities or coastguard of spill.",2ppm,Less than 1ppm,Cold and chemical burns. Frostbite.,Cold and chemical burns. Frostbite.,Not absorbed due to rapid evaporation.,Severe internal burning,Irritation and inflammation.,Irritation of moist skin at high concentrations.,Causes irritation of lungs and severe choking. High concentrations are considered immediately life threatening.,"Potential for lung disease, chronic bronchitis and asthma.","SCBA with protective clothing covering all parts of the body, gloves, boots, goggles or face shield. Decontamination showers and eye fountains to be available on deck in convenient locations, suitably marked.",Non-flammable,Non-flammable,Non-flammable,Non-flammable,SO2,Non-metal Oxide,"Combines to form corrosive acids (sulphurous and sulphuric), with toxic fumes.","No reaction, unless air is damp when acid fumes are formed.","Dangerous reactions possible with ammonia, chlorine, dimethylamine and ethylamine.",-10°C,-75.5°C,397 at -10°C,1.01 at -10°C,2.3,Not known,1.45 at -10°C (Liquid),64.06,0.0028 per °C at 20°C,Pressurised or Fully-refrigerated (Note 3),Dry,1G,Toxic (Note 4),Type C,Indirect or Closed,"Zinc, neoprene.","Mild steel, stainless steel, aluminium, iron, copper, brass, glass, polyethylene. Rubber is suitable for protective clothing.","1. Special requirements apply to carriage of this cargo. Reference should be made to the IGC Code, Chapters 14, 17 and 19, before acceptance of cargo on board, particularly Sections 17.5 and 17.7. 2. Suitable respiratory and eye protection for all persons on board for emergency escape purposes and two additional sets of respiratory and eye protection to be permanently located on navigating bridge. 3. Indirect refrigeration systems are required to be used. 4. Portable gas detection equipment should not be used."
36,Vinyl Chloride,Colourless,"Pleasant, sweet",1086,75-01-4,"2, 3, 7, 8, 10",FLAMMABLE; TOXIC,Chloroethene; Chloroethylene; Monochloroethene; Monochloroethylene; VCL; VCM; Vinyl Chloride Monomer,"STOP GAS SUPPLY. Firefighters should wear a firefighter's outfit with rubber overclothing, rubber gloves and SCBA. Do not extinguish flame until gas or liquid supply has been shut off in order to avoid explosive re-ignition. Extinguish with water spray or fog, dry powder or carbon dioxide (CO2). Cool tanks and surrounding areas with water spray.",IMMEDIATELY. Prioritise liquid in eye over liquid on skin. If eye frozen seek additional medical assistance immediately. Flood eye gently with water. Keep eye open as widely as possible. Remove contact lenses. Continue washing for at least 15 minutes. Obtain medical advice or assistance as soon as possible.,IMMEDIATELY. First aiders should wear protective gloves and clothing. Immerse any frostbitten areas in warm water until thawed. Carefully remove contaminated clothing and personal items. Flood affected area with water. Continue washing for at least 15 minutes. Do not rub affected area. Obtain medical advice or assistance as soon as possible.,MOVE CASUALTY TO FRESH AIR. If breathing and heart have stopped give CPR immediately. If breathing has stopped give artificial respiration using mouth-to-mouth or mouth-to-nose respiration or face and bag mask. If breathing is weak administer oxygen provided there is no danger of fire or explosion. Obtain medical advice or assistance as soon as possible.,"STOP THE FLOW. Avoid contact with liquid or vapour. Extinguish sources of ignition. Emergency teams should wear SCBA and protective clothing. Other people should leave the area. Flood with large amounts of water to disperse the spill, and to prevent brittle fracture. Water jet should not be used. Inform port authorities or coastguard of spill.",5ppm,250ppm,Cold burns and frostbite possible.,Cold burns and frostbite possible.,Not absorbed due to rapid evaporation.,Not pertinent. No hazard in normal industrial use due to rapid evaporation.,Irritation. Cold burns and frostbite possible.,Irritation. Cold burns and frostbite possible.,"Dizziness, difficulty breathing, anaesthesia and lung irritation.",Not currently known.,"Vapour canister or SCBA with protective clothing covering all parts of the body, gloves, boots and gas tight goggles. Decontamination showers and eye fountains to be available on deck in convenient locations, suitably marked.",-78°C (Open Cup),Flammable vapour/air mixtures have explosive potential.,472°C,3.6 – 33% by volume,C2H3Cl or CH2CHCl,Vinyl Halide,No reaction. Virtually insoluble. Liquid floats and boils on water and irritating visible vapour cloud produced.,"Polymerises in the presence of oxygen, heat and light.",Dangerous reaction possible with chlorine.,-13.5°C,-154°C,370 at -13.5°C,1.01 at -13.5°C; 3.3 at 20°C,2.15,Not known,0.969 at -13.5°C; 0.91 at 20°C (Liquid),62.6,0.00175 per °C at -15°C,Pressurised or Fully-refrigerated,Inerted and positive overpressure maintained. Oxygen content to be maintained at not more than 0.2% by volume if cargo is inhibited or 0.1% if cargo is not inhibited.,2G/2PG,Flammable and Toxic,Yes,Indirect or Closed,"Aluminium, copper, silver, mercury, magnesium and other acetylide-forming metals.","Stainless steel, zinc, PTFE, PVC.","1. Special requirements apply to carriage of this cargo. Reference should be made to the IGC Code, Chapters 14, 17 and 19, before acceptance of cargo on board, in particular Section 17.19. 2. Suitable respiratory and eye protection for all persons on board for emergency escape purposes and two additional sets of respiratory and eye protection to be permanently located on navigating bridge."
37,Vinyl Ethyl Ether (Stabilised),Colourless liquid,Characteristic disagreeable,1302,109-92-2,"2, 3, 7, 8, 10",FLAMMABLE; TOXIC,Ether Vinyl Ethyl; Ethyl Vinyl Ether; VEE; Vinamar,STOP GAS SUPPLY. Firefighters should wear a firefighter's outfit and SCBA. Do not extinguish flame until gas or liquid supply has been shut off in order to avoid explosive re-ignition. Extinguish with dry powder or carbon dioxide (CO2). Cool tanks and surrounding areas with water spray.,IMMEDIATELY. Prioritise liquid in eye over liquid on skin. Flood eye gently with water. Keep eye open as widely as possible. Remove contact lenses. Continue washing for at least 15 minutes. Obtain medical advice or assistance as soon as possible.,IMMEDIATELY. First aiders should wear protective gloves and clothing. Carefully remove contaminated clothing and personal items. Flood affected area with water. Continue washing for at least 15 minutes. Do not rub affected area. Obtain medical advice or assistance as soon as possible.,MOVE CASUALTY TO FRESH AIR. If breathing and heart have stopped give CPR immediately. If breathing has stopped give artificial respiration using mouth-to-mouth or mouth-to-nose respiration or face and bag mask. If breathing is weak administer oxygen provided there is no danger of fire or explosion. Obtain medical advice or assistance as soon as possible.,STOP THE FLOW. Avoid contact with liquid or vapour. Extinguish sources of ignition. Emergency teams should wear SCBA and protective clothing. Other people should leave the area. Flood with large amounts of water to disperse the spill which will float and mix with water. Inform port authorities or coastguard of spill.,Not available,Not available,Irritation and may cause transient injury to cornea.,Irritation. Prolonged exposure may cause dermatitis.,Not available.,"Excitement, followed by unconsciousness and respiratory paralysis. Narcotic effect.",Irritation and transient injury to cornea.,Irritation.,"Excitement, followed by unconsciousness and respiratory paralysis. Narcotic effect.",Not available.,"SCBA with protective clothing covering all parts of the body, gloves, boots, goggles or face shield. Decontamination showers and eye fountains to be available on deck in convenient locations, suitably marked.",Less than -45°C (Closed Cup),Flammable vapour/air mixtures have explosive potential. (Note 3),202°C,1.7 – 28% by volume,C4H8O,Ether,No reaction. Insoluble in water.,No reaction.,Can react vigorously with oxidising agents and acids.,36°C,-115°C,384 at 36°C,0.57 at 20°C,2.5,Not known,0.76 at 20°C (Liquid),72.1,Not available,Ambient,Inerted. Oxygen content should be maintained at not more than 0.2% by volume.,2G/2PG,Flammable and Toxic,Yes (Note 4),Closed or Indirect,"Copper, silver, mercury, magnesium and other acetylide-forming metals.","Stainless steel, iron.","1. Special requirements apply to carriage of this cargo. Reference should be made to the IGC Code, Chapters 14, 17 and 19, before acceptance of cargo on board. 2. Suitable respiratory and eye protection for all persons on board for emergency escape purposes and two additional sets of respiratory and eye protection to be permanently located on navigating bridge. 3. This cargo is extremely reactive; dangerous explosive peroxides may form upon heating. It may polymerise unless it is correctly stabilised. 4. Quantity of cargo is required not to exceed 3,000m3 in any one cargo tank."
38,Vinylidene Chloride (Stabilised),"Clear, colourless liquid",Sweet,1303,75-35-4,"2, 3, 7, 8, 10",FLAMMABLE; TOXIC,"Asym-Dichloroethylene; Unsym-Dichloroethylene; VCI; VDC; 1,1-Dichloroethene; 1,1-Dichloroethylene",STOP GAS SUPPLY. Firefighters should wear a firefighter's outfit and SCBA. Toxic gas is produced in fire. Do not extinguish flame until gas or liquid supply has been shut off in order to avoid explosive re-ignition. Extinguish with dry powder or carbon dioxide (CO2). Cool tanks and surrounding areas with water spray.,IMMEDIATELY. Prioritise liquid in eye over liquid on skin. Flood eye gently with water. Keep eye open as widely as possible. Remove contact lenses. Continue washing for at least 15 minutes. Obtain medical advice or assistance as soon as possible.,IMMEDIATELY. First aiders should wear protective gloves and clothing. Carefully remove contaminated clothing and personal items. Flood affected area with water. Continue washing for at least 15 minutes. Do not rub affected area. Obtain medical advice or assistance as soon as possible.,MOVE CASUALTY TO FRESH AIR. If breathing and heart have stopped give CPR immediately. If breathing has stopped give artificial respiration using mouth-to-mouth or mouth-to-nose respiration or face and bag mask. If breathing is weak administer oxygen provided there is no danger of fire or explosion. Obtain medical advice or assistance as soon as possible.,STOP THE FLOW. Avoid contact with liquid or vapour. Extinguish sources of ignition. Emergency teams should wear SCBA and protective clothing. Other people should leave the area. Flood with large amounts of water to disperse the spill which will float and mix with water. Inform port authorities or coastguard of spill.,5ppm,"500 – 1,000ppm",Irritation and chemical burns. May cause transient injury to cornea. (Note 1),Irritation and chemical burns after direct contact of only a few minutes. (Note 1),Not available.,Not available.,Irritation.,Irritation.,"Drowsiness, headache, dizziness. Prolonged exposure to high concentrations can result in unconsciousness.",Not available.,"SCBA with protective clothing covering all parts of the body, gloves, boots, goggles or face shield. Decontamination showers and eye fountains to be available on deck in convenient locations suitably marked.",-17°C (Closed Cup),Flammable vapour/air mixtures have severe explosive potential. Cargo may polymerise in fire conditions and explode.,570°C,5.6 - 16% by volume,C2H2Cl2,Vinyl Halide,No reaction. Insoluble.,Polymer formation will be accelerated. Explosive organic peroxides will be formed (Note 2),"Some reaction with ammonia (anhydrous) and ammonia aqueous solution. For further information, the safety data sheet for the other cargo in question should be consulted.",31.6°C,-123°C,300 at 31.6°C,0.286 at 0°C; 1.02 at 31.6°C,3.3,Possible,1.22 at 20°C (Liquid),96.94,0.0013 per °C,Liquid maintained below 15°C (Note 5),Inerted. Oxygen content should be maintained at not more than 0.2% by volume.,2G/2PG,Flammable and Toxic,No,Indirect or Closed,"Aluminium, aluminium bearing alloys, copper, copper bearing alloys.","Mild steel, stainless steel, nickel.","1. If this cargo contains Phenol as an inhibitor, then the effect of the liquid on skin and eyes will be more serious. The Master should ensure that a safety data sheet for Phenol is supplied before the cargo is loaded. 2. This cargo will polymerise if uninhibited. Polymerisation is accelerated in the presence of light, air, copper or aluminium. In the presence of air or oxidising agents, explosive organic peroxides are formed which may catalyse polymerisation. Such peroxides may be absorbed on polymer formed in the cargo tank, and if this solid is allowed to dry, an explosive hazard exists when the peroxide content exceeds 15%. In practice, peroxide formation is prevented by inerting tanks (with carbon dioxide or nitrogen). The cargo is further protected against polymerisation by the addition of a stabiliser such as p-Methoxy Phenol, Thymol or Phenol. Even so, exposure to water, light or air should be avoided. Vinylidene Chloride vapours will not be inhibited, so the condensate may polymerise causing blockages in pressure/vacuum valves or on flame screens. These should be regularly inspected for blockage. 3. Special requirements apply to carriage of this cargo. Reference should be made to the IGC Code, Chapters 14, 17 and 19, before acceptance of cargo on board. 4. Suitable respiratory and eye protection for all persons on board for emergency escape purposes and two additional sets of respiratory and eye protection to be permanently located on navigating bridge. 5. Quantity of cargo is required not to exceed 3,000m3 in any one cargo tank."