chemical_name,synonyms,un_number,chris code,molecular_formula,appearance,specific_gravity,chemical_family,boiling_point,freezing_point,vapor_pressure (mmHg),reid vapor pressure,vapor_density,water_solubility,fire_grade,electrical_group,flash_point (F),flammable_limits,autoignition_temperature,fire_extinguishing_agent,special_fire_procedures,unusual_fire_explosion_hazards,health_hazard_rating,odor_threshold,permissible_exposure_limit,threshold_limit_value,symptoms,short_term_exposure,long_term_exposure,personal_protection,first_aid,stability,incompatibility,hazardous_decomposition_products,hazardous_polymerization,cargo_group,spill_or_leak_procedure,remarks,general_note,extraction_note,page_number,source,NOTE
ACETALDEHYDE,Acetic aldehyde; Aldehyde; Ethanal; Ethyl aldehyde,1089,AAD,CH3CHO,Colorless liquid; pungent suffocating odor; fruity odor when diluted.,0.78,Aldehyde,21°C 69°F,-121°C,755,25.6,1.52,Complete,A: Flammable liquid,C,-36,4.0 to 57%,365,"CO2, dry chemical, alcohol foam, water fog",Avoid exposure to vapors. Wear self-contained breathing apparatus. Use water fog on large fires. Use hose streams at maximum range to cool exposed tanks. Fight fire from a safe distance or from a protected location.,"Produces irritating vapor when heated. If pressure is used to unload tank, nitrogen or other inert gas must be used. Air pressure may cause explosive peroxides to form. Flashback along vapor trail may occur. Vapor may explode if ignited in an enclosed area.",3.1.2,2.3,100,100,"Burning of eyes, nose and throat; headache, rapid heartbeat; possible drowsiness with prolonged exposure.","1100 ppm for 2 hours is severely irritating to mucous membranes; 11,000 ppm for 1-2 hours has been reported as fatal.",,,"Vapor—remove victim to fresh air; if breathing stops, apply artificial respiration. Skin or eye contact—remove contaminated clothing and gently flush affected areas with water for 15 minutes. Get medical advice or attention.",Highly reactive. Can form explosive peroxides under air pressure. Slowly polymerizes to paraldehyde. Can react vigorously with oxidizing materials. Explodes when mixed with iodine.,Negligible corrosion to mild steel. May dissolve rubber.,,,Group 19 of compatibility chart.,"If possible, wear rubber gloves, self-contained breathing apparatus and protective clothing. Cover spill with sodium bisulfite (NaHSO3). Add small amount of water and mix. Scoop up. Wash site with soap solution. Secure ignition sources. If a spill occurs, call the National Response Center, 800-424-8802.",,,,2,USCG Hazardous Chemical Data,
ACETIC ACID (Glacial),Acetic acid glacial; Ethanoic acid; Glacial acetic acid; Methane carboxylic acid; Vinegar acid,"10%-80%: 2790; Glacial, >80%: 2789",AAC,CH3COOH,Colorless liquid; pungent vinegar-like odor,1.05,Organic acid,118°C 245°F,17°C 62°F,11.3,0.6,2.07,Complete,D: Combustible liquid,D,110,5.4 to 16% at 212°F,1050,"CO2, dry chemical, alcohol foam, water fog",Use personal protective equipment when contact with liquid is likely. Skin or clothing contact can cause serious burns. Wear self-contained breathing apparatus. Cool exposed tanks with water.,Ignited by heat and by some oxidizing agents. Vapor may explode if ignited in an enclosed area.,"2,3,2",1,10,10,Burning of skin in contact with liquid. Irritation of eyes and respiratory system.,40 ppm for 5 minutes.,,,"Vapor—remove victim to fresh air; if breathing stops, apply artificial respiration. Skin or eye contact—remove contaminated clothing and gently flush affected areas with water for 15 minutes. Get medical attention. Wash contaminated clothing, including shoes, before reuse.",Can react vigorously with oxidizing materials. Reacts violently with potassium hydroxide (caustic potash) and sodium hydroxide (caustic soda).,Highly corrosive to metals when dilute. 316 and 318 stainless steels and aluminum are satisfactory construction materials.,,,Group 4 of compatibility chart. See also Appendix I-Exceptions to the Chart.,"Secure ignition sources. If possible, wear rubber gloves, face shield, and protective clothing. Body shield and self-contained breathing apparatus should be available. Cover spill with soda ash or sodium bicarbonate. Mix, and add water if necessary for mixing. Scoop up slurry. Wash site with soda ash solution. Flush spills with large quantities of water. Usually a spill into a navigable waterway would quickly dilute to a harmless concentration for humans. If a spill occurs, call the National Response Center, 800-424-8802.",Below 62°F the acid may freeze and expand enough to burst its container.,,,3,USCG Hazardous Chemical Data,
ACETIC ANHYDRIDE,Acetic acid anhydride; Acetic oxide; Acetyl oxide; Ethanoic anhydride,1715,ACA,(CH3CO)2O,"Colorless liquid; pungent, highly irritating odor",1.08,Acid anhydride,140°C 284°F,-73°C -100°F,4,0.3,3.5,12% Appreciable,D: Combustible liquid,D,121 (cc),2.7 to 10%,734,"CO2, alcohol foam, water fog* or dry chemical.",Cool outside of tanks with water spray. Apply water cautiously. DO NOT contaminate anhydride system with water. Use self-contained respiratory protection and protective clothing.,Reacts violently with water generating dangerous heat and pressure in confined spaces. Ignited by heat. Vapor may explode if ignited in an enclosed space.,"3,3,3",0.14,5,5,Coughing; burning sensation in nose and throat. Severe eye and skin burns. Warning properties are good because compound is highly irritating.,Less than 40 ppm for 5 minutes.,,,"Vapor—remove victim to fresh air; if breathing stops, apply artificial respiration. Skin or eye contact—remove contaminated clothing and gently flush affected areas with water for 15 minutes. Get medical attention.",Reacts with water to form acetic acid and produces considerable heat. Reacts violently with potassium hydroxide (caustic potash) and sodium hydroxide (caustic soda).,Highly corrosive to iron and steel when moist. Softens many plastics. Usually stored in aluminum or stainless steel tanks.,,,Group 11 of compatibility chart.,"Wear full-protective clothing. Body shield and self-contained breathing apparatus should be available. Secure ignition sources. If possible cover spill with soda ash or sodium bicarbonate. Mix and add water if necessary to effect good mixing. Scoop up slurry and wash site with soda ash solution. Usually a spill into a navigable waterway would quickly dilute to a point where it would present little danger to humans. If a spill occurs, call the National Response Center, 800-424-8802.",* Avoid getting water into acetic anhydride tanks.,,,4,USCG Hazardous Chemical Data,
ACETONE,Dimethyl ketone; Ketone propane; betaketo-Propane; Propanone; 2-Propanone; Pyroacetic ether,1090,ACT,CH3COCH3,Colorless liquid; sweetish odor,0.79,Ketone,57°C 134°F,-95°C -139°F,180,7.25,2,Complete,C: Flammable liquid,D,15,2.5 to 12.8%,1040,"CO2, dry chemical, alcohol foam, water fog","Water may be ineffective on fire. Cool exposed tanks with water. If water is used, large quantities must be applied in order to prevent re-ignition. A solution of 4% acetone and 96% water has a flash point of 129°F.","Highly flammable. Flashback along vapor trail may occur. Keep away from heat, sparks, and open flame. Vapor may explode if ignited in an enclosed area.","1,0,0",200 to 400,750,750,Drowsiness and throat irritation.,"10,000 ppm has been reported as endurable for 30-60 minutes without symptoms.",,,"Vapor—remove victim to fresh air; if breathing stops, apply artificial respiration. Skin or eye contact—remove contaminated clothing and gently flush affected areas with water for 15 minutes. Get medical advice or attention.",Stable.,Will dissolve many plastics and rubber.,,,Group 18 of compatibility chart. See also Appendix I—Exceptions to the Chart.,"If possible: Wear rubber gloves, face shield and protective clothing. Have all-purpose canister mask available. Secure ignition sources. Flush spilled acetone away with water. Do not flush into confined space such as a sewer because of the danger of explosion. If a spill occurs, call the National Response Center, 800-424-8802.",,,,5,USCG Hazardous Chemical Data,
ACETONE CYANOHYDRIN,"alpha-Hydroxyisobutronitrile; alpha-Hydroxyisobutyronitrite; 2-Hydroxy-2-methylpropanenitrile; 2-Methylacetonitrile; Propanenitrile, 2-hydroxy-2-methyl",1541,ACY,(CH3)2C(OH)CN,Colorless to straw colored liquid; almond odor,0.93,Cyanohydrin,Decomposes. *120°C 248°F,-19°C -2°F,0.8,0.3,2.9,Complete,E: Combustible liquid,D,165 (cc),2.25 to 11%,1270,"CO2, alcohol foam, water fog**","DO NOT USE SODA-ACID EXTINGUISHER! Cool exposed tanks with water. Apply water cautiously. DO NOT contaminate cargo with water. Respiratory protection required for firefighting personnel. Wear full protective, airtight clothing.",Gives off flammable and poisonous cyanide gas when heated. Vapor may explode if ignited in an enclosed area. Dilution with water causes decomposition with the formation of hydrogen cyanide.,"1,2,4",Unavailable,Unavailable,Unavailable,"Headache, dizziness, nausea; blueness of lips and fingernails.",Unavailable,,,"Vapor—remove victim to fresh air; if breathing stops, apply artificial respiration. Skin or eye contact—remove contaminated clothing and gently flush affected areas with water for 15 minutes. Keep victim at rest. Get prompt medical attention for liquid or vapor exposure. Wash contaminated clothing, including shoes, before reuse. See Medical Kit Information, Appendix B","When heated, decomposes to form cyanide gas. Must be kept slightly acidified. Dilution with water causes decomposition with formation of hydrogen cyanide.","Aluminum and stainless steel are satisfactory, rubber will swell.",Cyanide gas / hydrogen cyanide.,,Group O of compatibility chart. See also Appendix I—Exception to the Chart,"If possible, wear long rubber gloves, self-contained breathing apparatus, and protective clothing. Eliminate all sources of ignition. Evacuate personnel not equipped with respiratory protection. Do not flush spill where humans or animals may contact. If a spill occurs, call the National Response Center, 800-424-8802.",* Decomposes at the boiling point. ** Avoid getting water into cargo tank.,,,6,USCG Hazardous Chemical Data,
ACETONITRILE,Cyanomethane; Ethanenitrile; Ethyl nitrile; Methyl cyanide,1648,ATN,CH3CN,Colorless liquid; aromatic odor,0.78,Nitrile,81°C 178°F,"-40°C , -40°F",0.51,0.02,1.41,Complete,C: Flammable liquid,D,42,4.4 to 16.0%,975,"CO2, dry chemical, alcohol foam",Water may be ineffective. Cool exposed tanks with water spray. Care must be taken not to expose fire fighters to the fumes of this material. Any who must enter a contaminated atmosphere must be provided with respiratory protection.,"Reacts with steam and acids to produce toxic and flammable vapors. Ignited by heat, sparks, or open flame. Flashback along vapor trail may occur. Vapor may explode if ignited in an enclosed area.","1,1,3",40*,40,40/Skin,"Dizziness, headache, nausea, and blueness of lips and fingernails. Inhalation will cause difficult breathing.",Brief exposure to 500 ppm has produced some nose and throat irritation.,,,"Remove victim to fresh air. Apply artificial respiration if he stops breathing. Get medical attention. If liquid contacts skin, wash off with plenty of water.* See Medical Kit Information, Appendix B",Stable.,Mild steel and stainless steel are compatible.,,,Group 37 of compatibility chart.,"If possible, wear long rubber gloves, self-contained breathing apparatus, and protective clothing. Avoid contact with liquid. Secure ignition sources. Small spills may be washed away with water. May add excess of strong calcium hypochlorite solution to spill and scoop up slurry. Wash site with soap solution containing some hypochlorite. If a spill occurs, call the National Response Center, 800-424-8802.",* NOTE: Odor threshold is not considered adequate warning of potential dangerous vapor concentrations. High vapor concentrations cause rapid death.,,,7,USCG Hazardous Chemical Data,
"ACRYLAMIDE SOLUTION, 50%",Acrylamide monomer; Acrylic acid amide; Acrylic amide; Propenamide; 2-Propenamide,2074,AAM,CH2=CHCONH2,Colorless liquid; odorless,1.05,Amides,102°C 215°F,9°C 49°F,,,1,soluble,Non-flammable,NA,Non-flammable,Non-flammable,Non-flammable,,"Wear full protective clothing, self-contained breathing apparatus.",Toxic oxides of nitrogen may be formed in fire. Note: Acrylamide is not flammable or combustible. It is shipped dissolved in water (50% by weight). Acrylamide will polymerize in the water solution if heated.,"0,1,3",Unavailable,0.3 mg/m3/Skin,0.3 mg/m3/Skin,"Muscular weakness, ataxia, incoordination, tremors, hallucinations. Attacks central nervous system.",Unavailable,,,"Remove to fresh air. Administer artificial respiration or oxygen as necessary. Flush eyes with plenty of water. Remove contaminated clothing and shoes and flush with water. If swallowed and conscious, give water or milk, induce vomiting.",Stable with inhibitor (oxygen). May polymerize violently on melting.,"Incompatible with oxidizing agents, reducing agents, acids, bases, and vinyl polymerization initiators.",,May polymerize violently on melting.,Group 10 of compatibility chart.,"Cover with inert absorbent or flush with water. Do not allow spill to dry. Wear full protective clothing, self-contained breathing apparatus, rubber gloves. If a spill occurs, call the National Response Center, 800-424-8802.",* Vapor Pressure: 19 mmHg at 25°C. + Unavailable,,,8,USCG Hazardous Chemical Data,
ACRYLIC ACID,Acroleic acid; Ethylene carboxylic acid; 2-Propenic acid; 2-Propenoic acid; Propenoic acid; Vinyl formic acid,2218,ACR,C2H3COOH,Colorless liquid; acrid odor,1.05,Organic acid,141°C 286°F,8°C 46°F,3.1,0.2,2.48,Complete,D: Combustible liquid,D,130,Unavailable,835,"Water, dry chemical, alcohol foam, CO2","Use of CO2 where it could blanket the vapor space of a container is not recommended. A fire involving a spill outside of tanks could be extinguished with dry chemical. Wear full protective clothing, eye protection and self-contained breathing apparatus.",Presents no special fire or explosion hazard because of its relatively high flash point and low vapor pressure. Poisonous gases may be produced in a fire.,"3,3,2",Unavailable,10/Skin,10*,"Vapors are capable of causing definite skin or eye irritation, nasal irritation and lachrymation.",0.5 ppm,,,"If contact with skin or eye occurs, immediately flush with plenty of water for at least 15 minutes. Get medical attention promptly. Immediately remove contaminated clothing and shoes.",Polymerizes readily. Should be inhibited to insure safety and stability during storage or handling.,"Severely corrodes iron and steel. Glass, low carbon content stainless steel and high purity aluminum are recommended for containment in order stated.",,Polymerizes readily.,Group 4 of compatibility chart. See also Appendix I—Exceptions to the Chart.,"If possible, wear rubber gloves, face shield, protective clothing. Body shield and self-contained breathing apparatus should be available. If possible, cover contaminated surfaces and spill with large quantities of soda ash or sodium bicarbonate. Mix and add water if needed for good mixing. Scoop up slurry. Wash site with soda ash solution. If a spill occurs, call the National Response Center, 800-424-8802.","* Proposed change in TLV to 2 ppm, with ""Skin"" notation.",,,9,USCG Hazardous Chemical Data,
ACRYLONITRILE,AN; Cyanoethylene; Propenenitrile; 2-Propenenitrile; Vinyl cyanide,1093,ACN,CH2CHCN,Colorless liquid; resembles that of peach seed,0.81,Nitrile,77°C 171°F,-85°C -121°F,83,3.5,1.8,moderate,C: Flammable liquid,D,32,3.0 to 17.0%,898,"CO2, dry chemical, alcohol foam","DO NOT use dry chemical for a large, confined fire. Water or foam may cause frothing. Fire parties wear respiratory protection and full protective clothing including rubber boots. Keep tank cool with water spray.","When heated this material may evolve toxic cyanide gas, or explode, or both. Flashback along vapor trail may occur. Fire may cause violent rupture of tank.","3,1,3",21.6*,29 CFR 1910.1045,2/Skin,"Eye irritation, headache, nausea, blueness of lips and fingertips. Contact with skin may also cause dermatitis.",400 ppm for 30 minutes.,,,"Remove victim to fresh air. If he is not breathing, apply artificial respiration. Remove contaminated clothing and wash chemical from skin with a gentle flow of water. Get medical attention. If patient is unconscious, administer vapor of amyl nitrite.* See Medical Kit Information, Appendix B",Very reactive; may polymerize explosively in the presence of strong bases. Must be inhibited to prevent polymerization. Polymerization could be initiated by visible light.,Copper and copper alloys are attacked and should not be used. Attacks aluminum in high concentrations.,Toxic cyanide gas.,May polymerize explosively in the presence of strong bases; polymerization could be initiated by visible light.,Group 15 of compatibility chart. See also Appendix I—Exceptions to the Chart.,"If possible, wear long rubber gloves, self-contained breathing apparatus, protective clothing. Avoid contact with liquid. Secure ignition sources. May add excess of strong calcium hypochlorite solution. Scoop up slurry. Wash site of spill with soap solution containing some hypochlorite. If a spill occurs, call the National Response Center, 800-424-8802.",* NOTE: Detectable odor is greater than the TLV. Exposure to potentially dangerous vapor concentrations can occur before the vapor is detected.,"Suspected carcinogen. Harmful by inhalation and skin absorption. Penetrates leather, liquid in shoes causes delayed burns. Contaminated leather shoes and gloves should be destroyed.",,10,USCG Hazardous Chemical Data,
ADIPONITRILE,"1,4-Dicyanobutane; Tetramethylene cyanide",2205,ADN,NC(CH2)4CN,Colorless liquid; practically odorless,0.95,Nitrile,295°C 563°F,2°C 35°F,Low,Low,3.73,Slight,E: Combustible liquid,D,199,LEL=1.0% at 200°C,Unavailable,"CO2, dry chemical, alcohol foam or water fog.","Keep tank cool with a water spray. Combustion may produce cyanide gas, so fire parties should wear self-contained breathing apparatus and protective clothing.",On being heated to its flash point this material can decompose to form highly poisonous cyanide gas. Vapor may explode if ignited in an enclosed area.,"1,1,3",Unavailable,Unavailable,Unavailable,"Headache, nausea; blueness of lips and fingertips.",Unavailable,,,"Remove victim to fresh air. Remove contaminated clothing. If breathing stops, give artificial respiration. Wash spill from skin with gentle flow of water. Get medical attention. See Medical Kit Information, Appendix B",Stable up to temperatures near the flash point.,"Compatible with steel, wood, most rubbers.",Poisonous cyanide gas (on heating to flash point).,,Group 37 of compatibility chart.,"If possible, wear long rubber gloves and protective clothing. Add an excess of strong calcium hypochlorite solution to the spill. Scoop up slurry. Wash site of spill with soap solution containing some hypochlorite. If a spill occurs, call the National Response Center, 800-424-8802.",,,,11,USCG Hazardous Chemical Data,
ALKYLBENZENESULFONIC ACID,"decylbenzenesulfonic acid, Un-, Do-, Tri-, Tetra-, Penta- or Hexa-; Dodecylbenzenesulfonic acid",,ABS,CqH2q+1C6H4SO3(q=10-16),White to yellow liquid; odorless,1.0 to 1.4,Acids,,,,,,soluble,E: Combustible liquid,NA,395,Unavailable,Unavailable,"Alcohol foam, dry chemical, CO2",Water may be ineffective on fire.,Slightly flammable when exposed to heat or flame. Irritating sulfuric acid mist may form in fire. Flammable hydrogen gas may be produced on contact with metals.,Unavailable,Unavailable,Unavailable,Unavailable,"Irritation of eyes and skin. Ingestion causes irritation of mouth and stomach, nausea.",Unavailable,,,Eyes—flush with water for at least 15 minutes. Skin—flush with soap and water. Ingestion—give large amount of water.,Stable.,Attacks metals and gives off flammable hydrogen gas.,,,Unassigned in compatibility chart. See also Appendix I—Exceptions to the Chart.,"Avoid contact with liquid. Flush with water, rinse with dilute sodium bicarbonate or soda ash solution. Wear goggles or face shield and rubber gloves. Secure ignition sources. If a spill occurs, call the National Response Center, 800-424-8802.",* 4% or less is regulated by Subchapter D; over 4% is regulated by Subchapter O. + Unavailable. + Unassigned.,,,12,USCG Hazardous Chemical Data,
ALLYL ALCOHOL,Propenol; 1-Propenol-3; 1-Propen-3-ol; 2-Propenol; 2-Propen-1-ol; Propenyl alcohol; Vinyl carbinol,1098,ALA,CH2=CHCH2OH,Colorless liquid; pungent odor,0.85,Substituted allyl,97°C 206°F,-129°C -200°F,1.7,1,2,Complete,C: Flammable liquid,C,90 (oc); 70 (cc),2.5 to 18%,713,"CO2, dry chemical, alcohol foam, water fog","Use respiratory, body and eye protective equipment and clothing. Water may be ineffective. Cool exposed tanks with water.","Poisonous gases may be produced in a fire. Readily ignited by heat, sparks, or open flame. Flashback along vapor trail may occur. Vapor may explode if ignited in an enclosed area.","3,2,3",2 to 5,2/Skin,2/Skin,"Vapor exposure—irritation to respiratory tract. Liquid splashed on the skin causes ""deep bone ache"" if not removed promptly. Disabling irritation and corneal injury to eyes may be delayed.",1000 ppm has been reported as fatal (exposure time not reported); 5 ppm can be tolerated for 30 minutes.,,,"Vapor—Remove victim to fresh air; if breathing stops, apply artificial respiration. Skin or eye contact—immediately flood affected areas gently with water for at least 15 minutes; remove contaminated clothing and shoes at once. Keep patient at rest and under observation for 24-48 hrs; effects may be delayed. Wash contaminated clothing before reuse, destroy shoes. Get medical help.",Chemically stable.,Swells rubber. Not corrosive to steel.,,,Group 15 of compatibility chart. See also Appendix I-Exceptions to the Chart.,"If possible, wear rubber gloves, face shield and protective clothing. Secure ignition sources. Use respiratory protection. Keep unprotected personnel upwind of contaminated area. Flush spill with water. May absorb very small spills with absorbent material (sand, etc.). If a spill occurs, call the National Response Center, 800-424-8802.",,Vapor poisonous if inhaled or if skin is exposed. Liquid is poisonous if swallowed or if skin is exposed. Vapor extremely irritating. Lung and eye injury may be delayed. Liquid causes severe burns. Grade B poison.,,13,USCG Hazardous Chemical Data,
ALLYL CHLORIDE,Chlorallylene; 1-Chloro-2-propene; 3-Chloropropene; 3-Chloro-1-propene; 3-Chloropropylene; alpha-Chloropropylene,1100,ALC,CH2=CHCH2Cl,Clear to strawberry colored liquid; sweetish odor,0.94,Substituted allyl,45°C 113°F,-134°C -209°F,294.3,10.3,2.64,0.003,B: Flammable liquid,D,-20 (cc),3.3 to 11.9%,737,"CO2, dry chemical, alcohol foam.",Water may be ineffective on fire. Cool exposed tanks with water spray. Firefighting personnel should be protected against hydrochloric acid fumes by wearing self-contained breathing apparatus and full protective clothing.,"Corrosive hydrogen chloride gas formed upon combustion. Becomes more reactive and corrosive when wet. Ignited by heat, sparks or open flame. Flashback along vapor trail may occur. Vapor may explode if ignited in an enclosed area.","3,2,3",above 1,1,1,Vapors are irritating to eyes and respiratory tract. The liquid irritates the skin.,Inhalation of 100 ppm for 60 minutes has been reported as fatal.,,,"Vapor—remove victim to fresh air. If breathing is difficult, administer oxygen; if breathing stops, apply artificial respiration. Skin or eye contact—remove contaminated clothing and gently flush affected areas with water for 15 minutes. Get medical help.",Chemically stable.,Highly corrosive to steel and aluminum. Nickel and monel are suitable materials of construction.,Corrosive hydrogen chloride gas.,,Group 15 of compatibility chart.,"Wear rubber gloves, self-contained breathing apparatus and protective clothing. Avoid contact with liquid. Secure ignition sources. Do not flush spill into confined spaces where flammable vapors can accumulate. If a spill occurs, call the National Response Center, 800-424-8802.",,"Suspected carcinogen. Poisonous if inhaled, if swallowed, or if skin is exposed. Vapor extremely irritating. Liquid causes burns. Grade B poison.",,14,USCG Hazardous Chemical Data,
AMINOETHYLETHANOLAMINE,"2-[(2-Aminoethyl)amino]ethanol; N-(Aminoethyl)ethanolamine; N-(2-Aminoethyl)ethanolamine; Hydroxyethylethylenediamine; N-β-Hydroxyethylethylenediamine; N-Hydroxyethyl-1,2-ethylenediamine",,AEE,NH2CH2CH2NHCH2CH2OH,"Clear, colorless liquid with mild ammonical odor",1.03,Amine,243°C 469°F,-78°C -108°F,Low,Low,3.59,Complete,E: Combustible liquid,C,275,15.0 to 27.0%,695,"Carbon dioxide, dry chemical or alcohol foam",Cool exposed tanks with water. Water or foam may cause frothing.,No smoking or open lights.,"1,3,1",Unavailable,Unavailable,Unavailable,Liquid causes skin irritation with possibility of burns or prolonged contact. Vapor causes mild respiratory irritation.,Unavailable,,,"In case of eye contact, immediately flush eyes with plenty of low-pressure water for 15 minutes. If discomfort persists or reappears, see a physician.",Stable.,"Incompatible with copper, copper alloys, aluminum and zinc.",,,Group 8 of compatibility chart.,"Avoid contact with liquid. If possible, wear butyl rubber gloves, face shield, and protective clothing. Cover spill with sodium bisulfite. Spray with water and wash away with large excess of water. If a spill occurs, call the National Response Center, 800-424-8802.",+ Unassigned,Causes severe eye irritation.,,15,USCG Hazardous Chemical Data,
"AMMONIA, ANHYDROUS",Ammonia; Ammonia gas; H3N; Liquid ammonia,1005,AMA,NH3,"Colorless liquid or gas; pungent, highly irritating odor",0.77 at 0°C,Ammonia,-33°C -28°F,-78°C -108°F,6477,211.9,0.588,Appreciable,Liquefied Compressed Gas (LCG),D,"Indefinite, below 32°F (sometimes difficult to ignite). Not flammable under conditions likely to be encountered.",16 to 25%,1204,Stop the flow of gas (lighter than air); cool tanks with water spray.,"Use respiratory and body protection when approaching ammonia-contaminated atmosphere. Liberal use of water fog, where possible, will reduce vapor concentration.",Fire hazard when in high concentrations and at high temperature. Oil or other combustible vapors increase the fire hazard.,"4,2,2",approx. 50,Unavailable,25,"Coughing; burning sensation, eye irritation or pain. Frozen areas turn white.",A 2500 ppm (0.25%) concentration of ammonia in air may be fatal within 30 minutes.,,,"Remove victim to fresh air. Call a physician at once. If not breathing, apply artificial respiration, oxygen. If breathing is difficult, administer oxygen. Flush affected areas of body with plenty of water for 15 minutes. DO NOT FLUSH FROZEN AREAS. If the liquid has spilled onto the skin, points of contact may be frostbitten; handle gently and protect from mechanical damage. DO NOT RUB. Remove contaminated clothing and shoes. Get prompt medical attention. Low-velocity fog is effective for decontaminating the atmosphere.",Normally stable. Reacts with acidic materials.,"Corrosive to galvanized surfaces, copper and copper alloys. Iron and steel are suitable for the construction of containers, fittings and piping. Forms explosive compounds with mercury.",,,Group 6 of compatibility chart.,"Evacuate area in case of large leaks or tank rupture. Shut off leak if without risk. Wear self-contained breathing apparatus. If necessary to enter spill area, wear full protective clothing including boots. Water spray is extremely effective in absorbing ammonia gas and should be used around leaks of gas only. DO NOT PUT WATER ON LIQUID AMMONIA. If a spill occurs, call the National Response Center, 800-424-8802.",,Vapor extremely irritating. Liquid causes burns; will cause frostbite.,,16,USCG Hazardous Chemical Data,
AMMONIA SOLUTIONS,"Ammonia, aqueous; Ammonia water; Ammonium hydroxide; Aqua ammonia; Household ammonia; Spirit of Hartshorn",10-35%: 2672; 35-50%: 2073; 50% or more: 1005,AMH,NH4OH,Colorless liquid; pungent odor,0.88 at 20°C (liquid),Amine,Varies°C Varies°F,Varies°C Varies°F,Varies,Varies,1.21,Complete,,D,Varies,16 to 25%,1204,Water fog,"Due to the toxic and irritating nature of ammonia vapors, full respiratory protection must be provided for firefighters. Cool exposed tanks with water. Water fog will reduce vapor concentration.",Vapors are capable of forming an explosive mixture in air.,"2,2,2",approx. 50,Unavailable,Unavailable,"Liquid: varies from mild dermatitis to severe burns and skin destruction. Vapor: burning of the eyes, skin irritation, swelling of eyelids and lips, coughing.","400 ppm causes throat irritation & 700 ppm causes eye irritation, both with no serious results for exposure less than one hour; 1720 ppm causes convulsive coughing for exposure less than half an hour.",,,"Inhalation: remove victim to fresh air; if breathing stops apply artificial respiration; administer 100% O2. Skin contact: remove contaminated clothing; wash with cool H2O followed by lemon juice, vinegar, or 25% acetic acid; follow with more water.","See: Ammonia, anhydrous","Corrosive to galvanized surfaces, copper, copper alloys and aluminum alloys.",,,Group 6 of compatibility chart.,"See: Ammonia, anhydrous. If a spill occurs, call the National Response Center, 800-424-8802.",,Vapor extremely irritating. Liquid causes burns.,,17,USCG Hazardous Chemical Data,
"AMMONIUM SULFIDE SOLUTION, 45%",Ammonium monosulfide solution; Diammonium sulfide solution,2683,ASS,(NH4)2S,"Greenish to reddish yellow solution; strong ammonia, hydrogen sulfide (rotten eggs) odor",0.993 at 60°F,Caustics,38-100°C 100-212°F,-18°C 0°F,,22.7,,Complete,A: Flammable liquid,D,71.6 (cc),4.3 to 46% as hydrogen sulfide,Unavailable,"Water spray, foam, dry chemical, carbon dioxide","Wear eye protection, protective clothing and self-contained breathing apparatus.",Toxic sulfur oxides produced in fire. Liquid solution gives off ammonia and/or hydrogen sulfide gas depending on the pH; vapor evolution rate increases when heated. Flashback along vapor trail may occur. Vapor may explode in an enclosed area.,Unavailable,Unavailable,Unavailable,"10, as hydrogen sulfide","Eyes: irritation, conjunctivitis. Skin: irritation, corrosion, dermatitis, chemical burns. Ingestion: nausea, irritation and corrosion of mucous membranes and stomach. Inhalation: irritation, pulmonary edema, pneumonia, bronchitis, tracheitis, respiratory problems",,,,"Call physician. Inhalation: Remove to fresh air; give oxygen or artificial respiration as needed. Ingestion: If conscious, give large amounts of water or milk, but do not induce vomiting. Eyes: Hold eyelids open, flush with water for 15 minutes. Skin: Flush with large amounts of water for 15 minutes.","When heated, toxic hydrogen sulfide and/or ammonia evolve. Reacts with acids to form hydrogen sulfide. Reacts with bases to form ammonia.","Compatible with mild and stainless steel, neoprene, polypropylene. Incompatible with aluminum, brass, bronze, copper, tin, zinc","Hydrogen sulfide, ammonia (on heating).",,Group 5 of the compatibility chart,"Stop release if possible. Wear neoprene apron, gloves, boots, and goggles or full shield, plus self-contained breathing apparatus. Secure ignition sources. Dike large spills, prevent spill from entering sewers and drains, recover liquid, treat ground with diluted hydrogen peroxide. Absorb small spills with earth, sand, or other inert absorbant and properly dispose. If a spill occurs, call the National Response Center, 800-424-8802.","* At 100°F, bubbles of hydrogen sulfide gas form. + Unavailable",Mildly alkaline and evolves toxic hydrogen sulfide and/or ammonia depending on pH.,,18,USCG Hazardous Chemical Data,
iso-AMYL ACETATE,Amyl acetate; sec-Amyl acetate; Amylacetic ester; Banana oil; Isoamyl acetate; Isoamyl ethanoate; Isopentyl acetate; 3-Methyl-1-butanol acetate; 2-Methylbutyl ethanoate; Pear oil,1104,IAT,CH3COO(CH2)2CH(CH3)2,"Colorless liquid; pleasant fruity, banana-like odor",0.88,Ester,149°C 300°F,-70°C -94°F,4,0.1,4.5,Slight,D: Combustible liquid,D,100,1.1 to 7.5%,714,"CO2, dry chemical, alcohol foam, water fog",Water may be ineffective.,No smoking or open flames. Flashback along vapor trail may occur. Vapor may explode if ignited in an enclosed space. Precautions should be taken to prevent the accumulation of static electricity.,"1,0,1",7 to 10,100,100,"Headache, dizziness, nausea; irritation of mucous membranes of eyes and respiratory tract, coughing.","500 to 1000 ppm for 30 to 60 minutes will produce definite irritation of eyes, throat, and trachea.",,,"Vapor—remove victim to fresh air; if breathing stops, apply artificial respiration. Skin or eye contact—remove contaminated clothing and gently flush affected areas with water for 15 minutes. Get medical advice or attention.",Chemically stable.,"This compound will soften, then dissolve, a great many plastic materials, and rubber. Attacks asbestos.",,,Group 34 of compatibility chart.,"Wear rubber gloves, face shield, protective clothing. Have all-purpose canister mask available. Avoid contact with liquid. Secure ignition sources. Flush minor spills away with water. If a spill occurs, call the National Response Center, 800-424-8802.",-,Little hazard from inhalation below 500 ppm. It may dry and defat skin.,,19,USCG Hazardous Chemical Data,
n-AMYL ALCOHOL,Alcohol C-5; 1-Amyl alcohol; primary-n-Amyl alcohol; n-Butylcarbinol; 1-Pentanol; Pentyl alcohol,1105,AAN,CH3(CH2)4OH,Colorless liquid; mild odor,0.82,Alcohol,138°C 280°F,-79°C -110°F,Low,0.2,3.04,Slight,D: Combustible liquid,D,118,1.2 to 10.0%,572,"Carbon dioxide, dry chemical or alcohol foam.",Water may be ineffective on fire. Cool exposed tanks with water spray. Wear self-contained breathing apparatus.,"Moderate fire hazard when exposed to heat or flame. Flashback along vapor trail may occur. Vapor may explode if ignited in an enclosed area. When heated, it emits acrid fumes; can react with oxidizing materials.","1,0,2",0.12,Unavailable,Unavailable,"Vapor inhalation causes psychic stimulation, insomnia, palpitation of heart, headache, and vertigo.",150 ppm for 30 minutes.,,,"Vapor—remove victim to fresh air; if breathing stops or is very weak, apply artificial respiration. Skin or eye contact—remove contaminated clothing and gently flush affected areas with water for 15 minutes. Get medical advice or attention.",Very stable.,"Can be stored in copper, aluminum, or plain steel tanks.",,,Group 20 of compatibility chart.,"Wear rubber gloves, face shield, protective clothing. Have all-purpose canister mask available. Avoid contact with liquid. Secure ignition sources. If a spill occurs, call the National Response Center, 800-424-8802.",,Vapor may be irritant to the eyes and the upper respiratory tract.,,20,USCG Hazardous Chemical Data,
ANILINE,Aminobenzene; Aminophen; Aniline oil; Benenamine; Benzenamine; Blue oil; Phenylamine,1547,ANL,C6H5NH2,Oily colorless-to-brown liquid; odor not unpleasant,1.02,Amine,184°C 364°F,-6°C 21°F,2.4,0.02,3.22,0.03,E: Combustible liquid,D,158 (cc),LEL=1.3%; UEL=11%,1143,"CO2, dry chemical, alcohol foam, water spray",Protect personnel against exposure to either the vapor or liquid; wear full protective clothing and self-contained breathing apparatus.,Poisonous gas is produced when heated. Vapor may explode if ignited in an enclosed area.,"1,1,3",0.5,2/Skin,2/Skin,"Headache, weakness, irritability, dizziness, bluish discoloration of lips and fingernails, drowsiness, and unconsciousness.",50-100 ppm probably can be tolerated for 60 minutes.,,,"Remove victim to fresh air. Apply artificial respiration if needed. Remove any clothing wet with aniline. Flush exposed skin area thoroughly with water. Get medical attention as soon as possible. Administer oxygen if available. Keep patient at rest. Wash clothing thoroughly with strong soap solution before reuse, or destroy.",Stable. Reacts dangerously with oxidizing agents and inorganic acids.,Corrosive to copper and copper alloys. Not corrosive to iron or steel.,,,Group 9 of compatibility chart.,"Avoid contact with liquid. Wear butyl rubber gloves, plastic protective apron and self-contained breathing apparatus. Secure ignition sources. May mix with sand and soda ash mixture (90-10), scoop up into cardboard boxes and pack with excess crumpled paper. Then burn in open pit. If a spill occurs, call the National Response Center, 800-424-8802.",,"Suspected carcinogen. Poisonous by inhalation or skin absorption. It will cause cyanosis, a serious blood condition. Class B poison.",Health Hazard Ratings value printed as illegible characters in source ('ap'); left null rather than guessed.,21,USCG Hazardous Chemical Data,
ASPHALT (typical),Asphalt bitumen; Asphalt cement; Asphaltum; Bitumen; Judean pitch; Mineral pitch; Petroleum asphalt; Petroleum pitch; Tars liquid,1999,ASP,Mixture of solid or semi-solid hydrocarbons,Thick brown to black semisolid; tarry odor,0.9 to 1.1,Miscellaneous hydrocarbon mixture,371°C 694°F,Varies°C Varies°F,Varies,Varies,Varies,Negligible,Varies with the composition of the product.,D,50 to 400 depending on grade of asphalt,Varies,905,"CO2, dry chemical, foam, water fog",Water spray or foam may be ineffective because of frothing; apply cautiously. DO NOT direct a solid stream of water into hot asphalt.,"There are many grades of asphalt, each with different properties. For example, the flash point may vary from 50°F to over 400°F.","1,2,4",Unavailable,Unavailable,5 mg/m3,Fumes of hot asphalt can cause nausea and dizziness.,Unavailable,,,"If spilled onto skin, flood with water. Do not bind up, and do not try to scrub off adhering materials. Get medical attention.",Most grades are stable.,,,,Group 33 of compatibility chart.,"Avoid contact with hot liquid. Wear heavy work gloves, safety goggles or face shield, protective clothing for hot liquid. If asphalt heated above 212°F is spilled into water, persons nearby risk being scalded by the steam or hot water formed. Most grades of asphalt will present little or no problem if spilled. If a spill occurs, call the National Response Center, 800-424-8802.",,When heated to a liquid state it will cause severe burns. It is not corrosive. There is a possibility of skin poisoning or dermatitis by contact.,,22,USCG Hazardous Chemical Data,
BENZENE,Benzol; Benzole; Coal naphtha; Coal tar naphtha; Cyclohexatriene; Phene; Phenyl hydride,1114,BNZ,C6H6,"Clear colorless liquid with a typical, pleasant aromatic odor",0.88,Aromatic hydrocarbon,80°C 176°F,6°C 42°F,75,3.22,2.8,negligible,C: Flammable liquid.,D,12 (Benzene is solid at 12°F),1.4 to 8.0%,1076,"CO2, dry chemical, foam, water fog","Water may be ineffective on a fire. Fire parties must wear respiratory protection and rubber boots. In other respects, fight like a gasoline fire. Explosion hazard is great if ignition has not already occurred and hence civil defense authorities should also be alerted. Cool exposed tanks with water.","Extremely flammable. Ignited by heat, sparks, open flame. Flashback along vapor trail may occur. Vapor may explode if ignited in an enclosed area. Precautions must be taken to prevent static electricity buildup.","1,1,3",4.68,29 CFR 1910.1028,10,"Dizziness, headache, and drowsiness.","Vapor concentrations: 3000 ppm is endurable for 30-60 minutes (single exposure); 7500 ppm is dangerous in 30-60 minutes (single exposure); 20,000 ppm has been fatal in 5-10 minutes.",,,"Vapor—remove victim to fresh air; if breathing is difficult, administer oxygen. If breathing stops, apply artificial respiration. Skin or eye contact—remove contaminated clothing and gently flush affected areas with water for 15 minutes. Get medical help.",Stable under normal conditions.,"Rubber on prolonged exposure to benzene first swells, then softens.",,,Group 32 of compatibility chart.,"Wear rubber gloves, face shield, plastic coated clothing. Wear self-contained breathing apparatus. Approach from upwind side. Avoid contact with liquid. Secure ignition sources. Small spills may be flushed away with water. If a spill occurs, call the National Response Center, 800-424-8802.",,Benzene is a known carcinogen. Benzene vapors are severely toxic by inhalation. Benzene has a pleasant odor and narcotic effect and thus has poor warning properties.,"UN Number OCR'd as '1414' in text layer, which is not a valid UN number for benzene; standard UN number 1114 used based on cross-check. Vapor pressure and water solubility values were not legible in either the text layer or the 150dpi render and are left null pending a higher-resolution check.",23,USCG Hazardous Chemical Data,
"BENZENE, TOLUENE, XYLENE MIXTURES",Benzene concentrate; BTX mixtures; Coal tar light oil; Coke oven light oil; Dripolene; Light oil; Secondary light oil,,BTX,"Benzenes, toluenes, xylenes and other aromatic hydrocarbons","Yellow to amber liquid; characteristic ""gasoline"" odor",approx. 0.84,Aromatic hydrocarbon,,-25°C -13°F,75,5.6,2.8,Negligible,C: Flammable liquid.,"Unassigned (Benzene, D; Toluene, D; Xylene, D)",80,2.2 to 11.0%,approximately 1076,"Confined—CO2, dry chemical. Open—water, foam.","Fire parties must wear respiratory protection and rubber boots. In other respects, fight like gasoline fire. Explosion hazard is great.","Extremely flammable. Ignited by heat, sparks, open flame. Flashback along vapor trail may occur. Vapor may explode if ignited in an enclosed area. Precautions must be taken to prevent static electricity buildup.","1,1,3",0.01,*,see benzene,"Watering eyes, mild skin irritation, dizziness, headache and drowsiness.",Some evidence of carcinogenic behavior to animals has been observed for prolonged skin contact.,,,"Flush skin and eye contact at once with plenty of water. If inhaled, remove to fresh air. No specific antidote is known. Call a doctor.",Stable.,Steel and other metals completely resistant but not copper alloy. All elastomers are attacked and any coatings except baked phenolic are stripped. Most plastics are severely attacked.,,,Group 32 of compatibility chart.,"Wear rubber gloves, face shield, plastic coated clothing. Wear self-contained breathing apparatus. Approach from upwind side. Avoid contact with liquid. Secure ignition sources. Small spills may be flushed away with water. If a spill occurs, call the National Response Center, 800-424-8802.",{ Unavailable + Unassigned,Benzene is a known carcinogen. Mild irritant in contact with skin; avoid repeated or prolonged exposure. Minor injury from ingestion or inhalation—repeated contact may be more hazardous.,,24,USCG Hazardous Chemical Data,
BENZYL ALCOHOL,Benzene carbinol; alpha-Hydroxytoluene; Phenyl carbinol; Phenyl methyl alcohol,,BAL,C6H5CH2OH,Colorless liquid; mild pleasant aromatic odor,1.05 at 15°C,Aromatic alcohols,205°C 401°F,-15°C 5°F,<0.1,,3.73,0.044,E: Combustible liquid,D,220 (oc); 2.3 (cc),Unavailable,817,"Alcohol foam, dry chemical, carbon dioxide","Water and foam may cause frothing. Wear self-contained breathing apparatus, protective clothing. Use water to keep tanks cool.",Can give off toxic combustion products in a fire.,Unavailable,5.5,Unavailable,Unavailable,"Irritation to eyes, skin. Vapor irritates upper respiratory tract and produces headache, dizziness, nausea. Ingestion causes abdominal pain, vomiting, diarrhea.",Must have adequate ventilation or use respiratory protection.,,,"Eye contact: Flush with water for at least 15 minutes; call physician. Skin contact: Wash with soap and water for 15 minutes. Inhalation: Remove to fresh air, give oxygen if necessary; call physician. Ingestion: If conscious, give water, induce vomiting, contact physician.",Generally stable. Slowly oxidizes in air and oxygen. Reacts with mineral acids generating heat; reacts with strong oxidizers.,"Carried in stainless steel or phenolic resin lined mild steel tanks. Noncorrosive to steel and most metals but corrodes aluminum at high temperature. Will attack some non-fluorinated plastics, will not attack polypropylene.",,,Group 21 of compatibility chart.,"Wear goggles, face shield. Cover small spills with absorbent (sand, sawdust); dispose. Dike large spills for pumping to storage tank; dispose or reclaim. If a spill occurs, call the National Response Center, 800-424-8802.",† Unavailable,,Stray '1990' fragment appears near Remarks in source text layer (likely OCR bleed from an adjacent element); not included as it does not correspond to any labeled field.,25,USCG Hazardous Chemical Data,
BENZYL CHLORIDE,"Benzene, chloromethyl-; (Chloromethyl)benzene; alpha-Chlorotoluene; omega-Chlorotoluene",1738,BCL,C6H5CH2Cl,"Colorless to slightly yellowish liquid; pungent, aromatic, irritating odor",1.1 at 25/25°C,Halogenated hydrocarbon,179°C 355°F,-39°C -39°F,9,0.07,4.36,Negligible,E: Combustible liquid,D,165 (cc),LEL=1.1%; UEL=Unavailable,1085,"CO2, dry chemical, water fog","Use complete personal protective clothing. Wear self-contained breathing apparatus for indoor fires. Water mist may be used, but in large quantity to hold down hydrogen chloride fumes and flush away acid.",Moderate fire hazard. Keep away from open flame or ignition sources. Irritating gases are produced when heated. Decomposes with water to produce hydrogen chloride fumes.,"4,2,4",0.01,1,1,"Vapors are irritating to eyes and respiratory tract, causes tears and coughing, possible loss of sight. Liquid causes skin irritation resulting in burns on prolonged contact.",10 ppm for 30 minutes,,,"Vapor—remove victim to fresh air immediately, if breathing stops apply artificial respiration. Skin or eye contact—remove contaminated clothing and flush with large amounts of water for 15 minutes. Get medical advice or attention.",Unstabilization results in rapid condensation reaction in presence of particular metals. Liberates hydrogen chloride from decomposition reaction with water.,"Avoid copper, aluminum, iron, zinc, magnesium and tin; violent polymerization will result. Nickel is recommended.",Hydrogen chloride.,"Violent polymerization can result from contact with copper, aluminum, iron, zinc, magnesium, tin.",Group 36 of compatibility chart,"Wear full protective clothing, rubber boots, face shield, eye protection, self-contained breathing apparatus. Immediately flush with large quantities of cold water. Freely ventilate to remove odors. Sodium carbonate or lime can be used if water is unavailable. Remove all contaminated clothing and thoroughly clean.",,Suspected carcinogen. Vapor extremely irritating. Liquid causes burns.,,26,USCG Hazardous Chemical Data,
BUNKER C,Fuel oil no. 6; Heavy industrial fuel oil; Residual fuel oil no. 6,,OSX,Indefinite mixture,"Very viscous, dark colored liquid; fragrant odor.",0.92 to 1.07,Misc. hydrocarbon mixture,>24c >75f,,0.042,low,,Negligible,E: Combustible liquid,D,150 to 430 (cc),1 to 5%,765,"Foam, CO2, dry chemicals",Water may be ineffective on fires.,Must be heated to sustain combustion.,Unavailable,Unavailable,Unavailable,Unavailable,"Headache, nausea, dizziness, vertigo, unconsciousness.",Unavailable,,,"Inhalation: Remove victim to fresh air, prevent chilling, and apply artificial respiration if breathing has stopped. Get immediate attention if victim is overcome by vapors.",Very stable.,Compatible with most materials of construction.,,,Group 33 of compatibility chart.,"Wear rubber gloves, face shield, protective clothing. Have all-purpose canister mask available. Can soak up spill with paper, sawdust, rags, etc. If a spill occurs, call the National Response Center, 800-424-8802.",{ Unavailable + Unassigned,Avoid breathing vapor.,Boiling point printed as '>15°F' with a partially legible Celsius figure; preserved as printed.,27,USCG Hazardous Chemical Data,
BUTADIENE,"Biethylene; Bivinyl; 1,3-Butadiene; alpha,gamma-Butadiene; Divinyl; Erythrene; Pyrrolylene; Vinyl ethylene",1010,BDI,"C4H6, or CH2=CHCH=CH2","Colorless gas or liquid; mild, aromatic odor",0.62 at 20°C (a liquid),Unsaturated hydrocarbon,-4°C 24°F,-109°C -164°F,1799,61,1.88,Negligible,Liquefied Flammable Gas (LFG),B,-105,2.0 to 11.5%,842,"Stop flow of gas; CO2, dry chemical, water fog",Keep burning tank and adjacent tanks cool with a water spray. Wear full protective clothing and self-contained breathing apparatus.,"Unless flow of gas can be stopped, extinguishing a butadiene fire may permit accumulation of an explosive concentration of vapor, and subsequent explosion or re-flash. Fire may cause violent rupture of tank.","1,1,1",above 1000,unavailable,1000,"Inhalation: dizziness, headache. Skin contact: frostbitten areas will appear white. Irritating to eyes and respiratory tract.","8,000 ppm was found endurable for 8 hours with only slight irritation of the eyes and upper respiratory tract.",,,"Vapor—remove victim to fresh air; if breathing stops, apply artificial respiration. Skin or eye contact—remove contaminated clothing and gently flush affected areas with water for 15 minutes. Protect frostbitten areas from abrasions and mechanical damage. DO NOT RUB. Get medical advice or attention.",Must be inhibited to prevent polymerization. Forms unstable peroxides in presence of oxygen and/or iron rust.,"Unsafe in contact with acetylide-forming materials such as monel, copper or copper alloys.",,Forms unstable peroxides; must be inhibited to prevent polymerization.,Group 30 of compatibility chart.,"Wear rubber gloves, face shield, protective clothing, and self-contained breathing apparatus. Secure ignition sources. The spilled liquid will boil away leaving no residue. If a spill occurs, call the National Response Center, 800-424-8802.",,Suspected carcinogen. Liquid or cold gas may cause skin or eye injury similar to frostbite.,"Health Hazard Ratings row printed as illegible characters ('Ait,A') in source; left null rather than guessed.",28,USCG Hazardous Chemical Data,
n-BUTANE,Butane; Diethyl; Methylethylmethane,1011,"BUT ,BMX", ,Colorless; odorless gas,0.58 at 0°C (a liquid),Saturated hydrocarbon,-0.5°C 31°F,-138°C -217°F,1530,52.4,2.07,insoluble,Liquefied Flammable Gas (LFG),D,-76,1.9 to 8.5%,761,"Stop flow of gas; CO2, dry chemical, water fog.",Keep burning tank and adjacent tanks cool with a water spray. Stop flow of gas.,"Unless the flow of gas can be stopped, extinguishing a butane fire will permit accumulation of an explosive concentration of vapor, and subsequent explosion or re-flash.","0,0,0",5000,800,800,Dizziness and drowsiness.,"10,000 ppm (1%) for 10 minutes will cause drowsiness.",,,"Remove victim to fresh air. If breathing has stopped, give artificial respiration. If the liquid has spilled onto the skin, points of contact may be frostbitten; handle gently and protect from mechanical damage. DO NOT RUB. Get medical attention.",Stable product.,Non-corrosive to most materials of construction.,,,Group 31 of compatibility chart.,"Wear rubber gloves, face shield, protective clothing. Have all-purpose canister mask available. Secure ignition sources. The spilled liquid will boil away rapidly, leaving no residue. If a spill occurs, call the National Response Center, 800-424-8802.",,Produces drowsiness. Simple asphyxiant. Liquid or cold gas may cause frostbite.,,29,USCG Hazardous Chemical Data,
iso-BUTYL ACETATE,"Acetic acid, iso-butyl ester; Butyl acetate; Isobutyl acetate; 2-Methylpropyl acetate; 2-Methyl-1-propyl acetate; beta-Methylpropyl ethanoate",1213,"IBA (iso-, n-): BAX",CH3COOCH2CH(CH3)2,"Colorless liquid; pleasant, fruity odor",0.87,Ester,118°C 244°F,-100°C -148°F,,0.4,4,Slight,D: Combustible liquid,D,88,2 to 15% (approx.),793,"CO2, dry chemical, alcohol foam, water fog",Use of dry chemical where it can get into a tank of butyl acetate is not recommended. Fire involving spills outside of tanks can be extinguished with dry chemical. Water may be ineffective. Cool adjacent tanks with water spray.,Flashback along vapor trail may occur. May explode if ignited in an enclosed area.,"1,1,2",10,150,150,"Inhalation of vapors will cause headache, irritation of respiratory passages and eyes, dizziness, and nausea.",200-300 ppm produces some nose and eye irritation upon brief exposure.,,,"Vapor—remove victim to fresh air; if breathing stops, apply artificial respiration. Skin or eye contact—remove contaminated clothing and gently flush affected areas with water for 15 minutes. Get medical advice or attention.","Generally stable, however, will slowly decompose on standing to form acetic acid and isobutyl alcohol.",Softens and dissolves rubber and many plastics.,"Acetic acid, isobutyl alcohol (on standing).",,Group 34 of compatibility chart.,"Wear rubber gloves, face shield, protective clothing. Have all-purpose canister masks available. Avoid contact with liquid. Secure ignition sources. For a gas leak from a faulty tank, keep concentration of gas below the explosive mixture range by ventilation. If a spill occurs, call the National Response Center, 800-424-8802.",* Vapor Pressure: 10 mmHg at 12.8°C.,"Vapor irritating to eyes, nose and throat. Liquid irritating to skin and eyes.",,30,USCG Hazardous Chemical Data,
n-BUTYL ACETATE,"Acetic acid, butyl ester; Butyl acetate; normal-Butyl acetate; Butyl ethanoate",1123,"BCN (iso-, n-): BAX",CH3COOC4H9,"Colorless liquid; pleasant, fruity odor",0.88,Ester,127°C 260°F,-77°C -107°F,8.7,0.5,4,Slight,D: Combustible liquid,D,90,1.4 to 7.6%,790,"CO2, dry chemical, alcohol foam, water fog",Use of dry chemical where it can get into a tank of n-butyl acetate is not recommended. Fires involving spills outside of tanks can be extinguished with dry chemicals. Water may be ineffective. Cool exposed tanks with water spray.,"Volatile, with a low flash point. Flashback along vapor trail may occur. Vapor may explode if ignited in an enclosed space.","1,1,2",10,150,150,"Headache, irritation of respiratory passage and eyes, dizziness, and nausea.",200-300 ppm produces some nose and eye irritation upon brief exposure.,,,"Vapor—remove victim to fresh air; if breathing stops, apply artificial respiration. Skin or eye contact—remove contaminated clothing and gently flush affected areas with water for 15 minutes. Get medical advice or attention.","Stable, however, will hydrolyze (react with water) on standing to form acetic acid and n-butyl alcohol.",Softens and dissolves rubber and many plastics.,"Acetic acid, n-butyl alcohol (on hydrolysis).",,Group 34 of compatibility chart.,"Wear rubber gloves, face shield, protective clothing. Have all-purpose canister mask available. Avoid contact with liquid. Secure ignition sources. If a spill occurs, call the National Response Center, 800-424-8802.",,"Low level of toxicity. Vapor irritating to eyes, nose and throat. Liquid irritating to skin and eyes.",,31,USCG Hazardous Chemical Data,
sec-BUTYL ACETATE,"Acetic acid, 1-methylpropyl ester; Acetic acid, sec-butyl ester; 2-Butanol acetate; 1-Methylpropylacetate",1123,BTA,CH3COOCH(CH3)C2H5,"Colorless liquid; mild, pleasant odor",0.89,Ester,112°C 234°F,-73°C -100°F,20.4,1,4,Slight,D: Combustible liquid,D,88,1.7 to 9.8%,750 to 800,"CO2, dry chemical, alcohol foam, water fog",Use of dry chemical where it can get into a tank of butyl acetate is not recommended. Fires involving spills outside of tanks can be extinguished with dry chemical. Water may be ineffective. Cool exposed tanks with water spray.,Volatile with low flash point. Flashback along vapor trail may occur. Vapor may explode if ignited in an enclosed area.,"1,1,2",below 200,200,200,"Headache, irritation of respiratory passages and eyes, dizziness, and nausea.",300 ppm,,,"Vapor—remove victim to fresh air; if breathing stops, apply artificial respiration. Skin or eye contact—remove contaminated clothing and gently flush affected areas with water for 15 minutes. Get medical advice or attention.","Stable, however, will hydrolyze (react with water) on standing to form acetic acid and sec-butyl alcohol.",Softens and dissolves rubber and many plastics.,"Acetic acid, sec-butyl alcohol (on hydrolysis).",,Group 34 of compatibility chart.,"Wear rubber gloves, face shield, protective clothing. Have all-purpose canister mask available. Avoid contact with liquid. Secure ignition sources. If a spill occurs, call the National Response Center, 800-424-8802.",,"Vapor irritating to eyes, nose and throat. Liquid irritating to skin and eyes.",,32,USCG Hazardous Chemical Data,
iso-BUTYL ACRYLATE,"Acrylic acid, iso-butyl ester; Isobutyl acrylate; Isobutyl-2-propenoate; 2-Methyl-1-propyl acrylate",2527,"BAI (iso-, n-): BAR",CH2=CHCOOCH2CH(CH3)2,"Colorless liquid; sharp, fragrant odor",0.88,Acrylate,137°C 271°F,-61°C -78°F,10.7,0.4,4.42,slight,D: Combustible liquid,D,86,1.9 to 8.00%,644,"CO2, water fog, dry chemical, foam",Provide fire fighters with breathing apparatus. Keep tank cool with water spray.,The main hazard is its very easy polymerization. Ignited by heat and open flame. Fire may cause violent rupture of tank.,"1,1,1",Unavailable,10,Unavailable,Slight redness from skin contact with liquid.,Unavailable.,,,"Skin or eye contact—flush immediately with large quantities of water for at least 15 minutes. If any irritation or injury develops after washing, prompt medical attention should be obtained. Vapor inhalation—remove victim to uncontaminated area and obtain prompt medical attention if any illness is observed.",Polymerizes readily on heating. Must be inhibited.,Compatible with most materials of construction.,,Polymerizes readily on heating; must be inhibited.,Group 14 of compatibility chart.,"Wear rubber gloves, face shield, full protective clothing. Have all-purpose canister mask available. Secure ignition sources. Small spills may be flushed away with water. If a spill occurs, call the National Response Center, 800-424-8802.",,Vapor irritating. Avoid skin contact with liquid.,,33,USCG Hazardous Chemical Data,
n-BUTYL ACRYLATE,"Acrylic acid, n-butyl ester; n-Butyl-2-propenoate; 2-Propenoic acid, butyl ester",2348,"BTC (iso-, n-): BAR",CH2=CHCOOC4H9,"Colorless liquid; sharp, biting, ester-like odor.",0.9,Acrylate,149°C 300°F,-64°C -83°F,3.2,0.2,4.4,Negligible,D: Combustible liquid,D,120,1.5 to 9.9%,567,"Carbon dioxide, dry chemical, alcohol foam, water spray.",Provide fire fighters with breathing apparatus. Keep tank cool with water spray.,The main hazard is its very easy polymerization. Ignited by heat and open flame. Fire may cause violent rupture of tank.,"1,1,1",Unavailable,10,10,Eye irritation; watering of eyes and salivation when inhaled.,Unavailable.,,,"Skin contact should be washed thoroughly with soap and water. In case of eye contact, flush with water for 15 minutes. Get medical attention or advice.",Polymerizes readily on heating. Must be inhibited.,"Compatible with steel, stainless steel or aluminum.",,Polymerizes readily on heating; must be inhibited.,Group 14 of compatibility chart.,"Wear rubber gloves, face shield, full protective clothing. Have all-purpose canister mask available. Avoid contact with liquid. Secure ignition sources. If a spill occurs, call the National Response Center, 800-424-8802.",,Vapor and liquid are irritating.,,34,USCG Hazardous Chemical Data,
iso-BUTYL ALCOHOL,Alcohol C-4; Fermentation butyl alcohol; 1-Hydroxymethylpropane; IBA; Isobutanol; Isobutyl alcohol; Isopropylcarbinol; 2-Methyl-1-propanol,1212,IAL,(CH3)2CHCH2OH,Colorless liquid; sweet odor,0.81 at 15°C,Alcohol,107°C 225°F,-108°C -162°F,88,,2.6,Moderate,D: Combustible liquid,D,100,1.7 to 10.9% at 212°F,825,"CO2, dry chemical, alcohol foam, water fog",Water may be ineffective.,Ignited by heat or open flame. Flashback along vapor trail may occur. Vapor may explode if ignited in an enclosed area.,"1,0,1",Unavailable,50,50,Headache and dizziness.,150 ppm,,,"Vapor—remove victim to fresh air; if breathing stops, apply artificial respiration. Skin or eye contact—remove contaminated clothing and gently flush affected areas with water for 15 minutes. Get medical advice or attention.",Stable.,Compatible with plain steel. Water-free isobutanol reacts with aluminum at temperatures above 120°F.,,,Group 20 of compatibility chart. See also Appendix I—Exceptions to the Chart.,"Wear rubber gloves, face shield, protective clothing. Have all-purpose canister mask available. Avoid contact with liquid. Secure ignition sources. If a spill occurs, call the National Response Center, 800-424-8802.",+ Unavailable,"Not highly toxic. Eye contact should be prevented, and prolonged or repeated exposure to the vapors should be avoided. Prolonged or repeated skin contact may cause defatting of the skin and may produce dermatitis from daily contact.",,35,USCG Hazardous Chemical Data,
n-BUTYL ALCOHOL,Alcohol C-4; Butanol; 1-Butanol; n-Butanol; Butyl alcohol; Butyric alcohol; 1-Hydroxybutane; NBA; Propyl carbinol; n-Propyl carbinol,1120,BAN,CH3(CH2)3OH,Colorless liquid; pungent alcohol odor,0.81,Alcohol,117°C 243°F,-84°C -120°F,88,0.3,2.6,modertae,D: Combustible liquid,D,103,1.4 to 11.2%,690,"Dry chemical, CO2, foam, water fog",Water and alcohol foam may be ineffective on fire.,"Ignited by heat, sparks, or open flame. Flashback along vapor trail may occur. Vapor may explode if ignited in an enclosed area.","1,1,2",25,50/Skin,50/Skin,"Headache, dizziness and respiratory irritation.",150 ppm,,,"Vapor—remove victim to fresh air; if breathing stops, apply artificial respiration. Skin or eye contact—remove contaminated clothing and gently flush affected areas with water for 15 minutes. Get medical advice or attention.",Stable.,"Recommend carbon steel tanks, valves, and piping. Water-free n-butanol reacts with aluminum at temperatures above 120°F.",,,Group 20 of compatibility chart. See also Appendix I—Exceptions to the Chart.,"Wear rubber gloves, face shield, protective clothing. Have all-purpose canister mask available. Avoid contact with liquid. Secure ignition sources. If a spill occurs, call the National Response Center, 800-424-8802.",,Causes significant injury to the surface of the eye. Repeated skin contact may have a defatting action on the skin and may produce dermatitis from daily contact. Avoid prolonged and repeated breathing of vapors.,"Health Hazard Ratings printed unclearly in source text layer ('45: 1;2'); interpreted as '4,1,2' but flagged for visual confirmation.",36,USCG Hazardous Chemical Data,
sec-BUTYL ALCOHOL,Alcohol C-4; 2-Butanol; sec-Butanol; Butylene hydrate; Ethyl methyl carbinol; 2-Hydroxybutane; Methyl ethyl carbinol; SBA,1120,BAS,CH3CH2CHOHCH3,"Colorless liquid; strong, pleasant odor",0.81,Alcohol,99°C 211°F,-109°C -165°F,,0.2,2.6,Moderate,C: Flammable liquid,D,74,1.7 to 9.8% at 212°F.,763,"CO2, dry chemical, alcohol foam, water fog",Water may be ineffective on fire.,Dangerous when exposed to heat or flame. Flashback along vapor trail may occur. Vapor may explode if ignited in an enclosed area.,"1,0,1",Unavailable,100,100,Headache and dizziness.,150 ppm for 30 minutes.,,,Vapor—remove victim to fresh air. Give artificial respiration if breathing stops. Skin or eye contact—remove contaminated clothing and gently flush affected areas with water for 15 min. Get medical help.,Stable.,Usual materials of construction are suitable.,,,Group 20 of compatibility chart. See also Appendix I—Exceptions to the Chart.,"Wear rubber gloves, face shield, protective clothing. Have all-purpose canister mask available. Avoid contact with liquid. Secure ignition sources. If a spill occurs, call the National Response Center, 800-424-8802.",* Vapor Pressure: 31 mmHg at 32°C.,Avoid inhalation of high vapor concentrations. Prolonged or repeated skin contact may cause defatting of the skin and may produce dermatitis from daily contact.,Boiling point value and CHRIS Code were not legible in the text layer for this page.,37,USCG Hazardous Chemical Data,
tert-BUTYL ALCOHOL,Alcohol C-4; tert-Butanol; 2-Methyl-2-propanol; TBA; Trimethyl carbinol,1120,BAT,(CH3)3COH,"Colorless liquid or crystalline solid; pungent, camphor-like odor",0.78 at 26°C (a liquid),Alcohol,83°C 181°F,26°C 78°F,30.6,1.8,2.6,Complete,C: Flammable liquid,D,52 (cc) (tert-Butyl alcohol is solid at 52°F),2.4 to 8.0%,892,"CO2, dry chemical, alcohol foam, water fog",Water may be ineffective on fire.,Dangerous when exposed to heat or flame. Flashback along vapor trail may occur. Vapor may explode if ignited in an enclosed area.,"1,0,1",Unavailable,100,100,Headache and dizziness.,Unavailable,,,Vapor—remove victim to fresh air. Give artificial respiration if breathing stops. Skin or eye contact—remove contaminated clothing and gently flush affected areas with water for 15 minutes. Get medical advice or attention.,Stable.,Usual materials of construction are suitable.,,,Group 20 of compatibility chart. See also Appendix I—Exceptions to the Chart.,"Wear rubber gloves, face shield, protective clothing. Have all-purpose canister mask available. Avoid contact with liquid. Secure ignition sources. If a spill occurs, call the National Response Center, 800-424-8802.",,Avoid breathing high vapor concentrations. Prolonged or repeated skin contact may cause defatting of the skin and may produce dermatitis from daily contact.,,38,USCG Hazardous Chemical Data,
iso-BUTYLAMINE,1-Amino-2-Methylpropane; Isobutylamine; mono-Isobutylamine; 2-Methylpropylamine,1214,IAM (all isomers): BTY,(CH3)2CHCH2NH2,Colorless liquid with ammonia-like odor.,0.73,Alkyl amine,66°C 151°F,-86°C -123°F,218,2.4,2.5,Complete,C: Flammable liquid,D,10,1.7 to 9.8%,712,"Dry chemical, alcohol foam or carbon dioxide.","Water may be ineffective, but should be used to keep containers cool.","Toxic oxides of nitrogen may be formed in fire. Flammable, high fire risk. Flashback along vapor trail may occur. Vapor may explode if ignited in an enclosed area.","2,3,0",Unavailable,5/Skin*,5/Skin*,"Loss of consciousness may occur. If taken internally, convulsions may also occur.",10-15 ppm is highly irritating.,,,"Remove clothing and shoes. Flush affected areas with plenty of water. If in eyes flush eyes thoroughly with water. If taken internally, and victim is conscious, have him drink water. If victim is unconscious, do nothing except keep him warm. Call a doctor.",Stable. Keep separated from heat and oxidants.,"Store in carbon steel, aluminum, stainless steel for purity. Copper and its alloys should NOT be used.",,,Group 7 of compatibility chart.,"Wear butyl rubber gloves, protective clothing and self-contained breathing apparatus. Avoid contact with liquid. Secure ignition sources. Cover spills with sodium bisulfate and spray with large amounts of water. If a spill occurs, call the National Response Center, 800-424-8802.",* PEL and TLV based upon n-Butylamine.,"Moderately toxic, eye, skin and respiratory irritant.",,39,USCG Hazardous Chemical Data,
n-BUTYLAMINE,1-Aminobutane; 1-Butanamine; Butylamine; Mono-n-butylamine; Norvalamine,1125,BAM (all isomers): BTY,CH3CH2CH2CH2NH2,"Colorless liquid with a pungent, ammonia-like odor",0.74,Alkyl amine,78°C 172°F,-50°C -58°F,82,1.39,2.5,Complete,C: Flammable liquid,D,10,1.7 to 9.8%,594,"Confined-dry powder, CO2. Open-water, polar solvent foam.",Keep tanks cool with water spray. Provide fire fighters with protective clothing and self-contained breathing apparatus against toxic fumes.,"Toxic oxides of nitrogen may be formed in fire. Flammable, dangerous fire risk. Flashback along vapor trail may occur. Vapor may explode if ignited in an enclosed area.","4,4,4",1 to 2,5/Skin,5/Skin,"Severe damage to skin or eyes by liquid, irritation of upper respiratory tract and eyes, mild headaches and flushing of skin of face, cumulative effects have not been observed.",Ten to 15 ppm is highly irritating during short exposure; 3100 ppm killed 3 out of 3 rats in 50 min.; whereas rats survived a single 4-hour exposure of 2000 ppm. Hazards unknown for humans.,,,"Flush skin or eyes immediately with large amounts of water for approximately 15 minutes. Remove all contaminated clothing and flush underlying areas with water. In case of eye contact or inhalation of high concentrations of vapor, victim should be immediately placed under physician's care.","Stable, but readily combines with acids, aldehydes, chlorohydrins, and organic sulfur compounds.",Store in carbon steel containers or aluminum or stainless steel for purity. Copper and its alloys should not be used.,,,Group 7 of compatibility chart.,"Wear butyl rubber gloves, protective clothing, self-contained breathing apparatus. Avoid contact with liquid. Secure ignition sources. Cover spill with sodium bisulfate. Spray with large amounts of water. Burn in open pit after dissolving in waste alcohols or in an incinerator with afterburners and scrubber. If a spill occurs, call the National Response Center, 800-424-8802.",,"Poisonous if inhaled or if skin is exposed to the vapor. Irritation of eyes and respiratory tract, severe damage after contact of short to moderate periods.",,40,USCG Hazardous Chemical Data,
sec-BUTYLAMINE,2-Aminobutane; 2-Butanamine; 1-Methylpropylamine,,BTL (all isomers): BTY,CH3CH(NH2)C2H5,Colorless liquid; ammonia-like odor.,0.73,Alkyl amines,63°C 146°F,-104°C -155°F,140,6.1,2.52,complete,C: Flammable liquid,D,16,Unavailable,,"Confined-dry powder, CO2. Open-polar solvent foam, water.",Keep tanks cool with water spray. Provide fire fighters with protective clothing and self-contained breathing apparatus.,"Toxic oxides of nitrogen may be formed in fire. Flammable, dangerous fire risk. Flashback along vapor trail may occur. Vapor may explode if ignited in an enclosed area.","3,2,3",Unavailable,5/Skin*,5/Skin*,"Coughing, irritation of eyes and mucous membranes, redness or irritation of skin.",Unavailable,,,"Flush skin and eyes immediately with large amounts of water for 15 minutes. In case of eye contact, inhalation of high concentrations, or ingestion, victim should be placed under physician's care.",Stable.,Carbon steel.,,,Group 7 of compatibility chart.,"Wear butyl rubber boots, gloves, protective clothing, self-contained breathing apparatus. Avoid contact with liquid. Secure ignition sources. Cover with sodium bisulfate and wash with plenty of water—or dissolve in waste alcohols and burn. Burn in open pit or in an incinerator with after burners and scrubber. If a spill occurs, call the National Response Center, 800-424-8802.",* PEL and TLV based upon n-Butylamine. + Unassigned,Moderately toxic.,,41,USCG Hazardous Chemical Data,
tert-BUTYLAMINE,"2-Aminoisobutane; 2-Amino-2-methylpropane; Dimethyl ethylamine; 1,1-Dimethylethylamine; 2-Methyl-2-propanamine; Trimethylaminomethane",,BUA (all isomers): BTY,(CH3)3CNH2,Water white liquid; ammoniacal odor,0.7,Alkyl amine,45°C 113°F,-67°C -88°F,340,11,2.5,Complete,B: Flammable liquid,D,about 50,1.7 to 9.0%,612,"Dry chemical, alcohol foam or CO2",Keep tanks cool with water spray. Provide fire fighters with protective clothing and self-contained breathing apparatus.,Toxic oxides of nitrogen may form in fire. Vapors form explosive mixtures with air. Flashback along vapor trail may occur. Vapor may explode if ignited in an enclosed area.,"2,2,3",Unavailable,5/Skin*,5/Skin*,"Red or irritated eyes or skin, coughing, irritation of mucous membrane, nausea.",Animal test for liquid eye irritation produced destruction of corneal tissue with 2-3 min. Vapor inhalation for 5 minutes was fatal to test animals.,,,"Flush skin and eyes immediately with large amounts of water for 15 minutes. Remove all contaminated clothing and flush underlying areas with water. In case of eye contact or inhalation of high concentrations of vapor, victim should be immediately placed under physician's care.",Stable.,"Doesn't react with steel, wood, cloth; softens rubber and paint.",,,Group 7 of compatibility chart.,"Wear butyl rubber protective clothing, self-contained breathing apparatus. Avoid contact with liquid. Secure ignition sources. Cover with sodium bisulfate and wash with plenty of water. Do not flush spill into confined spaces where flammable vapors can accumulate. Burn in an open pit or an incinerator with afterburners and scrubber. If a spill occurs, call the National Response Center, 800-424-8802.",* PEL and TLV based upon n-Butylamine. + Unassigned,"Causes irreversible damage to eye tissue. Moderately toxic by oral intake. Irritating to eyes, skin, lungs. Not absorbed through skin.",,42,USCG Hazardous Chemical Data,
BUTYL BENZYL PHTHALATE,"BBP; Benzyl n-butyl phthalate; Phthalic acid, benzyl butyl ether; Santicizer 160",,BPH,"C4H9COOC6H4COOCH2C6H5, or C19H20O4","Colorless, oily liquid; slight, characteristic odor.",1.12,Ester,370°C 698°F,-35°C -31°F,low,Low,10.8,Negligible,E: Combustible liquid,D,390,LEL=0.26% (calculated) UEL—Unavailable,Unavailable,"Confined—CO2, dry chemical. Open—water, foam.",Water or foam may cause extensive frothing.,"Fire hazard slight when exposed to heat or flame. Carbon monoxide, carbon dioxide, and water produced by combustion.","1,1,0",Unavailable,Unavailable,Unavailable,Low toxicity.,Will not cause irritation to skin.,,,Skin contact—wash affected areas with water. Vapor inhalation—remove victim to fresh air. Call a doctor.,Stable at moderate temperatures; no spontaneous decomposition. Can react with oxidizing materials.,"Destructive to rubber and paint. No effects on steel, wood, or cloth. Recommend containers of steel.",,,Group 34 of compatibility chart.,"Wear rubber gloves, face shield. Confine and absorb on suitable material such as sawdust, clay, or filtercel. May be incinerated. If a spill occurs, call the National Response Center, 800-424-8802.",* Vapor Pressure: 0.16 mmHg at 150°C. + Unassigned,No apparent hazards—low toxicity.,"Health Hazard Ratings row printed as illegible characters ('4; 1,20') in source; left null rather than guessed.",43,USCG Hazardous Chemical Data,
BUTYLENE,Butene; 1-Butene; alpha-Butylene; Ethylethylene,1012,BTN,CH2=CHCH2CH3,Colorless gas; sweetish odor,0.60 at 20°C (a liquid),Olefin,-6°C 21°F,-186°C -302°F,1030,62.5,1.94,insoluble,Liquefied Flammable Gas (LFG),D,110 (cc),1.6 to 9.3%,723,"Stop flow of gas; CO2, dry chemical, water fog.",Keep burning tank and adjacent tanks cool with a water spray.,"Unless the flow of gas can be stopped, extinguishing a butene fire will permit accumulation of an explosive concentration of vapor, and subsequent explosion or re-flash.",Unavailable,Unavailable,Unavailable,Unavailable,Breathing high concentrations of gas for some time may cause dizziness. Contact with liquid may cause skin and eye injury similar to frostbite.,Unavailable,,,"Remove to fresh air. If breathing has stopped, give artificial respiration. If the liquid has spilled onto the skin, points of contact may be frostbitten; handle gently and protect from mechanical damage. DO NOT RUB. Get medical attention.",Stable. Can react with oxidizing materials.,Noncorrosive to most materials of construction.,,,Group 30 of compatibility chart.,"Wear rubber gloves, face shield, protective clothing. Have all-purpose canister mask available. Secure ignition sources. The spilled liquid will boil away rapidly, leaving no residue. If a spill occurs, call the National Response Center, 800-424-8802.",,May produce anesthetic effects on exposure to high vapor concentrations. Contact with liquid may produce a frostbite.,,44,USCG Hazardous Chemical Data,
BUTYLENE MIXTURES*,No common synonyms.,,,C4H8,Gas with gasoline-like odor.,Unavailable,Olefins,,,,,1.9,Insoluble,A: Liquefied Flammable Gas (LFG),Unassigned,-24 approximately,1.0 to 10.0% (approx.),615 to 725 (approx.),"Stop flow of gas; CO2, dry chemical, water spray",Use water to cool containers in order to reduce possibility of rupturing tank. Try to seal the gas leak. Use water spray to knock down water vapors. Flash back along vapor trail may occur.,"Unless the flow of gas can be stopped, extinguishing a fire will permit the accumulation of an explosive concentration of vapor, and subsequent explosion or re-flash.","1,4,0",Unavailable,Unavailable,Unavailable,Causes dizziness and difficult breathing. Liquid will cause frostbite.,Unavailable,,,"Remove victim to fresh air. If breathing has stopped, administer artificial respiration. If breathing is difficult, give oxygen. If the liquid has spilled onto the skin, points of contact may be frostbitten; handle gently and protect from mechanical damage. DO NOT RUB. Get medical attention.",Will react with acids and alkyl halides.,Usual materials of construction are suitable.,,,Group 30 of compatibility chart.,"Wear rubber gloves, face shield and protective clothing. Have all purpose canister mask available. Keep concentration of leaking gas below explosive mixture range by ventilation. Secure ignition sources. Do not flush spill into confined spaces where flammable vapors can accumulate. If a spill occurs, call the National Response Center, 800-424-8802.",* Some data are undeterminable because this category considers mixture of butylenes. + Unassigned,"Essentially non-toxic at low concentrations. At higher concentrations, it can act as an anesthetic.",,45,USCG Hazardous Chemical Data,
"1,3-BUTYLENE GLYCOL","Butane-1,3-diol; 1,3-Butanediol; beta-Butyleneglycol; 1,3-Dihydroxybutane; Methyltrimethylene glycol",,BUG,CH2OHCH2CH(OH)CH3,Practically colorless; odorless liquid.,1.01,Glycol,207°C 406°F,23°C 74°F,0.06,low,3.1,complete,E: Combustible liquid,D,250,Unavailable,710,"Water, carbon dioxide or dry chemical, alcohol foam.",Cool exposed tanks with water.,Slight fire hazard when exposed to heat or flame.,"0,0,0",Unavailable,Unavailable,Unavailable,Unavailable,Unavailable,,,Vapor—remove victim to fresh air. Skin or eye contact—gently flush contaminated areas with water for 15 minutes.,Stable. Can react with oxidizing materials.,Usual materials of construction are suitable.,,,Group 20 of compatibility chart. See also Appendix I—Exceptions to the Chart.,"Avoid contact with liquid. If a spill occurs, call the National Response Center, 800-424-8802.",+ Unassigned,Not considered toxic under ordinary conditions of handling.,"Freezing point, vapor pressure, vapor density and water solubility values were not legible in the text layer for this page.",46,USCG Hazardous Chemical Data,
"1,2-BUTYLENE OXIDE","1,2-Butylene oxide, stabilized; alpha-Butylene oxide; 1,2-Epoxybutane",3022,BTO,H2COCHCH2CH3,"Colorless liquid; sharp, pungent odor",0.83,Alkylene oxide,63°C 146°F,-50°C -58°F,207,5.8,2.49,Moderate,C: Flammable liquid,B,less than -20,1.5 to 25.1%,959,"Confined—CO2. Open—Water, foam.","Cool tanks with water spray. Use water spray to ""knock down"" vapor.","Very flammable and vapors are highly flammable, even explosive. Fire or contamination may cause violent rupture of tanks. Flashback along vapor trail may occur.",Not Listed,Unavailable,Unavailable,400*,"Coughing, watering eyes, sickness of stomach, frostbitten skin.",Prolonged contact with skin causes frostbite burn.,,,"Vapor—remove victim to fresh air; if breathing has stopped, use oxygen inhalation. If ingested, make victim vomit, at least 2-3 times, and then give victim a tablespoon of Epsom salt in glass of water. Flush eyes immediately for approximately 15 minutes. Remove contaminated clothing or other wearing apparel immediately. Clothing can seldom be decontaminated. Wash skin with soap and water.","Thermodynamically unstable; decomposition is rapid. Polymerization will occur in presence of acids, bases, and certain salts.","Mild steel or stainless steel is unaffected. Storage tanks and other equipment should be absolutely dry and free from air, ammonia, acetylene, hydrogen sulfide, rust, and other contaminants.",,"Polymerization will occur in presence of acids, bases, and certain salts.",Group 16 of compatibility chart.,"Evacuate area, wear respiratory protective devices as well as impervious clothing (boots, gloves, etc.). Use large amounts of water to dilute to at least 22 parts H2O to 1 part of oxide. Leaking containers should be immersed into large amounts of water if possible. Secure ignition sources. If a spill occurs, call the National Response Center, 800-424-8802.","Use an inert gas to displace the air in the storage of butylene oxide. * Value obtained from a CG-4355 form; however, this value was not confirmed.",Irritation of eyes and respiratory tract. Overexposure will cause serious injury. Contact with eyes will cause burn. Contact with uncovered skin produces frostbite. Ingestion will cause serious illness or death.,,47,USCG Hazardous Chemical Data,
n-BUTYL ETHER,"1-Butoxy butane; Butyl ether; Dibutyl ether; Di-n-butyl ether; n-Dibutyl ether; Dibutyl ethers; Dibutyl oxide; 1,1'-Oxybis[butane]",1149,DBE,(C4H9)2O,"Colorless liquid; mild, pleasant, ether-like odor",0.767,Ethers,142°C 288°F,-95°C -140°F,4.8,,4.5,Negligible,D: Combustible liquid,C,92,1.5 to 7.6%,382,"Dry chemical, alcohol foam, CO2","Containers may explode in fire. Water may be ineffective. Cool exposed containers with water. Secure ignition sources. Wear goggles or face shield, rubber gloves.","Flammable, irritating vapors are produced. Flashback along vapor trail may occur. Vapor may explode if ignited in an enclosed area. Ground all equipment and personnel!",Unavailable,Unavailable,Unavailable,Unavailable,Inhalation causes irritation of nose and throat. Liquid irritates eyes and irritates skin or prolonged contact.,Data not available.,,,"Remove to fresh air, administer artificial respiration or oxygen as necessary. Remove contaminated clothing. Flush areas with large amounts of water. If conscious, induce vomiting. Get medical attention. SPEED IS OF PRIMARY IMPORTANCE.","Stable. However, when anhydrous (dry), tends to form explosive peroxides in air.","Iron, aluminum, stainless steel, tin, polyethylene, porcelain, glass and enamel are suitable for containers.",,,Group 41 of compatibility chart.,"Mechanically contain material and remove. Stay upwind. Wear face shield and rubber gloves, protective clothing. Beware of flashback along vapor trail. Secure ignition sources. Ground all equipment and personnel! If a spill occurs, call the National Response Center, 800-424-8802.",+ Unavailable,"Vapor irritating to eyes, nose, and throat. Liquid irritating to skin and eyes.",,48,USCG Hazardous Chemical Data,
BUTYL METHACRYLATE,"Butyl 2-methacrylate; n-Butyl methacrylate; n-Butyl alpha-methacrylate; Butyl 2-methyl-2-propenoate; Methacrylic acid, butyl ester",2227,BMN,CH2=C(CH3)COOC4H9,"Clear, colorless liquid with a typical acrylate odor",0.88,Acrylate (monomer),155°C 314°F,-33°C -29°F,3.5,Low,4.9,0.004,D: Combustible liquid,D,105,2 to 8% (estimated),562,"Carbon dioxide, dry chemical or foam",Use water spray to cool fire exposed tanks.,Heat will increase generation of toxic fumes.,"1,1,2",less than 50,Unavailable,Unavailable,Skin—mild irritation and reddening of skin. Inhalation—irritation of mucous membranes and respiratory tract.,1100 ppm for one hour.,,,"Skin—wash affected areas with plenty of water. Eyes—wash with cool water for 15 minutes. Inhalation—remove victim to fresh air. Administer artificial respiration if necessary, and then oxygen. In all cases call a doctor.",Relatively stable if properly inhibited. Exposure to oxidizers will initiate polymerization.,Stainless steel is acceptable.,,Exposure to oxidizers will initiate polymerization.,Group 14 of compatibility chart.,"Wear rubber gloves, face shield, protective clothing. Have all-purpose canister mask available. Secure all ignition sources. Clean up liquid with paper towels and burn under hood. If a spill occurs, call the National Response Center, 800-424-8802.",,Mild skin irritant. Can be absorbed through skin and lungs. Ingestion may cause serious permanent damage or death.,"Health Hazard Ratings row printed unclearly in source text ('Ie lye'); interpreted as '1,1,1' but flagged for visual confirmation. UN Number OCR'd with stray characters ('ae22t'); '2227' used as best reading.",49,USCG Hazardous Chemical Data,
iso-BUTYRALDEHYDE,iso-Butyl aldehyde; Isobutanal; Isobutylaldehyde; Isobutyraldehyde; Isobutyric aldehyde; 2-Methylpropanal,2045,BAD,(CH3)2CHCHO,Colorless liquid; pungent odor,0.79,Aldehyde,64°C 147°F,-66°C -87°F,115,5,2.48,0.1,C: Flammable liquid,C,-40,1.6 to 10.6%,433,"CO2, dry chemical, water fog, alcohol foam.",Keep tanks adjacent to fire cool with a water spray. Wear eye protection and self-contained breathing apparatus.,Fires are difficult to control because of the ease with which the vapors reignite. These vapors are readily ignited by static sparks of relatively low energy. Flashback along vapor trail may occur. Vapor may explode if ignited in an enclosed area.,"2,1,2",0.047,Unavailable,Unavailable,"Coughing, watering of eyes, and burning sensation in throat and nose. Drowsiness, incoordination, headache.",Animal experiments have shown that large doses produce depression of the central nervous system and anesthesia.,,,"Vapor—remove victim to fresh air; if breathing stops, apply artificial respiration. Oxygen, when administered by trained personnel, is helpful. Skin or eye contact—remove contaminated clothing and gently flush affected areas with water for 15 minutes. Get medical advice or attention.",Undergoes rapid oxidation to butyric acid in air.,Mild steel is unsatisfactory because of corrosive action of butyric acid.,,,Group 19 of compatibility chart.,"Wear rubber gloves, self-contained breathing apparatus, protective clothing. Avoid contact with liquid. Secure ignition sources. If possible, cover spill with sodium bisulfite. Add small amount of water and mix. Scoop up and wash away with a large excess of water, after one hour. Wash the site with soap solution. If a spill occurs, call the National Response Center, 800-424-8802.",,Irritation and burns of the skin and eyes follow contact of short duration.,,50,USCG Hazardous Chemical Data,
n-BUTYRALDEHYDE,Butaldehyde; Butanal; n-Butanal; Butyl aldehyde; n-Butyl aldehyde; Butyraldehyde; Butyric aldehyde,1129,BTR,CH3CH2CH2CHO,Colorless liquid; pungent odor.,0.82,Aldehyde,76°C 169°F,-99°C -146°F,91.5,4.8,2.48,0.065,C: Flammable liquid,C,20 (cc),2.47 to 10.6%,446,"CO2, dry chemical, water fog, alcohol foam","Fire parties should wear body and respiratory protection to guard against both inhalation and liquid contact. Keep tank cool with water spray. Fight fire from a safe distance, or from a protected location.",Fires are difficult to control because of the ease with which the vapors reignite. These vapors are readily ignited by static sparks of relatively low energy. Flashback along vapor trail may occur. Vapor may explode if ignited in an enclosed area.,"2,1,2",0.0046,Unavailable,Unavailable,"Coughing, watering of eyes, and burning sensation in throat and nose.",Animal experiments have shown that large doses produce depression of the central nervous system and anesthesia.,,,"Vapor—remove victim to fresh air; if breathing stops, apply artificial respiration. Oxygen, when administered by trained personnel, is helpful. Skin or eye contact—remove contaminated clothing and gently flush affected area with water for 15 minutes. Get medical advice or attention.",Oxidizes to butyric acid readily.,Mild steel is corroded by butyric acid formed in presence of air.,,,Group 19 of compatibility chart.,"Wear rubber gloves, self-contained breathing apparatus, protective clothing. Secure ignition sources. If possible, cover spill with sodium bisulfite. Add small amount of water and mix. Scoop up. Wash the site with soap solution. Rags used to wipe up small spills should be immersed in water or removed to a safe area without delay otherwise they may ignite spontaneously. If a spill occurs, call the National Response Center, 800-424-8802.",,Irritation and burns of the skin and eyes follow contact of short duration.,,51,USCG Hazardous Chemical Data,
n-BUTYRIC ACID,Butanic acid; Butanoic acid; Butyric acid; Ethylacetic acid; Propanecarboxylic acid; Propylformic acid,2820,BRA,CH3CH2CH2COOH,"Colorless liquid; pungent, putrid odor",0.96,Organic acid,164°C 327°F,-5°C 23°F,0,Low,3.04,Complete,E: Combustible liquid,D,175,2 to 10%,846,"Dry chemical, alcohol foam or carbon dioxide",Water may be ineffective. Wear eye protection and protective clothing.,Moderate fire hazard when exposed to heat or flame. Yields flammable vapors which form explosive mixtures.,"2,3,0",0.001,Unavailable,Unavailable,"Vapor: eye, throat, skin irritation. Liquid contact: severely irritating with moderate burns.",Eyes are seriously injured by a five percent solution of the acid.,,,"Contact with skin or eyes: immediately flush with plenty of clear running water, wash eyes for 15 minutes and get medical care; remove contaminated clothing. Inhalation: move to fresh air; if breathing is difficult, give oxygen. Get medical attention.",Can react with oxidizing material.,Storage tanks and piping can be of stainless steel or aluminum.,,,Group 4 of compatibility chart.,"Wear rubber gloves, face shield, protective clothing. Body shield and self-contained breathing apparatus should be available. Eliminate all sources of ignition. If possible, cover spill with large quantities of soda ash or sodium bicarbonate. Mix and add water if needed for good mixing. Scoop up slurry. Wash site with soda ash solution. If a spill occurs, call the National Response Center, 800-424-8802.",,Skin contact may be severely irritating or may cause moderate burns. Eyes are seriously injured by liquid contact.,,52,USCG Hazardous Chemical Data,
CAMPHOR OIL,Gum camphor; Impure camphor; Light camphor oil; Liquid camphor; White camphor oil,1130,CPO,C10H16O,"Oily liquid, colorless, brown or blue; penetrating camphor odor.",0.87 to 1.04,Ketone,~200°C ~392°F,NP,392,,np,Slight,D: Combustible liquid,D,117 (cc),Unavailable,466°C,"Foam, carbon dioxide or dry chemical",Cool exposed tanks with water.,Moderate fire hazard when exposed to heat. The solid often evaporates without first melting.,"0,1,4",Unavailable,Unavailable,Unavailable,"After swallowing, nausea and vomiting; headache, confusion; jerky movements.",Reliable data unavailable.,,,"In case of contact, flush skin or eyes with plenty of low-pressure water. Get medical attention for eye contact.",Stable. Can react with oxidizing materials.,,,,Group 18 of compatibility chart.,"Wear rubber gloves, face shield, protective clothing. Avoid contact with liquid. Secure ignition sources. Shut-off leak. Flush area with water. If a spill occurs, call the National Response Center, 800-424-8802.",+ Unavailable,"Vapors are nonirritating to the eyes and throat. If spilled on clothing and allowed to remain, smarting and reddening of the skin may result.",,53,USCG Hazardous Chemical Data,
"CAPROLACTAM SOLUTION, 80%",Aminocaproic lactam; epsilon-Caprolactam; 2-Ketohexamethylenimine; 2-Oxohexamethylenimine,,CLS,C6H11NO,"Clear light yellow, liquid; odorless",1.06,Cyclic amide,110°C 230°F,13°C 56°F,10,0.45,3.9,90% by weight,E: Combustible liquid,NA,230,LEL=1.84% UEL—Unavailable,Greater than 284,"Water, dry chemical, foam, CO2",,Toxic oxides of nitrogen may be formed in fire. Negligible hazard polymerization below 200°F.,"0,0,4",0.3 mg/m3,5,5,Inhalation causes coughing or mild irritation.,Not pertinent.,,,Inhalation—remove patient to fresh air. Eyes—wash with water for 15 minutes. Skin—wash with soap and water.,Stable.,"Non-corrosive to steel, wood, rubber, paint, cloth, or other common materials.",,Negligible hazard of polymerization below 200°F.,Group 22 of compatibility chart.,"Secure ignition sources. Spills may be flushed with water. If a spill occurs, call the National Response Center, 800-424-8802.",† Unassigned,"Slight hazard, however, toxic vapors result from thermal decomposition above 400°F. Possibility of thermal burns from hot liquid if carried at elevated temperature.",,54,USCG Hazardous Chemical Data,
CARBON DISULFIDE,Carbon bisulfide; Carbon bisulphide; Carbon disulphide; Dithiocarbonic anhydride,1131,CBB,CS2,Colorless liquid; strong disagreeable odor,1.26,Sulfide,46°C 115°F,-114°C -167°F,297,10.3,2.64,0.0022,B: Flammable liquid,No electrical equipment allowed.,-22 (cc),1.3 to 44%,212,CO2 or dry chemical,"A self-contained breathing apparatus is recommended. When burning, carbon disulfide produces sulfur dioxide, which is toxic and highly irritating. Wear full protective clothing. Fight fire from a safe distance or from a protected location.","Highly flammable liquid with unusually low autoignition temperature; contact with steam line or hot, bare electric light bulb can cause ignition. Burning releases irritating and toxic sulfur dioxide gas (SO2).","2,2,3",0.21,4/Skin,10/Skin,"Light-headedness, dizziness; prolonged contact with skin may cause burns.","1,100 ppm for 1/2 hour may cause severe symptoms and unconsciousness; 4,815 ppm for 1 hour has been reported as fatal.",,,"Remove to fresh air. Give artificial respiration if unconscious. Get medical attention as soon as possible. If breathing is difficult, administer oxygen.","Cargo tanks should be isolated from high temperature fluids. Under conditions encountered on tankships and barges, carbon disulfide is not dangerously reactive. Must be shipped with pad of inert gas.",May be slightly corrosive to metals of construction due to impurities. Softens rubber and many plastics.,,,Group 38 of compatibility chart.,"Wear rubber gloves, safety glasses, protective clothing and self-contained breathing apparatus. Have carbon dioxide fire extinguisher available. Eliminate flammables and all sources of ignition. Note the low autoignition temperature (212°F). If a spill occurs, call the National Response Center, 800-424-8802.",,Vapor harmful. Avoid skin contact with liquid.,"UN Number OCR'd as '41431' in text layer, which is not a valid UN number; standard UN number 1131 used as best reading and flagged.",55,USCG Hazardous Chemical Data,
CARBON TETRACHLORIDE,"Benzinoform; Carbon tet; Methane, tetrachloro-; Necatorina; Perchloromethane; Tetrachloromethane",1846,CBT,CCl4,Colorless liquid; sweetish odor,1.59,Halogenated hydrocarbons,76°C 168°F,-23°С -9°F,90.9,3.8,5.49,insoluble,Nonflammable; hazardous liquid,NA,Non-flammable,Non-flammable,Non-flammable,Non-flammable,Wear self-contained breathing apparatus. Cool tanks near fire with water spray.,Does not burn. Liquid or vapor in contact with hot metal can form poisonous phosgene gas.,"2,1,4",50*,2,5/Skin,Drowsiness followed by unconsciousness and by respiratory failure if exposure is prolonged.,"Little or no injury from single exposure to 300 ppm for one hour, 90 ppm for 4 hours, or 2000 ppm for 6 minutes.",,,"Vapor—remove victim to fresh air. If breathing is difficult administer oxygen. If breathing stops, apply artificial respiration. Skin or eye contact—remove contaminated clothing and gently flush affected areas with water for 15 minutes. Get medical advice or attention. DO NOT give victim any preparation containing alcohol, because it could be fatal.*",Stable.,"Becomes corrosive when in contact with water. Corrosive to most iron and copper base alloys, aluminum and rubber.",Phosgene gas (contact with hot metal).,,Group 36 of compatibility chart.,"Wear rubber gloves, self-contained breathing apparatus, and protective clothing. Avoid contact with liquid. If a spill occurs, call the National Response Center, 800-424-8802.",* Odor threshold is not considered adequate warning of potentially dangerous vapor concentrations.,Suspected carcinogen. Breathing vapor in closed space can cause serious illness. The odor threshold is not considered adequate warning of potentially dangerous vapor concentration. Prolonged or repeated skin contact may cause defatting of the skin.,"Boiling point, freezing point, vapor pressure, vapor density, and water solubility values were entirely absent from the text layer for this page (form fields appear to have rendered blank in OCR).",56,USCG Hazardous Chemical Data,
CARNAUBA WAX,Brazil wax; Myricyl cerotate,,WCA,C32H64COOC26H53,"Hard, amorphous, light yellow to greenish brown lumps; slight odor",1,Ester,,85°C 185°F,Low,Low,,Negligible,E: Combustible,NA,540 (cc),Unavailable,Unavailable,"Dry chemical, foam, or carbon dioxide",Wear breathing apparatus. Water or foam may cause frothing.,Combustible.,"0,1,0",Unavailable,Unavailable,Unavailable,Low toxicity,Low toxicity.,,,Treat burns caused by hot liquid.,Stable.,Usual materials of construction are suitable.,,,Group 34 of compatibility chart.,"Avoid contact with hot liquid. Wear goggles or face shield, protective clothing for hot liquid. Scrub, shovel or place into package of paper or other flammable material and burn in incinerator. If a spill occurs, call the National Response Center, 800-424-8802.",Normally transported at elevated temperatures. See 46 CFR 36-Elevated Temperature Cargoes. + Unavailable + Unassigned,"Virtually non-toxic, but possibility of thermal burns from hot liquid.",,57,USCG Hazardous Chemical Data,
CASTOR OIL,Neolid; Oil of Palma Christi; Ricinus oil; Tangantangan oil; Turkey-red oil (sulfated castor oil),,OCA,Not chemically distinguishable,"Pale-yellowish or almost colorless transparent, viscous liquid; faint mild odor",0.94 to 0.97,Esters,312°C 594°F,-10°C -14°F,2.04,0.1,10,Unavailable,E: Combustible liquid,NA,445 (cc),Unavailable,840,"Dry chemical, foam, or carbon dioxide",Water or foam may cause frothing. Cool exposed tanks with water.,Slight fire hazard when exposed to heat.,Unavailable,Unavailable,Unavailable,Unavailable,Non-toxic,Non-toxic,,,Non-toxic. Wash thoroughly with soap and water.,Stable at room temperature.,Usual materials of construction are suitable.,,,Group 34 of Compatibility Chart.,"Wear rubber gloves, protective clothing and face shield. If a spill occurs, call the National Response Center, 800-424-8802.",+ Unassigned,Non-toxic,,58,USCG Hazardous Chemical Data,
CAUSTIC POTASH SOLUTION,Lye; Potassium hydroxide; Potassium hydroxide solution,1814,CPS,KOH,Colorless or light yellow syrupy liquid; odorless,up to 1.54 (solid dissolved in water),Caustic,45% soln. 133°C 271°F; 50% soln. 145°C 293°F,45% soln. 29/-33°C -20/-27°F; 50% soln. -9/-33°C 48/-27°F,,,0.62,complete,Non-flammable. Classified as a corrosive liquid.,NA,None,None,None,None,"Cannot catch fire. Cool exposed tanks with water. Fire parties responding to a fire in the vicinity of caustic solutions should wear protective clothing including full face protection and rubber gloves, boots, and outer clothing.","Does not burn. It will react with many metals, giving off highly flammable hydrogen gas. If hydrogen is trapped in confined spaces, it can form explosive mixtures with air. See data sheet for hydrogen.","0,4,1",No odor,2 mg/m3,2 mg/m3,"If solution splashes on skin no pain may be felt, but hair and skin in contact with the liquid will begin to dissolve on contact.",No specific data.,,,"DO NOT DELAY! Flush affected part gently with plenty of water for at least 15 minutes. Remove contaminated shoes or clothing. Get medical attention. Wash contaminated clothing, including shoes before reuse.",Considerable heat is generated when water is added to caustic potash; boiling and spattering of hot caustic solution may result.,"Practically noncorrosive to iron and rubber at atmospheric temperatures. Attacks clothing and a few metals, such as aluminum, tin, lead, and zinc and alloys containing these metals.",,,Group 5 of compatibility chart. See also Appendix I—Exceptions to the Chart.,"Wear rubber gloves and boots, large face shield and rubber protective clothing. Avoid contact with liquid. Secure ignition sources. Neutralize with weak acid and mop up or at dock flush with excess water. If a spill occurs, call the National Response Center, 800-424-8802.",* Crystallization temp./Solidifying temp. ** In the form of a fine spray or mist. + Unavailable,"Causes severe burns of eyes, skin and mucous membranes.",,59,USCG Hazardous Chemical Data,
CAUSTIC SODA SOLUTION,Lye; Soda lye; Sodium hydroxide; Sodium hydroxide solution,1824,CSS,NaOH,"Colorless or gray, syrupy liquid; no odor",up to I.53 (solid dissolved in water),Caustic,50% soln. 148°C 298°F; 73% soln. 198°C 388°F,50% soln. 5°C 41°F; 73% soln. 62°C 144°F,1 at 47%,,NP,Complete,Non-flammable. Classified as a corrosive liquid.,NA,None,None,None,none,"Cannot catch fire. Cool exposed tanks with water. Fire parties responding to a fire in the vicinity of caustic solutions should wear protective clothing including full face protection and rubber gloves, boots, and outer clothing.","Non-flammable. It will react with many metals, giving off highly flammable hydrogen gas. If hydrogen is trapped in confined spaces, it can form explosive mixtures with air. See data sheet for hydrogen.","0,4,1",No odor,2 mg/m3,2 mg/m3,"If the solution splashes onto skin no pain may be felt, but hair and skin in contact with caustic will begin to dissolve on contact.",Unavailable.,,,"DO NO DELAY! Flush affected areas gently with plenty of water for at least 15 minutes. Remove contaminated shoes or clothing. Get medical attention. Wash contaminated clothing, including shoes before reuse.",Considerable heat is generated when water is added to caustic soda; boiling and spattering of hot caustic solution may result.,"Noncorrosive to rubber at atmospheric temperatures. Slowly corrosive to iron, copper and monel metal. Attacks clothing and a few metals, such as aluminum, tin, lead and zinc, and alloys containing these metals.",,,Group 5 of compatibility charts. See also Appendix I—Exceptions to the Chart.,"Wear rubber gloves and boots, large face shield, and rubber protective clothing. Avoid contact with the liquid. Secure ignition sources. Neutralize with weak acid and mop, or, at dock, flush with excess water. If a spill occurs, call the National Response Center, 800-424-8802.",* In the form of a fine mist or spray + Unavailable,"Causes severe damage to the eyes. On contact with the skin, severe burns with deep ulcerations and ultimate scarring may result.",,60,USCG Hazardous Chemical Data,
CHLORINE,No common synonyms.,1017,CLX,Cl2,"Greenish-yellow gas; irritating, bleach-like choking odor",1.47 at 32/39°F,Halogen,-34°C -29°F,-101°C -150°F,4590,155,2.4,1.0% at 60°F,Liquefied Compressed Gas (LCG),NA,Non-flammable,Non-flammable,Non-flammable,Non-flammable,"Chlorine tanks exposed to fire should be cooled with a water spray to decrease the buildup of pressure. If leak seems likely, emergency personnel should carry self-contained breathing apparatus so that facepiece may be donned without delay.","Chlorine is non-explosive and non-flammable. However, most combustibles will burn in chlorine, although gas is not flammable. Toxic products are generated when combustibles burn in chlorine.","4,2,4",3.5,0.5,0.5,"Vapor: coughing, choking, burning sensation in eyes and throat, and shortness of breath. Liquid: severe irritation or blistering. Frostbite can also result.",Exposure to vapor concentration of 1000 ppm for 10 minutes has caused death.,,,"Remove victim to fresh air. If breathing stops, apply artificial respiration. Oxygen, administered by trained personnel, is often helpful. If eyes are affected, wash gently with water for 15 minutes. If liquid chlorine has spilled onto the skin, remove contaminated clothing and flood the exposed area gently with water for 15 minutes. Get medical attention promptly.","Will react with many inorganic and organic compounds, usually with an evolution of heat.","Below 230 degrees F, copper, iron, lead, nickel, platinum, silver, steel and tantalum are chemically resistant to dry chlorine gas or liquid. Certain copper and ferrous alloys, including Hastalloy ""C"", monel and types 304 and 316 stainless steel also are resistant.",,,"Chlorine is unassigned in the compatibility chart. For assistance, call G-MTH-1 (202-267-1577).","Wear rubber gloves, self-contained breathing apparatus, and protective clothing. Evacuate all downwind personnel not equipped with respiratory protection. If a spill occurs, call the National Response Center, 800-424-8802.",,Gas is primarily a respiratory irritant; severe exposure can be fatal. Liquid or high concentrations of gas in contact with skin or eyes will cause local irritation or burns.,Source page carries a note: 'THIS CARGO IS PERMITTED TO BE SHIPPED IN BULK ON UNMANNED BARGES ONLY.',61,USCG Hazardous Chemical Data,THIS CARGO IS PERMITTED TO BE SHIPPED IN BULK ON UNMANNED BARGES ONLY
"CHLOROACETIC ACID, 80%","Chloroacetic acid, liquid; MCA; Monochloroacetic acid",1750,CHM,CH2ClCOOH,Colorless liquid; acidic odor,1.328,Organic acid,189°C 372°F,15°C 59°F,0.04,0.99,3.26,Complete,Non-flammable,D,non flammable,Unavailable,greater than 300,"Water spray, CO2, dry chemical, foam","Water or foam may cause frothing. Wear self-contained breathing apparatus, eye protection and protective clothing.","Non-flammable, but when heated gives off toxic gases. Decomposes to chlorine and phosgene when heated above its boiling point.","4,4,4",Unavailable,Unavailable,Unavailable,"Ingestion: acute systemic intoxication, vomiting, internal burns and perforations. Skin contact: severe, painful burns and irritation; shock. Inhalation: heated vapor painful to lungs, pneumonia, breathing problems.",Mists harmful but vapor not harmful unless liquid heated.,,,"Always call physician. Eyes: flush with water for at least 15 minutes. Skin: remove clothing, flush with large amounts of water. Ingestion: swallow several glasses of water, do not induce vomiting. Inhalation: remove to fresh air.",Reacts with strong bases. Stable at ambient temperature; decomposes to toxic gases when heated.,"Corrodes: mild steel, aluminum, copper, zinc, tin, brass, bronze. Compatible: stainless steel, polyethylene (high density)",Toxic gases (on heating).,,Group 4 of compatibility chart,"Neutralize with sodium carbonate, dilute with water. In case of material being involved, wear full-protective clothing and self-contained breathing apparatus. Spray water on containers to keep them cool. Fight fire with medium appropriate for fuel. If a spill occurs, call the National Response Center, 800-424-8802.",+ Unavailable,"Very toxic water solution, can cause permanent injury or death. Always wear protective clothing when handling.",,62,USCG Hazardous Chemical Data,
CHLOROBENZENE,"Benzene chloride; Benzene, chloro-; Chlorobenzol; MCB; Monochlorobenzene; Phenyl chloride",1134,CRB,C6H5Cl,Colorless liquid; almond-like odor,1.11,Halogenated hydrocarbon,132°C 270°F,-45°C -48°F,10,0.5,3.88,negligible,D: Combustible liquid,D,90 (cc),1.3 to 7.1%,1180,"CO2, dry chemical, water fog, foam",Supply respiratory protection to fire fighting personnel.,Burning releases toxic and irritating gases of phosgene and hydrogen chloride. Ignited by heat or open flames. Flashback along vapor trail may occur. Vapor may explode in an enclosed area.,"0,1,2",Unavailable,75,75*,"Drowsiness, twitching of extremities, and deep, rapid respiration.",Exposure for 0.5 hours to 6500 ppm or 1.0 hour to 2000 ppm would not be expected to cause death.,,,"Remove victim to fresh air; if breathing stops, apply artificial respiration. Skin or eye contact—remove contaminated clothing and gently flush affected area with water for 15 minutes. Get medical advice or attention.","Reacts vigorously with oxidizers. If heated to decomposition, toxic chlorine compounds will be given off.",Relatively non-corrosive. Attacks rubber.,Toxic chlorine compounds.,,Group 36 of compatibility chart.,"Wear rubber gloves, self-contained breathing apparatus, and protective clothing. Avoid contact with liquid. Secure ignition sources. If a spill occurs, call the National Response Center, 800-424-8802.",* Proposed change in TLV to 10 ppm.,"Vapor irritating to skin, eyes and mucous membranes.",,63,USCG Hazardous Chemical Data,
CHLORODIFLUOROMETHANE,Difluorochloromethane; Difluoromonochloromethane; Fluorocarbon 22; Freon 22; Monochlorodifluoromethane; Propellant 22; Refrigerant 22,1018,MCF,CHClF2,Colorless gas with a faint ethereal odor like carbon tetrachloride,1.18,Halogenated hydrocarbon,-41°C -42°F,-160°C -256°F,6880,212.6,2.98,Slight,Liquefied Compressed Gas (LCG),NA,Non-flammable,Non-flammable,1170,"Water, carbon dioxide, dry powder",Shut off supply of gas. Tanks exposed to fire should be kept cool with a continuous spray of water. Firefighters should wear self-contained breathing apparatus.,Decomposition gases are toxic and irritating. Weakly flammable gas.,"0,0,1",Unavailable,1000,1000,"Inhalation—asphyxiation, causing drowsiness with or without nausea. Skin contact—frostbite.",Unavailable,,,"Vapor—remove victim to fresh air; if breathing stops, apply artificial respiration. Eye contact—flood eye gently with clean sea or clean fresh water for at least 15 minutes. If the liquid has spilled onto the skin, points of contact may be frostbitten; handle gently and protect from mechanical damage. DO NOT RUB. Get medical attention.",Very stable. Decomposes slowly in presence of rust and moisture.,Usual materials of construction are suitable.,,,Group 36 of compatibility chart.,"Have all-purpose canister mask available. Avoid contact with liquid. Secure ignition sources. Evacuate all unprotected personnel. Flush spill with large quantities of water. If a spill occurs, call the National Response Center, 800-424-8802.",,Suspected carcinogen. Liquid may cause skin or eye injury similar to frostbite. Breathing vapor may cause unconsciousness without warning because of lack of oxygen.,,64,USCG Hazardous Chemical Data,
CHLOROFORM,"Formal trichloride; Methane, trichloro; Methenyl trichloride; Trichloromethane",1888,CRF,CHCl3,Colorless liquid; sweet odor,1.48,Halogenated hydrocarbon,61°C 142°F,-63°C -82°F,153,6.39,4.25,Slight,E: Combustible liquid,D,None,None,1155,None,"Keep fire exposed tanks cool with water spray. Wear eye protection, self-contained breathing apparatus and protective clothing.","Will burn only after prolonged exposure to flame or high temperatures. When heated or exposed to a flame, chloroform decomposes to form phosgene, which is highly poisonous.","2,1,2",200 to 300,2,10,Irritation of mucous membranes and skin; drowsiness.,Inhalation of 400 to 600 ppm for 30 minutes or less can prove fatal.,,,"Remove victim to fresh air; if breathing stops, apply artificial respiration. Skin or eye contact—remove contaminated clothing and gently flush affected areas with water for 15 minutes. Get medical advice or attention.","Decomposes in the presence of excess water or a high temperature to give phosgene and hydrogen chloride, which are very toxic; can become explosive in the presence of strong alkalies and water.",Non-corrosive at normal atmospheric temperatures when free of moisture. In contact with water and at high temperatures it becomes corrosive. Corrodes iron and certain other metals.,Phosgene and hydrogen chloride.,,Group 36 of compatibility chart.,"Wear rubber gloves, self-contained breathing apparatus, and protective clothing. Avoid contact with liquid. If a spill occurs, call the National Response Center, 800-424-8802.",,Suspected carcinogen. Breathing vapor in enclosed area can cause loss of consciousness. Odor threshold is higher than the TLV. Exposure to potentially dangerous vapor concentrations can occur before the product can be detected by smell.,,65,USCG Hazardous Chemical Data,
CHLOROHYDRINS (crude),crude Epichlorohydrin,@2023,CHD,CH2CHCH2Cl,"Light yellow turbid liquid; pungent, garlic odor",1.2,Epichlorohydrin,38-260°C 100-500°F,less than 0°F,5.1,0.3,,0.06,D: Combustible liquid,D,90 to 100,3.8 to 21%,804,"Water, CO2, alcohol foam and dry chemical",Wear self-contained breathing apparatus and full protective clothing. Cool exposed tanks with water. Avoid use of dry chemical if fire occurs in container with confined vent.,Ignited by heat and open flame. Burning releases hydrochloric acid fumes. Containers may explode in fire because of polymerization.,"3,3,4",<10,2/Skin*,2/Skin*,"Eye, nose, and throat irritation; headaches, nausea, vomiting.",10 ppm for 30 minutes.,,,"Vapor—remove victim to fresh air; if breathing stops, apply artificial respiration. Skin or eye contact—remove contaminated clothing and gently flush affected areas with water for 15 minutes. Get medical attention as soon as possible.",Unavailable,"Dissolves most paints, causes rubber to swell. The wet product will pit carbon steel.",,Containers may explode in fire because of polymerization.,Group 17 of compatibility chart.,"Wear rubber gloves, self-contained breathing apparatus, protective clothing. Evacuate personnel not equipped with protective clothing and respiratory protection. Shut off all ignition sources. Flush area with water spray. If a spill occurs, call the National Response Center, 800-424-8802.",* PEL and TLV based upon Epichlorohydrin. + Unavailable,"*Vapor extremely irritating. Lung injury may be delayed. Liquid causes severe burns. Absorbed by leather and causes delayed burns. NOTE: Related cargo, epichlorohydrin, is a suspected carcinogen.",,66,USCG Hazardous Chemical Data,
o-CHLORONITROBENZENE,1-Chloro-2-nitrobenzene; 2-Chloro-1-nitrobenzene; Chloronitrobenzenes; o-Nitrochlorobenzene,1578,CNO,C6H4ClNO2,Yellow solid; aromatic odor,1.4,Nitrocompounds,245°C 473°F,32°C 90°F,v low,,5.4,Insoluble,E: Combustible liquid,Unavailable,261,Unavailable,greater than 300,"Water spray, CO2, dry chemical, foam","Water or foam may cause frothing. Wear self-contained breathing apparatus, eye protection and protective clothing.","Slight hazard when exposed to heat or flame. Toxic vapors of nitric oxides (NOx), hydrogen chloride (HCl), and carbon dioxide (CO2) are given off by high temperatures or combustion.","3,2,4",Unavailable,Unavailable,1 mg/m3,"Headache, weakness, anemia, shallow respiration, convulsions, coma, cyanosis.",2 mg/m3. The effects of this poison are cumulative.,,,"Remove from exposure. If indicated give artificial respiration. Flush eyes with large amounts of water for at least 15 minutes. Wash skin with soap and water. If swallowed, give emetic, gastric lavage.","Stable. Toxic vapors of NO2, HCl, CO2 are given off by high temperatures of combustion. Reacts with caustics.",Usual materials of construction are suitable.,"NO2, HCl, CO2 (on combustion).",,Group 42 of compatibility chart.,"Soak up with a mixture of sand and soda ash (9:1). Scoop up and place in cartons and burn. Wear butyl rubber gloves, self-contained breathing apparatus, protective clothing and safety shoes. If a spill occurs, call the National Response Center, 800-424-8802.",Shipped in the molten state at 40°C. + Unavailable,"Very toxic via inhalation, ingestion. Possibility of thermal burns from hot liquid. The molten liquid is irritating to the skin. Class B poison.",,67,USCG Hazardous Chemical Data,
CHLOROSULFONIC ACID,Chlorosulfuric acid; Chlorsulfonic acid; Chlorsulfuric acid; Sulfuric chlorohydrin,1754,CSA,"HOSO2Cl, or SO3·HCl",Colorless to light liquid; pungent odor,1.79,Inorganic acid,152°C 305°F,-80°C -112°F,<1.0,0.03,4,*,Non-flammable. Classified as corrosive liquid.,B (based upon possible hydrogen gas (H2) generation should a leak or spill occur),Non-flammable.,Non-flammable.,Non-flammable.,Non-flammable.,"DO NOT USE WATER. Wear full protective clothing, including self-contained breathing apparatus. Cool adjacent tanks with water spray from a distance.","Non-flammable, but it may cause ignition by contact with combustible materials. Dangerously reactive. Explosive concentrations of hydrogen gas can accumulate inside metal tanks containing this acid. Spill in confined space may produce explosive concentration of hydrogen. See data sheet for hydrogen.","4,4,4",3,Unavailable,1,Contact of liquid with the skin can cause severe burns. Breathing the vapors will cause severe irritation and watering of the eyes.,30 ppm for 10 minutes; 10 ppm for 60 minutes.,,,"Vapor—remove victim to fresh air; if breathing stops, apply artificial respiration. Oxygen, administered by trained personnel, is often helpful. Skin or eye contact—remove contaminated clothing and gently flush affected areas with water for 15 minutes. Get medical advice or attention.",Violently reacts with water forming sulfuric and hydrochloric acids.,"Dangerously reactive. In addition to attacking many metals, the acid is a strong oxidizing agent and will react with water and organic materials with evolution of heat and large quantities of dense fumes.",,,"Chlorosulfonic acid is unassigned in the compatibility chart. For compatibility assistance, call G-MTH-1 (202-267-1577).","Wear rubber gloves, self-contained breathing apparatus, protective clothing. Avoid contact with spilled liquid. From a distance carefully flush the spill away with water. Great care must be taken as water and chlorosulfonic acid react violently forming toxic HCl fumes and sulfuric acid. Consequently, clean-up personnel should work with the wind at their backs. If water is not available or if inversion conditions prevail, apply dry sand, vermiculite ashes or powdered clay to absorb the spill. If a spill occurs, call the National Response Center, 800-424-8802.",* Reacts violently forming hydrochloric and sulfuric acids.,Vapor inhalation may cause loss of consciousness with serious damage to lung tissue. Liquid causes severe irritation and watering of the eyes.,"Boiling point, freezing point, vapor pressure, vapor density, and water solubility values were entirely absent from the text layer for this page.",68,USCG Hazardous Chemical Data,
COAL TAR,"Coal tar distillate; Crude coal tar; High temperature coal tar; Tar; Tar, liquid",1136,COR,Mixture,Dark viscous liquid; aromatic odor,1.2,Aromatic hydrocarbon,38-479°C 100-895°F,0°C 0°F,0.2-1.0,,>1.0,Below 0.2%,E: Combustible liquid,D,250 (varies according to composition),Unavailable,Unavailable,"Water spray, foam, CO2, dry chemical","Wear full protective clothing and self-contained breathing apparatus. Remove containers from fire if possible; if not possible, cool containers with water.",Moderate fire hazard when heated.,Unavailable,Unavailable,Unavailable,0.2 mg/m3,"Inhalation: headache, nausea, vomiting; irritation to respiratory tract. Skin contact: highly irritating, dermatitis; sensitizes skin to light. Eyes: vapor exposure irritating. Ingestion: vapor toxic, vomiting, mild convulsions, hypothermia, dizziness",Keep exposures below the TLV/TWA of 0.2 mg/m3.,Prolonged exposure causes cancer in animals. Known carcinogen.,,"Eye contact: flush with water for at least 15 minutes. Skin contact: remove contaminated clothing, wash affected areas with soap and water. Inhalation: remove to fresh air. Oxygen or artificial respiration as needed. Ingestion: induce vomiting, give oxygen if respiration shallow; swallow activated charcoal.",Stable. Incompatible with strong oxidizing materials.,Swells and softens rubber.,,,Group 33 of compatibility chart,"Wear protective clothing and self-contained breathing apparatus. Remove all ignition sources. Ventilate spill area if enclosed. Collect spilled liquid for proper disposition. Use absorbants for small spills; dike spill area for large spills. After spill removal, wash down spill site. Material is a serious pollution hazard. If a spill occurs, call the National Response Center, 800-424-8802.",+ Unavailable,Prolonged exposure causes cancer in animals. Known carcinogen.,,69,USCG Hazardous Chemical Data,
COAL TAR NAPHTHA,Crude solvent coal tar naphtha; High solvent naphtha; Naphtha,2553,NCT,Mixture,Colorless to pale yellow liquid with a benzene-like odor,0.86 to 0.88,Petroleum oils,93-260°C 200-500°F,0°C 32°F,3,0.13,,Negligible,D: Combustible liquid,D,100 to 107,0.8 to 6.0%,above 530,"Confined area—CO2, dry chemical. Open area—foam.","Fire parties must wear respiratory protection and rubber boots. In other respects, fight like gasoline fire. Cool exposed tanks with water spray.","Flammable, moderate fire risk.",Unavailable,5,100,100,"Dizziness, headache, drowsiness, vomiting, irritated skin, watery eyes.",Unavailable,,,"Vapor—remove victim to fresh air; if breathing is difficult, administer oxygen. If breathing stops, apply artificial respiration. Skin or eye contact—flush affected areas for 15 minutes with water. Get medical attention.",Stable.,Compatible with steel; certain rubbers and plastics are incompatible.,,,Group 33 of compatibility chart.,"Wear rubber gloves, face shield, plastic coated protective clothing. Wear self-contained breathing apparatus. Approach from up-wind side. Avoid contact with liquid. Secure ignition sources. Small spills may be flushed away with water. If a spill occurs, call the National Response Center, 800-424-8802.",+ Unavailable,Suspected carcinogen. Main hazard is vapor inhalation.,,70,USCG Hazardous Chemical Data,
COTTONSEED OIL,No common synonyms.,,OCS,Mixture of C-14 to C-16 fatty acids.,Pale yellow or yellowish-brown to dark ruby red; odorless liquid when pure,0.92,Ester,V. High,0°C 32°F,2,0.1,,Negligible,E: Combustible liquid,D,486 (cc),Unavailable,650,"Dry chemical, foam, or carbon dioxide.",Water may be ineffective on fire. Cool exposed tanks with water.,Slight fire hazard when exposed to heat or flame.,"0,1,0",None,None,None,Non-toxic,Non-toxic,,,"Non-toxic. If accidently splashed into eyes, wash eyes thoroughly with copious amounts of water.",Stable.,Usual materials of construction are suitable.,,,Group 34 of compatibility chart.,"Wear rubber gloves and face shield. Clean up excess amounts and wash residue away with water. If a spill occurs, call the National Response Center, 800-424-8802.",{ Unavailable + Unassigned,Non-toxic,,71,USCG Hazardous Chemical Data,
"CREOSOTE, COAL TAR",Coal tar creosote; Creosote from coal tar; Creosote oil; Dead oil; Heavy oil; Liquid pitch oil; Tar oil; Wash oil,,CCT,Unavailable,"Yellowish to dark green-brown; characteristic tarry, aromatic odor",1.07,Hydrocarbon (aromatic) phenol,~200-250°C ~392-482°F,,Low,Low,np,negligible,E: Combustible liquid,D,180,Unavailable,637,"Confined area—CO2, dry powder. Open area—foam, water spray.",Provide fire fighters with breathing apparatus. Water or foam may cause frothing. Do not direct water directly into a fire.,Moderate fire hazard when exposed to heat or flame.,"2,3,2",Unavailable,Unavailable,Unavailable,"Difficulty in thinking, sight impairment, difficulty walking in straight line, stammering or stuttering.",Unavailable.,,,"Inhalation: Immediately remove victim from contaminated atmosphere. If breathing is interrupted, artificial respiration should be applied immediately. A physician should be called.",Stable.,Not corrosive to iron or steel.,,,Group 21 of compatibility chart. See also Appendix I—Exceptions to the Chart.,"Wear rubber gloves, face shield, protective clothing. Have all-purpose canister mask available. Secure all ignition sources. If a spill occurs, call the National Response Center, 800-424-8802.",+ Unavailable + Unassigned,"Severe neurological disturbances when fumes are inhaled at high concentrations. Moderately toxic, skin and eye irritant.",,72,USCG Hazardous Chemical Data,
CRESOLS,"Cresol (2-, 3-, 4-); Cresylic acid; Cresylol; Hydroxymethyl benzene; Hydroxytoluene; Methylphenol (2-, 3-, or 4-); Oxytoluenes; Tar acids; Toluol (o-, m-, p-); Tricresol",2076,CRS,CH3C6H4OH,"Colorless-to-brown liquid; smells like ""Lysol"" disinfectant, sweet, tarry",1.03 to 1.05,Phenol,146-192°C 295-378°F,12 to 35°C 54 to 95°F,0.52,0.03,3.72,0.025,E: Combustible,D,178 to 187 (varies with composition and purity),LEL=1.1% UEL—unavailable,1038 to 1195,"CO2, dry chemical, foam, water fog",Full body and respiratory protection should be provided. Use water to keep fire exposed tanks cool. Use water spray to disperse vapors.,"Moderate fire hazard when exposed to heat or flame. When heated, toxic vapors are given off.","2,3,2",1 to 5,5/Skin,5/Skin,"Burning sensation in throat, nose and eyes. Burning sensation at the site of contact; skin may turn white.",Extensive skin contact may be fatal in a very short time.,,,"Vapor: Remove victim to fresh air; if breathing stops, apply artificial respiration. Skin or eye contact: remove contaminated clothing and gently flush affected area with water for 15 minutes. Get medical advice or attention.",Not dangerously reactive.,Not considered corrosive to most of the usual materials of construction.,,,Group 21 of compatibility chart.,"Wear rubber gloves, face shield, and protective clothing. Avoid contact with the liquid. Do not flush into navigable water or where it may be contacted by human beings or animals. If a spill occurs, call the National Response Center, 800-424-8802.",,Suspected carcinogens. Causes severe burns. Poisonous by skin absorption. Odor threshold is about the same as the TLV. Exposure to potentially dangerous vapor concentration can occur before the product can be detected by smell.,,73,USCG Hazardous Chemical Data,
CROTONALDEHYDE,"2-Butenal; trans-2-Butenal; Crotenaldehyde; Crotonaldehyde, stabilized; Crotonic aldehyde; beta-Methylacrolein; Propylene aldehyde",1143,CTA,CH3CH=CHCHO,Water white to yellow liquid; suffocating tarry odor,0.85,Aldehyde,102°C 216°F,-14°C -102°F,30,1.5,2.41,Slight,C: Flammable liquid,C,55,2.1% to 15.5%,450,"Alcohol foam, carbon dioxide or dry chemical.",Cool hot container surfaces with water.,"At elevated temperatures, polymerization occurs. If the polymerization takes place in a closed container, violent rupture is possible.","3,3,3",0.13,2,2,"Vapor causes eye irritation and burning skin irritation at high concentrations, and inhalation results in coughing, watering of eyes and burning of nose and throat. Liquid causes severe irritation to eyes and skin.",Unavailable.,,,"In case of skin contact, wash thoroughly with soap and water for at least 15 minutes. In case of eye contact flush with water then obtain medical aid.",May polymerize when mixed with acids or bases.,Compatible with aluminum and stainless steel.,,May polymerize when mixed with acids or bases; violent rupture possible if in a closed container.,Group 19 of compatibility chart. See also Appendix I—Exceptions to the Chart.,"Wear rubber gloves, self-contained breathing apparatus, protective clothing. Avoid contact with liquid. Secure ignition sources. Cover with sodium bisulfite (NaHSO3). Add small amount of water and mix. Scoop up. Wash site with soap solution. If a spill occurs, call the National Response Center, 800-424-8802.",,Suspected carcinogen. Vapor extremely irritating. Liquid causes severe burns. A lachrymator.,,74,USCG Hazardous Chemical Data,
CRUDE OIL,Coal oil; Mineral oil; Petroleum; Petroleum crude oil; Rock oil; Seneca oil,1267,OIL,"CnH2n+2, or CnH2n-2","Thick, heavy liquid, yellow to dark reddish-brown or black color; distinct tarry odor.",0.85 to 0.95,Hydrocarbon mixture,32-400°C 90-750°F,-45°C -50°F,1 to 3,~0.1,above 1,Negligible,C or D depending on flash point,D,-50 to +90,Unavailable,Unavailable,"CO2, dry chemical, foam, water fog.",Tanks exposed to fire should be kept cool with a water spray. Fire fighters should wear respiratory protection.,"When heated to decomposition, it emits toxic fumes. Moderate to severe.","0,1,1",Unavailable,Unavailable,Unavailable,Skin contact: skin irritation and burns.,Unavailable,,,"Wipe spilled liquid from skin, remove contaminated clothing, and wash affected areas with soap and water. For eye contact, flush with water for 15 minutes while obtaining medical attention.",Chemically stable.,Usual materials of construction are suitable.,,,Group 33 of compatibility chart.,"Wear rubber gloves, face shield, protective clothing. Have all-purpose canister mask available. Secure ignition sources. If a spill occurs, call the National Response Center, 800-424-8802.",,Liquid causes skin irritation.,,75,USCG Hazardous Chemical Data,
CUMENE,"Benzene, 1-methylethyl-; Cumol; Isopropyl benzene; (1-Methylethyl)benzene; 2-Phenyl propane",1918,CUM,C6H5CH(CH3)2,"Colorless liquid; sharp, penetrating aromatic odor",0.86,Aromatic hydrocarbon,152°C 306°F,-96°C -141°F,8,0.5,4.2,negligible,D: Combustible liquid,D,102 (cc),0.9 to 6.5%,795,"CO2, dry chemical, foam, water fog",Use water to keep fire-exposed containers cool.,Vapor forms explosive mixtures with air.,"1,1,1",1.2,50/Skin,50/Skin,Irritation of nose and throat; drowsiness.,Occasional short exposure to concentration of 400 ppm probably would not be harmful.,,,"Vapor—remove victim to fresh air; if breathing stops, apply artificial respiration. Skin or eye contact—remove contaminated clothing and gently flush affected areas with water for 15 minutes. Get medical advice or attention.",Stable. It can react with oxidizing materials.,Attacks rubber.,,,Group 32 of compatibility chart.,"Wear rubber gloves, face shield, protective clothing. Have all-purpose canister mask available. Avoid contact with liquid. Secure ignition sources. Small spills may be washed away with water. If a spill occurs, call the National Response Center, 800-424-8802.",,Vapor and liquid irritation.,Boiling point and vapor pressure values were not legible in the text layer for this page.,76,USCG Hazardous Chemical Data,
CYCLOHEXANE,"Benzene, hexahydride; Benzene, hexahydro-; Hexahydrobenzene; Hexamethylene; Hexanaphthene",1145,CHX,CH2(CH2)4CH2,"Colorless mobile liquid; sweetish odor when highly pure, pungent odor otherwise.",0.78,Saturated hydrocarbon,81°C 177°F,77°C 44°F,,3.3,2.9,Insoluble,C: Flammable liquid,D,-4,1.3 to 8.4%,500,"Foam, carbon dioxide or dry chemical","In unconfined fires, solid hose streams tend to scatter the liquid and spread the fire. Use water spray or high pressure fog to cool a burning surface and exclude air to control or extinguish fire.",When exposed to heat or flame it can react with oxidizing materials. Flashback along vapor trail may occur. Vapor may explode if ignited in an enclosed area.,"1,1,2",300,300,300,"Dizziness, nausea, vomiting, unconsciousness.",No chronic effects have been observed to occur in workers exposed to vapor concentrations in the range of 600-700 ppm.,,,"If cyclohexane is splashed into the eyes it should be flushed out immediately with copious amount of water. For over-exposure by inhalation to high vapor concentrations, remove patient to fresh air, administer oxygen therapy or artificial respiration if necessary.",Stable.,Usual materials of construction are suitable.,,,Group 31 of compatibility chart.,"Wear rubber gloves, face shield, protective clothing. Have all-purpose canister mask available. Secure ignition sources. If a spill occurs, call the National Response Center, 800-424-8802.","* Pollution Category C oil-like, 33 CFR 151.49. ** Vapor Pressure: 97.6 mmHg at 25°C.","Undesirable effects may occur from the inhalation of excessive concentrations of cyclohexane vapor, prolonged or repeated skin contact with liquid, and from liquid contamination of eyes.",Health Hazard Ratings printed as illegible characters ('4453.2') in source; left null rather than guessed.,77,USCG Hazardous Chemical Data,
CYCLOHEXANOL,Cyclohexyl alcohol; Hexahydrophenol; Hydroxycyclohexane,,CHN,CH2(CH2)4CHOH,Colorless to pale yellow oily liquid; camphor-like odor,0.94,Alcohol,161°C 322°F,24°C 27°F,1,0.1,3.5,Slight,E: Combustible liquid,D,154 (cc),Unavailable,572,"Alcohol foam, carbon dioxide, dry chemical.",Cool exposed tanks with water. Wear self-contained breathing apparatus.,Moderate fire hazard. When exposed to heat or flame it can react with oxidizing materials.,"1,2,1",Unavailable,50/Skin,50/Skin,"Vapor—irritation of mucous membranes, headache. Liquid—ulceration, thickening of skin.","3 to 5 minutes exposure to 100 ppm was objectionable, producing nose, eye, and throat irritation.",,,"Vapor—remove victim to fresh air; if breathing stops, apply artificial respiration. Skin or eye contact—remove contaminated clothing and gently flush affected areas with water for 15 minutes; 20 to 30 minutes for eye contact. Get medical attention.",Stable.,Usual materials of construction are suitable.,,,Group 20 of compatibility chart.,"Wear rubber gloves, face shield, protective clothing. Have all-purpose canister mask available. Avoid contact with liquid. If a spill occurs, call the National Response Center, 800-424-8802.",+ Unassigned,Vapor and liquid irritation. Systemic effects produced.,,78,USCG Hazardous Chemical Data,
CYCLOHEXANONE,Cyclohexyl ketone; Ketohexamethylene; Pimelic ketone,1915,CCH,CH2(CH2)4CO,Water-white to pale yellow liquid; odor reminiscent of peppermint and acetone.,0.95,Ketone,156°C 313°F,-31°C -24°F,2,0.8,3.4,light,D: Combustible liquid.,D,129,1.1 to 8.1%,788,"Alcohol foam, dry chemical, CO2","Wear full protective clothing, self-contained breathing apparatus.","Moderate fire hazard, when exposed to heat or flame.","3,2,1",0.12,25/Skin,25/Skin,"Eye, nose, and throat irritation; narcosis, salivation; depression of body temperature, respiratory rates, heart rates.","50 ppm for 3 to 5 minutes was uncomfortably irritating, particularly to the throat. Definite eye, nose and throat irritation was reported at 75 ppm.",,,"Vapor—remove victim to fresh air; if breathing stops, apply artificial respiration. Skin or eye contact—remove contaminated clothing and gently flush affected areas with water for 15 minutes. Get medical advice or attention.",Stable.,Usual materials of construction are suitable. Will attack most paints.,,,Group 18 of compatibility chart.,"If possible, wear rubber gloves, face shield, and protective clothing. Secure ignition sources. Have all-purpose canister mask available. Keep unprotected personnel upwind of contaminated area. Flush spill with water. If a spill occurs, call the National Response Center, 800-424-8802.",,Vapor inhalation irritating to mucous membranes.,,79,USCG Hazardous Chemical Data,
CYCLOHEXYLAMINE,Aminocyclohexane; Cyclohexanamine; Hexahydroaniline,2357,CHA,(CH2)5CHNH2,Colorless liquid; strong ammonia-like odor,0.865,Aliphatic amine,135°C 274°F,18°C 64°F,0.177,,3.42,Soluble,D: Combustible liquid,D,90,Unavailable,560,"Foam, CO2, dry chemical",Wear goggles and self-contained breathing apparatus. Cool exposed tanks with water.,Dangerous when exposed to heat or fire; gives off toxic fumes. Flashback along vapor trail may occur. Vapor may explode if ignited in an enclosed space.,"3,4,2",Unavailable,10,10,"Inhalation of vapors, and skin and eyes contact with liquid will cause severe burns.","Unavailable. Acute exposure causes nausea, anxiety, apprehension, slurred speech, pupilary dilation.",,,"Ingestion—do not induce vomiting. Eyes—flush with water for at least 15 minutes, get medical attention immediately. Skin—remove contaminated clothing and flush skin with large amounts of water.",Stable.,Corrosive to copper and its alloys.,,,Group 7 of compatibility chart.,"Avoid contact with liquid. Keep people away. Wear full protective clothing, self-contained breathing apparatus and rubber overclothing. Try to contain. For large spills disperse and flush. Secure ignition sources. If a spill occurs, call the National Response Center, 800-424-8802.",† Unavailable,Strongly caustic.,,80,USCG Hazardous Chemical Data,
p-CYMENE,Cymol; Dolcymene; 4-Isopropyl-1-methyl benzene; Isopropyltoluene; 4-Isopropyl toluene; p-Isopropyltoluene; Methylisopropylbenzene; 1-Methyl-4-isopropylbenzene; Methyl propyl benzene,2046,CMP,CH3C6H4CH(CH3)2,Colorless liquid; benzene-like odor,0.86,Aromatic hydrocarbon,177°C 354°F,-68°C -90°F,Low,Low,4.62,Negligible,D: Combustible liquid,D,117,0.7 to 5.6%,817,"CO2, dry chemical, water fog, foam",Fight in the same manner as any Grade D petroleum product fire. Water may be ineffective. The vapors of cymene are more toxic than those of petroleum products.,Slight explosion hazard when in the form of vapor.,"0,1,1",Unavailable,Unavailable,Unavailable,"Dizziness, headache, and nausea. The victim may act as if drunk.",Unavailable,,,"Vapor—remove victim to fresh air; if breathing stops, apply artificial respiration. Skin or eye contact—remove contaminated clothing and gently flush affected areas with water for 15 minutes. Get medical advice or attention.",Stable.,Cymene will cause rubber to swell and soften.,,,Group 32 of compatibility chart.,"Wear rubber gloves, face shield, protective clothing. Have all-purpose canister mask available. Secure ignition sources. If a spill occurs, call the National Response Center, 800-424-8802.","* Pollution Category C oil-like, 33 CFR 151.49.",High vapor concentrations are intoxicating.,,81,USCG Hazardous Chemical Data,
iso-DECALDEHYDE,"Isodecaldehyde, mixed isomers; Trimethylheptanols",,IDA,"C9H19CHO, mixture of isomers",Colorless liquid with a pleasant fruity odor,0.83,Aldehyde,197°C 387°F,-80°C -112°F,0.022,0.03,5.38,Insoluble,E: Combustible liquid,C,185,Unavailable,375,"Carbon dioxide, foam and dry chemical",Cool container surfaces with water.,This material is more of a health hazard than a fire hazard.,"1,1,1",Unavailable,Unavailable,Unavailable,"Coughing and sneezing, burning and tearing of eyes, salivation. Signs of irritation of the mucous membranes.",Unavailable,,,"Strong concentration on the skin will produce burns. Obtain medical treatment. Weaker solutions may cause discoloration, roughening and hardening. Spills on skin should be washed immediately with soap and water.",Stable.,"Compatible with aluminum, steel, stainless steel; not compatible with galvanized iron.",,,Group 19 of compatibility chart.,"Wear rubber gloves, self-contained breathing apparatus, protective clothing. Avoid contact with liquid. Cover spill with sodium bisulfite (NaHSO3). Add small amount of water and mix. Scoop up. Wash site with soap solution. If a spill occurs, call the National Response Center, 800-424-8802.",+ Unassigned,Vapor irritating to mucous membranes.,,82,USCG Hazardous Chemical Data,
iso-DECYL ACRYLATE,"Acrylic acid, isodecyl ester; Isodecyl acrylate; Isodecyl propenoate",,IAI,CH2=CHCOOC10H21,Water white liquid; pungent odor,0.89,Acrylate,121°C 250°F,-100°C -148°F,<0.01,Low,7.3,Negligible,E: Combustible liquid,D,240,Unavailable,Unavailable,"Foam, dry chemical, CO2",Water might be ineffective. Cool exposed tanks with water.,May polymerize to gummy solid. Reaction is not violent.,"1,1,1",Unavailable,Unavailable,Unavailable,Skin contact: Swelling and redness.,8 hour exposure of rats to concentrated vapors approaching saturation in air was not fatal. Inhalation causes mild irritation of nose and throat; vapor mildly irritates eyes.,,,Vapor—remove victim to fresh air. Give artificial respiration if breathing stops. Skin or eye contact—remove contaminated clothing and gently flush affected areas with water for 15 minutes. Get medical advice or attention.,Stable if inhibited.,Will swell and soften certain rubbers and soften and remove certain paints.,,Stable if inhibited; can polymerize to a gummy solid.,Group 14 of compatibility chart.,"If possible wear rubber gloves, face shield, and protective clothing. Have all-purpose canister mask available. Secure ignition sources. Flush away with water. Do not flush into confined space (such as a sewer) because of the danger of explosion. If a spill occurs, call the National Response Center, 800-424-8802.",+ Unassigned,Liquid causes swelling and redness after about 10 minutes.,,83,USCG Hazardous Chemical Data,
n-DECYL ALCOHOL,Alcohol C-10; Capric alcohol; 1-Decanol; Nonylcarbinol,,DAN (all isomers): DAX,CH3(CH2)8CH2OH,"Colorless, water white liquid; sour odor",0.83,Alcohol,233°C 451°F,7°C 45°F,v low,v low,5.3,Insoluble,E: Combustible liquid.,D,180,Unavailable,550,"Alcohol foam, carbon dioxide, dry chemical, water spray",Not pertinent,"Moderate hazard, when exposed to heat or flame; can react with oxidizing materials.","0,0,0",Unavailable,Unavailable,Unavailable,Skin and eye contact—considerable pain and irritation to eyes; skin irritation.,Unavailable,,,Eye contact—flood gently with clean water for at least 15 minutes. Skin contact—remove contaminated clothing and wash affected areas with plenty of water.,Stable.,"Mild steel is suitable for tanks, pipes, valves.",,,Group 20 of compatibility chart. See also Appendix I—Exceptions to the Chart.,"Wear rubber gloves, face shield, protective clothing. If a spill occurs, call the National Response Center, 800-424-8802.",+ Unassigned,Practically non-toxic. Handle as a detergent. Main hazard is liquid contact with eyes.,,84,USCG Hazardous Chemical Data,
DIACETONE ALCOHOL,Diacetone; 4-Hydroxy-4-methyl-2-pentone; 4-Hydroxy-4-methyl pentanone-2; 2-Methyl-2-pentanol-4-one,1148,DAA,CH3COCH2C(CH3)2OH,"Colorless to light yellow liquid; faint, pleasant odor",0.94,Ketone/Alcohol (exhibits properties of both),164°C 328°F,-50°C -58°F,1,0.07,4,Complete,E: Combustible liquid,D,126 (cc),1.8 to 6.9%,1118,"CO2, dry chemical, water fog, alcohol foam",Fire parties should be provided with respiratory protection.,"Moderate hazard, when exposed to heat or flame.","1,2,0",25,50,50,"Burning of eyes and nasal passages; dizziness, drowsiness.",150 ppm for 30 minutes.,,,"Vapor—remove victim to fresh air; if breathing stops, apply artificial respiration. Skin or eye contact—remove contaminated clothing and gently flush affected areas with water for 15 minutes. Get medical advice or attention.",Relatively stable. Can react with oxidizing materials.,Dissolves or softens many plastics.,,,Group 20 of compatibility chart. See also Appendix I—Exceptions to the Chart.,"Wear rubber gloves, face shield, protective clothing. Have all-purpose canister mask available. If a spill occurs, call the National Response Center, 800-424-8802.",,Irritating to eyes and mucous membranes. Narcotic in high concentration. Experimentally has caused anemia and damage to kidneys and liver.,,85,USCG Hazardous Chemical Data,
DIBUTYLAMINE,"1-Butanamine, N-butyl-; N-Butyl-1-butanamine; di-n-butylamine; n-Dibutylamine; di-(n-butyl)amine",2248,DBA,(C4H9)2NH,Colorless liquid; ammoniacal odor.,0.77,Alkyl amines,159°C 318°F,-51°C -60°F,2,0,4.46,Appreciable,D: Combustible liquid,C,125,LEL=1.1% UEL—unavailable,Unavailable,"Confined space—CO2, dry chemical",Use water to cool fire exposed containers. Water may be ineffective on fire. Wear goggles and self-contained breathing apparatus.,"Toxic oxides of nitrogen may form in fires. Flammable, moderate fire risk.","4,3,3",Unavailable,Unavailable,Unavailable,"Watering, redness, or burning of eyes, irritation of skin, irritation of mucous membranes.",Unavailable,,,"In case of contact with eyes and skin, immediately flush with plenty of water for at least 15 minutes. For eyes get medical attention. Remove contaminated clothing and shoes at once. Call a doctor.",Stable.,"Carbon steel, cast iron, aluminum, stainless steel, phenolic-lined steel, nickel or tinned iron are suitable materials of construction. Do not use copper or copper alloys.",,,Group 7 of compatibility chart.,"Wear butyl rubber gloves, face-shield, all-purpose canister respirator, protective clothing. Secure ignition sources. Cover with sodium bisulfate and clean up. Flush spill with large quantities of water. If a spill occurs, call the National Response Center, 800-424-8802.",,"Irritation of eyes and respiratory tracts, severe to eyes and moderate to skin after contact of short period of exposure.",,86,USCG Hazardous Chemical Data,
DI-sec-BUTYLAMINE,No common synonyms.,,,(CH3CHCH2CH3)2NH,Water white liquid; amine odor,0.75,Alkyl amines,132-135°C 270-275°F,-104°C -155°F,12,,4.5,Unavailable,C: Flammable liquid.,C,75,Unavailable,Unavailable,"Confined space: CO2, dry chemical.",Cool exposed tanks with water.,Dangerous fire risk.,"3,3,0",Unavailable,Unavailable,Unavailable,"Irritation of eyes, skin, and mucous membranes.",Unavailable,,,Flush eyes and skin with water for 15 minutes. Remove contaminated clothing and flush underlying area with water. Call a doctor as soon as possible.,Stable.,"Carbon steel, aluminum, stainless steel, nickel, tinned iron, and phenolic-lined steel are suitable materials of construction. Do not use copper or copper alloys, zinc, or galvanized steel.",,,Group 7 of compatibility chart.,"Wear butyl rubber gloves, face-shield or all-purpose canister respirator, protective clothing. Secure ignition sources. Cover with sodium bisulfate and clean up. Flush spill with large quantities of water. If a spill occurs, call the National Response Center, 800-424-8802.",# No Determination + Unavailable + Unassigned,"Irritation of eyes and respiratory tracts, severe to eyes moderate to skin after contact of short period of time.",,87,USCG Hazardous Chemical Data,
o-DICHLOROBENZENE,"Benzene, 1,2-dichloro-; 1,2-Dichlorobenzene; o-Dichlorobenzol; Dowtherm E; Orthodichlorobenzene",1591,DBO,C6H4Cl2,Colorless liquid; pleasant aromatic odor,1.3,Halogenated compound,181°C 357°F,-18°C -1°F,1,0.06,5.07,Negligible,E: Combustible liquid,D,151,2 to 9%,1198,"Water spray, dry chemical, CO2, foam.",Wear full protective clothing and self-contained breathing apparatus.,"Dangerous. When heated to decomposition, emits highly toxic chloride fumes.","2,1,1",4,50,50/Skin,"Drowsiness, unsteadiness, eye irritation, difficulty in breathing.",Painful to some at 60-100 ppm for more than a few minutes.,,,"Vapor—remove victim to fresh air; if breathing stops, apply artificial respiration. Skin or eye contact—remove contaminated clothing and gently flush affected areas with water for 15 minutes. Get medical advice or attention.",Stable.,Most rubbers are not compatible.,,,Group 36 of compatibility chart.,"If possible, wear butyl rubber gloves, self-contained breathing apparatus, protective clothing. If possible, absorb or mix with vermiculite, sodium bicarbonate or sand. This may be packaged in cardboard cartons and burned in an open pit. Wash site thoroughly with strong soap solution. If a spill occurs, call the National Response Center, 800-424-8802.",,Vapor inhalation causes moderate local irritation of nose and airway.,,88,USCG Hazardous Chemical Data,
DICHLORODIFLUOROMETHANE,"Difluorodichloromethane; F 12; Freon 12; Halon 122; Methane, dichlorodifluoro-; Propellant 12; Refrigerant 12; Ucon 12",1028,DCF,CCl2F2,"Colorless, odorless gas or liquid.",1.35 at 15°C (a liquid),Halogenated hydrocarbon,-30°C -22°F,-158°C -252°F,,132,4.17,Insoluble,Non-flammable,Unassigned,None,None,None,None,"When heated to decomposition temperature, it emits highly toxic fumes of phosgene and fluorides. Fire fighters must wear self-contained breathing apparatus and full protective clothing. Cool tanks exposed to fire with continuous water spray.",Does not burn. Toxic fumes emitted when heated to decomposition.,"0,0,1",Unavailable,1000,1000,Drowsiness with or without nausea.,"Human exposure to 100,000 ppm for a few minutes produces unconsciousness.",,,"Remove victim to fresh air; if he stops breathing, apply artificial respiration. If the liquid has spilled onto the skin, points of contact may be frostbitten; handle gently and protect from mechanical damage. DO NOT RUB. Get medical attention.",Stable.,Noncorrosive.,Phosgene and fluorides (on heating to decomposition).,,Group 36 of compatibility chart.,"Avoid contact with liquid. If a spill occurs, call the National Response Center, 800-424-8802.",* Vapor Pressure: 3800 mmHg at 16.5°.,Liquid may cause skin or eye injury similar to frostbite. Vapor not toxic but breathing it may cause unconsciousness without warning because of lack of oxygen.,,89,USCG Hazardous Chemical Data,
"1,1-DICHLOROETHANE","Asymmetrical Dichloroethane; Chlorinated hydrochloric ether; Ethane, 1,1-dichloro-; Ethylidene chloride; Ethylidene dichloride; 1,1-Ethylidene dichloride",2362,DCH,C2H4Cl2,Colorless oily liquid; chloroform-like ethereal odor,1.18,Halogenated compound,57°C 135°F,-97°C -143°F,182,7.35,3.41,Negligible,C: Flammable liquid,D,17,6 to 16%,856,"Dry chemical, foam, CO2",Water may be ineffective on fire. Keep exposed tanks cool with water spray. Provide fire fighters with protective clothing and self-contained breathing apparatus.,"When heated, toxic and highly flammable vapors are given off.","1,1,2",Unavailable,100,200,"Vapor causes eye irritation, dizziness, intoxication. Liquid causes slight irritation.",4000 ppm in 30 minutes.,,,"Remove victim to fresh air, if breathing stops, apply artificial respiration. Skin or eye contact—flush areas immediately with water for 15 minutes.","Generally stable, but decomposes when heated forming toxic and flammable vapors. Incompatible with strong oxidizers and caustics.",Usual materials of construction are suitable.,,,Group 36 of compatibility chart.,"Wear protective clothing, face shield, goggles, respiratory protection. Secure ignition sources. Water spray may be used to flush spills away. If a spill occurs, call the National Response Center, 800-424-8802.","This compound is a teratogen; 1,2-Dichloroethane is a suspected carcinogen.",Vapor irritating. Liquid slightly irritating.,,90,USCG Hazardous Chemical Data,
"2,2'-DICHLOROETHYL ETHER","Chlorex; Chloroethyl ether; bis(2-Chloroethyl) ether; bis-beta-Chloroethyl ether; DCEE; 2,2'-Dichlorodiethyl ether; Dichloroether; Dichloroethyl ether; beta,beta'-Dichloroethyl ether; sym-Dichloroethyl ether; Dichloroethyl oxide; Ethane, 1,1'-oxybis[2-chloro-; 1,1'-oxybis[2-chloro-; 1,1'-Oxybis[2-chloroethane]",1916,2DEE,ClCH2CH2OCH2CH2Cl,Colorless liquid; chloroform-like odor,1.22,Ether,178°C 352°F,-50°C -58°F,1.2,,4.9,Negligible,D: Combustible liquid,C,131 (cc),Unavailable,696,"Foam, CO2, dry chemical",Wear full protective clothing and respiratory protection.,"When heated to decomposition, it emits highly toxic fumes; it reacts with water or steam to evolve toxic or corrosive fumes.","3,2,3",Unavailable,5/Skin,5/Skin,"Nausea, irritation of eyes and nose.",500-1000 ppm causes severe irritation of the eyes and nose after brief exposure. 100 ppm produces slight nausea and irritation.,,,Remove victim to fresh air. Skin or eye contact—remove contaminated clothing and gently flush affected areas with water for 15 minutes. Get medical advice or attention.,"Stable until heated to decomposition. Will react with water or steam, and can react vigorously with oxidizing materials.",Unavailable.,,,Group 41 of compatibility chart.,"Wear rubber gloves, large heavy face shield, self-contained breathing apparatus. Secure ignition sources. Flush with large quantities of water. If a spill occurs, call the National Response Center, 800-424-8802.",† Unavailable,"Vapor is irritant to mucous membranes of eyes and nose. It affects kidneys and liver in varying degrees, and is a mild narcotic.",,91,USCG Hazardous Chemical Data,
"2,2'-DICHLOROISOPROPYL ETHER","bis(2-Chloroisopropyl)ether; Dichloroisopropyl ether; Ether, bis(2-chloro-1-methylethyl); Propane, 2,2'-oxybis[2-chloro",2490,DCI,[ClCH2C(CH3)H]2O,Colorless liquid,1.11,Ethers,187°C 369°F,-97°C -143°F,0.1,,5.9,Slight,E: Combustible liquid,NA,185,Unavailable,Unavailable,"Water, foam, CO2, dry chemical",Water to blanket fire. Wear self-contained breathing apparatus.,Liberates hydrogen chloride vapors when combustion occurs.,Unavailable,0.32 mg/l,Unavailable,Unavailable,Strong respiratory tract irritation and damage to liver and kidneys.,The lower lethal concentration for rats in 5 hours was 700 ppm.,,,"Remove immediately to fresh air. Administer artificial respiration or oxygen as necessary. For ingestion, provide immediate hospitalization.",Stable. Reacts with oxidizing materials.,"Incompatible with aluminum, copper, epoxy coatings.",,,Group 36 of compatibility chart.,"Wear self-containing breathing apparatus, full protective clothing and rubber gloves. If a spill occurs, call the National Response Center, 800-424-8802.",+ Unavailable,Skin and eye irritation by direct contact.,,92,USCG Hazardous Chemical Data,
DICHLOROMETHANE,Methylene bichloride; Methylene chloride; Methylene dichloride,1593,DCM,CH2Cl2,Colorless liquid with a chloroform-like odor,1.34,Halogenated hydrocarbons,40°C 104°F,-97°C -143°F,350,13.9,3,0.013,Non-flammable,D,None,12 to 19%,1033,"Water, foam, dry chemical CO2",Wear self-contained breathing apparatus. Cool exposed tanks with water.,"No flash point by conventional methods, but forms flammable vapor-air mixtures at 212°F and higher. Evolves phosgene, a poisonous gas, and hydrogen chloride gas when heated.","2,1,2",214,Unavailable,50,"Lightheadedness, mental confusion, nausea, vomiting and headache.","Not well established, possibly in the range of 10,000 to 20,000 ppm by volume in air. However, incoordination, dizziness and slight nausea begin after a half-hour exposure to approximately 1000 ppm.",,,"Give artificial respiration if breathing has stopped. If the eyes are involved, flush and then irrigate with large amounts of water for at least 15 minutes. If ingestion has occurred, obtain medical attention.",Stable; but contact with open flame causes decomposition.,Corrosive to aluminum and magnesium; corrosive to steel when wet.,,,Group 36 of compatibility chart.,"Avoid contact with liquid. If a spill occurs, call the National Response Center, 800-424-8802.",,Suspected carcinogen. Vapor causes anesthetic effects at high concentrations. Liquid causes skin and eye irritation. Prolonged or repeated skin contact may cause defatting of the skin and may produce dermatitis from daily contact.,"Health Hazard Ratings row printed unclearly in source text ('2) le'); interpreted as '2,1,0' but flagged for visual confirmation.",93,USCG Hazardous Chemical Data,
"2,4-DICHLOROPHENOL","Chlorophenols, liquid; Dichlorophenol; Phenol, 2,4-dichloro-",2021,DCP,C6H3Cl2OH,White to tan solid needles; colorless liquid; strong medicinal odor,1.4 at 140°F (liquid); 1.4 at 59°F (solid),Phenols,215°C 419°F,42°C 109°F,0.1,,5.6,4.5 g/l,E: Combustible liquid,D,237,Unavailable,Unavailable,"Water fog, alcohol foam, carbon dioxide, dry chemical.",Water and foam may cause frothing.,"Slight fire hazard when exposed to heat or flame. May decompose in a fire, releasing toxic products including hydrogen chloride.",Unavailable,0.02,Unavailable,Unavailable,"Irritation, burning, nausea, vomiting, diarrhea, hyperactivity, and/or convulsions.",Inhalation: Dust and vapor toxic; 15 ppm very irritating.,,,"Get medical attention. Inhalation: Remove to fresh air, rest, mouth to mouth resuscitation or oxygen if needed. Ingestion: Do not induce vomiting. Give large amounts of milk or water. Skin: Wash with water for 15 to 30 minutes. Eyes: Flush with water for at least 30 minutes.",Stable below 200°C. Reacts with acids and caustic and alkali solutions.,"Rapidly corrodes aluminum, slowly corrodes zinc, tin, brass, bronze, copper. Use stainless or mild steel with nitrogen pad (to keep dry). Linings are generally unsuitable.",,,Group 21 of the compatibility chart.,"Avoid contact, wear goggles, body covering clothing including rubber or neoprene gloves, gauntlets, and boots. Use self-contained breathing apparatus. For solid spills prevent entry into sewers or natural waterways; shovel into clean dry containers. For liquid spills, dike and let freeze, shovel into dry containers. Do not use water. Material is a serious pollution hazard. If a spill occurs, call the National Response Center, 800-424-8802.",+ Unavailable,Will irritate skin and burn eyes on short exposure. Possibility of thermal burns from hot liquid.,,94,USCG Hazardous Chemical Data,
"1,2-DICHLOROPROPANE","Dichloropropane; Propane, 1,2-dichloro-; Propylene chloride; Propylene dichloride",1279,DPP,CH3CHClCH2Cl,"Colorless liquid; sweetish, chloroform-like odor",1.16,Halogenated hydrocarbons,96°C 205°F,-80°C -112°F,40,1.9,3.89,slight,C: Flammable liquid,D,65,3.4 to 14.5%,1035,"CO2, dry chemical, foam, water fog",Keep exposed tanks cool with water spray. Provide body and respiratory protection for fire parties.,"Both the liquid and vapor, on contact with a hot surface or a naked flame, decompose to form phosgene, an extremely poisonous gas. Highly toxic hydrogen chloride gas is a combustion product.","1,1,3",Unavailable,75,75,"Headache, weakness, nausea, dizziness. Skin contact may cause dermatitis.",Short-term peak exposures of workmen to 400 to 500 ppm were tolerated without apparent ill effects.,,,"Vapor—remove victim to fresh air; if breathing stops, apply artificial respiration. Skin or eye contact—remove contaminated clothing and gently flush affected areas with water for 15 minutes. Get medical advice or attention. Symptoms may be delayed several days or longer.",Generally stable. Can react vigorously with oxidizing materials.,Corrodes aluminum.,"Phosgene, hydrogen chloride (on decomposition).",,Group 36 of compatibility chart.,"Wear rubber gloves and protective clothing. Avoid contact with liquid. Secure ignition sources. If a spill occurs, call the National Response Center, 800-424-8802.",,Skin contact can cause dermatitis. Vapor inhalation causes fatty degeneration of the liver and kidneys.,,95,USCG Hazardous Chemical Data,
"1,3-DICHLOROPROPENE","alpha-Chloroallyl chloride; gamma-Chloroallyl chloride; Dichloropropene; 1,3-Dichloropropylene; alpha,gamma-Dichloropropylene; 1-Propene, 1,3-dichloro-; Telone",2047,DPU,ClCH=CHCH2Cl,White or yellow liquid; sweet penetrating odor,1.23,Substituted allyls,104°C 219°F,-60°C -76°F,103,4,3.84,0.001,D: Combustible liquid,D,95,5.3 to 14.5%,Unavailable,"CO2, dry chemical, foam, water fog","Fire parties must wear full respiratory protection and, where danger of skin contact exists, full body protection as well.","Combustion produces toxic vapors of hydrogen chloride, phosgene, and carbon monoxide. Fire may cause violent rupture of tank.","2,2,3",1 to 3,1/Skin,1/Skin,Blisters and burns when in contact with skin. Breathing the vapors causes irritation to nose and eyes.,"Unavailable. However, it should be noted that the commercial product is a mixture of isomers. The physical properties will vary somewhat depending upon the proportion of each isomer present. The mixture should be handled in the same manner as a Class B poison.",,,"Vapor—remove victim to fresh air; if breathing stops, apply artificial respiration. Skin or eye contact—remove contaminated clothing and gently flush affected areas with water for 15 minutes. Get medical advice or attention.",Stable.,Will cause corrosion of steel if wet or at elevated temperatures; also attacks aluminum and rubber.,,,Group 15 of compatibility chart.,"Wear rubber gloves, self-contained breathing apparatus, protective clothing. Avoid contact with liquid. Secure ignition sources. If a spill occurs, call the National Response Center, 800-424-8802.",,Suspected carcinogen. Liquid is severely irritating to eyes. Vapor is a severe irritant.,,96,USCG Hazardous Chemical Data,
DICYCLOPENTADIENE,"Cyclopentadiene; 1,3-Cyclopentadiene; 1,3-Cyclopentadiene dimer; Dicy; 3a,4,7,7a-; Dicyclo-1,4-pentadiene; Tetrahydro-4,7-methanoindene",2048,DPT,C10H12,Colorless crystals or molten liquid; camphor-like odor,0.98,Olefin,166°C 331°F,33°C 91°F,1.5,0.16,4.55,insoluble,D: Combustible,C,80 to 100,0.8 to 6.3%,above 500,"Foam, carbon dioxide, dry chemical, water spray",Water may be ineffective. Keep exposed tanks cool with water spray.,"Keep away from heat, sparks and fire.","1,1,2",less than 0.003,5,5,"Inhalation—dizziness, drowsiness. Skin contact—dermatitis following prolonged contact.",1 ppm caused slight eye and throat irritation after 7 minutes. Eye irritation resulted after 10 minutes at 5.5 ppm.,,,"Vapor—remove victim to fresh air; if breathing stops, apply artificial respiration. Skin or eye contact—remove contaminated clothing and gently flush affected areas with water for 15 minutes. Get medical advice or attention.",Stable.,Usual materials of construction are suitable.,,,Group 30 compatibility chart.,"Wear rubber gloves, face shield, protective clothing. Have all-purpose canister mask available. Secure ignition sources. If a spill occurs, call the National Response Center, 800-424-8802.",,Liquid causes skin and eye irritation. Avoid prolonged or repeated breathing of vapor. Possibility of thermal burns from hot liquid.,,97,USCG Hazardous Chemical Data,
DIESEL OIL,Diesel fuel; Fuel oil no. 1-D; Fuel oil no. 2-D; Petroleum oil,1270,ODS,Not chemically distinguishable.,"Brown, slightly viscous liquid; smells like kerosene",0.8 to 0.9,Misc. hydrocarbon mixtures,232-425°C 450-800°F,-29°C -20°F,,Varies,varies,slight,D or E depending on flash point,D,110 to 190,1.3 to 6.0%,494,"CO2, dry chemical, foam, water fog",Water or foam may cause frothing. Do not direct water directly into fire.,"Diesel fuel, due to its elevated flash point, will generally not constitute a fire hazard. Keep away from heat or flame.",Unavailable,Unavailable,Unavailable,Unavailable,"Ingestion causes irritation of stomach and intestines with nausea and vomiting. Inhalation: headache, stupor.",Unavailable,,,"Vapor—remove victim to fresh air; if breathing stops, apply artificial respiration. Skin or eye contact—remove contaminated clothing and gently flush affected areas with water for 15 minutes. Get medical advice or attention.",Stable.,Usual materials of construction are suitable.,,,Group 33 of compatibility chart.,"Wear rubber gloves, protective clothing. Have respiratory protection available. Secure ignition sources. Soak up with rags, paper, or dry vermiculite. If a spill occurs, call the National Response Center, 800-424-8802.",* Vapor Pressure: 2.6 mmHg at 50°C.,Inhalation of high concentrations of vapor can cause headache and stupor. Liquid is irritating to the skin.,,98,USCG Hazardous Chemical Data,
DIETHANOLAMINE,"Diethylolamine; 2,2'-Dihydroxydiethylamine; Di-(2-hydroxyethyl)amine; bis(Hydroxyethyl)amine; bis(2-Hydroxyethyl)amine; 2,2'-Iminobisethanol; 2,2'-Iminodiethanol",,DEA,(HOCH2CH2)2NH,"Thick, colorless liquid; ammonia-like odor",1.09,Amine,268°C 514°F,28°C 82°F,<0.1,0.97,3.65,Complete,E: Combustible liquid,D,280,1.6% (calculated) to 9.8% (estimated),1224,"CO2, dry chemical, water fog, alcohol foam",Water or foam may cause frothing. Provide fire fighters with self-contained breathing apparatus and protective clothing.,Slight fire hazard when exposed to heat or flame. Irritating vapors are generated when heated.,"2,2,2",Unavailable,3,3,Itching or burning at points of contact.,Unavailable,,,Skin or eye contact—remove contaminated clothing and gently flush affected areas with water for 15 minutes. Get medical advice or attention.,Relatively stable.,Avoid copper and its alloys.,,,Group 8 of compatibility chart.,"Wear butyl rubber gloves, face-shield or all-purpose canister respirator, protective clothing. May cover with sodium bisulfate, spray with large excess of water and wash up. If a spill occurs, call the National Response Center, 800-424-8802.","Since the pure material is solid at ambient temperatures, diethanolamine may be carried in aqueous solution or at elevated temperature to keep it liquid. + Unassigned",Liquid is irritating to skin and highly corrosive to eyes. Avoid inhalation of high vapor concentrations.,,99,USCG Hazardous Chemical Data,
DIETHYLAMINE,DEN; N-Ethylethanamine,1154,DEN,(C2H5)2NH,Colorless liquid; ammonia-like odor,0.71,Amine,56°C 132°F,-50°C -58°F,20.4,0.7,2.5,Complete,C: Flammable liquid,C,-24,1.8 to 10.1%,594,"CO2, dry chemical or alcohol foam",Provide fire fighters with self-contained breathing apparatus and protective clothing.,Extremely flammable. Dangerous when exposed to heat or flame. Vapors are heavier than air and may travel considerable distance to an ignition source and flashback. Irritating vapors are generated when heated.,"3,2,2",0.14,10,10,Liquid causes eye injury and skin irritation.,100 ppm for 30 minutes.,,,"In case of contact with eyes or skin, immediately flush with plenty of water for at least 15 minutes; for eyes get medical attention. Remove contaminated clothing and shoes at once.",Stable.,Steel and stainless steel are compatible. Copper and its alloys should not be used.,,,Group 7 of compatibility chart.,"Wear butyl rubber gloves, face-shield or all-purpose canister respirator, protective clothing. Secure ignition sources. Cover with sodium bisulfate and clean up. Flush spill with large quantities of water. If a spill occurs, call the National Response Center, 800-424-8802.",,Liquid very irritating on contact and is toxic by skin absorption. Vapor causes severe irritation of nose and respiratory passages.,,100,USCG Hazardous Chemical Data,
DIETHYLBENZENE,"Diethylbenzene (1,2-, 1,3- or 1,4-); Diethylbenzene, m- or o- isomers",2049,DEB,C6H4(C2H5)2,Colorless liquid; benzene-like odor,0.87,Aromatic hydrocarbon,182°C 360°F,-43°C -45°F,1,0.05,4.62,Negligible,D: Combustible liquid,D,133,Unavailable,806,"CO2, dry chemical, foam, water fog",Fight in the same manner as any Grade D petroleum product fire. Firefighter should wear respiratory protection.,"Moderate hazard, when exposed to heat or flame.","1,1,1",Unavailable,Unavailable,Unavailable,"Headache, dizziness, nausea",Unavailable,,,"Vapor—remove victim to fresh air; if breathing stops, apply artificial respiration. Skin or eye contact—remove contaminated clothing and gently flush affected areas with water for 15 minutes. Get medical advice or attention. The effects of inhalation may be delayed.",Relatively stable. Can react with oxidizing materials.,"Rubber, on long immersion, will first swell, then soften.",,,Group 32 of compatibility chart.,"Avoid contact with liquid. Secure ignition sources. If a spill occurs, call the National Response Center, 800-424-8802.",Usually shipped as a mixture of isomers; the ortho and para forms will predominate.,Vapor harmful.,"Health Hazard Ratings row printed unclearly in source text ('1; 191'); interpreted as '1,1,1' but flagged for visual confirmation.",101,USCG Hazardous Chemical Data,
DIETHYLENE GLYCOL,"DEG; Diglycol; Dihydroxydiethyl ether; 2,2'-Dihydroxyethyl ether; bis(2-Hydroxyethyl)ether; 3-Oxa-1,5-pentanediol; 2,2'-Oxybisethanol; 2,2'-Oxydiethanol",,DEG,(CH2CH2OH)2O,"Colorless, syrupy liquid; slight odor",1.12,Glycol ethers,244°C 472°F,-6°C 21°F,vlow,V.Low,3.66,Complete,E: Combustible liquid,C,255,1.6 to 10.8%,444,"CO2, dry chemical, alcohol foam, water spray",Water or foam may cause frothing. Do not direct water directly into fire.,"Slight hazard, when exposed to heat or flame; can react with oxidizing materials.","0,0,1",Unavailable,Unavailable,Unavailable,Skin which has come into contact with the liquid may burn or itch.,Unavailable.,,,"Eye or skin contact—flush affected area gently with water for 15 minutes. For eye contact, or if skin is blistered or peeled, get medical attention.",Stable.,Compatible with most materials of construction.,,,Group 40 of compatibility chart.,"Wear rubber gloves, face-shield, protective clothing. Avoid contact with liquid. If a spill occurs, call the National Response Center, 800-424-8802.",+ Unassigned,"Under ordinary conditions of handling, not considered toxic.",,102,USCG Hazardous Chemical Data,
DIETHYLENE GLYCOL BUTYL ETHER,Butoxydiethylene glycol; 2-(2-Butoxy ethoxy) ethanol; Butyl Carbitol; Butyl diglycol; Butyl dioxitol; Diglycol monobutyl ether; Dowanol DB; Ektasolve DB Solvent,,DME,C4H9OCH2CH2OCH2CH2OH,Colorless liquid; faint pleasant odor.,0.95,Glycol ether,231°C 448°F,-68°C -90°F,V.Low,V.Low,5.5,complete,E: Combustible liquid,C,172,Unavailable,442,"Confined area—CO2, dry chemical. Open area-polar solvent foam",Water spray may cause frothing.,Moderate fire hazard when exposed to heat or flame.,"1,0,1",Unavailable,Unavailable,Unavailable,Liquid—slightly painful and irritating to eyes; repeated skin contact causes slight irritation. Vapor—eye irritation.,Unavailable,,,Liquid—flush with water. Vapor inhalation—remove victim to fresh air.,Stable.,Mild steel and stainless steel are suitable. Certain rubbers and plastics are unsuitable.,,,Group 40 of compatibility chart.,"Avoid contact with liquid. Secure ignition sources. Absorb on paper towel and vermiculite. If a spill occurs, call the National Response Center, 800-424-8802.",† Unassigned,Slight eye irritation. Low toxicity.,,103,USCG Hazardous Chemical Data,
DIETHYLENE GLYCOL ETHYL ETHER,Carbitol solvent; Dowanol DE; Ektasolve DE Solvent; Ethoxy diglycol; 2-(2-Ethoxyethoxy)ethanol,,DGE,HOCH2CH2OCH2CH2OC2H5,Colorless liquid; mild pleasant odor,1.03,Glycol ether,202°C 396°F,-76°C -105°F,Low,Low,4.62,Complete,E: Combustible liquid,C,205,LEL=1.2% UEL=8.5% (est.),400,"Dry chemical, alcohol foam or carbon dioxide.",Cool exposed tanks with water.,Moderate hazard when exposed to heat.,"0,0,0",Unavailable,Unavailable,Unavailable,None expected with normal use.,Unavailable.,,,Vapor—remove victim to fresh air. Skin or eye contact—remove contaminated clothing and gently flush affected area with water for 15 minutes. Get medical advice for eye contact.,Stable. Can react with oxidizing materials.,Usual materials of construction are suitable.,,,Group 40 of compatibility chart.,"Avoid contact with liquid. Secure ignition sources. Absorb on paper towel and vermiculite. If a spill occurs, call the National Response Center, 800-424-8802.",+ Unassigned,Strong ingestive toxin. Mild local irritant. Under ordinary conditions of handling not considered toxic.,,104,USCG Hazardous Chemical Data,
DIETHYLENE GLYCOL METHYL ETHER,Dowanol DM; Ektasolve DM Solvent; 2-(2-Methoxyethoxy)ethanol; Methyl Carbitol,,DGM,CH3OCH2CH2OCH2CH2OH,Colorless liquid with a mild pleasant odor,1.03,Glycol ether,193°C 379°F,-84°C -120°F,0.2,0.01,4.14,complete,E: Combustible liquid,C,200,LEL=1.2% UEL—unavailable,Unavailable,"Water, carbon dioxide, dry chemical, or alcohol foam",Cool exposed tanks with water.,Moderate fire hazard when exposed to heat or flame.,"0,0,0",Unavailable,Unavailable,Unavailable,Liquid may irritate eyes.,Unavailable.,,,Vapor—remove victim to fresh air. Skin or eye contact—remove contaminated clothing and gently flush affected area with water for 15 minutes. Get medical advice for eye contact.,Stable. Can react with oxidizing materials.,Usual materials of construction are suitable.,,,Group 40 of compatibility chart.,"Avoid contact with liquid. If a spill occurs, call the National Response Center, 800-424-8802.",† Unassigned,Not considered toxic under ordinary conditions of handling.,,105,USCG Hazardous Chemical Data,
DIETHYLENETRIAMINE,"bis(2-Aminoethyl)amine; 2,2'-Diaminodiethylamine",2079,DET,NH2CH2CH2NHCH2CH2NH2,Thick yellow liquid; ammonia-like odor.,0.95,Amine,207°C 404°F,-39°C -38°F,low,0.02,3.48,complete,E: Combustible liquid,D,215,1 to 10% (calculated),750,"CO2, dry chemical, alcohol foam, water fog.",Water increases the amount of vapor produced. Fire parties should wear body and self-contained breathing apparatus.,At ambient temperatures the fire hazard is low. Irritating vapors are generated when heated.,"2,2,2",10,1,1/Skin,"Throat irritation, nausea, wheezing breath. Liquid contact can cause serious eye and skin burns and severe allergic reactions.",Unknown. No animal deaths followed on 8-hour exposure to saturated vapors at room temperature.,,,"Vapor—remove victim to fresh air; if breathing stops, apply artificial respiration. Oxygen, administered by trained personnel, is helpful. Skin or eye contact—remove contaminated clothing and gently flush affected areas with water for 15 minutes. Get medical advice or attention.",Stable. Water dilution will evolve toxic vapors.,Corrodes copper and its alloys.,,,Group 7 of compatibility chart. See also Appendix I—Exceptions to the Chart.,"Wear rubber gloves, face-shield or all-purpose canister mask, and protective clothing. Avoid contact with the liquid. May cover with sodium bisulfate, spray with large excess of water and wash up. If a spill occurs, call the National Response Center, 800-424-8802.",,Liquid causes severe burns. Vapor is irritating.,,106,USCG Hazardous Chemical Data,
DIETHYLETHANOLAMINE,"DEAE; Diethylaminoethanol; 2-Diethyl amino ethanol; 2-N-Diethylamino ethanol; 2-Diethyl aminoethyl alcohol; beta-Diethylaminoethyl alcohol; N,N-Diethylethanolamine; Diethyl-(2-hydroxyethyl)amine; 2-Hydroxytriethyl amine",2686,DAE,(C2H5)2NC2H4OH,Colorless liquid; weak ammonia-like odor,0.88,Amine,163°C 325°F,Pour point -78°C -108°F,1,,4.03,complete,D: Combustible liquid,C,126,7 to 12%,Unavailable,"Dry chemical, CO2, alcohol foam, water fog",Cool exposed tanks with water. Provide fire fighters with self-contained breathing apparatus and protective clothing.,Moderate fire hazard when exposed to heat or flame. Toxic and irritating gases may be generated.,"1,1,3",0.04,10/Skin,10/Skin,"Vapors cause nausea, vomiting, respiratory irritation. Liquid causes eye and skin irritation.",500 ppm in 30 minutes; 200 ppm is toxic to central nervous system.,,,"Remove victim to fresh air, if breathing stops administer artificial respiration. Immediately flush with large amounts of water for 15 minutes, get medical attention.",Can react with oxidizers and strong acids.,"Incompatible with zinc, galvanized iron, copper, and copper alloys.",,,Group 8 of compatibility chart.,"Wear protective clothing, goggles, gloves. Secure ignition sources. Cover with sufficient quantities of sodium bisulfate and sprinkle water. If a spill occurs, call the National Response Center, 800-424-8802.",† Unavailable,"Vapor irritating to eyes, mucous membranes. Liquid irritating to skin.",,107,USCG Hazardous Chemical Data,
DIETHYL SULFATE,"Ethyl sulfate; Sulfuric acid, diethyl ester",1594,DSU,(C2H5)2SO4,Colorless oily liquid; peppermint odor,1.18,Ester,208°C 406°F,-24°C -11°F,0.019,V.Low,5.3,Soluble,E: Combustible liquid,D,220,4.1 to 12.4% (estimate),817,"Alcohol foam, CO2, dry chemical","Water or foam may cause frothing. Do not direct water directly into fire. Wear self-contained breathing apparatus, gloves.",Low hazard when exposed to fire or flame.,,,,,Highly irritating to skin and mucous membranes. Burns are caused on prolonged contact. Nausea and vomiting.,Animal studies showed the lowest lethal concentration to be 250 ppm for 4 hours. Serious illness may result from prolonged contact.,,,Remove victim to fresh air. Administer artificial respiration or oxygen as necessary. Irrigate eyes with water. Wash skin with soap and water. Get medical advice or attention.,Decomposes to form ethyl ether; water slowly decomposes substance to form sulfuric acid. Incompatible with strong alkalies.,"Aluminum, zinc, galvanized iron, lead, nickel or copper and its alloys should not be used. Phenolic-lined or stainless steel are suitable.","Ethyl ether, sulfuric acid.",,Group 34 of compatibility chart.,"Wear protective clothing, self-contained breathing apparatus, gloves. Soak up small spills with absorbent or soda ash. Wash large spills with water. If a spill occurs, call the National Response Center, 800-424-8802.",* Begins to decompose below its boiling point. † Unavailable,Highly toxic by ingestion and inhalation. Strong irritant. Decomposition liberates ethyl ether and sulfur oxides.,Health Hazard Ratings row (rating/odor threshold/PEL/TLV values) was blank in the text layer for this page.,108,USCG Hazardous Chemical Data,
DIISOBUTYLAMINE,"N-(2-Methylpropyl)amine; N,N-bis(2-Methylpropyl)amine; 1-Propanamine, 2-methyl-",2361,DBU,C8H19N,Water white liquid; amine odor,0.745,Amines,139°C 283°F,-77°C -107°F,10,0.29,4.46,Slight,D: Combustible liquid,C,84,Unavailable,Unavailable,"Alcohol foam, CO2, dry chemical",Full respiratory protection as well as body protection.,Highly dangerous when exposed to heat or flame,"3,4,3",Unavailable,Unavailable,Unavailable,Irritation of lungs and respiratory tract. Skin-light irritation to burns.,Exposures greater than 100 ppm will produce irritation of respiratory tract. Pulmonary edema may result.,,,"Remove to fresh air. Give artificial respiration or oxygen as necessary. Skin, eyes—flush immediately with water for at least 15 minutes. Remove contaminated clothing at once.",Stable.,Will dissolve paint and most plastic materials.,,,Group 7 of compatibility chart.,"Wear self-contained breathing apparatus, full protective clothing and rubber gloves. Avoid contact with liquid. Secure ignition sources. If a spill occurs, call the National Response Center, 800-424-8802.",,Liquid causes burns and eye injury.,,109,USCG Hazardous Chemical Data,
DIISOBUTYL CARBINOL,"2,6-Dimethyl-4-heptanol; sec-Nonyl alcohol",,DBC,[(CH3)2CHCH2]2CHOH,"Colorless, oily liquid with a characteristic odor",0.81,Alcohol,178°C 352°F,-65°C -85°F,0.3,0.06,4.98,Slight soluble,E: Combustible liquid,D,165,0.8 to 6.1% at 212°F,494,"Carbon dioxide, dry chemical, alcohol foam",Not pertinent,"Moderate hazard, when exposed to heat or flame.","1,1,1",Unavailable,Unavailable,Unavailable,"Vapor causes eye, nose, and throat irritation. Liquid contact causes redness, flaking, cracking.",Eye irritation at less than 5 ppm. Nose and throat irritation at 10 ppm.,,,Vapor—remove victim to fresh air. Skin or eye contact—remove contaminated clothing and flush affected areas with water for 15 minutes. Get medical advice.,Stable. Can react with oxidizing materials.,Usual materials of construction are suitable.,,,Group 20 of compatibility chart.,"Avoid contact with liquid. If a spill occurs, call the National Response Center, 800-424-8802.",+ Unassigned,Low toxicity.,Health Hazard Ratings printed as illegible characters ('Agta') in source; left null rather than guessed.,110,USCG Hazardous Chemical Data,
DIISOBUTYLENE,"Diisobutene; Diisobutylene, isomeric comp's; 2,4,4-Trimethyl pentene-1; 2,4,4-Trimethyl pentene-2; Trimethyl pentene",2050,DBL,C8H16,Water white liquid; typical organic odor.,0.72,Olefin,102°C 215°F,-93°C -136°F,,1.6,3.97,Insoluble,C: Flammable liquid,D,20,LEL=0.9% (est.) UEL—unavailable,788,"Foam, carbon dioxide, or dry chemical",Cool exposed tanks with water. Water may be ineffective on fire.,Dangerous when exposed to heat or flame. Flashback along vapor trail may occur. Vapor may explode if ignited in an enclosed area.,"0,1,0",Unavailable,Unavailable,Unavailable,"Headache, nausea, weakness, mental depression, inability for sustained attention.",Irritant and narcotic in high concentration. Has caused liver damage in test animals.,,,Vapor—remove victim to fresh air. Administer artificial respiration if necessary. Skin—wash with copious amounts of water. Call a doctor.,Will not spontaneously decompose.,Usual materials of construction are suitable.,,,Group 30 of compatibility chart.,"Avoid contact with liquid. Secure ignition sources. If a spill occurs, call the National Response Center, 800-424-8802.",* Vapor Pressure: 67 mmHg at 35°C.,"Slight vapor hazard, and slight skin irritant.",,111,USCG Hazardous Chemical Data,
DIISOBUTYL KETONE,"DIBK; sym-Diisopropylacetone; 2,6-Dimethyl-4-heptanone; Isovalerone; Valerone",1157,DIK,[(CH3)2CHCH2]2CO,Colorless liquid; mild odor,0.81,Ketone,168°C 334°F,-41°C -42°F,1,0.21,4.9,Negligible,D: Combustible liquid,D,140,0.8 to 6.2%,745,"Carbon dioxide, dry chemical, alcohol foam",Wear self-contained breathing apparatus. Cool fire-exposed tanks with water. Water may be ineffective on fire.,Moderate fire hazard when exposed to heat or flame.,"2,1,1",Unavailable,25,25,"Redness or irritation of skin; irritation of eye, nose and throat.","Animal tests show minor skin irritation, traces of eye injury. Inhalation resulted in 33% death rate in 8 hours, on test.",,,"Inhalation: Remove victim to fresh air; if breathing stops, apply artificial respiration. Skin or eye contact: Flush affected areas for 15 minutes with water. Get medical advice or attention.",Stable. Can react with oxidizing materials.,Mild steel can be used.,,,Group 18 of compatibility chart.,"If possible, wear rubber gloves, face shield, and protective clothing. Secure ignition sources. Have all-purpose canister mask available. Keep unprotected personnel upwind of contaminated area. Flush with water. If a spill occurs, call the National Response Center, 800-424-8802.",,Fairly toxic if inhaled; minor skin irritation.,,112,USCG Hazardous Chemical Data,
DIISOPROPANOLAMINE,"2,2'-Dihydroxydipropylamine; DIPA; 1,1'-Iminodi-2-propanol",,DIP,(CH3CHOHCH2)2NH,White crystalline solid or colorless molten liquid; ammonia-like odor,0.98 at 42°C,Alkanolamines,249°C 480°F,42°C 108°F,0,0,4.59,Complete,E: Combustible,D,260,1.1 to 5.4%,580,"Carbon dioxide, dry chemical, alcohol foam.",Wear self-contained breathing apparatus and full protective clothing. Water may be ineffective on fire; water or foam may cause frothing.,Slight fire hazard when exposed to heat. Material kept at 120°-140°F for ease of handling. High temperature evolve ammonia and other toxic vapors.,"2,2,2",Unavailable,Unavailable,Unavailable,Liquid: skin irritation.,Breathing the mist generated from the chemical held at 338°F was not fatal to animals in an 8 hour exposure.,,,"If eyes are splashed with diisopropanolamine, wash with water immediately. Obtain medical aid.",Chemically stable. Upon heating breaks down into original starting materials.,No action on common materials at ambient conditions. Copper or copper alloys should not be used.,,,Group 8 of compatibility chart.,"Wear full face shields or goggles with side shield, or equivalent. Wear rubber gloves and protective clothing. Avoid contact with liquid which can cause thermal burns. If a spill occurs, call the National Response Center, 800-424-8802.",+ Unassigned,Slight skin irritation from contact. Slight vapor irritation. Principal hazard is to eyes. Wear eye protection. Possibility of thermal burns from hot liquid.,,113,USCG Hazardous Chemical Data,
DIISOPROPYLAMINE,DIPA; N-(1-Methylethyl)-2-propanamine,1158,DIA,[(CH3)2CH]2NH,Colorless liquid; amine odor,0.72,Amine,84°C 183°F,-96°C -92°F,70,2.5,3.5,Complete,C: Flammable liquid,C,30,Unavailable,600,"Alcohol foam, CO2, dry chemical",Water may be ineffective. Wear eye protection and self-contained breathing apparatus.,Dangerous. Keep away from heat and open flame. Toxic oxides of nitrogen may form in fires. Flashback along vapor trail may occur. Vapor may explode if ignited in an enclosed area.,"3,2,4",Unavailable,5/Skin,5/Skin,"Eye, skin, and respiratory irritation.","Death results at 2200 ppm, or from repeated exposures of 260 ppm; nausea and impairment of vision occur between 25 and 50 ppm.",,,"Remove victim to fresh air. Apply artificial respiration, if breathing stops. Skin or eye contact—remove contaminated clothing and gently flush affected area with water for 15 minutes. Get medical advice or attention.",Stable.,Avoid copper and copper alloys.,,,Group 7 of compatibility chart.,"If possible, wear butyl rubber gloves, face shield or all-purpose canister respiratory protection, protective clothing. Secure ignition sources. Cover with sodium bisulfate and clean up. Flush spill with large quantities of water. If a spill occurs, call the National Response Center, 800-424-8802.",,Liquid irritating to skin and eyes on contact. Inhalation of fumes can cause pulmonary edema.,,114,USCG Hazardous Chemical Data,
DIMETHYLAMINE,"Dimethylamine, anhydrous; DMA; Methanamine, N-methyl-; N-Methylmethanamine",1032,DMA,(CH3)2NH,Colorless gas; fish-like or ammonia-like odor,0.68 at 7°C (a liquid),Amine,7°C 45°F,-96°C -141°F,1900,45,1.55,Appreciable,Liquefied Flammable Gas (LFG),C,Flammable gas; solutions of 5% or more are considered flammable liquids,2.8 to 14.4%,756,"Stop flow of gas; CO2, dry chemical, water fog",Use of foam is not recommended. Tanks exposed to fire should be cooled with a water spray. Firefighting personnel should be provided with self-contained breathing apparatus and body protection.,"Unless the flow of gas can be stopped, putting out a dimethylamine fire will permit an explosive vapor concentration to accumulate. Extremely flammable. Vapors are eye, skin and respiratory irritants.","3,2,3",0.047,10,10,"Eye irritation; irritation to nose and throat, coughing and sneezing; headache, nausea",20 ppm for 5 minutes.,,,"Vapor—remove victim to fresh air; if breathing stops, apply artificial respiration. Oxygen, administered by trained personnel, is often helpful. Skin or eye contact—immediately flood affected areas gently with water. Remove contaminated clothing and continue to flush affected area for 15 minutes. Get medical attention.",Stable. DMA is highly reactive with other material.,"Steel is a suitable construction material. Copper, aluminum, and their alloys, magnesium, zinc and galvanized metal are attacked readily and should not be used.",,,Group 7 of compatibility chart.,"Wear butyl rubber gloves, all-purpose canister respirator, protective clothing. Avoid contact with liquid. Secure ignition sources. Flush spill with large quantities of water. For a gas leak from a faulty tank, keep concentration of gas below the explosive mixture range by forced ventilation. If a spill occurs, call the National Response Center, 800-424-8802.",,,,115,USCG Hazardous Chemical Data,
"DIMETHYLAMINE SOLUTION, 40%","Methanamine, N-methyl-; N-Methyl methanamine, 40%",1160,DMG,(CH3)2NH,"Clear, colorless liquid; ammoniacal, fishy odor",0.892,Aliphatic amines,54°C 129°F,-37°C -35°F,170,6.9,1.55,Appreciable,C: Flammable liquid,B,-1 (cc),2.8 to 14.4% (anhydrous),752 (anhydrous),"Water fog, CO2, dry chemical, alcohol foam",Use water fog to protect personnel and cool containers. Wear protective clothing and self-contained breathing apparatus.,Vapor is extremely flammable. Flashback along vapor trail may occur. Vapor may explode if ignited in an enclosed area.,"3,2,3",0.6,10,10,"Vapor causes sneezing, coughing, pneumonitis, pulmonary edema. Liquid burns skin, eyes, mouth, throat.",Vapor very irritating above 10 ppm.,,,"Get medical attention. Inhalation: Remove to fresh air, rest, give mouth to mouth resuscitation or oxygen if needed. Ingestion: Do not induce vomiting. Skin contact: Flush skin and eyes for at least 15 minutes.","Generally stable; reacts with acids, strong oxidizers. Can explode in contact with mercury if ammonia present, so keep mercury thermometers and similar instruments away.","Suitable: Stainless steel, mild steel, iron. Unsuitable: (Corrosive) Aluminum, copper, zinc, brass, bronze.",,,Group 7 of compatibility chart.,"Avoid contact, do not breath vapor. Wear protective clothing (face shield, hard hat, goggles, rubber gauntlet gloves, apron, boots). Use self-contained breathing apparatus if needed. Do not flush into sewers; dike and remove, then flush spill area with water. Secure all ignition sources. If a spill occurs, call the National Response Center, 800-424-8802.",,"Vapor very irritating, liquid causes burns.",,116,USCG Hazardous Chemical Data,
"DIMETHYLAMINE SOLUTION, 50%","Methanamine, N-methyl-; N-Methyl methanamine, 50%",1160,DMY,(CH3)2NH,"Clean, colorless liquid; ammoniacal, fishy odor",0.863,Aliphatic amines,45°C 113°F,-43°C -46°F,316,,1.55,Appreciable,A: Flammable liquid*,B,-9,2.8 to 14.4% (anhydrous),752 (anhydrous),"Water fog, CO2, dry chemical, alcohol foam",Use water fog to protect personnel and cool containers. Wear protective clothing and self-contained breathing apparatus.,Vapor is extremely flammable. Flashback along vapor trail may occur. Vapor may explode if ignited in an enclosed area.,"3,2,3",0.6,10,10,"Vapors cause sneezing, coughing, pneumonitis, pulmonary edema. Liquid burns skin, eyes, mouth, throat.",Vapor very irritating above 10 ppm.,,,"Get medical attention. Inhalation: Remove to fresh air, rest, give mouth to mouth resuscitation if needed. Ingestion: Do not induce vomiting. Skin contact: Flush skin and eyes for at least 15 minutes.","Generally stable; reacts with acids, strong oxidizers. Can explode in contact with mercury if ammonia present, so keep mercury thermometers and similar instruments away.","Suitable: stainless steel, mild steel, iron. Unsuitable: (corrosive) Aluminum, copper, zinc, brass, bronze.",,,Group 7 of compatibility chart.,"Avoid contact, do not breath vapor. Wear protective clothing (face shield, hard hat, goggles, rubber gauntlet gloves, apron, boots). Use self-contained breathing apparatus if needed. Do not flush into sewers; dike and remove, then flush spill area with water. Secure all ignition sources. If a spill occurs, call the National Response Center, 800-424-8802.",* Grade based on calculated vapor pressure for 55% solution. + Unavailable,"Vapor very irritating, liquid causes burns.",,117,USCG Hazardous Chemical Data,
DIMETHYLETHANOLAMINE,"Deanol; 2-(Dimethylamino)ethanol; beta-Dimethylaminoethyl alcohol; N,N-Dimethyl-N-(2-hydroxyethyl)amine",2051,DMB,(CH3)2NC2H4OH,Colorless liquid; ammonia-like odor,0.89,Alkanolamines,136°C 277°F,-59°C -74°F,4.2,,3..03,Complete,D: Combustible liquid,C,105,Unavailable,Unavailable,"CO2, dry chemical, alcohol foam, water fog",Water may be ineffective,"Moderate hazard, when exposed to heat or flame; can react vigorously with oxidizing materials.",Unavailable,Unavailable,Unavailable,Unavailable,Irritation of nose and throat.,Unavailable,,,"Vapor—remove victim to fresh air; if breathing stops, apply artificial respiration. Skin or eye contact—remove contaminated clothing and gently flush affected areas with water for 15 minutes. Get medical advice or attention.",This is a relatively reactive substance which can react with many other chemicals.,"Copper and copper alloys, and zinc and galvanized iron are corroded readily and should be avoided.",,,Group 8 of compatibility chart.,"Wear rubber gloves, full-protective clothing. Avoid contact with liquid. Secure ignition sources. If a spill occurs, call the National Response Center, 800-424-8802.",+ Unavailable,Skin contact extremely dangerous.,,118,USCG Hazardous Chemical Data,
DIMETHYLFORMAMIDE,"N,N-Dimethylformamide; DMF; DMFA",2265,DMF,HCON(CH3)2,Colorless liquid; unpleasant and fishy odor.,0.95,Amide,153°C 307°F,-58°C -73°F,,0.16,2.51,Complete,D: Combustible liquid,D,136,2.2 to 15.2%,833,"Alcohol foam, CO2, or dry chemical.",Provide fire-fighters with self-contained breathing apparatus and protective clothing.,"Moderate hazard, when exposed to heat or flame; can react with oxidizing materials. Vapors are irritating.","2,2,3",100,10/Skin,10/Skin,"Nausea, vomiting; skin irritation from liquid contact.",Prolonged inhalation of 100 ppm has produced liver damage in experimental animals.,,,Wash contaminated skin with copious amounts of water. Irrigate eyes with water for at least 15 minutes.,Stable.,Compatible with all common metals except copper and copper alloys.,,,Group 10 of compatibility chart.,"Wear rubber gloves, safety glasses, protective clothing. Avoid contact with liquid. Secure ignition sources. Scoop up, add alcohol and burn in a safe place outside. If a spill occurs, call the National Response Center, 800-424-8802.",* Vapor Pressure: 3.7 mmHg at 25°C.,Moderate hazard. May be absorbed through skin. Experimental evidence of liver and kidney damage. May defat skin. Highly irritating.,Boiling point value was not legible in the text layer for this page.,119,USCG Hazardous Chemical Data,
DIOCTYL PHTHALATE,"Di-(2-ethylhexyl)phthalate; DOP; bis(2-Ethylhexyl)phthalate; Octoil; Phthalic acid, bis(2-ethylhexyl)ester",,DOP,C6H4(COOC8H17)2,Colorless oily liquid; mild odor.,0.99,Ester,386°C 726°F,-55°C -67°F,0.01,Low,13.45,Insoluble,E: Combustible liquid,D,425,Unavailable,770,"Carbon dioxide, dry chemical, foam, water spray",Water or foam may cause frothing. Do not direct water directly into fire. Use water to keep fire exposed containers cool.,"Slight hazard, when exposed to heat or flame.",Unavailable,Unavailable,Unavailable,Unavailable,"After repeated exposures to skin, liquid causes reddening and scaling of the skin.",Unavailable,,,Skin contact—wash affected parts as soon as possible. Eye contact—flood eye gently with clean water. Continue washing for at least 15 minutes.,Stable.,Usual materials of construction are suitable.,,,Group 34 of compatibility chart.,"Avoid contact with liquid. If a spill occurs, call the National Response Center, 800-424-8802.",+ Unassigned,Suspected carcinogen. Produces no ill effects at normal temperatures but may give off irritating vapors at high temperatures.,,120,USCG Hazardous Chemical Data,
"1,4-DIOXANE","Diethylene dioxide; 1,4-Diethylenedioxide; Diethylene ether; Diethylene oxide; Dioxan; Dioxane; p-Dioxane; Glycol ethylene ether",1165,DOX,O=(CH2)4=O,"Clear liquid; mild, alcoholic odor",1.04 at 20°/20°C,Cyclic ether,101°C 214°F,12°C 54°F,27,1.4,3,complete,C: Flammable liquid,C,54 (cc); 74 (TOC),2 to 22%,356,"CO2, dry chemical, alcohol foam","Wear goggles, self-contained breathing apparatus and rubber overclothing. Water may be ineffective on fire.","When anhydrous, forms explosive peroxides with air. Dangerous, when exposed to heat or flame. Flashback along vapor trail may occur. Vapor may explode if ignited in an enclosed area. Toxic vapors are generated when heated.","1,1,3",620 mg/m3,25/Skin,25/Skin,"Irritation to eyes, nose and throat (300 ppm)",300 ppm for 15 minutes cause mild irritation.,,,For eye or skin contact—flush with water for 15 minutes and remove any contaminated clothing. Obtain medical care if exposed to high vapor concentration.,"Stable, no polymerization; forms peroxides with air, should be padded with nitrogen.",Carbon steel recommended. Copper and copper alloys may cause slight discolorization.,,,Group 41 of compatibility chart.,"Wear rubber gloves, face shield, protective clothing. Have all-purpose canister mask available. Secure ignition sources. Small spills may be flushed away with water. If a spill occurs, call the National Response Center, 800-424-8802.",,Suspected carcinogen. Vapor has poor warning properties and can be inhaled in amounts which may cause serious intoxication or death with injury of liver and kidneys. Liquid can be absorbed through skin in sufficient quantities to produce injury.,NOTE: Detectable odor is greater than the TLV. Exposure to potentially dangerous vapor concentrations can occur before the vapor is detected by smell.,121,USCG Hazardous Chemical Data,
DIPHENYL-DIPHENYL ETHER MIXTURE,Biphenyl-diphenyl ether mixture; Diphenyl-diphenyl oxide mixture; Diphenyl oxide-diphenyl mixture; Dowtherm A; Phenyl ether-biphenyl mixture,,DDO,C12H10O,Straw color liquid; phenol-like odor,1.07,Ether,257°C,12°С 54°F,V. Lo,Low,5.87,negligible,E: Combustible liquid,D,255,0.8 to 3.3% at 300°F,1150,"CO2, dry chemical, water fog and foam",Wear self-contained breathing apparatus.,"Moderate hazard, when exposed to heat or flame. Irritating vapors generated when heated.","1,1,1",1,Unavailable,Unavailable,"Inhalation—eye or respiratory irritation. Skin contact—reddening, slight irritation.",Unavailable,,,"Vapor—remove victim to fresh air; if breathing stops, apply artificial respiration. Skin or eye contact—remove contaminated clothing and gently flush with water.",Very stable.,Usual materials of construction are suitable.,,,Group 33 of compatibility chart.,"Wear rubber gloves, face shield, full protective clothing. Secure ignition sources. Small spills may be flushed away with water. If a spill occurs, call the National Response Center, 800-424-8802.",+ Unassigned,Skin irritation of more or less mild degree may be expected only from prolonged and repeated contacts.,"Freezing point, vapor pressure, vapor density, and water solubility values were not legible in the text layer for this page.",122,USCG Hazardous Chemical Data,
DIPHENYLMETHANE DIISOCYANATE,"4,4-Diisocyanodiphenylmethane; 4,4'-Diphenylmethane diisocyanate; Diphenylmethane-4,4'-diisocyanate; MDI; Methylene bis(4-phenyl isocyanate); Methylene bis-phenylisocyanate",2489,DPM,(OCNC6H4)2CH2,Light yellow solid (at room temperature) or molten liquid; slightly musty odor,1.19 at 77°F (25°C),Isocyanate,Decomposes 392°C 738°F,37°C 99°F,V.Low,v low,8.5,,E: Combustible,NA,374,Unavailable,465,"Water spray, CO2, dry chemical, water spray.",Wear self-contained breathing apparatus and protective clothing. Cool exposed tanks with water.,"Light yellow solid. Flammable at high temperatures. Toxic vapors of carbon monoxide, oxides of nitrogen, hydrogen cyanide are generated when heated. Fire may cause polymerization and decomposition leading to violent rupture of containers or tanks.","3,2,4",Unavailable,0.01,0.005,"Watering or reddening of eyes, diarrhea, and loss of weight. Breathlessness, chest discomfort, and reduced pulmonary function.",Animal tests have shown slight eye damage in 50% solution; oral lethal dose is in excess of 21.6 g/kg of body weight; no primary skin irritation; no deaths by inhalation in 5-6 hours.,,,"Vapor—remove victim to fresh air; if breathing stops, apply artificial respiration. Skin or eye contact—remove contaminated clothing and immediately flush affected areas with water for 15 minutes. Call a doctor.","Material must be blanketed with dry nitrogen; unstable in traces of moisture, slowly forming carbon dioxide gas.",Do not have in direct contact with wood.,"Carbon monoxide, oxides of nitrogen, hydrogen cyanide (on heating).",Fire may cause polymerization and decomposition leading to violent rupture of containers or tanks.,Group 12 of compatibility chart.,"Wear rubber gloves, face shield, protective clothing and self-contained breathing apparatus. Avoid contact with liquid. Secure ignition sources. If a spill occurs, call the National Response Center, 800-424-8802.",* Negligible; reacts slowly.,Vapor is strong irritant to eyes and throat; can cause eye and lung injury. Cannot be tolerated even at low concentrations.,,123,USCG Hazardous Chemical Data,
Di-n-PROPYLAMINE,"Dipropylamine; DPA; 1-Propanamine, N-propyl-",2383,DNA,(CH3CH2CH2)2NH,Colorless liquid; pungent ammoniacal odor,0.74,Amines,107°C 225°F,-63°C -81°F,20,0.87,3.5,2.5% by weight,C: Flammable liquid,C,63,Unavailable,Unavailable,"Foam, CO2, dry chemical",Wear self-contained breathing apparatus and protective clothing.,Dangerous when exposed to heat or flame. Flashback along vapor trail may occur. Vapor may explode if ignited in an enclosed area.,Unavailable,0.01 to 0.1,Unavailable,Unavailable,"Skin burns, eye damage (permanent). Inhalation: pulmonary edema. Ingestion: alkaline burns, death.","Inhalation: 1000 ppm produces severe irritation of respiratory tract and lungs, with possible pulmonary edema.",,,"Get medical attention. Inhalation: Remove to fresh air, administer oxygen if needed. Skin, eye contact: Flush with water for at least 15 minutes.",Stable. Reacts with acids.,"Dissolves paint and most plastics; swells rubber. Suitable: Carbon steel, stainless steel. Unsuitable: Copper, zinc, brass, bronze, aluminum, magnesium.",,,Group 7 on compatibility chart,"Avoid contact. Wear self-contained breathing apparatus, face shield, protective clothing. Wash clothing thoroughly before reuse. For small spills, flush area with water spray. Secure ignition sources. If a spill occurs, call the National Response Center, 800-424-8802.",,"Toxic, noxious.",,124,USCG Hazardous Chemical Data,
DIPROPYLENE GLYCOL,"2,2-Dihydroxydipropyl ether; 2,2'-Dihydroxyisopropyl ether; 1,1'-Oxydi-2-propanol",,DPG,(CH3CHOHCH2)2O,"Colorless, slightly viscous liquid; odorless",1.03,Glycol ether,232°C 449°F,Supercools,V.Low,V.Low,4.63,Complete,E: Combustible liquid,C,280,LEL=2.2% UEL—unavailable,Unavailable,"Water, CO2, dry chemical, alcohol foam",Water or foam may cause frothing.,Slight hazard when exposed to heat or flame.,"0,0,1",Unavailable,Unavailable,Unavailable,Minor eye irritant.,Unavailable.,,,Skin or eye contact—remove contaminated clothing and gently flush with water for 15 minutes. Get medical advice for eye contact.,Stable.,Usual materials of construction are suitable.,,,Group 40 of compatibility chart.,"Avoid contact with liquid. If a spill occurs, call the National Response Center, 800-424-8802.",+ Unassigned,Not considered toxic under ordinary conditions of handling.,,125,USCG Hazardous Chemical Data,
DODECENE,alpha-Dodecylene; Propylene tetramer; Tetrapropylene,,DOD,C12H24,Colorless liquid; pleasant odor,0.76,Olefin,213°C 415°F,-32°C -25°F,,0.01,5.81,Negligible,D: Combustible liquid,D,144,LEL=0.8% UEL—Unavailable,400,"Carbon dioxide, dry chemical, or foam",Cool exposed tanks with water. Water may be ineffective on fire.,Moderate fire hazard when exposed to heat.,"1,1,1",Unavailable,Unavailable,Unavailable,Slight smarting of the eyes or respiratory system if present in high concentrations.,Unavailable,,,Vapor—remove victim to fresh air. Skin or eye contact—remove contaminated clothing and gently flush affected areas with water.,Stable. Can react with oxidizing materials.,Usual materials of construction are suitable.,,,Group 30 of compatibility chart.,"Avoid contact with liquid. Secure ignition sources. If a spill occurs, call the National Response Center, 800-424-8802.",* Vapor Pressure: 1 mmHg at 47.2°C. + Unassigned,Vapor slightly irritating in high concentrations.,"Health Hazard Ratings row printed unclearly in source text ('41,4,4'); interpreted as '1,1,1' but flagged for visual confirmation.",126,USCG Hazardous Chemical Data,
DODECYLBENZENE,Alkylbenzene; Detergent alkylate #2; n-Dodecylbenzene; Laurylbenzene; 1-Phenyldodecane,,DDB,C12H25C6H5,Water-white liquid; kerosene-like odor,0.86,Aromatic hydrocarbons,246°C 475°F,4°C 40°F,0.01,41,8.4,Negligible,E: Combustible liquid.,D,235,Unavailable,Unavailable,"Confined area—CO2, dry chemical. Open area—foam, water spray.",Water or foam may cause frothing.,CO and CO2 fumes produced on combustion.,"0,0,0",Unavailable,Unavailable,Unavailable,Very low toxicity.,Very low toxicity.,,,Skin contact—wash well with soap and water. Eye contact—flush with potable water.,Stable.,Usual materials of construction are suitable.,,,Group 32 of compatibility chart.,"Avoid contact with liquid. If a spill occurs, call the National Response Center, 800-424-8802.",+ Unassigned,Very low toxicity.,,127,USCG Hazardous Chemical Data,
DODECYL PHENOL,No common synonyms.,,DOL,CH3C11H22C6H4OH,Straw colored liquid; phenolic odor,0.90 to 0.99,Phenols,314-344°C 597-632°F,,,,9.09,Insoluble,E: Combustible liquid,D,325,Unavailable,Unavailable,"CO2, dry chemical, alcohol foam, water fog",Wear self-contained breathing apparatus. Water can cause frothing.,Slight fire hazard when exposed to heat or flame; decomposes when heated yielding toxic products.,Unavailable,Unavailable,Unavailable,Unavailable,"Ingestion: Burning pain in mouth and throat, abdominal pain, vomiting, diarrhea, weakness, dizziness. Corrodes digestive tract. Inhalation: Irritation, bronchitis, pneumonia. Skin: irritation, pain",,,,"Get medical attention. Ingestion: Drink water or milk, swallow activated charcoal or castor oil. Inhalation: Remove to fresh air. Skin contact: Wash twice with soap and water. Eye contact: Flush with water for at least 15 minutes.",Generally stable but decomposes when heated forming toxic products. Reacts with oxidizing materials.,,,,Group 21 of compatibility chart.,"Avoid contact. Wear protective clothing and face shield. If spill is heated or burning, wear self-contained breathing apparatus. Material is a serious pollution hazard. If a spill occurs, call the National Response Center, 800-424-8802.",+ Unavailable,"Moderately toxic, highly irritating.",,128,USCG Hazardous Chemical Data,
EPICHLOROHYDRIN,"1-Chloro-2,3-epoxypropane; 3-Chloro-1,2-epoxypropane; Chloromethyloxirane; 2-Chloropropylene oxide; gamma-Chloropropylene oxide; Oxirane, (chloromethyl)-; Propane, 1-chloro-2,3-epoxy",2023,EPC,CH2CHCH2Cl,"Colorless liquid; chloroform-like, sweetish odor",1.18,Epichlorohydrin,116°C 240°F,-58°C -73°F,12.5,0.67,3.19,0.06,D: Combustible liquid,C,105,3.8 to 21%,804,"CO2, dry chemical, alcohol foam, water fog.",Keep exposed tank cool with water spray. Provide respiratory and body protection to firefighting personnel.,"One of the products of combustion is hydrochloric acid gas, which is both toxic and corrosive. Ignited by heat and open flame. This product can decompose to form highly toxic phosgene gas.","3,3,4",10 to 25,2/Skin,2/Skin,"The liquid blisters skin on contact. The vapor causes eye and respiratory irritation. It may also cause vomiting, convulsions, rapid pulse, and respiratory paralysis.",Concentrations exceeding 40 ppm rapidly produce irritation to nose and eyes.,,,"Vapor—remove victim to fresh air; if breathing stops, apply artificial respiration. Skin or eye contact—remove contaminated clothing and gently flush affected areas with water for 15 minutes. Get medical attention as soon as possible.","Stable under usual handling conditions. However, it will polymerize at elevated temperatures or in the presence of certain catalysts; acids, alkalies and metallic halides are known to be effective catalysts for polymerization and should be avoided.","Usually carried in steel tanks; however, the wet product will pit steel.",Phosgene gas.,Will polymerize at elevated temperatures or in the presence of certain catalysts.,Group 17 of compatibility chart.,"Wear rubber gloves, self-contained breathing apparatus, protective clothing. Evacuate personnel not equipped with protective clothing and respiratory protection. Secure ignition sources. If a spill occurs, call the National Response Center, 800-424-8802.",,Suspected carcinogen. Vapor extremely irritating. Lung injury may be delayed. Liquid causes severe burns; absorbed by leather and causes delayed burns. Class B poison.,,129,USCG Hazardous Chemical Data,
ETHANE,Bimethyl; Dimethyl; Ethyl hydride; Methylmethane,refrigerated: 1961; compressed: 1035,ETH,C2H6,"Colorless gas, colorless liquid; odorless",0.45 (liquid),Saturated hydrocarbon,-89°C -128°F,- 180°C -292°F,v. High,v. High,1.04,Insoluble,Liquefied Flammable Gas (LFG),D,-211,3 to 12.5%,959,"Stop flow of gas; CO2, dry chemical","Shut off gas supply, then use dry chemical or CO2. Tanks exposed to fire should be kept cool with a continuous spray of water.","Dangerous, when exposed to heat or flame. Unless the flow of gas can be stopped, extinguishing a fire will permit accumulation of an explosive concentration of vapor, and subsequent explosion or re-flash.",Unavailable,899,Unavailable,Unavailable,"Inhalation-headache, dizziness, drowsiness. Skin contact—frostbite.",Exposure of guinea pigs to concentrations of from 4.7 to 5.5% for 2 hours caused only slight drowsiness and irregular respiration.,,,"Vapor—remove to fresh air; if breathing stops, apply artificial respiration. If the liquid has spilled onto the skin, points of contact may be frostbitten; handle gently and protect from mechanical damage. DO NOT RUB. Get medical attention.",Stable.,Noncorrosive,,,Group 31 of compatibility chart.,"Wear rubber gloves, face shield, protective clothing. Have all-purpose canister respirator available. Liquid will evaporate rapidly. Secure all possible sources of ignition. If a spill occurs, call the National Response Center, 800-424-8802.",,Simple asphyxiant. Breathing vapor may cause unconsciousness without warning because of lack of oxygen. Contact with liquid will cause frostbite.,"Boiling point, freezing point, vapor pressure, and vapor density values were not legible in the text layer for this page.",130,USCG Hazardous Chemical Data,
ETHANOLAMINE,Aminoethanol; 2-Aminoethanol; beta-Aminoethyl alcohol; Colamine; Ethylolamine; 2-Hydroxyethylamine; beta-Hydroxyethylamine; Monoethanolamine,2491,MEA,HOCH2CH2NH2,Colorless liquid; ammonia-like odor,1.02,Amine,172°C 342°F,10°C 50°F,0.48,0.01,2.1,Complete,E: Combustible liquid,D,200,Unavailable,greater than 500,"CO2, dry chemical, alcohol foam, water fog",Respiratory and body protection should be worn by fire parties.,"Moderate hazard, when exposed to heat or flame. Irritating vapors generated when heated.","2,2,2",Unavailable,3,3,Respiratory irritation will range from itching to severe burning depending upon concentration.,50 ppm for 30 minutes.,,,"Vapor—remove victim to fresh air; if breathing stops, apply artificial respiration. Oxygen, administered by trained personnel, is often helpful. Skin or eye contact—remove contaminated clothing and gently flush affected areas with water for 15 minutes. Get medical advice or attention.","It will oxidize in the presence of air, so is often shipped under a pad of inert gas. Ethanolamine is a reactive material combining chemically with many other substances.",Corrosive to copper and its alloys; also attacks rubber.,,,Group 8 of compatibility chart.,"Wear butyl rubber gloves, face shield or all-purpose canister respirator, protective clothing. Avoid contact with liquid. Cover spill with sodium bisulfate. Wash with excess of water. If a spill occurs, call the National Response Center, 800-424-8802.",,Liquid contact causes severe eye irritation. Vapor inhalation causes respiratory irritation.,,131,USCG Hazardous Chemical Data,
ETHOXY TRIGLYCOL,2-[2-(2-Ethoxyethoxy)ethoxy]ethanol; Ethoxytriethylene glycol; Triethylene glycol ethyl ether; Triglycol ethyl ether; Triglycol monoethyl ether,,ETG,C2H5O(CH2)2O(CH2)2OCH2CH2OH,Colorless and practically odorless,1.02,Glycol ether,255°C 491°F,-19°C 2°F,0.01,v low,6.14,Complete,E: Combustible liquid,C,275,Unavailable,Unavailable,"Carbon dioxide, dry chemical, alcohol foam",Water and foam may be ineffective on fire. Cool exposed tanks with water.,"Slight fire hazard, when exposed to heat or flame.","0,0,0",Unavailable,Unavailable,Unavailable,No appreciable hazard in ordinary handling or use.,Not pertinent.,,,Eye contact—flush gently with water.,Stable.,Usual materials of construction are suitable.,,,Group 40 of compatibility chart.,"Avoid contact with liquid. If a spill occurs, call the National Response Center, 800-424-8802.",+ Unassigned,"Under ordinary conditions of handling, not considered toxic.",,132,USCG Hazardous Chemical Data,
ETHYL ACETATE,"Acetic acid, ethyl ester; Acetic ester; Acetic ether; Ethyl ethanoate; Vinegar naphtha",1173,ETA,CH3COOC2H5,"Colorless liquid; pleasant, fruity odor",0.9,Ester,77°C 171°F,-83°C -117°F,,3.27,3.04,0.087,C: Flammable liquid,D,24 (cc),2.2 to 11.5%,800,"CO2, alcohol foam, water fog, dry chemical",Use of dry chemical where it can get into a tank of ethyl acetate is not recommended. Fire involving spills outside of tanks can be extinguished with dry chemical.,Ethyl acetate is highly flammable and its vapors form explosive mixtures with air. Flashback along vapor trail may occur. Vapor may explode if ignited in an enclosed area.,"1,1,2",100,400,400,"Headache, irritation of respiratory passages and eyes.",1000 ppm for 5 minutes.,,,"Vapor—remove victim to fresh air; if breathing stops, apply artificial respiration. Skin or eye contact—remove contaminated clothing and gently flush affected areas with water for 15 minutes. Get medical advice or attention.",Stable. Will hydrolize (react with water) on standing to form acetic acid and ethyl alcohol. This reaction is greatly accelerated by bases (alkalies). Can react vigorously with oxidizing materials.,Softens and dissolves rubber and many plastics.,"Acetic acid, ethyl alcohol (on hydrolysis).",,Group 34 of compatibility chart.,"Wear rubber gloves, face shield, protective clothing. Have all-purpose canister mask available. Avoid contact with liquid. Secure ignition sources. If a spill occurs, call the National Response Center, 800-424-8802.",* Vapor Pressure: 100 mmHg at 27°C.,Vapor causes some irritation. Absorption is chiefly by inhalation. Continued skin contact will dry and crack skin with chance of dermatitis and infection.,,133,USCG Hazardous Chemical Data,
ETHYL ACRYLATE,"Acrylic acid, ethyl ester; Ethyl propenoate; Ethyl 2-propenoate; 2-Propenoic acid, ethyl ester",1917,EAC,CH2=CHCOOC2H5,Colorless liquid; pungent odor,0.93,Acrylates,99°C 211°F,-39°C -103°F,29.3,1.4,3.5,0.015,C: Flammable liquid,D,60 (oc); 48°F (TCC),1.8 to 9.5% (calculated),700,"CO2, dry chemical, water fog, alcohol foam","Keep tank cool with a water spray to prevent polymerization. Wear chemical protective clothing, eye protection and self-contained breathing apparatus.","Ignited by heat, sparks or open flame. Flashback along vapor trail may occur. Vapor may explode if ignited in an enclosed area. Fire may cause violent rupture of tank. Toxic and irritating vapors generated when heated.","3,2,3",0.00047,5/Skin,5,"Eye and throat irritation, shortness of breath, and convulsions.",50 ppm for 15 minutes. 2000 ppm vapor killed rats in 4 hours with death attributable to severe pulmonary irritation.,,,"Vapor—remove victim to fresh air; if breathing stops, apply artificial respiration. Skin or eye contact—remove contaminated clothing and gently flush affected areas with water for 15 minutes. Get medical advice or attention.",Will polymerize spontaneously if not inhibited.,Usual materials of construction are suitable.,,Will polymerize spontaneously if not inhibited.,Group 14 of compatibility chart.,"Wear rubber gloves, face shield, protective clothing. Have all-purpose canister mask available. Avoid contact with liquid. Secure ignition sources. If a spill occurs, call the National Response Center, 800-424-8802.",,Suspected carcinogen. Vapor irritating.,,134,USCG Hazardous Chemical Data,
ETHYL ALCOHOL,Alcohol; Alcohol Anhydrous; Alcohol C-2; Cologne spirit; Denatured alcohol; Ethanol; Ethyl hydroxide; Fermentation alcohol; Grain alcohol; Methyl carbinol,1170,EAL,C2H5OH,Colorless liquid; smells like wine or shellac thinner,0.79,Alcohol,78°C 173°F,-114°C -173°F,44,2.3,1.6,Complete,C: Flammable liquid,D,65,3.3 to 19%,793,"CO2, dry chemical, alcohol foam, water fog",Water may not be effective unless large quantities are used.,Dangerous when exposed to heat or flame. Flashback along vapor trail may occur. Vapor may explode if ignited in an enclosed area.,"1,0,1",10,1000,1000,"Dizziness, double vision, and other classic alcohol intoxication symptoms. These may be accompanied by symptoms such as vomiting, attributable to the denaturant.","5000-10,000 ppm irritates eyes and upper respiratory tract; stupor and drowsiness may result after an hour at this concentration. More than 1000 ppm may cause headache and eye irritation.",,,"Vapor—remove victim for fresh air; if breathing stops, apply artificial respiration. Eye contact—gently flush with water for 15 minutes. Get medical advice or attention.",Stable.,Usual materials of construction are suitable.,,,Group 20 of compatibility chart. See also Appendix I—Exceptions to the Chart.,"Secure ignition sources. Spills may be flushed away with water, but should not be flushed into a confined space because of the explosion hazard. If a spill occurs, call the National Response Center, 800-424-8802.",,One of the least hazardous industrial organic solvents.,,135,USCG Hazardous Chemical Data,
ETHYLAMINE,"Aminoethane; Ethylamine, anhydrous; Monoethylamine",1036,EAM,CH3CH2NH2,Colorless liquid or gas; strong ammonia-like odor.,0.8,Amine,17°C 62°F,-81°C -114°F,880,29.8,1.55,Complete,A: Flammable liquid,C,less than 0,3.5 to 14.0%,725,"Alcohol foam, carbon dioxide, or dry chemical",Keep burning tank and tanks adjacent to it cool with a water spray.,Toxic oxides of nitrogen may form in fire. Dangerous. Keep away from heat and open flame. Flashback along vapor trail may occur. Vapor may explode if ignited in an enclosed area.,"3,2,3",Unavailable,10,10,Liquid causes eye injury and skin irritation.,Unavailable,,,"In case of contact with eyes or skin, immediately flush with plenty of water for at least 15 minutes; for eyes get medical attention. Remove contaminated clothing and shoes at once.",Stable.,"Steel, stainless steel and nickel are compatible. Aluminum and copper should not be used.",,,Group 7 of compatibility chart. See also Appendix I—Exceptions to the Chart.,"If possible, wear butyl rubber gloves, face shield or all-purpose canister respirator, and protective clothing. Secure ignition sources. Cover with sodium bisulfate. Clean up. Do not flush spill into confined spaces where flammable vapors can accumulate. If a spill occurs, call the National Response Center, 800-424-8802.",,Direct contact can cause burns.,,136,USCG Hazardous Chemical Data,
"ETHYLAMINE SOLUTION, 70%","Ethylamine, aqueous solutions; MEA, 70%; Monoethylamine solution, 70%",2270,EAN,C2H5NH2,"Colorless liquid; sharp, ammoniacal odor",0.8,Amine,38°C 100°F,-90°C -130°F,450,14.8,1.56,Complete,A: Flammable liquid,D,below 0,3.5 to 14.0%,723,"Water fog, dry chemical, CO2, alcohol foam","Wear protective clothing, self-contained breathing apparatus, and eye protection.",Highly flammable vapor. Keep away from ignition sources. Flashback along vapor trail may occur. Vapor may explode if ignited in an enclosed area.,"3,2,3",0.83,10,10,"Inhalation: Irritation, coughing, chest pain, pulmonary edema. Ingestion: severe burns of mouth and stomach. Skin and eyes: Severe irritation and burns.",High volatility means vapor concentration can easily exceed TLV even at room temperature.,,,Get medical attention. Skin or eye contact: Flush skin and eyes with water for 15 minutes. Inhalation: Remove to fresh air and provide mouth to mouth resuscitation or oxygen as needed.,Stable. Reacts with acids and oxidizers. Reacts explosively with mercury.,"Suitable: Stainless steel, mild steel, nickel, tinned iron. Unsuitable: Copper, aluminum, zinc, brass, bronze, galvanized iron, polyethylene, rubber.",,,Group 7 of compatibility chart.,"Avoid contact and stay upwind. Eliminate ignition sources. Wear self-contained breathing apparatus or amine-type mask, plastic gloves, face shield, goggles. Wash clothing before reuse. Flush spill area with water. Do not flush spill into confined spaces where flammable vapors can accumulate. If a spill occurs, call the National Response Center, 800-424-8802.",,This very volatile solution produces a toxic irritating vapor.,,137,USCG Hazardous Chemical Data,
ETHYLBENZENE,EB; Ethylbenzol; Phenylethane,1175,ETB,C6H5C2H5,Colorless liquid; aromatic odor,0.87,Aromatic hydrocarbon,136°C 277°F,-95°C -139°F,15.3,0.4,3.66,Negligible,C: Flammable liquid,D,59,1.0 to 6.7%,810,"CO2, dry chemical, foam, water fog","Fight in the same manner as any Grade C petroleum fire. Firefighters should wear self-contained breathing apparatus, protective clothing and eye protection.",Irritating vapors are generated when heated. Vapors may travel considerable distances from a source in a flammable concentration. Flashback along vapor trail may occur. Vapor may explode if ignited in an enclosed area.,"2,2,2",140,100,100,"Irritation to eyes and throat, dizziness and a feeling of chest constriction.",200 ppm for 30 minutes; 1000 ppm irritates skin and mucous membranes. 2000 ppm extremely irritating.,,,"Vapor—remove victim to fresh air; if breathing stops, apply artificial respiration. Skin or eye contact—remove contaminated clothing and gently flush affected areas with water for 15 minutes. Get medical advice or attention.",Stable.,"Rubber in prolonged exposure to ethylbenzene first swells, then softens.",,,Group 32 of compatibility chart.,"Wear rubber gloves, face shield, protective clothing. Have all-purpose canister mask available. Avoid contact with liquid. Secure ignition sources. If a spill occurs, call the National Response Center, 800-424-8802.","* Pollution Category C oil-like, 33 CFR 151.49.","Vapors cause eye irritation, dizziness, narcosis (paralysis), burns of the skin, sensation of chest constriction. Irritation of respiratory tract, conjunctivitis, dermatitis. Exfoliation of large patches of skin and chapped appearance result.",,138,USCG Hazardous Chemical Data,
ETHYL BUTANOL,2-Ethylbutanol; 2-Ethyl-1-butanol; 2-Ethyl butyl alcohol; sec-Hexyl alcohol; sec-Pentylcarbinol; Pseudohexyl alcohol,2275,EBT,CH3CH2CH(C2H5)CH2OH,Colorless liquid; mild odor,0.83,Alcohols,146°C 293°F,-114°C -173°F,0.9,0.07,3.4,Slight,D: Combustible liquid,D,137,1.9 to 8.8%,580 (calculated),"Water spray, dry chemical, foam or CO2.","Cool exposed tanks with water. If a leak or spill has not ignited, use water spray to disperse vapors.",Moderate fire hazard when exposed to heat or flame.,"1,2,0",Unavailable,Unavailable,Unavailable,Animals tests show minor skin irritation after 24 hours. Severe surface damage of eye when alcohol in sufficient concentration. No deaths upon ingestion.,Unavailable,,,"Vapor—remove victim to fresh air; if breathing stops, apply artificial respiration. Eye and skin contact—gently flush affected areas with water for 15 minutes. Get medical attention.",Stable.,Usual materials of construction are suitable.,,,Group 20 of compatibility chart.,"Secure ignition sources. Wear rubber gloves, face shield, protective clothing. Have all-purpose canister mask available. If a spill occurs, call the National Response Center, 800-424-8802.",,Low toxicity.,,139,USCG Hazardous Chemical Data,
ETHYL CHLORIDE,"Chloroethane; Ether, hydrochloric; Hydrochloric ether; Monochloroethane; Muriatic ether",1037,ECL,CH3CH2Cl,Colorless gas or liquid; ether-like odor,0.92,Halogenated hydrocarbon,12°C 54°F,-139°C -218°F,1000,34.5,2.22,slight,A: Flammable liquid,D,-45,3.6 to 14.8%,966,"Stop flow of gas; CO2, dry chemical, water fog",Fire parties must wear respiratory protection. Keep tanks cool with water spray.,"A highly flammable, volatile liquid; produces highly poisonous phosgene gas when ignited. Unless flow of gas can be stopped, putting out an ethyl chloride fire will permit accumulation of an explosive vapor concentration.","1,1,1",Unavailable,1000,1000,Irritating to eyes. Drowsiness and dizziness. Frostbitten areas will be white.,"Inhalation of 19,000 ppm in air caused partial intoxication in one minute which increased to distinct intoxication with slight analgesia in 12 minutes.",,,"Vapor—remove victim to fresh air; if breathing stops, apply artificial respiration. Skin or eye contact—remove contaminated clothing and immediately flush affected areas with water for 15 minutes. Handle frostbitten parts gently. Get medical advice or attention.",Dangerous reaction is possible with oxidizing agents. Slow hydrolysis (reaction with water) in presence of salt or fresh water to form toxic and corrosive fumes of hydrogen chloride gas.,Compatible with most materials of construction.,Hydrogen chloride gas (on hydrolysis).,,Group 36 of compatibility chart.,"Wear rubber gloves, self-contained breathing apparatus, protective clothing. Secure ignition sources. If water temperature is above 54°F, the ethyl chloride will soon boil off. Do not flush spill into confined spaces where flammable vapors can accumulate. Personnel not wearing respiratory protection should be kept upwind of the spill. If a spill occurs, call the National Response Center, 800-424-8802.",# No Determination,Vapor harmful. Liquid may cause skin or eye injury similar to frostbite.,"Health Hazard Ratings second digit printed as '7' in source text, which is out of the normal 0-4 rating scale; preserved as printed rather than corrected, and flagged for visual confirmation.",140,USCG Hazardous Chemical Data,
ETHYLENE,Bicarburetted hydrogen; Elayl; Ethene; Olefiant gas,compressed: 1962; refrigerated: 1038,ETL,CH2CH2,"Colorless liquid or gas; very faint, sweet odor.",0.34,Olefin,-104°C -155°F,-169°C -272°F,,,0.98,Negligible,Liquefied Flammable Gas (LFG),C,-213,2.7 to 34%,842,"Stop flow of gas; CO2, dry chemical, water fog",Tanks exposed in fire should be kept cool with a water spray. Attempt to shut off leak. Wear self-contained breathing apparatus.,"Unless flow of gas can be stopped, putting out an ethylene fire will permit the accumulation of an explosive vapor concentration. Vapors are anesthetic.","0,0,1",Unavailable,Unavailable,Unavailable,Dizziness and drowsiness. Contact with liquid will cause frostbite.,Unavailable,,,"Vapor—remove victim to fresh air; if breathing stops, apply artificial respiration. If the liquid has spilled onto the skin, points of contact may be frostbitten; handle gently and protect from mechanical damage. DO NOT RUB. Get medical attention.",Ethylene is a reactive compound but must be catalyzed before most reactions take place.,Ethylene is not corrosive.,,,Group 30 of compatibility chart.,"Wear rubber gloves, face shield, protective clothing. Have all-purpose canister available. For a gas leak from a faulty tank, keep concentration of gas below the explosive mixture range by forced ventilation. Avoid contact with liquid. Secure ignition sources. The liquid will rapidly boil away, leaving no residue. If a spill occurs, call the National Response Center, 800-424-8802.",* Ethylene is a gas at temperatures above 48.7°F.,A simple asphyxiant. High concentrations cause anesthesia.,,141,USCG Hazardous Chemical Data,
ETHYLENE CHLOROHYDRIN,2-Chlorethanol; 2-Chloroethanol; 2-Chloroethyl alcohol; Ethylene chlorhydrin; Glycol chlorohydrin,1135,ECH,ClCH2CH2OH,Colorless liquid; faint alcohol-ether-like odor.,1.21,Alcohol,128°C 262°F,-69°C -92°F,,,2.78,Complete,D: Combustible liquid,D,140,4.9 to 15.9%,797,"Water, CO2, alcohol foam and dry chemical",Wear self-contained breathing apparatus and full protective clothing. Cool exposed tanks with water.,"Moderate fire hazard when exposed to heat or flame. Dangerous; when heated to decomposition, emits highly toxic fumes of phosgene.","3,2,0",High,4/Skin,1/Skin,"Vapor—causes nausea, vomiting, vertigo, incoordination, numbness.",Absorption by inhalation or skin may cause death. Inhalation—240 ppm lethal to rats in four hours. Human fatality at 350 ppm for two and one-half hours.,,,"Vapor—remove victim from vapor and administer oxygen if available. Administer artificial respiration if necessary. If swallowed, induce vomiting. Call a doctor.",Dangerously decomposes at high temperatures.,Steel is satisfactory.,Phosgene (on decomposition).,,Group 20 of compatibility chart.,"Wear neoprene gloves, plastic protective clothing and self-contained breathing apparatus. Provide good ventilation. Secure all ignition sources. Wash skin immediately with water. If a spill occurs, call the National Response Center, 800-424-8802.",* Vapor Pressure: 6.8 mmHg at 25°C. † Unavailable,Little margin of safety between early reversible symptoms and fatal intoxication. Fatal amounts may be absorbed by the skin.,,142,USCG Hazardous Chemical Data,
ETHYLENE CYANOHYDRIN,2-Cyanoethanol; Glycol cyanohydrin; Hydracrylonitrile; 1-Hydroxy-2-cyanoethane; 3-Hydroxypropanenitrile; 3-Hydroxypropionitrile; beta-Hydroxypropionitrile,,ETC,HOCH2CH2CN,Straw-colored liquid; not unpleasant odor.,1.04,Alcohol,Decomposes 227°C 440°F,-46°C -50°F,V.Low,V.Low,2.45,Complete,E: Combustible liquid,D,265,2.3 to 12.1%,922,"CO2, dry chemical, alcohol foam",Firefighters should wear self-contained breathing apparatus and full protective clothing.,"When heated, ethylene cyanohydrin gives off poisonous fumes of cyanides. Reacts with water to produce cyanide gas, which is highly poisonous and flammable vapors.","0,0,2",Unavailable,Unavailable,Unavailable,"Headache, dizziness, blueness of lips and fingernails.",Unavailable,,,"If ingested, induce vomiting at once; vapor—remove victim to fresh air; if breathing stops, apply artificial respiration. Skin or eye contact—remove contaminated clothing and gently flush affected areas with water for 15 minutes. Get medical advice or attention. See Medical Kit Information, Appendix B","Avoid basic contamination to prevent polymerization. Stable on prolonged storage. Reacts with water. Reacts vigorously with oxidizing materials, chlorsulfonic acid, oleum, sodium hydroxide, sulfuric acid.",Corrosive to mild steel.,Cyanide gas (on reaction with water).,Avoid basic contamination to prevent polymerization.,Group 20 of compatibility chart.,"Avoid all contact with liquid or vapor. Wear rubber gloves, face shield, full protective clothing. Secure ignition sources. Flood with copious amounts of water. If a spill occurs, call the National Response Center, 800-424-8802.",+ Unassigned,Toxic by ingestion. Avoid high vapor concentrations.,,143,USCG Hazardous Chemical Data,
ETHYLENEDIAMINE,"1,2-Diaminoethane; 1,2-Ethanediamine; Ethylenediamine, anhydrous",1604,EDA,NH2CH2CH2NH2,Colorless liquid; mildly ammonia-like odor,0.91,Amine,117°C 243°F,11°C 52°F,10.7,0.6,2.1,Complete,D: Combustible liquid,D,99,5.8 to 11.1%,725,"CO2, dry chemical, alcohol foam, water fog","Because this material can cause severe eye and skin burns and respiratory distress, fire parties must wear full body and respiratory protection.",Ignited by heat and open flame. Irritating vapors are generated when heated.,"3,3,3",Unavailable,10,10,"Coughing, redness of eyes, wheezing breath. Liquid contact can cause immediate skin damage and blistering.",400 ppm has been reported to produce immediate and severe irritation to nose and throat.,,,"Vapor—remove victim to fresh air; if breathing stops, apply artificial respiration. Oxygen, administered by trained personnel, can prove helpful. Skin or eye contact—remove contaminated clothing and gently flush affected areas with water for 15 minutes. Get medical advice or attention.","This is a reactive substance, combining chemically with many others.",Copper and its alloys are corroded readily and should be avoided.,,,Group 7 compatibility chart. See also Appendix I—Exceptions to the Chart.,"Wear butyl rubber gloves, all-purpose canister respirator, protective clothing. Secure ignition sources. Keep unprotected personnel away from spill. If possible cover with sodium bisulfate. Spray with water. An alternative is to reduce vapor hazard by covering with alcohol foam. If a spill occurs, call the National Response Center, 800-424-8802.",On-scene supervisors should avoid vapor exposure to persons who have asthma or other respiratory ailments.,Causes severe burns. Vapor harmful.,,144,USCG Hazardous Chemical Data,
ETHYLENE DIBROMIDE,"Bromofume; 1,2-Dibromoethane; sym-Dibromoethane; EDB; Ethane, 1,2-dibromo-; Ethylene bromide; Glycol dibromide",1605,EDB,BrCH2CH2Br,Colorless liquid; sweet odor,2.17 at 60°F,Halogenated hydrocarbon,131°C 268°F,8°C 48°F,9,0.4,6.5,Slight,NA,D,None,None,960,"Water spray, dry chemical, foam or CO2",Fire fighters should wear full-protective clothing and respiratory protection.,"Ethylene dibromide is difficulty flammable. Dangerous, when heated to decomposition, it emits highly toxic fumes of bromides.","1,1,3",22,Unavailable,Skin,Blistering of skin; destruction of tissue.,200 ppm for one hour; 5000 ppm for several minutes might be fatal.,,,Contaminated shoes and clothing should be removed at once and the skin should be thoroughly cleaned with soap and water. If eyes are accidently contaminated they should be flushed thoroughly with flowing water for 15 minutes. A physician should be consulted.,"Stable, has no oxidizing or polymerizing characteristics. Will not react with air, water vapor, fresh or salt water at temperatures below 115°F.","Reacts vigorously with aluminum and magnesium. No appreciable attack on steel, wood, or cloth. Softens and deteriorates rubber and paint.",,,Group 36 of compatibility chart.,"Wear rubber gloves, self-contained breathing apparatus, protective clothing. Wash away with water. If a spill occurs, call the National Response Center, 800-424-8802.",,"Suspected carcinogen. Prolonged contact with skin should be avoided. Toxic by inhalation, skin contact and ingestion.",,145,USCG Hazardous Chemical Data,
ETHYLENE DICHLORIDE,"1,2-Dichloroethane; sym-Dichloroethane; Dutch liquid; Dutch oil; EDC; Ethane, 1,2-dichloro-; Ethylene chloride; Glycol dichloride",1184,EDC,ClCH2CH2Cl,"Colorless, oily liquid; chloroform-like odor",1.26,Halogenated hydrocarbon,84°C 183°F,-36°C -33°F,,2.7,3.42,slight,C: Flammable liquid,D,65,6.2 to 16%,775,"CO2, dry chemical, foam, water fog",Keep exposed tanks cool with water spray. Water may be ineffective on fire. Supply respiratory protection and full protective clothing for fire parties.,"The vapors are irritating. In contact with a hot surface, ethylene dichloride decomposes into phosgene, which is highly poisonous. Ignited by heat, sparks or open flame.","2,2,3",200*,1,10,"Irritation, dizziness, nausea, rapid pulse, blueness of lips and fingernails.",200 ppm for one hour.,,,"Vapor—remove victim to fresh air; if breathing stops, apply artificial respiration. Skin or eye contact—remove contaminated clothing and gently flush affected areas with water for 15 minutes. Get medical advice or attention.",Relatively stable.,Non-corrosive at normal atmospheric temperatures when dry. When contaminated with water at elevated temperatures it corrodes iron.,Phosgene (on contact with hot surface).,,Group 36 of compatibility chart. See also Appendix I—Exceptions to the Chart.,"Wear rubber gloves, self-contained breathing apparatus, protective clothing. Avoid contact with liquid. Secure ignition sources. If a spill occurs, call the National Response Center, 800-424-8802.",* Vapor Pressure: 100 mmHg at 29.4°C.,"Suspected carcinogen. Vapor harmful; causes systemic poisoning through inhalation. Liquid contact on skin may cause dermatitis or a burn. Toxic by inhalation, skin contact and ingestion.",NOTE: Detectable odor is greater than the TLV. Exposure to potentially dangerous vapor concentrations can occur before the vapor is detected by smell.,146,USCG Hazardous Chemical Data,Detectable odor is greater than the TLV. Exposure to potentially dangerous vapor concentrations can occur before the vapor is detected by smell.
ETHYLENE GLYCOL,"1,2-Dihydroxyethane; 1,2-Ethanediol; Ethylene alcohol; Ethylene dihydrate; Glycol; Glycol alcohol; Monoethylene glycol",,EGL,HOCH2CH2OH,"Colorless, syrupy liquid; slight odor, sweetish taste",1.13,Glycol,197°C 387°F,-12°C 10°F,0.05,0.008,2.21,Complete,E: Combustible liquid,D,240,LEL=3.2% UEL-unavailable,775 (antifreeze grade); 752 (pure),"CO2, dry chemical, alcohol foam, water fog",Water may be ineffective on fire. Cool fire exposed tanks with water.,Slight hazard when exposed to heat or flame.,"0,0,1",Unavailable,50,50,"Headache, nausea, and dizziness.",Inhalation is no hazard at normal room temperatures.,,,Ingestion: induce vomiting and call a physician. Never give fluids or induce vomiting if victim is unconscious or having convulsions. Skin and eyes: flush with water for 10 minutes.,Stable.,Most materials of construction are suitable.,,,Group 20 of compatibility chart. See also Appendix I—Exceptions to the Chart.,"Wear rubber gloves, face shield, protective clothing. Avoid contact with liquid. If a spill occurs, call the National Response Center, 800-424-8802.","* Data are for the ""pure"" grade, not the ""anti-freeze"" grade. + Unassigned","Relatively non-toxic unless ingested. If ingested, serious injury or death may result from as little as 60 ml (approx. 2 oz.).",,147,USCG Hazardous Chemical Data,
ETHYLENE GLYCOL BUTYL ETHER,"2-Butyl ethanol; Butyl Cellosolve; Butyl oxitol; Dowanol EB; Ektasolve EB Solvent; Ethanol, 2-butoxy-",2369,EGM,HOCH2CH2OC4H9,Colorless oily liquid; mild rancid odor,0.9,Glycol ether,171°C 340°F,-87°C -125°F,0.76,2.2,4.07,Complete,E: Combustible liquid,C,141 (cc),1.1 to 10.6%,472,"Water, alcohol foam, carbon dioxide or dry chemical.",The same techniques used for fighting fire involving combustible petroleum products are applicable. Cool fire exposed tanks with water.,"Moderate hazard, when exposed to heat or flame.","1,1,2",Unavailable,Unavailable,Unavailable,"Eye, nose, and throat irritation.",200 ppm for approximately one hour.,,,Prevent repeated skin contact by wearing protective clothing.,"In general, an inert solvent.",Compatible with usual materials of construction. Plastic materials and rubber are not recommended.,,,Group 40 of compatibility chart.,"Wear rubber gloves, face shield, protective clothing. Have all-purpose canister mask available. Avoid personnel contact with liquid and vapor. Secure all sources of ignition. If a spill occurs, call the National Response Center, 800-424-8802.",,"Eye and respiratory tract irritation, narcosis, blood, kidney, and to a lesser degree, liver damage can be produced in animals from a single or repeated exposures at concentrations less than saturation.",,148,USCG Hazardous Chemical Data,
ETHYLENE GLYCOL DIACETATE,"1,2-Ethanediol diacetate; Ethylene acetate; Ethylene diacetate; Glycol diacetate",,EGY,CH3COOCH2CH2OCCH3,Colorless liquid; faint fruity odor,1.13,Ester,190°C 375°F,-41°C -42°F,0.3,,,0.1,E: Combustible liquid,D,205,1.6 to 8.4%,900,"Confined area—CO2, dry chemical. Open area—polar solvent foam, water fog.",Unavailable,Moderate fire hazard.,"0,0,0",Unavailable,Unavailable,Unavailable,Unavailable,"Animal tests show: No primary skin irritation, a trace of eye injury. Inhalation caused no deaths in 24 hour period.",,,"Vapor—remove victim to fresh air; if breathing stops, apply artificial respiration. Skin or eye contact—remove contaminated clothing and gently flush affected areas with water. Call a doctor.",Stable.,Usual materials of construction are suitable.,,,Group 34 of compatibility chart.,"Wear rubber gloves, face shield, protective clothing. Have all-purpose canister mask available. Avoid contact with liquid. Secure ignition sources. If a spill occurs, call the National Response Center, 800-424-8802.",+ Unavailable + Unassigned,Low toxicity,,149,USCG Hazardous Chemical Data,
ETHYLENE GLYCOL ETHYL ETHER,"Cellosolve Solvent; Dowanol EE; EE Solvent; Ethanol, 2-ethoxy-; 2-Ethoxyethanol; Ethylene glycol monoethyl ether; Glycol monoethyl ether",1171,EGE,CH3CH2OCH2CH2OH,Colorless liquid; ether-like odor. Practically odorless.,0.93,Glycol ethers,135°C 275°F,-76°C -94°F,4,0.1,3.1,Complete,D: Combustible liquid,C,120,1.7 to 15.6%,460,"CO2, dry chemical, alcohol foam, water fog.",The same techniques used for fighting fire involving combustible petroleum products are applicable. Cool fire exposed tanks with water.,"Moderate hazard, when exposed to heat or flame.","1,1,2",Unavailable,Unavailable,5/Skin,"Headache, nausea, eye irritation.",Exposure to air saturated with cellosolve vapor (0.6%) for a few seconds resulted in irritation of the eyes.,,,"Vapor—remove victim to fresh air; if breathing stops, apply artificial respiration. Skin or eye contact—remove contaminated clothing and gently flush affected areas with water for 15 minutes. Get medical advice or attention.",This is a relatively stable compound.,Softens rubber and many plastics. Avoid aluminum and its alloys.,,,Group 40 of compatibility chart.,"Wear rubber gloves, face shield, protective clothing. Have all-purpose canister mask available. Avoid contact with liquid. Secure ignition sources. If a spill occurs, call the National Response Center, 800-424-8802.",,Low hazard for acute inhalation; moderate for chronic inhalation.,,150,USCG Hazardous Chemical Data,
ETHYLENE GLYCOL ETHYL ETHER ACETATE,"Cellosolve Acetate; Ethanol, 2-ethoxy-, acetate; 2-Ethoxyethylacetate; Glycol monoethyl ether acetate",1172,EGA,CH3COOC2H4OC2H5,Colorless liquid; pleasant fruity odor,0.97,Ester,156°C 313°F,-62°C -79°F,1.2,0.1,4.72,23% Appreciable,D: Combustible liquid,C,135,LEL=1.7% UEL—Unavailable,716,"CO2, dry chemical, alcohol foam, water fog",The same techniques used for fighting fire involving combustible petroleum products are applicable. Cool fire exposed tanks with water.,"Moderate hazard, when exposed to heat or flame.","1,1,1",0.056,Unavailable,5/Skin,Irritation from skin contact. Vapor: Irritation of nose and throat.,High vapor concentrations can cause nose and throat irritation.,,,"Vapor—remove victim to fresh air; if breathing stops, apply artificial respiration. Skin or eye contact—remove contaminated clothing and gently flush affected areas with water for 15 minutes. Get medical advice or attention.",This is a relatively stable compound.,Softens many plastics.,,,Group 34 of compatibility chart.,"Avoid contact with liquid. Secure ignition sources. If a spill occurs, call the National Response Center, 800-424-8802.",,Slight skin irritation. More of a chronic systemic hazard from inhalation.,"Health Hazard Ratings row printed unclearly in source text ('144,'); interpreted as '1,1,1' but flagged for visual confirmation.",151,USCG Hazardous Chemical Data,
ETHYLENE GLYCOL METHYL ETHER,"Dowanol EM; Ethanol, 2-methoxy-; Glycol monomethyl ether; 2-Methoxyethanol; Methyl Cellosolve; Methyl oxitol",1188,EME,CH3OCH2CH2OH,"Colorless liquid; mild, agreeable odor",0.97,Glycol ether,124°C 255°F,-85°C -121°F,6.2,0.39,2.62,Complete,D: Combustible liquid,C,115 (cc),2.5 to 19.8%,551,"CO2, dry chemical, alcohol foam, water fog",The same techniques used for fighting fires involving combustible petroleum products are applicable. Cool fire exposed tanks with water.,"Moderate hazard, when exposed to heat or flame.","1,1,2",0.9,Unavailable,5/Skin,"Drowsiness, confusion, loss of mental ability, headache.",Unavailable.,,,"Vapor—remove the victim to fresh air; if breathing stops, apply artificial respiration. Skin or eye contact—remove contaminated clothing and gently flush affected areas with water for 15 minutes. Get medical advice or attention.",This is a relatively stable compound.,Softens many plastics.,,,Group 40 of compatibility chart.,"Wear rubber gloves, face shield, protective clothing. Have all-purpose canister mask available. Avoid contact with liquid. Secure ignition sources. If a spill occurs, call the National Response Center, 800-424-8802.",,Harmful vapor; liquid absorption through the skin may be harmful.,,152,USCG Hazardous Chemical Data,
ETHYLENE OXIDE,"Anprolene; Dimethylene oxide; EO; Epoxyethane; 1,2-Epoxyethane; Oxirane",1040,EOX,C2H4O,"Clear, colorless liquid; ether-like odor",0.88,Alkylene oxides,14°C 51°F,-111°C -168°F,1090,38.5,1.52,Complete,A: Flammable liquid,B,below 0,2 to 100%,804,"Stop flow of gas; CO2, dry chemical, water fog","It is important to keep the temperature of storage tank low; use large amounts of water. Approach only after considering explosion danger. Keep firefighting personnel behind cover if practicable. If the water supply is inadequate or the tank shows signs of overheating, evacuate the area.","Irritating vapors generated when heated. Flammable—does not need oxygen for combustion. If local ""hot spots"" develop in the tank, the liquid in the tank may explode.","3,3,2",50,29 CFR 1910.1047,1,"Burning sensation in eyes, nose and throat; dizziness and headache.",200 ppm for 30 minutes.,,,"Vapor—remove victim to fresh air; if breathing stops, apply artificial respiration. Skin or eye contact—remove contaminated clothing and gently flush affected areas with water for 15 minutes. Get medical attention immediately.",Ethylene oxide's tendency to polymerize increases rapidly when the temperature goes above 30°C. It will decompose with explosive violence when the temperature reaches 571°C.,"May polymerize violently when in contact with highly active catalytic surfaces such as anhydrous iron, tin and aluminum chlorides, pure iron and aluminum oxides and alkali metal hydroxides. Do not use copper, silver or their alloys.",,Tendency to polymerize increases rapidly above 30°C; may polymerize violently in contact with certain catalytic surfaces.,"Unassigned in the compatibility chart. For compatibility assistance, call G-MTH-1 (202-267-1577).","Wear rubber gloves, large heavy face shield (if in doubt use body shield also) and self-contained breathing apparatus. Secure ignition sources. Avoid contact with liquid. Flush with large quantities of water. Do not flush spill into confined spaces where flammable vapors can accumulate. Notify local fire department. If a spill occurs, call the National Response Center, 800-424-8802.",,"Suspected carcinogen. Moderate hazard, for both acute and chronic exposures. Volatility is high and pulmonary absorption is rapid.",,153,USCG Hazardous Chemical Data,
ETHYL ETHER,"Anesthesia ether; Anesthetic ether; Diethyl ether; Diethyl oxide; Ethane, 1,1'-oxybis-; Ether; Ethoxyethane; Ethyl oxide; 1,1'-Oxybisethane; Solvent ether; Sulfuric ether",1155,EET,(C2H5)2O,"Colorless liquid; sweet, pungent odor",0.7,Ether,34°C 94°F,-118°C -180°F,442,16,2.55,0.07,A: Flammable liquid,C,-49,1.85 to 48.0%,356,"CO2, dry chemical, alcohol foam, water fog",Cool tank with water spray. Keep surroundings cool to reduce the amount of vapors produced. The danger of reignition is high.,"A highly flammable, volatile liquid with a wide explosive range and low autoignition temperature. Flashback along vapor trail may occur. Vapor may explode if ignited in an enclosed area.","1,0,2",1,400,400,Exhilaration may be experienced first followed by drowsiness and unconsciousness. Contact with the skin may cause dermatitis.,1000 ppm for 30 minutes.,,,"Vapor—remove victim to fresh air; if breathing stops, apply artificial respiration. Oxygen, when administered by trained personnel, is helpful. Skin or eye contact—remove contaminated clothing and gently flush affected areas with water for 15 minutes. Get medical advice or attention.","In the presence of air, ether forms ethyl peroxide, which may explode if heated.","Compatible with most of the usual materials of construction. Ether swells natural rubber, so protective clothing should be made of plastic which resists ether.",Ethyl peroxide (in presence of air).,,Group 41 of compatibility chart.,"Wear rubber gloves, large heavy face shield (if in doubt use body shield also). Have self-contained breathing apparatus available. Avoid contact with liquid. Secure all ignition sources. Do not flush spill into confined spaces where flammable vapors can accumulate. If a spill occurs into navigable water, the ether will float downstream and create a severe fire hazard until it has all vaporized. If a spill occurs, call the National Response Center, 800-424-8802.",,"Ethyl ether is a volatile liquid possessing irritative and narcotic properties. Absorption of excessive quantities by any route may lead progressively to a state of intoxication, loss of consciousness and death due to respiratory failure.",,154,USCG Hazardous Chemical Data,
2-ETHYL HEXANOL,Alcohol C-8; 2-Ethyl-1-hexanol; 2-Ethylhexyl alcohol; Octanol; Octyl alcohol,,EHX,CH3(CH2)3CH(C2H5)CH2OH,"Colorless, slightly viscous liquid; alcoholic odor",0.83,Alcohol,183°C 362°F,-76°C -105°F,0.36,0.01,4.5,slight,E: Combustible liquid,D,179,Unavailable,581,"Alcohol foam, CO2, dry chemical, water spray",Cool exposed tanks with water.,"Moderate hazard, when exposed to heat or flame.","1,1,1",Unavailable,Unavailable,Unavailable,Mild skin irritation.,Not pertinent,,,"Vapor—remove victim to fresh air; if breathing stops, apply artificial respiration. Skin or eye contact—remove contaminated clothing. Flush affected areas gently with water for 15 minutes; 20-30 minutes for eye contact. Get medical attention.",Will undergo self-reaction if contaminated. Does not require stabilizer.,Usual materials of construction are suitable.,,,Group 20 of compatibility chart.,"Avoid contact with liquid. If a spill occurs, call the National Response Center, 800-424-8802.",+ Unassigned,Practically non-hazardous. Slight effect from absorption of liquid through skin.,,155,USCG Hazardous Chemical Data,
2-ETHYLHEXYL ACRYLATE,"Acrylic acid, 2-ethylhexyl ester; 2-Ethylhexyl, 2-propenoate; Octyl acrylate",,EAI,CH2=CHCO2CH2CH(C2H5)C4H9,Colorless liquid; pleasant odor,0.89,Acrylate,215-218°C 418-425°F,-85°C -130°F,0.01,0.01,6.35,Negligible,E: Combustible liquid,D,188 (cc),LEL=0.8% UEL=6.4%,485,"Dry chemical, CO2, foam, water",Water or foam may cause frothing. Cool exposed tanks with water.,"Moderate hazard, when exposed to heat or flame; will polymerize on heating.","0,1,1",Unavailable,Unavailable,Unavailable,Skin irritation.,Unavailable,,,"Vapor—remove victim to fresh air; if breathing stops, apply artificial respiration. Skin or eye contact—remove contaminated clothing and gently flush with water.",Unstable; polymerizes easily unless inhibited.,Non-corrosive to carbon steel.,,Polymerizes easily unless inhibited.,Group 14 of compatibility chart.,"If possible, wear rubber gloves, face shield, and protective clothing. Have all-purpose canister mask available. Secure ignition sources. Flush spill away with water. If a spill occurs, call the National Response Center, 800-424-8802.",* Polymerizes. + Unassigned,Liquid irritating to skin on contact.,,156,USCG Hazardous Chemical Data,
2-ETHYL HEXYL NITRATE,Alkyl (C7-C9) nitrates; Mixed octyl nitrates; Octyl nitrates,,ONE,CH3CH2C5H12NO3,"Light yellow liquid; ester, fruity odor",0.96,Nitrates,83°C 362°F (decomposes before boiling),17°C 58°F,0.04,,6,0.0002,E: Combustible liquid.,NA,175 (cc),LEL=0.25% UEL—Unavailable,266,"Water fog, foam, dry chemical, CO2",Avoid breathing vapor. Can explode if heated while confined—cool storage container with water.,"Combustible—gives off toxic nitrogen oxides, carbon monoxide, and carbon dioxide gases when heated or burned.",Unavailable,1 to 10,Unavailable,Unavailable,"Mild skin and eye irritation on contact. Inhalation produces headaches, dizziness, nausea, and low blood pressure.",Low health risk from inhalation unless the liquid is heated to decomposition or mist is formed.,,,"Ingestion: If conscious, drink water, induce vomiting. Inhalation: Remove to fresh air. Skin: Flush with soap and water. Eyes: Flush with water for at least 15 minutes.","Stable at ambient temperature, decomposes when heated. Can explode if heated to high temperatures while confined. Reacts with strong oxides, strong bases, strong reducing agents.","Suitable: Mild steel, stainless steel, aluminum, copper, zinc, tin, brass, bronze, neoprene, nitrile rubber. Unsuitable: Butyl rubber, ethylene-propylene rubber.",Nitrogen oxides (on heating).,,Group 34 of the compatibility chart. See also Appendix I—Exceptions to the Chart.,"Avoid contact, especially vapor. Secure all ignition sources. Wear goggles and neoprene or nitrile gloves—use self-contained breathing apparatus if needed. Dike spill, soak up with sand or earth; dispose by controlled burning. If a spill occurs, call the National Response Center, 800-424-8802.",* Decomposition point + Unavailable,"When heated, decomposes to form nitrogen oxides. Low toxicity by ingestion and inhalation; slightly toxic by skin contact.",,157,USCG Hazardous Chemical Data,
ETHYLIDENE NORBORNENE,"5-Ethylidene bicyclo(2,2,1)hept-2-ene; Ethylidene norbornylene; Ethylidene norcamphene",,ENB,C9H12,Colorless liquid with a turpentine-like odor,0.9,Olefins,148°C 298°F,-80°C -112°F,4.53,0.23,4.1,Slight,D: Combustible liquid,C,96,0.9 to 6.4%,522,"Carbon dioxide, dry chemical, foam",Wear protective clothing. Water may be ineffective on fire. Cool exposed containers with water.,Dangerous fire hazard.,"3,1,4",0.007 to 0.14,5,5,"Inhalation—vapors cause headache, dizziness, nausea, vomiting and respiratory distress. Ingestion—irritation of entire digestive system. Irritates eyes and skin.",Prolonged exposure to vapor proved toxic to rats.,,,"Remove contaminated clothing and flush affected areas with plenty of water for at least 15 minutes. Remove victim to fresh air. Administer artificial respiration if necessary. If ingested, induce vomiting. Get medical attention.","Stable at temperatures below 200°C, but unstable above 350°C, decomposing rapidly in presence of air.","Non-corrosive to steel, stainless steel and aluminum. Glass, ""Teflon"" and ceramics are acceptable.",,,Group 30 of compatibility chart. See also Appendix I—Exceptions to the Chart.,"Wear butyl rubber gloves, face shield and protective clothing. Secure ignition sources. If a spill occurs, call the National Response Center, 800-424-8802.",+ Unassigned,Moderate skin irritant. Excessive contact with skin should be avoided.,Vapor density value (44) is inconsistent with the molecular weight of this compound as printed; preserved as printed in the source rather than corrected.,158,USCG Hazardous Chemical Data,
ETHYL METHACRYLATE,"Ethyl 2-methacrylate; Ethyl alpha-methacrylate; Ethyl 2-methyl-2-propenoate; Methacrylic acid, ethyl ester; 2-Propenoic acid, 2-methyl-, ethyl ester",2277,ETM,CH2C(CH3)COOC2H5,Colorless liquid; sharp unpleasant odor,0.92,Acrylates,117°C 243°F,-50°C -58°F,15,0.77,3.94,Negligible,C: Flammable liquid,D,70,1.8% to saturation,740,"CO2, dry chemical, chemical foam","Easily forms explosive mixtures with air. Remove all sources of flames, sparks or other ignition sources. Electrical devices should be grounded and bonded. Cool tanks with water fog.",Fire may cause violent rupture of tank due to polymerization. Forms explosive mixtures with air in the presence of heat or flame. Flashback along vapor trail may occur. Vapor may explode if heated in an enclosed area.,"1,1,2",Unavailable,Unavailable,Unavailable,"Skin allergy develops, vapor causes corneal ulceration, visual disturbance, irritation to respiratory tract, lack of appetite, nausea, convulsion, coma.",100 ppm over 8 hours. Animal tests show effects are not cumulative.,,,"Remove victim to fresh air. Immediately flush affected area with water, use mild soap and water for skin exposure. Experiments have shown Ethyl Methacrylate to be a teratogen; this means that physical defects can be produced in the developing embryo.",Polymerizes; inhibitor required. Can react with oxidizing agents. Ground storage drums or tanks to prevent accumulation of static electricity.,"Glass, types 316 and 304 stainless steel, or aluminum are suitable; corrosive to mild steel.",,Polymerizes; inhibitor required.,Group 14 of compatibility chart.,"Protective clothing, goggles, neoprene gloves, self-contained breathing apparatus should be worn. Flush spills with water fog. Dike flaming pools and extinguish using chemical foams. Secure ignition sources. If a spill occurs, call the National Response Center, 800-424-8802.",,"Moderately toxic, liquid causes skin irritation. Vapors mildly irritating.",,159,USCG Hazardous Chemical Data,
2-ETHYL-3-PROPYLACROLEIN,2-Ethyl hexanal; 2-Ethyl-2-hexanal; 2-Ethyl-3-propyl acyraldehyde,,EPA,C3H7CH=C(C2H5)CHO,"Yellow liquid; sharp, powerful, irritating odor",0.85,Aldehyde,175°C 347°F,3°C 38°F,0.5,0.07,4.35,Negligible,E: Combustible liquid,C,155,Unavailable,392,"CO2, dry chemical, water fog, alcohol foam","The vapors of this chemical are highly irritating. For this reason, respiratory protection is necessary. In other respects, firefighting techniques will be the same as for a Grade E Petroleum product.","Moderate hazard, when exposed to heat or flame.","3,2,2",Unavailable,Unavailable,Unavailable,Burning sensation in respiratory passages or on skin in contact with the liquid.,Unavailable,,,"Vapor—remove victim to fresh air; if breathing stops, apply artificial respiration. Skin or eye contact—remove contaminated clothing and gently flush affected areas with water for 15 minutes. Get medical advice or attention.",Stable.,Unavailable,,,Group 19 of compatibility chart. See also Appendix I—Exceptions to the Chart.,"Wear rubber gloves, self-contained breathing apparatus, protective clothing. Avoid contact with liquid. Small spills may be washed away with water. For large spill, cover with sodium bisulfite (NaHSO3). Add small amounts of water and mix. Scoop up. Wash site with soap solution. If a spill occurs, call the National Response Center, 800-424-8802.",+ Unassigned,Vapor is irritating to respiratory passages. Liquid irritating to skin.,,160,USCG Hazardous Chemical Data,
FORMALDEHYDE SOLUTIONS (37 to 50%),Formalin; Formalith; Formic aldehyde solution; Formol; Fyde; Methanal solution; Methylene oxide; Morbicid,Solutions: 2209; flammable soln.: 1198,EMS,HCHO,"Colorless liquid; pungent, irritating odor",1.11 to 1.13,Aldehyde,97°C 206°F,,1.3,0.09,1.03,Complete,D or E: Combustible liquid (grade depends on concentration),B,122 to 185,7.0 to 73% (formaldehyde vapor in air),806,"CO2, dry chemical, alcohol foam, water fog","The vapors are highly irritating, so fire parties should wear respiratory protection.","When the solution is heated, highly flammable vapors are given off.","3,2,3",below 1,3,1*,"Coughing, copious watering of eyes, severe respiratory irritation.",At a vapor concentration of 10 to 20 ppm breathing becomes difficult. Exposure to 650 ppm for a few minutes may cause death.,,,"Vapor—remove victim to fresh air; if breathing stops, apply artificial respiration. Skin or eye contact—remove contaminated clothing and gently flush affected areas with water for 15 minutes. Get medical advice or attention.",Solutions are often shipped at elevated temperatures to prevent polymer formation.,Corrosive to steel and to copper and its alloys.,,Solutions are often shipped at elevated temperatures to prevent polymer formation.,Group 19 of compatibility chart. See also Appendix I—Exceptions to the Chart.,"Wear rubber gloves, self-contained breathing apparatus, protective clothing. Avoid contact with liquid. Secure ignition source. If possible, cover large spills with sodium bisulfite (NaHSO3). Add small amount of water and mix. Scoop up. Wash site with soap solution. If a spill occurs, call the National Response Center, 800-424-8802.",The commercial material is shipped as water solution of from about 37% to 50% concentration. Methanol is often used to inhibit polymerization. * Proposed change in TLV to 0.3 ppm. † Unavailable,"Suspected carcinogen. Major effect is focal irritation of eyes, nose, and throat. Strong formaldehyde solutions cause a hardening effect and primary skin irritation upon direct contact.",,161,USCG Hazardous Chemical Data,
FORMIC ACID,Formylic acid; Hydrogencarboxylic acid; Methanoic acid,1779,FMA,HCOOH,"Colorless liquid; sharp, penetrating odor",1.22,Organic acid,101°C 213°F,8°C 47°F,0.6,151.5,161.6,Complete,E: Combustible liquid.,D,156 (cc),18 to 57%,1114,"CO2, dry chemical, alcohol foam, water fog",Firefighting parties should wear rubber boots and gauntlets and self-contained breathing apparatus.,"Formic acid is a corrosive, combustible liquid. Toxic vapors are generated in fires.","3,3,3",Unavailable,5,5,"Choking, respiratory irritation, watering of the eyes; skin contact will cause severe itching or burning.",Unavailable,,,"Vapor—remove victim to fresh air; if breathing stops, apply artificial respiration. Skin or eye contact—remove contaminated clothing and immediately flush affected areas gently with water for 15 minutes. Get medical attention. Use protective clothing to prevent personal contact.",Reacts with bases (alkalis) to produce heat. It is also a reducing agent.,"Type 316, stainless steel or lead-lined tanks are satisfactory.",Carbon monoxide (slow decomposition).,,Group 4 of compatibility chart. See also Appendix I—Exceptions to the Chart.,"Avoid contact with liquid. Use respiratory protection and protective clothing. Eliminate all sources of ignition. Cover contaminated surfaces and spill with large quantities of soda ash or sodium bicarbonate. Mix and add water if necessary for good mixing. Scoop up slurry. Wash site with soda ash solution. If a spill occurs, call the National Response Center, 800-424-8802.",,"Natural, slow decomposition yields carbon monoxide (CO), a chemical asphyxiant, and water. Enclosed spaces must be tested for oxygen content (19.5% min.) before entering. Vapor irritating. Liquid causes burns.",,162,USCG Hazardous Chemical Data,
FREON,Genetron; Isotron; Halon; Refrigerant gas; Ucon,,See Remarks table,See Remarks below.,Colorless liquid or gas; sweetish odor,above 1.0,Halogenated compounds,,Varies,Varies,Varies,30 or more,Negligible,NA,NA,Non-flammable,Non-flammable,Non-flammable,Non-flammable,"In contact with hot surfaces or a naked flame these compounds form phosgene, an extremely poisonous gas. Keep tanks, adjacent to fire, cool with water spray. Fire fighters wear full protective clothing including self-contained breathing apparatus.","Freon 11, 12, and 114 do not burn. Freon 22 and 113 when heated can form weakly combustible mixtures.",Unavailable,Unavailable,Unavailable,1000,Drowsiness with or without nausea.,"19,000 ppm for 5 minutes.",,,"Remove victim to fresh air. If breathing stops, apply artificial respiration. Get medical attention. If the liquid has spilled onto the skin, points of contact may be frostbitten, handle gently and protect from mechanical damage. DO NOT RUB. Get medical attention.","Chemically stable, but see Special Fire Procedures above.",Compatible with most materials of construction.,Phosgene (contact with hot surfaces or flame).,,Group 36 of Compatibility chart.,"Avoid contact with liquid. The liquid may boil away (see below) at ambient temperature. Extinguish open flames in vicinity of the spill in order to avoid generation of phosgene. If a spill occurs, call the National Response Center, 800-424-8802.",Formula/Freon/Halon/Boiling Point/CHRIS Code table: CCl3F=Freon 11=Halon 113=+74.8°F=TCF; CCl2F2=Freon 12=Halon 122=-21.6°F=DCF; CHClF2=Freon 22=Halon 121=-41.4°F=MCF; CCl2FCClF2=Freon 113=Halon 233=+117.6°F=TTF; CClF2CClF2=Freon 114=Halon 242=+38.4°F=DTE.,"Vapors are non-irritating to eyes, nose, throat, lungs, and skin, very low toxicity.","The Freon isomer table in Remarks was reconstructed from a garbled OCR table; boiling points for Freon 12 and 22 were re-derived from known CHRIS codes (DCF, MCF) since the printed figures were corrupted — flagged for visual confirmation.",163,USCG Hazardous Chemical Data,
FURFURAL,"Ant oil, artificial; Artificial oil of ants; Fural; 2-Furaldehyde; 2-Furancarbonal; 2-Furancarboxaldehyde; Furfuraldehyde; Furfuran carboxylic aldehyde; Furfurole; Furole; Pyromucic aldehyde",1199,FFA,C4H3OCHO,Colorless to reddish-brown liquid; penetrating almond-like odor,1.2,Aldehyde,161°C 322°F,-37°C -34°F,1.53,0.1,3.31,0.083,E: Combustible liquid,C,155,2.1 to 19.3%,743,"CO2, dry chemical, alcohol foam, water fog","Wear eye protection, self-contained breathing apparatus and protective clothing.","Moderate hazard, when exposed to heat or flame. Furfural can explode on contact with strong mineral acids and alkalis (caustics). Irritating vapors are generated when heated.","2,2,3",0.4,2/Skin,2/Skin,Irritation of respiratory passages.,15 ppm for 15 minutes.,,,"Vapor—remove victim to fresh air; if breathing stops, apply artificial respiration. Skin or eye contact—remove contaminated clothing and gently flush affected areas with water for 15 minutes. Get medical advice or attention.",Furfural can explode on contact with strong mineral acids and alkalis. Reacts with numerous organic materials.,Dissolves or softens many plastics and rubber formulations.,,,Group 19 of compatibility chart.,"Wear rubber gloves and protective clothing. Have self-contained breathing apparatus available. Avoid contact with liquid. Small spills may be washed away with water. Cover large spills with sodium bisulfite (NaHSO3). Add small amount of water and mix. Scoop up. Wash site with soap solution. If a spill occurs, call the National Response Center, 800-424-8802.",,Liquid is irritating to skin and eyes on contact. Vapor is respiratory irritant.,,164,USCG Hazardous Chemical Data,
FURFURYL ALCOHOL,2-Furancarbinol; 2-Furanmethanol; Furfuralcohol; Furylcarbinol; 2-Furylcarbinol; alpha-Furylcarbinol; 2-Furylmethanol; 2-Hydroxymethylfuran,2874,FAL,C4H3OCH2OH,Colorless-amber liquid turning to dark red-brown when exposed to light and air. Slight brine-like odor.,1.29,Alcohol,171°C 340°F,-31°C -24°F,1,0.07,3.37,Complete,E: Combustible liquid,C,167,1.8 to 16.3%,916,"Confined area—CO2, dry chemical. Open area—polar solvent foam, water spray.","Wear eye protection, clothing resistant to furfuryl alcohol, respiratory protection.","Slight explosion hazard when exposed to heat or flame. However it will react with explosive violence in contact with mineral acids or their vapors, or with strong organic acids or their vapors.","2,1,2",8,10/Skin,10/Skin,"Headaches, watering eyes, irritated skin.",Vapor exposures—Rats show 8 percent mortality after one six hour exposure to 47 ppm and 100 percent mortality at 243 and above. Absorption through skin is very rapid.,,,Eyes—wash with water for 10 minutes. Remove contaminated clothing and wash. Skin—wash with soap and water. Ingestion—induce vomiting. Inhalation—move to fresh air. Get medical advice or attention.,Stable. Reactive with organic or mineral acids.,"Do not use near lacquers, varnish, or resins. Can ship in ordinary steel.",,,Group 20 of compatibility chart. See also Appendix I—Exceptions to the Chart.,"Wear rubber gloves, face shield, protective clothing. Have all-purpose canister mask available. Avoid contact with liquid. Secure ignition sources. Spill area may be washed with water. If a spill occurs, call the National Response Center, 800-424-8802.",Ground storage drums or tanks to prevent accumulation of static electricity.,Skin absorption may cause toxic effects. Harmful if swallowed. Toxic concentrations of vapors may be present at temperatures above room temperature.,,165,USCG Hazardous Chemical Data,
"GASOLINE, MOTOR",Benzin; Motor spirit; Petrol,1203,GAT,C5H12 to C9H20,"Colorless to straw-white liquid; sweet, pleasant odor—gasoline",0.72 to 0.76,Misc. hydrocarbon mixture,60-199°C 140-390°F,,190,7.4,3.4,Negligible,C: Flammable liquid,D,-40,1.4 to 7.6%,495,"CO2, dry chemical, foam water fog",Tanks exposed to fire should be kept cool with a water spray. Water may be ineffective on fire.,Dangerous fire and explosion hazard in presence of heat or flame. Flashback along vapor trail may occur. Vapor may explode if ignited in an enclosed area.,"1,1,2",0.25,300,300,"Inhalation: Marked vertigo, inability to walk a straight line, hilarity, incoordination, intense burning in throat and lungs, possibly bronchopneumonia, nausea, vomiting.","0.5 to 1.6% vapor concentration was fatal to a man after 5 minutes exposure; 500 to 30,000 ppm was fatal to a youth.",,,"Inhalation: Immediately remove victim from contaminated atmosphere. If breathing is interrupted, artificial respiration should be applied immediately. A physician should be called.",Chemically stable.,Almost any usual material of construction is suitable. Natural rubber is softened and will deteriorate rapidly.,,,Group 33 of compatibility chart.,"Wear polyethylene gloves, face shield, protective clothing. Have all-purpose canister mask available. Secure ignition sources. Small spills may be flushed away with water. If a spill occurs, call the National Response Center, 800-424-8802.",† Unavailable,Liquid irritating to skin and eyes on contact. Vapor inhalation leads to intoxication.,,166,USCG Hazardous Chemical Data,
"GLUTARALDEHYDE SOLUTION, 50%","Cidex; 1,3-Diformylpropane; Glutaral; Glutaric dialdehyde; Glutarol; Pentanedial; 1,5-Pentanedial",,GTA,HOC(CH2)3COH,Light yellow liquid; rotten apple odor,1.124,Aldehydes,188°C 370°F,-14°C,17,<1,3.4,Soluble,Non-flammable,NA,Non-flammable,Non-flammable,Non-flammable,Non-flammable,None,"Will decompose if heated (greater than approximately 400°C) to yield carbon monoxide, carbon dioxide, hydrocarbons.","1,3,3",0.04,0.2,0.2,Extended exposures result in irritation of respiratory tract. Ingestion yields irritation of mouth and stomach.,The lowest lethal concentration for rats in 4 hours is 5000 ppm.,,,"Immediately flush with plenty of water for 15 minutes. For ingestion, give large amounts of water and induce vomiting if conscious.","Stable, but decomposes thermally about 400°C forming carbon oxides and hydrocarbons.","Mildly corrosive to mild steel, aluminum, copper, zinc, tin, brass and bronze.","Carbon oxides, hydrocarbons (on thermal decomposition).",,Group 19 of compatibility chart.,"Flush with water. Wear goggles or face shield and rubber gloves. Prevent water contamination. Toxic to fish. If a spill occurs, call the National Response Center, 800-424-8802.",† Unavailable + Unassigned,Moderate irritation to the skin.,,167,USCG Hazardous Chemical Data,
GLYCERINE,"Glycerol; Glycyl alcohol; 1,2,3-Propanetriol; Trihydroxypropane; 1,2,3-Trihydroxypropane",,GCR,CH3COCH2COH(CH3)а,Colorless liquid; faint pleasant odor,1.26,Ketone/Alcohol (exhibits properties of both),290°C 554°F,18°C 64F,V.Low,V.Low,3.17,Complete,E: Combustible liquid,D,320,Unavailable,698,"CO2, dry chemical, alcohol foam, water fog",Water may be ineffective on fire. Cool exposed tanks with water.,"Slight hazard, when exposed to heat, flame, or powerful oxidizers.","0,0,0",Odorless,10 mg/m3 as a mist,10 mg/m3 as a mist,Contact with the liquid can cause skin irritation.,No appreciable hazard.,,,Wash glycerine from skin with water. Launder clothing contaminated by the liquid.,Reacts with strong oxidizing agents. Polymerizes about 300°F.,No apparent effect on steel or aluminum.,,Polymerizes about 300°F.,Group 20 of compatibility chart. See also Appendix I—Exceptions to the Chart.,"Secure ignition sources. Spills may be washed away with water. If a spill occurs, call the National Response Center, 800-424-8802.",Even a small amount of water or other impurity will greatly lower the freezing point. + Unassigned,Skin contact with liquid causes slight skin irritation.,"The molecular formula and boiling/freezing point fields printed on this source page do not match glycerine chemically (the formula field shows what appears to be diacetone alcohol's formula, an apparent page/print error in the source); left null rather than supplying the correct chemical formula from outside knowledge, per extraction rules.",168,USCG Hazardous Chemical Data,
HEPTANE,Dipropylmethane; n-Heptane; Heptyl hydride; Normal heptane,1206,HPT,CH3(CH2)5CH3,"Volatile, colorless liquid; sweet gasoline-like odor",0.68,Saturated hydrocarbon,98°C 208°F,-91°C -132°F,114,1.8,3.45,negligible,C: Flammable liquid,D,25 (cc),1.2 to 6.7%,433,"Confined area—CO2, dry chemical. Open area—foam.",Fire fighters should have respiratory devices. Keep fire exposed containers cool with water.,"Highly flammable, dangerous fire risk. Flashback along vapor trail may occur. Vapor may explode if ignited in an enclosed area.","0,0,1",220,400,400,"Irritation of mucous membranes, dizziness, slight nausea, intoxication.",1000 ppm for 6 minutes developed slight dizziness. 500 ppm for 15 minutes results in a condition resembling intoxication by ethyl alcohol.,,,"If inhaled in conc. amounts, remove victim to fresh air and use oxygen. If splashed in eyes, wash with water for 15 minutes. Call a doctor.","Non-reactive but dangerous fire risk. Keep away from heat, sparks, or open flame.",Mild steel and stainless steel are suitable. Natural rubber will soften and deteriorate rapidly.,,,Group 31 of compatibility chart.,"Avoid contact with liquid. Have all-purpose canister masks available. Secure ignition sources. If a spill occurs, call the National Response Center, 800-424-8802.",,Moderately toxic by inhalation.,,169,USCG Hazardous Chemical Data,
HEXAMETHYLENEIMINE,Azacycloheptane; Hexahydroazepine; Homopiperidine,2493,HMI,C6H13N,Colorless to light yellow liquid; ammonia-like odor,0.88,Imine,132°C 270°F,-38°C -38°F,5,4.2,,Complete,C: Flammable liquid,C,62,1.6 to 2.3%,Unavailable,"Water, CO2, dry chemical",Wear eye protection and self-contained breathing apparatus.,Toxic oxides of nitrogen may form in fire. Dangerous fire hazard. Flashback along vapor trail may occur. Vapor may explode if ignited in an enclosed area.,"3,3,3",Unavailable,Unavailable,Unavailable,"Eye, skin and respiratory irritation.",The approximate lethal vapor concentration for a four hour exposure is reported to be 4800 ppm in rats.,,,"Vapor—remove victim to fresh air; if breathing stops, apply artificial respiration. Oxygen, administered by trained personnel, is often helpful. Skin or eye contact—immediately flood affected areas gently with water. Remove contaminated clothing and continue to flush affected areas for 15 minutes. Get medical attention.",Stable.,"Corrodes copper and its alloys in air; corrodes aluminum especially when wet. Removes paint; swells rubber. No effect on carbon steel, wood, cloth.",,,Group 7 of compatibility chart.,"Self-contained breathing apparatus or all-purpose canister mask should be worn when contact is anticipated. Wear impervious gloves and safety goggles. Keep away from heat, sparks and open flames; avoid breathing of vapors. Flush spill with large quantities of water. Secure ignition sources. If a spill occurs, call the National Response Center, 800-424-8802.",† Unavailable,Liquid is irritating to the skin and respiratory tract and the vapor causes eye injury. High vapor concentration may cause serious eye injury.,,170,USCG Hazardous Chemical Data,
iso-HEXANE,2-Methyl pentane,1208,IHA,CH3(CH2)2CH(CH3)2,Colorless liquid; gasoline-like odor,0.66,Saturated hydrocarbons,60°C 140°F,-152°C -242°F,>100,6,3,insoluble,B or C: Flammable liquid depending on flash point and Reid Vapor Pressure.,D,-10,1.7 to 7.0%,583,"Carbon dioxide, dry chemical, water spray",Cool containers with water if exposed to fire. Water may be ineffective on fire.,"Dangerous. Keep away from sparks, heat, or open flame. Flashback along vapor trail may occur. Vapor may explode if ignited in an enclosed area.","0,0,1",Unavailable,500,Unavailable,"Inhalation causes irritation of respiratory tract, cough, mild depression, cardiac arrhythmia. Aspiration causes severe irritation of lungs, coughing, pulmonary edema; excitement followed by depression. Ingestion causes nausea, vomiting, swelling of abdomen, headache, depression.",Unavailable,,,"Inhalation: maintain respiration, give oxygen, if needed. Aspiration: enforce bed rest; administer oxygen. Ingestion: DO NOT induce vomiting. Get medical attention or advice. Eyes: wash with copious amounts of water. Skin: wipe off, wash with soap and water.","Dangerous; keep away from sparks, heat, or open flame. Can react vigorously with oxidizing materials.",Usual materials of construction are suitable.,,,Group 31 of compatibility chart. See also Appendix I—Exceptions to the Chart.,"Avoid contact with liquid. Secure ignition sources. Do not flush spill into confined spaces where flammable vapors can accumulate. If a spill occurs, call the National Response Center, 800-424-8802.",,Vapor slightly irritating. Liquid causes slight skin irritation on contact.,,171,USCG Hazardous Chemical Data,
n-HEXANE,Hexane; Hexyl hydride; Normal hexane,1208,HXA,C6H14,Colorless watery liquid; gasoline-like odor.,0.66,Saturated hydrocarbon,69°C 156°F,-94°C -137°F,97,5,2.98,insoluble,C: Flammable liquid,D,-7,1.1 to 7.7%,500,"Dry chemical, foam or carbon dioxide.",Water may be ineffective on fire. Cool fire exposed tanks with water.,Flashback along vapor trail may occur. Vapor may explode if ignited in an enclosed area.,"0,0,1",Unavailable,50,50,"Inhalation causes irritation of respiratory tract cough and mild depression. Aspiration causes severe lung irritation, coughing and pulmonary edema. Ingestion causes nausea, vomiting, swelling of abdomen, headache and depression.","30,000 ppm vapor concentration causes narcosis of rats in one hour. 0.5% vapor concentration caused distinct dizziness and giddiness of humans in just ten minutes.",,,"Vapor—remove from area and administer artificial respiration, if necessary, and then oxygen. Eye-wash immediately with copious amounts of water. Ingestion—DO NOT induce vomiting. Get medical attention or advice.",Stable.,Certain plastics are unsuitable.,,,Group 31 of compatibility chart.,"Wear rubber gloves, face shield and protective clothing. Have all purpose canister mask available. Gas leak—keep concentration of gas below explosive limits by forced ventilation. Liquid—absorb on paper and discharge paper. Secure ignition sources. If a spill occurs, call the National Response Center, 800-424-8802.",,Minor skin irritant. Irritation caused by vapor inhalation. n-Hexane is toxic by ingestion.,,172,USCG Hazardous Chemical Data,
HEXANOL,Alcohol C-6; Amyl carbinol; 1-Hexanol; n-Hexanol; Hexanols; Hexyl alcohol; n-Hexyl alcohol; 1-Hydroxyhexane; Pentylcarbinol,2282,HXN,CH3(CH2)4CH2OH,Colorless liquid; mild-sweet odor,0.82,Alcohol,157°C 315°F,-52°C -62°F,<1.0,0.75,3.52,Slight,D: Combustible liquid,D,140,1.2 to 7.7% (calculated),559,"Carbon dioxide, dry chemical, alcohol foam, water spray",Water may be ineffective on fire.,"Moderate hazard, when exposed to heat or flame.",Unavailable,Unavailable,Unavailable,Unavailable,Similar to alcohol intoxication.,Saturated vapor not fatal.,,,"Vapor—remove victim to fresh air; if breathing stops, apply artificial respiration. Skin or eye contact—remove contaminated clothing and gently flush affected areas with water for 15 minutes.",Stable.,Usual materials of construction are suitable. May soften some paints and plastics.,,,Group 20 of compatibility chart.,"Wear chemical gloves and goggles. Avoid contact with liquid. Secure ignition sources. If a spill occurs, call the National Response Center, 800-424-8802.",,Practically non-toxic. Handle as a detergent.,,173,USCG Hazardous Chemical Data,
HEXYLENE GLYCOL,"2-Methyl-2,4-pentanediol; Trimethyltrimethylene glycol; alpha,alpha,alpha'-Trimethyltrimethylene glycol",,HXG,(CH3)2COHCH2CHOHCH3,Colorless liquid; slight odor,0.92,Glycol,196°C 385°F,- 50°C -58°F,0.05,Low,4,Complete,E: Combustible liquid,D,205,4.7 to 100%,greater than 500°F.,"CO2, dry chemical, alcohol foam, water fog",Water or foam may cause frothing.,"Moderate hazard, when exposed to heat or flame.","1,0,0",less than 50,25,25,"Headache, dizziness, nausea; strong local irritation of the eyes, nose, and throat; and respiratory discomfort.",1 ppm for 30 minutes.,,,Remove victim to fresh air. Give artificial respiration if necessary. Wash spilled liquid from skin with water. Get medical attention if rash develops or if victim has any breathing difficulty.,Reacts with strong oxidizing agents.,Usual materials of construction are suitable.,,,Group 20 of compatibility chart.,"Avoid contact with liquid. If a spill occurs, call the National Response Center, 800-424-8802.",+ Unassigned,"Vapor irritating to skin and eyes at high concentrations. Liquid very irritating to eyes, slightly irritating to skin.",,174,USCG Hazardous Chemical Data,
HYDROCHLORIC ACID,Chlorohydric acid; Hydrogen chloride; Muriatic acid,1789,HCL,HCl (dissolved in water),"Colorless to light yellow liquid; irritating, pungent odor",1.01 to 1.21,Inorganic acid,110°C 230°F,-76°C -105°F,212,8,1.26,Complete,Non-flammable. Classified as a corrosive liquid.,B (based upon possible hydrogen gas (H2) generation should a leak or spill occur),Non-flammable,Non-flammable,Non-flammable,Non-flammable,Acid tanks exposed to a fire should be cooled by a water spray. Fire parties must wear respiratory protection in order to avoid breathing acid vapor. Full protective clothing must also be worn.,"Hydrochloric acid will not burn. It will react with many metals, giving off hydrogen gas which is highly flammable. If hydrogen is trapped in confined spaces, it can form an explosive mixture with air. See data sheet for hydrogen. Toxic and irritating vapors are generated when heated.","3,3,2",1 to 5,5*,5*,"Where touched by liquid, the skin may tingle or burn. Breathing the vapors will cause severe coughing and watering of the eyes.",Inhalation of 1500 ppm in air are fatal in a few minutes.,,,"Vapor—remove victim to fresh air; if breathing stops, apply artificial respiration. Oxygen, administered by trained personnel, is often helpful. Skin or eye contact—remove contaminated clothing and gently flush affected areas with water for 15 minutes. Get medical advice or attention.",Reacts with bases (caustics) to generate heat.,"Corrodes many metals, causing the evolution of hydrogen gas. Iron and aluminum are corroded readily.",,,Group 1 of compatibility chart.,"Wear rubber gloves, self-contained breathing apparatus, protective clothing. Have body shield available. Secure ignition sources. If possible, cover the contaminated surface and spill with sodium bicarbonate or a soda ash, slaked lime mixture (50-50). Mix and add water if necessary to form a slurry. Scoop up slurry. Wash site with soda ash solution. If a spill occurs, call the National Response Center, 800-424-8802.",* PEL and TLV based upon hydrogen chloride gas.,Inhalation of gas results primarily in irritation of upper respiratory passages. Liquid severely irritating to skin and eyes.,,175,USCG Hazardous Chemical Data,
HYDROGEN (Liquefied),LH2; Liquid hydrogen; Protium,compressed: 1049; refrigerated: 1966,HXX,H2,Colorless gas or liquid; odorless,0.07 at b.p.,,-253°C -423°F,-259°C ☐_435°F,V. High,V. High,0.7,Negligible,Liquefied Flammable Gas (LFG),B,Gas,4.0 to 75%,1075,"First stop flow of gas. CO2, dry chemical, water","Source of hydrogen MUST be eliminated before fire is put out to prevent accumulation of explosive vapors. If the insulation fails on a liquid hydrogen tank exposed to fire, the tank will explode; evacuate firefighters and have them take cover.",Will react violently with strong oxidizers. Will ignite easily with oxygen. Vapors form explosive or combustible mixture with air over a wide range of concentrations. Flame is almost invisible. Flashback along vapor trail may occur. Vapor may explode if ignited in an enclosed area.,Unavailable,Odorless,Unavailable,Unavailable,"Inhalation: Drowsiness and high-pitched, squeaky voice. Skin contact: Numbness and whitening of skin at the area of contact.",Unavailable,,,"Remove victim to fresh air; if breathing stops, apply artificial respiration. If the liquid has spilled onto the skin, points of contact may be frostbitten; handle gently and protect from mechanical damage. DO NOT RUB. Get medical attention immediately. Avoid sparks and open flames.",Will ignite readily when exposed to spark source. Liquid hydrogen will flash into vapor at temperature above -400°F resulting in a sudden and large increase in pressure if confined.,Mild steel and most iron alloys become brittle at liquid hydrogen temperatures. Aluminum and stainless steel (300 series) may be used.,,,Not shipped in bulk.,"Secure all nearby ignition sources immediately. Isolate spill area and call local fire department and the Captain of the Port, U.S. Coast Guard. If the liquid does not catch fire, it will soon boil off and leave no residue. If a spill occurs, call the National Response Center, 800-424-8802.",* Bulk shipments not permitted.,Simple asphyxiant. Not considered toxic. Avoid skin contact with liquid.,Boiling point and freezing point values were not legible in the text layer for this page. Note: This cargo is currently not permitted to be shipped in bulk in U.S. waters (per source page note).,176,USCG Hazardous Chemical Data,This cargo is currently not permitted to be shipped in bulk in U.S. waters)
HYDROGEN PEROXIDE (72% or less),Albone; High-strength hydrogen peroxide; Hioxyl; Hydrogen dioxide; Hydroperoxide; Peroxide; Superoxol,2015,HPO,H2O2,Colorless watery liquid; slightly sharp odor.,1.29 or less,,128°C 257°F,-40°C -40°F,,Varies,Varies,Soluble,Not applicable,Not applicable,Non-flammable,Non-flammable,Non-flammable,Non-flammable,Powerful oxidizer. Wear protective clothing including self-contained breathing apparatus. Flood discharge area with water.,Not flammable but may cause fire and react violently with combustibles and metals. Powerful oxidizer. May cause fire and explode on contact with combustibles and metals.,"2,3,1",Unavailable,1,1,Vapors cause eye and nose discomfort in moderate concentrations; less than 52% causes temporary irritation. Above 52% can cause blisters and eye damage.,77 ppm for 30 minutes.,,,"Avoid contact, immediately flush with water. If ingested give water, induce vomiting if conscious. Remove contaminated clothing and shoes.","Pure grades are stable, but contamination with metals or dirt can cause violent or rapid decomposition.","Incompatible with iron, copper, brass, bronze, chromium, zinc, lead, manganese, silver, and catalytic metals.",,,"Unassigned in compatibility chart. For compatibility assistance, call G-MTH-1 (202-267-1577).","Wear protective inner and outer clothing, impermeable apron, neoprene gloves. Flush area with water. Isolate material from contacting flammable liquids or combustible materials. Evacuate area for at least 1/2 mile if fire exists. If a spill occurs, call the National Response Center, 800-424-8802.",* Vapor Pressure: 5 mmHg at 86°F.,Vapor is irritating.,,177,USCG Hazardous Chemical Data,
2-HYDROXYETHYL ACRYLATE,Ethylene glycol monoacrylate; HEA; beta-Hydroxyethyl acrylate; 2-Hydroxyethyl 2-propenoate,,HAI,H2C=CHCOOCH2OH,Colorless liquid with sweet odor,1.1,Monomers and polymerizable esters,<210°C <410°F,-30°C -22°F,Low,Low,NP,Complete,E: Combustible liquid,D,220,LEL=1.8% UEL—unavailable,Unavailable,"CO2, dry chemical, water, alcohol foam.","Wear eye protection, self-contained breathing apparatus, and impermeable protective clothing.","Moderate fire hazard; however, dangerous when exposed to high temperatures due to liberation of toxic fumes.","4,4,4",Unavailable,Unavailable,Unavailable,"Watering of eyes, red or irritated skin.",Avoid inhalation of hot vapors. Irritation of skin upon short contact; burn after prolonged contact. Animal tests show no deaths after ingestion.,,,"If swallowed, induce vomiting; remove victim to fresh air if any ill effects from breathing vapors are felt. Flush eyes and skin immediately after contact for approximately 15 minutes. Call a doctor.","No spontaneous decomposition, but can polymerize.","Corrodes mild steel, tin plate, and polymerizes. No effect on stainless steel, aluminum, or mild steel with phenolic resin surfaces. Swells rubber, removes paints.",,Can polymerize; corrodes mild steel and tin plate in the process.,Unassigned in compatibility guide. See Appendix I—Exceptions to the Chart.,"Wear eye protection. Neoprene rubber or other impermeable protective clothing should be worn. Secure ignition sources. If a spill occurs, call the National Response Center, 800-424-8802.",+ Unassigned,"Severe eye damage, irritated skin, serious illness after ingestion. Class B poison.",,178,USCG Hazardous Chemical Data,
ISO* (as a prefix),,,,,,,,,,,,,,,,,,,,,,,,,,,,,,,,,,,,,"* For example, if you wanted to look up iso-propyl alcohol it would be shown as iso-PROPYL ALCOHOL under ""P"" not ""I"".",,"This page is a cross-reference/index note ('Look under parent compound'), not a chemical data sheet. All data fields are blank in the source; included as its own page per one-page-one-object rule.",179,USCG Hazardous Chemical Data,
ISOPHORONE,"Isoacetophenone; 3,5,5-Trimethyl-2-cyclohexene-1-one",,IPH,C(O)CHC(CH3)CH2C(CH3)2CH2,Water white liquid; peppermint-like odor,0.93,Ketone,215°C 419°F,-8°C 17°F,0.3,Low,4.75,Slight,E: Combustible liquid,D,184,0.84 to 3.8%,860,"Water spray, carbon dioxide, dry chemical or foam.",Use water spray to disperse vapors. Water may be used to flush spills.,Moderate fire hazard when exposed to heat or flame.,"2,2,0",Unavailable,4,5,"Eye, nose, and throat irritation; narcosis.",25 ppm is an irritant to most humans. Animal tests resulted in eye injury and slight skin irritation after 24 hours; inhalation killed 1 of 6 animals in 8 hours.,,,Remove victim to fresh air and use oxygen. Flush eyes for 15 minutes with water. Wash off skin. Get medical help.,Stable.,Steel is satisfactory.,,,Group 18 of compatibility chart. See also Appendix I—Exceptions to the Chart.,"Wear rubber gloves, face shield, and protective clothing. Secure ignition sources. Have all-purpose canister mask available. Keep unprotected personnel upwind. Flush spill with water. If a spill occurs, call the National Response Center, 800-424-8802.",+ Unassigned,"Highly toxic, strong irritant to skin and eyes.",,180,USCG Hazardous Chemical Data,
ISOPRENE,"beta-Methylbivinyl; 2-Methyl-1,3-butadiene; 3-Methyl-1,3-butadiene",1218,IPR,CH2=C(CH3)CH=CH2,Colorless liquid; mild aromatic odor,0.69,Olefins,34°C 93°F,-146°C -231°F,0,15,2.35,Insoluble,A: Flammable liquid,D,-65,2.0 to 9.0%,428,"Carbon dioxide, dry chemical, foam",Cool exposed tanks with water spray.,"In a fire, polymerization may occur and violently rupture the container. It is recommended that isoprene be stored under an inert atmosphere (preferably nitrogen) with at least 50 ppm tert-butylcatechol present as an inhibitor. Keep away from sparks, heat or open flame.","1,1,1",0.005,Unavailable,Unavailable,Vapor—Eye and upper respiratory tract irritant. Liquid may irritate eyes.,No data on human exposure are available but concentrations of 5% in air are fatal to mice.,,,Remove to fresh air. In case of contact with liquid immediately flush skin or eyes with water for at least 15 minutes; remove contaminated clothing and shoes at once. Call a physician.,"Readily oxidized, polymerized. Should be inhibited to prevent polymerization.",May soften some types of rubber or paint.,,Readily polymerized; should be inhibited to prevent polymerization.,Group 30 of compatibility chart.,"Wear rubber gloves, face shield, protective clothing. Have all-purpose canister mask available. Avoid contact with liquid. Secure ignition sources. Do not flush spill into confined spaces where flammable vapors can accumulate. If a spill occurs, call the National Response Center, 800-424-8802.",* Vapor Pressure: 400 mmHg at 15°C.,"Isoprene is an irritant to mucous membranes of the eyes, nose, and upper respiratory passages.",,181,USCG Hazardous Chemical Data,
KEROSENE,Coal oil; Fuel oil no. 1; Illuminating oil; Kerosine; Range oil,1223,KRS,Mixture of hydrocarbons,Pale yellow to water white oily liquid; strong odor,0.81,Petroleum oil,170-300°C 338-572°F,-45°C -50°F,2.04,0.1,4.5,Negligible,D: Combustible liquid,D,100 to 150,0.7 to 5.0%,444,"Confined area—CO2, dry chemical. Open area—foam, water fog.",Tanks exposed to fire should be kept cool with a water spray. Water may be ineffective on fire.,"Flammable, moderate risk.","1,1,1",1,Unavailable,Unavailable,"Inhalation: Marked vertigo, inability to walk a straight line, hilarity, incoordination, intense burning in throat and lungs, possibly bronchopneumonia, nausea, vomiting.",Unavailable,,,"Inhalation: Remove victim from contaminated atmosphere. If breathing is interrupted, artificial respiration should be applied immediately. Call a doctor.",Stable.,"Most metals are suitable, but kerosene causes rusting of steel.",,,Group 33 of compatibility chart.,"Wear rubber gloves, face shield, protective clothing. Have all-purpose canister mask available. Secure ignition sources. Small spills may be flushed away with water. If a spill occurs, call the National Response Center, 800-424-8802.",,Moderately toxic by ingestion and inhalation.,,182,USCG Hazardous Chemical Data,
LIQUEFIED NATURAL GAS,"LNG; Methane, refrigerated liquid; Natural gas, refrigerated liquid",compressed: 1971; refrigerated: 1972,LNG,Mixture of CH4 and C2H6,Colorless liquefied gas; usually odorized to give a weak skunk like odor,0.41 to 0.45 at -162°C,Paraffins,-161°C -258°F,-182°C -296°F,high,High,0.55-1.0,Insoluble,Liquefied Flammable Gas (LFG),D,Flammable gas,5.3 to 14.0%,999,Stop flow of gas; Dry chemical for small fires.,Use water to cool exposed tanks. Do not extinguish large spill fires. Allow to burn while cooling adjacent equipment with water spray.,"Containers may explode in fire. Vapor may travel to ignition source and flash back along vapor trail. Unless the flow of gas can be stopped, putting out an LNG fire will permit the accumulation of an explosive concentration of vapor and subsequent explosion or reflash.","0,0,0",Unavailable,Unavailable,Unavailable,"If concentration of gas is high enough, may cause asphyxiation. No systemic effect even at 5% concentration in air.",Data not available.,,,"Vapor—remove victim to open air. Administer artificial respiration if necessary. If the liquid has spilled onto the skin, points of contact may be frostbitten; handle gently and protect from mechanical damage. DO NOT RUB. Get medical attention.",Stable.,"Stainless steel, nickel steel and aluminum are suitable.",,,Group 31 of compatibility chart.,"Wear rubber gloves, face shield, protective clothing. Have all-purpose canister mask available. Secure ignition sources. Call fire department. For leak from faulty tank keep concentration below flammable limits by forced ventilation. If the LNG does not catch fire, it will soon boil off. If a spill occurs, call the National Response Center, 800-424-8802.",,Vapors are non-irritating to eyes and throat. Liquid will cause frostbite.,,183,USCG Hazardous Chemical Data,
LIQUEFIED PETROLEUM GAS,"Bottled gas; LPG; Petroleum gases, liquefied; Propane-Butane mixtures; Pyrofax",1075,LPG,Mixture of C3H8's and C4H10,"Colorless compressed gas, with faint skunk odor",0.51 to 0.58 at -50°C (liquid),Paraffins,-40°C -40°F,np,High,High,1.5,Insoluble,Liquefied Flammable Gas (LFG),D,156,2.2 to 9.5%,871,Stop flow of gas; Water (Let fire burn),Allow to burn while cooling adjacent equipment with water. Shut off leak if possible.,"Containers may explode in fire. Vapor is heavier than air and may travel a long distance to a source of ignition and flash back. Unless the flow of gas can be stopped, putting out an LPG fire will permit the accumulation of an explosive concentration of vapor and subsequent explosion or reflash.","0,0,0",5000 to 20000,1000,1000,Concentration in air greater than 10% causes dizziness in a few minutes. High concentration cause asphyxiation.,None,,,"Vapor—remove victim to open air. Administer artificial respiration if necessary. If the liquid has spilled onto the skin, points of contact may be frostbitten; handle gently and protect from mechanical damage. DO NOT RUB. Get medical attention.",Stable.,"Stainless steel, nickel steel and aluminum are suitable.",,,Group 31 of compatibility chart.,"Wear rubber gloves, face shield, protective clothing. Have all-purpose canister mask available. Secure ignition sources. Call fire department. For leak from faulty tanks, keep concentration below flammable limits by forced ventilation. If the LPG does not catch fire, it will soon boil off. If a spill occurs, call the National Response Center, 800-424-8802.",,"Not irritating to eyes, nose or throat. If inhaled, will cause dizziness. Liquid will cause frostbite.",,184,USCG Hazardous Chemical Data,
MALEIC ANHYDRIDE,"cis-Butenedioic anhydride; 2,5-Furandione",2215,MLA,C4H2O3,"Colorless liquid, white solid (as needles, crystals or fused tablets); acrid, choking odor",Molten: 1.3 at 70°C; Solid: 1.48 at 15°C,,200°C 392°F,60°C 140°F,0.15,,3.38,,E: Combustible liquid,D,215 (cc); 230 (oc),1.4 to 7.1%,878,"Alcohol foam, carbon dioxide","Water and foam can cause frothing. Can react with dry chemical. Keep tanks cool in fire by spraying water on them from safe distance. Wear self-contained breathing apparatus, and protective clothing.","Mild fire hazard. Inertion with nitrogen recommended to avoid reaction with water vapor. When heated, can decompose and overpressurize storage tanks.","2,2,1",0.3 to 0.5,0.25,0.25,"Inhalation: Moderately irritating, coughing, sneezing, bronchitis from chronic exposure. Skin: Irritation, redness; dermatitis from chronic exposure. Eyes: Irritation, can be severe, tearing. Ingestion: Little or no risk; nausea.",Limited inhalation risk if space well ventilated.,,,"Ingestion: Induce vomiting. Inhalation: Remove to fresh air, give oxygen if necessary. Skin contact: Flush with water for at least 15 minutes. Eye contact: Flush with water for at least 15 minutes; call physician. For skin contact with molten maleic anhydride, remove solid from skin and treat as normal chemical and thermal burn, and wash with soap and water.","Generally stable. When heated in presence of alkali metals or amines (even in low concentrations of 200 ppm), decomposes rapidly and can overpressurize tanks. Reacts with strong oxidizers. No reactivity except in presence of water (corrosive).",Not corrosive to metals except in the presence of water.,,,Group 11 of compatibility chart.,"Use protective equipment including goggles, face shield, rubber gloves, rubber boots, coveralls, rubber apron. Use organic vapor-acid gas canister. Dike and let spill solidify, then dispose. Alternative, add water to dissolve spill (forming maleic acid) and neutralize with soda ash, then dispose. If a spill occurs, call the National Response Center, 800-424-8802.",* Hydrolizes slowly with cold water; frothing with hot water. + Unavailable,Will burn skin and eyes; dangerous to aquatic life.,,185,USCG Hazardous Chemical Data,
MESITYL OXIDE,Isobutenyl methyl ketone; Isopropylideneacetone; Methyl iso-butenyl ketone; Methyl isobutenyl ketone; 4-Methyl-3-penten-2-one; iso-Propylideneacetone,1229,MSO,(CH3)2C=CHCOCH3,"Oily, colorless liquid; honey-like odor",0.86,Ketones,130°C 266°F,-59°C -74°F,8.7,,3.5,Slight,D: Combustible liquid,D,84,1.3 to 8.8%,652,"Alcohol foam, carbon dioxide or dry chemical",Wear complete protective clothing and self-contained breathing apparatus. Cool exposed tanks with water. Water may be ineffective on fire.,"Flammable, dangerous fire risk, vapor forms explosive mixture with air. Flashback along vapor trail may occur. Vapor may explode if ignited in an enclosed area.","3,3,3",12,15,15,"Irritation of eyes, headaches, coughing, difficult breathing, nose and throat irritation, mild intoxication.","5 minutes—100 ppm predicted eye and mucous membrane irritation with difficult breathing, headache. Similar exposure at 800 ppm. Predicted severe eye and respiratory irritation. Vapor conc. 500 ppm for 30-60 min. considered dangerous to life.",,,"Immediately remove victim from exposure and treat on symptomatic bases. Flush skin promptly with soap and water. If swallowed, do not induce vomiting. Get medical attention.","Stable. Reacts with oxidizing agents; strong alkalis (caustics), and mineral acids.",Non-corrosive to steel.,,,Group 18 of compatibility chart. See also Appendix I—Exceptions to the Chart.,"Wear rubber gloves, face shield, protective clothing. Have all-purpose canister mask available. Avoid contact with liquid. Secure ignition sources. If a spill occurs, call the National Response Center, 800-424-8802.",+ Unavailable,"Moderately toxic by ingestion, inhalation, and skin absorption.",,186,USCG Hazardous Chemical Data,
METHACRYLIC ACID,"alpha-Methacrylic acid; 2-Methylacrylic acid; 2-Methylpropenic acid; 2-Methylpropenoic acid; Propenoic acid, 2-methylene",2531,MAD,CH2=C(CH3)COOH,Water-white liquid with a vinegar-like odor,1.015,Organic acid,161°C 325°F,14°C 57°F,1,0.048,2.5,soluble,E: Combustible liquid,D,171,2.1 to 12.6%,Unavailable,"Alcohol foam, CO2, dry chemicals or water spray.","High temperatures give off toxic acidic fumes. Wear self-contained breathing apparatus, and full protective clothing.","Moderate to dangerous when heated to decomposition, emitting toxic fumes.",Unavailable,5,20,20,"Irritation of eyes, nose and throat; skin may experience a slight burning sensation.",Unavailable,,,"Move victim to fresh air, keep warm and quiet. Eyes—flush with water for at least 15 minutes. Skin—flush with water then wash with soap. Ingestion—do not induce vomiting. Call a physician immediately.","Normally stable; however, if stored above 120°F for long periods of time, it can polymerize violently, giving off heat. Reacts with oxidizers.","Corrodes steel, wood, cloth and paint. Glass, 302, 304 and 316 stainless steel are suitable.",,Can polymerize violently if stored above 120°F for long periods.,Group 4 of the compatibility chart.,"Wear rubber gloves, aprons, boots and acid goggles. Avoid skin contact and prolonged exposure to vapors. Neutralize spills with soda ash and flush with water. If a spill occurs, call the National Response Center, 800-424-8802.",Methacrylic acid is normally inhibited with hydroquinone or the methyl ether of hydroquinone.,Vapors are mildly irritating to the eyes; the liquid is strongly corrosive to the skin and eyes.,,187,USCG Hazardous Chemical Data,
METHACRYLONITRILE,"2-Cyanopropene; Isopropene cyanide; MAN; 2-Propenenitrile, 2-methyl-",3079,MET,CH2=C(CH3)CN,"Clear, colorless liquid; no appreciable odor",0.8,Cyanides,90°C 195°F,-36°C -32°F,48.3,7.64,1.17,0.026,C: Flammable liquid,NA,55,Unavailable—tends to polymerize violently,Unavailable—tends to polymerize violently,"Water fog, alcohol foam, CO2, dry chemical",Wear self-contained breathing apparatus and protective clothing. Use water to cool exposed containers.,Very flammable; tends to polymerize violently rather than burn. Decomposes to toxic products. Flashback along vapor trail may occur. Vapor may explode if ignited in an enclosed area.,Unavailable,1*,1/Skin,1/Skin,"Only moderately irritating to eyes and skin. Inhalation: Weakness, headache, confusion, nausea, vomiting, respiratory paralysis, convulsions.",,,,"Get medical attention. Inhalation: Remove to fresh air, create artificial airway if needed. Eyes: Flush with water for at least 15 minutes. Skin: Wash with soap and water twice. Medical personnel should wear protective clothing. See Medical Kit Information, Appendix B",Generally stable except when heated. Polymerizes on prolonged exposure to light. Reacts with oxidizers and reducers.,Suitable: Iron,,Polymerizes on prolonged exposure to light.,Group 15 of compatibility chart.,"Avoid all contact, including vapor. Remove all ignition sources. Absorb with clay, earth, sawdust. Dispose by authorized incineration or landfill. Wear gloves, goggles, rubber aprons and boots, self-contained breathing apparatus. Wash clothing before reuse. If a spill occurs, call the National Response Center, 800-424-8802.","* NOTE: Detectable odor and TLV are the same, therefore odor is not a reliable method of detecting hazardous concentrations.","Very toxic, avoid all contact.",,188,USCG Hazardous Chemical Data,
METHANE,Marsh gas; Methyl hydride; Natural gas,compressed: 1971; refrigerated: 1972,MTH,CH4,"Colorless gas; mild, sweet odor",0.42 at -160°C (a liquid),Paraffin,-162°C -259°F,-182°C -296°F,V. High,V. High,0.55,Negligible,Liquefied Flammable Gas (LFG),D,-306,5.0 to 15%,1000,"Stop flow of gas; Water, CO2, or dry chemical",Keep burning tank and methane tanks adjacent to it cool with a water spray. Stop flow of gas.,"Unless the flow of gas can be stopped, putting out a methane fire will permit the accumulation of an explosive concentration of vapor and subsequent explosion or reflash.","0,0,0",200,Unavailable,Unavailable,"Liquid can cause frostbite on skin contact. High gaseous concentrations may cause asphyxiation. No systemic effects, even at 5% concentration in air.",Unavailable,,,"Remove to fresh air; if breathing has stopped, apply artificial respiration. If the liquid has spilled onto the skin, points of contact may be frostbitten; handle gently and protect from mechanical damage. DO NOT RUB. Get medical attention.",Stable.,Non-corrosive to steel,,,Group 31 of compatibility chart.,"Have all-purpose canister mask available. Avoid contact with liquid. Secure ignition sources. If methane does not catch fire, it will soon boil off. If a spill occurs, call the National Response Center, 800-424-8802.",,Simple asphyxiant. Breathing gas may cause unconsciousness without warning because of lack of oxygen.,Boiling point and freezing point values were not legible in the text layer for this page.,189,USCG Hazardous Chemical Data,
METHOXY TRIGLYCOL,2-[2-(2-Methoxyethoxy)ethoxy]ethanol; Triethylene glycol methyl ether,,MTG,CH3O(C2H4O)3H,Colorless liquid; mild odor,1.05,Glycol ether,249°C 480°F,- 44°C 47°E,low,low,5.66,Complete,E: Combustible liquid,C,245,Unavailable,Unavailable,Alcohol foam,Unavailable,Moderate fire hazard if exposed to heat.,"0,0,0",Unavailable,Unavailable,Unavailable,Unavailable,Unavailable,,,Eye contact—flush gently with water. Get medical advice if any discomfort.,Stable.,Usual materials of construction are suitable.,,,Group 40 of compatibility chart.,"Avoid contact with liquid. If a spill occurs, call the National Response Center, 800-424-8802.",† Unassigned,No health hazard under normal conditions of handling.,,190,USCG Hazardous Chemical Data,
METHYL ACETATE,"Acetic acid, methyl ester",1231,MTT,CH3COOCH3,Colorless liquid; fragrant odor,0.92,Ester,54°C 129°F,-98°C -144°F,170,4.6,2.6,slight,C: Flammable liquid,D,14,4 to 14%,850,"Alcohol foam, dry chemical, or CO2","Water may be ineffective due to low flash point, but water should be used to keep fire-exposed containers cool. If a leak or spill has not ignited, use water spray to disperse the vapors and to protect men attempting to stop a leak. Water may dilute spills to non-flammable mixtures.","Dangerous, when exposed to heat or flame. Flashback along vapor trail may occur. Vapor may explode if ignited in an enclosed area.","2,0,1",Unavailable,200,200,"Irritation of respiratory passages, eyes, dizziness, depression, burning of eyes.",400 ppm for unknown duration.,,,"If the eyes are affected, irrigate continuously with water for at least 15 minutes. Obtain medical advice or attention.",Stable.,Compatible with common materials of construction.,,,Group 34 of compatibility chart.,"Wear rubber gloves, face shield, protective clothing. Have all-purpose canister mask available. Avoid contact with liquid. Secure ignition sources. If a spill occurs, call the National Response Center, 800-424-8802.",,Skin contact with liquid causes defatting and cracking of skin. Vapor irritating.,,191,USCG Hazardous Chemical Data,
METHYL ACETYLENE-PROPADIENE MIXTURE,Allene-methyl acetylene mixture; MAPP Gas; Methyl acetylene-allene mixture; Propadiene-methyl acetylene mixture; Propyne-allene mixture,1060,MAP,"CH3C=CH, H2C=C=CH2, plus other C-3s and C-4s, saturated and unsaturated.",Colorless gas with musty odor,0.58,Hydrocarbon (Olefin),,,5620,1.65,1.5,Negligible,Liquefied Flammable Gas (LFG),C,Flammable gas,3.4 to 10.8%,850,"Stop flow of gas; Water, CO2, dry chemical",Use water spray to cool burning tank and adjacent MAPP tanks.,"MAPP gas is highly flammable but not shock sensitive. Unless the flow of gas can be stopped, putting out a MAPP gas fire will permit the accumulation of an explosive concentration of vapor, and subsequent explosion or reflash.",Unavailable,100,Unavailable,Unavailable,Contact with MAPP liquid may cause frost-type burns.,"Toxicity is slight, but high concentrations (6000 ppm) can have an anesthetic effect.",,,"Remove to fresh air. Give artificial respiration if breathing stops. If liquid has spilled onto the skin, points of contact may be frostbitten; handle gently and protect from mechanical damage. DO NOT RUB. Get medical attention.",This cargo is stabilized.,Alloys containing over 67% copper should not be used.,,,Group 30 of compatibility chart.,"Avoid contact with liquid. Secure ignition sources. If a spill occurs, call the National Response Center, 800-424-8802.",* Boiling Range: -38 to -20°C; -36 to -4°F. ** Freezing Range: -101 to -137°C; -151 to -214°F.,The toxicity of MAPP is similar to that of propane and acetylene.,,192,USCG Hazardous Chemical Data,
METHYL ACRYLATE,"Acrylic acid, methyl ester; Methyl propenoate; Methyl 2-propenoate; 2-Propenoic acid methyl ester",1919,MAM,CH2=CHCOOCH3,Colorless liquid; sharp pungent odor,0.95,Acrylates,80°C 175°F,-75°C -103°F,68.2,3.1,3,0.052,C: Flammable liquid,D,18 to 27,2.8 to 25%,875,"CO2, dry chemical, foam, water fog",Cool tank with a water spray. Supply fire parties with body and respiratory protection.,"Irritating vapors are generated in fires. Ignited by heat, sparks or open flame. Fire may cause violent rupture of tank due to polymerization. Flashback along vapor trail may occur.","3,2,3",20,10/Skin,10/Skin,"Watering of eyes, severe burning sensation of throat and nasal passages, coughing and sneezing.",25 ppm for 30 minutes.,,,"Vapor—remove victim to fresh air; if breathing stops, apply artificial respiration. Skin or eye contact—remove contaminated clothing and gently flush affected areas with water for 15 minutes. Get medical advice or attention.","Methyl acrylate will polymerize readily, unless inhibited, evolving considerable amounts of heat. At high temperatures it may polymerize even though inhibited.",Usual materials of construction are suitable.,,Polymerizes readily unless inhibited; may polymerize even when inhibited at high temperatures.,Group 14 of compatibility chart.,"Wear rubber gloves, face shield, protective clothing. Have all-purpose canister mask available. Avoid contact with liquid. Secure ignition sources. If a spill occurs, call the National Response Center, 800-424-8802.",,Vapor severely irritating. Liquid may cause severe damage from prolonged skin contact.,,193,USCG Hazardous Chemical Data,
METHYL ALCOHOL,Alcohol C-1; Carbinol; Colonial spirits; Columbian spirits; Methanol; Methyl hydroxide; Pyroxylic spirit; Wood alcohol; Wood spirit,1230,MAL,CH3OH,Colorless liquid; smells like wine or shellac thinner,0.79,Alcohol,64°C 148°F,-98°C -144°F,100,4.5,1.11,Complete,C: Flammable liquid,D,61,5.5 to 36.5%,878,"CO2, dry chemical, alcohol foam, water fog",Avoid breathing vapors. Provide body and respiratory protection for fire parties. Keep tanks cool with water spray. Water may not be effective unless large quantities are used.,"Methyl alcohol is a flammable liquid. At ""room"" temperature, gives off a vapor which is both toxic and, when mixed with air, explosive within certain limits. Flashback along vapor trail may occur. Vapor may explode if ignited in an enclosed area.","1,1,2",50 to 2000*,200/Skin,200/Skin,"Dizziness, unconsciousness, and sighing respiration.","1000 ppm for 1 hour has caused headache, eye irritation and fatigue.",,,Remove victim to fresh air. Give artificial respiration if breathing stops. Skin or eye contact—remove contaminated clothing. Flush affected areas gently with water for 15 minutes. Get medical advice or attention.,Stable. Can react vigorously with oxidizing materials.,Compatible with most materials of construction.,,,Group 20 of compatibility chart. See also Appendix I—Exceptions to the Chart.,"Wear rubber gloves, protective clothing. Have all-purpose canister mask available. Avoid contact with liquid. Secure ignition sources. If a spill occurs, call the National Response Center, 800-424-8802.",*NOTE: Odor threshold is not considered adequate warning of potential dangerous vapor concentrations.,Vapor inhalation dangerous. May be absorbed through skin. Poisonous if swallowed.,,194,USCG Hazardous Chemical Data,
"METHYLAMINE SOLUTION, 40%",Aminomethane; Monomethyl amine,1235,MTA,CH3NH2,Water white to pale straw color; fishy or ammoniacal odor,0.897,Aliphatic amines,48°C 118°F,-38°C -36°F,245,10,1.07,Complete,B: Flammable liquid,D,10 (cc),4.4 to 20.7%,806,"Alcohol foam, water spray, CO2, dry chemical","Wear protective clothing, self-contained breathing apparatus and eye protection.","Vapor very flammable. When heated, can decompose to toxic nitrogen oxides. Flashback along vapor trail may occur. Vapor may explode if ignited in an enclosed area.",Unavailable,0.021,10,10,"Ingestion: Digestive tract burns. Skin: Irritation, dermatitis, burns. Eyes: Irritation, burns, pulmonary edema. Inhalation: Sneezing, coughing, burning chest pain.","As little as 20-100 ppm causes eye, nose, throat irritation. Vapor is so irritating that people do not voluntarily continue hazardous exposure.",,,"Get medical attention. Eyes and skin: Flush with water at least 15 minutes. If skin burned, do not cover or apply ointment for first 24 hours. Inhalation: Remove to fresh air with mouth to mouth resuscitation or oxygen if needed. Ingestion: Do not induce vomiting. If conscious, drink water.",Stable. Can react with acids and oxidizers.,"Suitable: Stainless steel, mild steel, iron. Unsuitable: Aluminum, copper, zinc, magnesium.",,,Group 7 of compatibility chart.,"Avoid contact including vapor. Secure ignition sources and dilute with water or use absorbent material. Wear hard hat, safety goggles, face shield, rubber gauntlet gloves, rubber apron, rubber safety shoes or rubber boots, self-contained breathing apparatus, as needed. Do not flush spills into confined spaces where flammable vapors can accumulate. Keep from entering waterway. If a spill occurs, call the National Response Center, 800-424-8802.",,Vapors are highly irritating and toxic.,,195,USCG Hazardous Chemical Data,
METHYL AMYL ACETATE,"1,3-Dimethylbutyl acetate; sec-Hexyl acetate; MAAc; Methyl iso-butyl carbinol acetate; Methyl iso-butyl carbinyl acetate; Methylisoamyl acetate; 4-Methyl-2-pentanol acetate; 4-Methyl-2-pentyl acetate",1233,MAC,CH3COOCH(CH3)CH2CH(CH3)2,Water white liquid; mild fruity odor,0.86,Ester,146°C 295°F,-64°C -83°F,3.6,0.21,5,negligible,D: Combustible liquid,D,110,0.9 to 5.7% (calculated),510 (calculated),"Confined area—CO2, dry chemical. Open area—foam, water spray.",Water may be ineffective on fire. Cool exposed tanks with water.,"Flammable, moderate fire risk.","2,1,1",Unavailable,Unavailable,Unavailable,"Irritation of respiratory passages, vomiting, dizziness, depression, burning of eyes.","Animal tests: No primary skin irritation, traces of eye inflammation; 4 hour exposure inhalation killed 1 out of 6; 8 hours exposure killed 5 of 6.",,,Ingestion—induce vomiting. Inhalation—remove victim to fresh air and administer oxygen if necessary. Eye or skin contact—flush gently with water for 15 minutes. Get medical attention.,Stable.,No effects on steel; will swell rubber and can dissolve certain coatings.,,,Group 34 of compatibility chart.,"Wear rubber gloves, protective clothing, face shield. Have all-purpose canister mask available. Avoid contact with liquid. Secure ignition sources. If a spill occurs, call the National Response Center, 800-424-8802.",,"Moderately toxic by ingestion and inhalation, can cause skin irritation on prolonged exposure.",,196,USCG Hazardous Chemical Data,
METHYLAMYL ALCOHOL,Isobutyl methyl carbinol; Isobutyl methyl methanol; MAOH; Methyl iso-butyl carbinol; 4-Methyl-2-pentanol; MIBC; MIC,2053,MIC,CH3CH(OH)CH2CH(CH3)2,Colorless liquid; mild alcoholic odor,0.81,Alcohol,132°C 269°F,-90°C -130°F,3.8,0.2,3.5,0.018,D: Combustible liquid,D,131,1.0 to 5.5%,583 (calculated),"CO2, dry chemical, alcohol foam, water fog",Provide fire parties with respiratory protection if they must enter spaces to fight the fire.,"Moderate hazard, when exposed to heat or flame.","1,1,1",50,25/Skin,25/Skin,"Burning of nasal passages and watering of eyes, burning or itching at site of skin contact, dizziness or drowsiness.","2900 ppm cause immediate irritation of the eyes, nose and throat; 2-4 hours, narcosis; 8-10 hours, profound depression and possible death.",,,"Vapor—remove victim to fresh air; if breathing stops, apply artificial respiration. Skin or eye contact—remove contaminated clothing and gently flush affected areas with water for 15 minutes. Get medical advice or attention.",Relatively stable.,Most materials of construction are satisfactory.,,,Group 20 of compatibility chart.,"Wear rubber gloves, face shield, protective clothing. Have all-purpose canister mask available. Avoid contact with liquid. Secure ignition sources. If a spill occurs, call the National Response Center, 800-424-8802.",,Essentially an anesthetic with little or no cumulative toxicological properties. Prolonged contact with liquid may produce drying and cracking of the skin.,,197,USCG Hazardous Chemical Data,
METHYL BROMIDE,"Bromomethane; Embafume; Methane, bromo-; Monobromomethane",1062,MTB,CH3Br,"Colorless liquid; sweet, chloroform-like odor",1.73 at 20°C (a liquid),Halogenated hydrocarbons,5°C 40°F,-93°C -135°F,1420,45,3.27,0.017,Liquefied Compressed Gas (LCG),D,Virtually non-flammable in air; burns in oxygen (O2).,10 to 15%,998,"Water spray, dry chemical",Cool tanks in vicinity of fire with a water spray. Leaking tanks must not be approached unless wearing full body and respiratory protection.,Toxic and irritating gases are generated when exposed to heat or fire. Practically non-flammable. Fire and explosion hazard is slight.,"3,3,4",Unavailable*,5/Skin,5/Skin,"Double vision, nausea, dizziness, headache. Severe exposure results in convulsions, muscular tremors, and possibly death.",20 ppm for 5 minutes.,,,Remove victim to fresh air. Administer artificial respiration if unconscious. Oxygen administered by trained personnel is often helpful. Get medical attention immediately.,Forms aluminum alkyls in presence of aluminum. Aluminum alkyls are spontaneously ignitable materials.,Not corrosive to most metals.,,,Group 36 of compatibility chart.,"Wear rubber gloves, self-contained breathing apparatus, protective clothing. Avoid contact with liquid. Personnel without respiratory protection must be kept upwind of spill. If a spill occurs, call the National Response Center, 800-424-8802.",* NOTE: The effects of inhaling this material may be delayed. Exposure to potentially dangerous vapor concentrations can occur before the product can be detected by smell.,"Suspected carcinogen. Poisonous by inhalation. Effects may be delayed. Liquid causes burns; may be absorbed by clothing, particularly shoes, to cause delayed burns. Class B poison.",,198,USCG Hazardous Chemical Data,
METHYL CHLORIDE,"Chloromethane; Methane, chloro-",1063,MTC,CH3Cl,Colorless gas or liquid; faintly sweet odor,0.92,Halogenated hydrocarbons,-24°C -11°F,-97°C -142°F,3800,116.7,1.78,0.005,Liquefied Flammable Gas (LFG),D,<32,8.1 to 17.2%,1170,"Stop flow of gas; CO2, dry chemical, water fog",Keep tank cool with water spray. Both the vapor of the product and its combustion products are poisonous. Provide firefighters with respiratory protection and full protective clothing.,"As with a Liquefied Flammable Gas, extinguishing the fire without stopping the gas leakage may increase the danger by permitting the accumulation of an explosive mixture. Ignited by heat, sparks or open flame. Toxic and irritating gases are generated in fires.","0,0,2",,50,50/Skin,"Dizziness, staggering gait, drowsiness; recovery is slow. Frostbitten areas will be white. Death may result from a single high exposure or repeated moderate exposures.",300 ppm for 5 minutes.,,,"Remove victim to fresh air. Apply artificial respiration if breathing stops. If the liquid has spilled onto the person, points of contact may be frostbitten. Protect any frozen areas from mechanical damage. Get medical attention.","Decomposes upon contact with moisture. At high temperatures it may decompose to phosgene, chlorine and carbon monoxide.","When in contact with aluminum, the product which forms may ignite spontaneously in air. Do not use aluminum, aluminum alloys, zinc, die castings, magnesium or magnesium alloys.","Phosgene, chlorine, carbon monoxide (at high temperatures).",,Group 36 of compatibility chart.,"Wear rubber gloves, self-contained breathing apparatus, protective clothing. Secure ignition sources. Small spills will vaporize and disperse. If a spill occurs, call the National Response Center, 800-424-8802.",Liquefied Flammable Gases are regulated by 46 CFR Part 38.,Suspected carcinogen. Vapor very harmful. Liquid or cold gas may cause skin or eye injury similar to frostbite.,* NOTE: Detectable odor is greater than the TLV. Odor threshold value itself was not legible/present in the text layer.,199,USCG Hazardous Chemical Data,Detectable odor is greater than the TLV. Exposure to potentially dangerous vapor concentrations cn occur before the product can be smelled.
2-METHYL-6-ETHYLANILINE,6-Ethyl-2-methyl benzenamine; Ethyl-o-toluidine; Methylethyl aniline,,MEA,C9H13N,Clear to amber liquid; mildly pungent odor,0.97,Aromatic amines,231°C 448°F,-25°C -13°F,0.06,,4.67,Slight,E: Combustible liquid,NA,232,Unavailable,Unavailable,"CO2, dry chemical, foam, water spray","Wear protective clothing, gloves, and goggles and self-contained breathing apparatus.","Mild hazard, toxic fumes of nitrous oxides and CO2 are given off by high temperatures or combustion.",Unavailable,Unavailable,Unavailable,Unavailable,Skin develops blue tinge from lack of oxygen in the blood.,Rats subject to 260 ppm for 4 hours produced no symptoms.,,,Flush eyes immediately with water for 15 minutes. Wash skin with water. Remove to fresh air.,Stable.,Usual materials of construction are suitable.,,,Group 9 of compatibility chart.,"Soak up spill with sawdust, sand, or incinerate. Wear protective clothing, goggles, have self-contained breathing apparatus at hand. If a spill occurs, call the National Response Center, 800-424-8802.",† Unavailable + Unassigned,"Severe eye irritant, nonirritating to the skin.",,200,USCG Hazardous Chemical Data,
METHYL ETHYL KETONE,2-Butanone; Ethyl methyl ketone; MEK,1193,MEK,CH3COC2H5,Colorless liquid with a lacquer thinner odor,0.8,Ketone,80°C 176°F,-86°C -123°F,100,3.5,2.5,0.27,C: Flammable liquid,D,30,1.8 to 11.5%,960,"CO2, dry chemical, alcohol foam",Water spray may be ineffective on fire. Cool exposed tanks with water.,"Dangerous fire hazard, when exposed to heat or flame.","1,1,2",10,200,200,"Irritation in eyes, nose, and throat. Dizziness, headache, nausea and lack of communication.","Limited by irritant properties of vapor. 30,000 ppm is intolerable to man because of irritation of eyes and nasal passages; 3000 ppm is intolerable to man for more than just a short period of time.",,,"Remove any contaminated clothing promptly and flush skin with copious amounts of water. In case of eye burns, flush with water for ten minutes.",Stable.,Softens and dissolves many plastics.,,,Group 18 of compatibility chart. See also Appendix I—Exceptions to the Chart.,"Wear rubber gloves, face shield, protective clothing. Have all-purpose canister mask available. Avoid contact with liquid. Secure ignition sources. If a spill occurs, call the National Response Center, 800-424-8802.",,Vapor is irritating with moderate narcotic effect when inhaled. Vapor very irritating to eyes. Slight skin irritation on contact.,,201,USCG Hazardous Chemical Data,
2-METHYL-5-ETHYLPYRIDINE,Aldehyde-collidine; Aldehydine; 3-Ethyl-6-methyl pyridine; 5-Ethyl-2-methyl pyridine; 5-Ethyl-2-picoline; MEP,2300,MEP,"CH3C5H3NC2H5, or C8H11N",Colorless liquid; sharp penetrating odor,0.92,Amine,178°C 353°F,-70°C -94°F,0.9,0.1,4.18,Slight,E: Combustible liquid,D,165,1.1 to 6.6%,939,"Alcohol foam, carbon dioxide, dry chemical, water spray",Wear protective clothing and self-contained breathing apparatus.,Moderate fire hazard when exposed to heat or flame. Irritating vapors are generated when heated.,"2,2,2",Unavailable,Unavailable,Unavailable,Redness and swelling from skin contact with liquid.,1700 ppm lethal to a rat in 3.7 hours.,,,"Vapor—remove victim to fresh air; if breathing stops, apply artificial respiration. Skin or eye contact—remove contaminated clothing and gently flush affected area with water for 15 minutes. A physician must see all cases of eye contact immediately after eye wash is completed.",Stable. Can react with oxidizing or strongly alkaline (caustic) materials.,Polyethylene-lined containers suitable.,,,Group 9 of compatibility chart.,"Avoid contact with liquid. Keep unprotected personnel away from spill area. Collect material in plastic containers using absorbents, for small spills; flush large spills. If a spill occurs, call the National Response Center, 800-424-8802.",,,"Health Hazard Ratings printed as '2.22' without comma delimiters in source; interpreted as '2,2,2'.",202,USCG Hazardous Chemical Data,
METHYL FORMATE,"Formic acid, methyl ester; Methyl methanoate",1243,MFM,HCOOCH3,Colorless liquid; pleasant odor,0.98,Esters,32°C 88°F,-100°C -148°F,400,18,2.07,Soluble,A: Flammable liquid,D,-26 (cc),5 to 22.7%,853,"Dry chemical, alcohol foam, CO2","Water may not be effective. Wear self-contained breathing apparatus, rubber gloves.","Toxic vapors are generated. Very dangerous when exposed to heat, flame or oxidizers. Flashback along vapor trail may occur. Vapor may explode if ignited in an enclosed area.","3,1,1",Unavailable,100,100,"Irritation of mucous membranes, narcosis, temporary visual disturbances. Liquid causes skin and eye irritation.",Unavailable,,,"Inhalation—move to fresh air, give artificial respiration or oxygen as necessary. Eyes—flush with water for 15 minutes. Skin—wash with soap and water. Ingestion—Do not induce vomiting. Get medical help.",Stable. Slow non-hazardous reaction with water to form formic acid and methyl alcohol. Reacts with oxidizers.,"Stainless steel, aluminum or lined carbon steel are suitable.","Formic acid, methyl alcohol (on slow hydrolysis).",,Group 34 of compatibility chart,"Secure ignition sources. Restrict access. Disperse and flush. Do not flush spill into confined spaces where flammable vapors can accumulate. Wear self-contained breathing apparatus, rubber gloves, goggles or safety glasses. If a spill occurs, call the National Response Center, 800-424-8802.",,"Vapor and liquid are irritating to eyes, nose, skin and throat.",,203,USCG Hazardous Chemical Data,
METHYL ISOBUTYL KETONE,Hexone; isobutyl methyl ketone; Isopropylacetone; 4-Methyl-2-pentanone; MIBK; MIK,1245,MIK,CH3COCH2CH(CH3)2,Colorless liquid; pleasant odor,0.8,Ketone,116°C 241°F,-84°C -119°F,10,0.8,3.45,0.02,C: Flammable liquid,D,75,1.2 to 8.0% at 200°F,858,"CO2, dry chemical, alcohol foam, water fog",Fire parties must wear respiratory protection. Water may be ineffective on fire.,Irritating vapors are generated when heated. Dangerous fire hazard when exposed to heat or flame; moderate explosion hazard when vapor exposed to heat or flame.,"1,1,1",0.47,50,50,"Headache, dizziness and nausea.",200-400 ppm for 5 minutes has produced eye irritation; 400 ppm for 5 minutes may produce nasal irritation.,,,"Vapor—remove victim to fresh air; if breathing stops, apply artificial respiration. Skin or eye contact—remove contaminated clothing and gently flush affected areas with water for 15 minutes. If swallowed, do not induce vomiting. Get medical attention.",Stable.,Will soften many plastics.,,,Group 18 of compatibility chart.,"Wear rubber gloves, face shield, protective clothing. Have all-purpose canister mask available. Avoid contact with liquid. Secure ignition sources. If a spill occurs, call the National Response Center, 800-424-8802.",,"Vapor causes eye, nose, throat irritation. Aspirated methyl isobutyl ketone may cause severe lung damage and present a significant hazard. Repeated or prolonged skin contact may cause defatting of the skin with primary irritation resulting.",,204,USCG Hazardous Chemical Data,
METHYL METHACRYLATE,"Crystalite; Methacrylate monomer; Methacrylic acid, methyl ester; Methyl methacrylate monomer, inh.; Methyl alpha-methacrylate; Methyl-2-methyl propenoate; 2-Methylpropenoic acid; 2-Propenoic acid, 2-methyl-, methyl ester",1247,MMM,CH2=C(CH3)COOCH3,Colorless liquid; acrid odor,0.94,Acrylates,100°C 212°F,-48°C -55°F,0,0.5,3.45,Slight,C: Flammable liquid,D,55,2.1 to 12.5%,790,"Foam, carbon dioxide and dry chemicals","Cool exposed tanks with water. Wear eye protection, self-contained breathing apparatus and protective clothing.","Ignited by heat, sparks, or open flame. Fire may cause violent rupture of tank because of polymerization.","3,2,3",0.05,100,100,Smarting of the skin and first-degree burns on short exposure and may cause second-degree burns on long exposure.,200 ppm,,,"Vapor—remove victim to fresh air; if breathing stops, apply artificial respiration. Skin or eye contact—remove contaminated clothing and flush affected areas with water for 15 minutes. Get medical advice or attention.",Polymerizes readily. Methyl methacrylate will not decompose on prolonged storage if properly inhibited.,"Noncorrosive to steel, aluminum or stainless steel.",,Polymerizes readily; will not decompose on prolonged storage if properly inhibited.,Group 14 of compatibility chart.,"Wear rubber gloves, face shield, protective clothing. Have all-purpose canister mask available. Avoid contact with liquid. Secure ignition sources. If a spill occurs, call the National Response Center, 800-424-8802.",* Vapor Pressure: 40 mmHg at 25.5°C.,Vapor irritating.,,205,USCG Hazardous Chemical Data,
alpha-METHYLSTYRENE,AMS; Isopropenylbenzene; 1-Methyl-1-phenylethylene; Phenylpropylene,2303,MSR,C6H5C(CH3)=CH2,Clear yellow liquid; characteristic aromatic odor,0.89,Olefin,167-170°C 333-338°F,-23°C -9°F,4.08,0.23,4.08,Insoluble,D: Combustible liquid,D,125 to 135,1.9 to 6.1%,1066,"Dry chemical, foam, CO2, water fog",Water may be ineffective on fire.,Moderate fire hazard when exposed to heat or flame.,Unavailable,Less than 10,50,50,Will cause skin irritation if not removed promptly. Breathing considerable quantities may cause headache and/or dizziness.,Unavailable,,,Skin contact—flush body splashes with plenty of water. Inhalation—remove victim to fresh air. Administer artificial respiration if necessary.,Stable. Can react with oxidizing materials,May cause rubber to swell.,,,Group 30 of compatibility chart.,"Wear rubber gloves, face shield and protective clothing. Have all-purpose canister mask available. Secure all sources of ignition. If a spill occurs, call the National Response Center, 800-424-8802.",,Avoid skin contact. Not known to be absorbed.,,206,USCG Hazardous Chemical Data,
METHYL TERT-BUTYL ETHER,tert-Butyl methyl ether; MTBE,2398,MBE,(CH3)3COCH3,"Clear, colorless liquid; sharp, terpene-like odor",0.74 at 20°C,Alkyl ethers,55°C 131°F,-109°C -164°F,,7.4,3.1,Complete,C: Flammable liquid,C,-14 (cc),1.6 to 8.4%,797,"Alcohol foam, dry chemical, CO2",Cool exposed tanks with water spray.,"Flammable and, when confined, explosive. Flashback along vapor trail may occur.",Unavailable,Unavailable,Unavailable,0.25,"Irritates eyes, skin, mucous membranes. Inhalation: For prolonged exposure, coughing, shortness of breath, dizziness, intoxication. For short exposure, dizziness.",,,,"Inhalation: Remove to fresh air, give oxygen or artificial respiration as needed. Eyes: Flush with water for at least 15 minutes, hold eyelids open, call physician. Skin: Wash with water. Ingestion: Do not induce vomiting.","Generally stable. Forms peroxides at much slower rate than most ethers. Reacts with mineral acids, organic acids, other oxidizers.","Compatible with steel, iron, aluminum, copper, magnesium, zinc, neoprene, polyethylene, polypropylene. Incompatible with viton elastomer.",,,Group 41 of compatibility chart. See also Appendix I—Exceptions to the Chart.,"Stop release, remove all ignition sources. Dyke to prevent spill from entering sewers (explosion hazard, pollution) and waterways. Remove spill with inert absorbent. Wear goggles or face shield, boots, and use self-contained breathing apparatus if spill large or in confined area. If a spill occurs, call the National Response Center, 800-424-8802.",,"Not too toxic, similar to gasoline.",,207,USCG Hazardous Chemical Data,
MINERAL SPIRITS,Ligroin (in U.S.A.); Naphtha; Petroleum spirits; Turpentine substitute,1300,MNS,"Petroleum distillate, not chemically distinguishable",Water white liquid with gasoline-like odor,0.75,Hydrocarbon mixture,93-204°C 200-400°F,,2.55,0.13,4.0-4.3,Negligible,D: Combustible liquid,D,105 to 140,0.8 to 6.0%,540,"Foam, carbon dioxide, dry chemical",Do not use straight hose water stream.,Moderate fire hazard when exposed to heat or flame.,"0,1,1",Unavailable,Unavailable,200,Inhalation: Mild irritation of respiratory tract. Severe lung irritant. Central nervous system excitement followed by depression.,4000 to 7000 ppm for one hour,,,Inhalation: Remove victim to fresh air. Administer artificial respiration if necessary. Ingestion: DO NOT induce vomiting. Eyes: Wash with copious amounts of water.,Stable.,Usual materials of construction are suitable.,,,Group 33 of compatibility chart.,"Wear polyethylene gloves, face shield, protective clothing. Have all-purpose canister mask available. Secure ignition sources. If a spill occurs, call the National Response Center, 800-424-8802.",† Unavailable,,The 'General' summary line under Health Hazard Data was blank in the source text.,208,USCG Hazardous Chemical Data,
MOLASSES,Treacle,,,A mixture of sucrose and sugars,Dark brown syrupy liquid,1.45,"Alcohols, Glycols and Glycol Ethers",V. High,Varies,Low,Low,,Soluble,Non-flammable,NA,Non-flammable,Non-flammable,Non-flammable,Non-flammable,Non-flammable,Non-flammable and non-combustible.,Unavailable,Unavailable,Unavailable,Unavailable,Non-toxic,Unavailable,,,Vapor—remove victim to fresh air. Skin or eye contact—remove contaminated clothing and flush affected areas gently with water.,Stable. Reacts with conc. nitric acid and conc. sulphuric acid. Ferments when diluted with salt or fresh water.,Mild steel and stainless steel are suitable.,"Carbon dioxide, ethanol/higher alcohol vapor (during fermentation).",,Group 20 of compatibility chart.,"Wash area with water after removing bulk of spill by general means. If a spill occurs, call the National Response Center, 800-424-8802.","* Unregulated, Table 2, 46 CFR Part 153. ** 120 vapor only + Unassigned","Non-toxic. Molasses fermentation occurs when molasses is diluted with salt or fresh water and is accelerated by heat. During fermentation CO2 (with possible traces of ethanol and higher alcohol vapor) is given off, which will produce inhalation hazard in compartment containing molasses residue.",,209,USCG Hazardous Chemical Data,
MORPHOLINE,"Diethylene imidoxide; Diethylene oximide; Diethylenimide oxide; Tetrahydro-1,4-oxazine; Tetrahydro-2H-1,4-oxazine; Tetrahydro-p-oxazine",2054,MPL,(CH2)4ONH,Colorless oily liquid; ammoniacal odor,1,Amine,128°C 262°F,-4°C 25°F,7,0.55,3,Complete,D: Combustible liquid,C,100,1.8 to 10.8%,590,"CO2, dry chemical, water fog, alcohol foam",Provide fire parties with full body and respiratory protection.,"Moderate fire hazard when exposed to flame or heat. When heated to decomposition, it emits highly toxic fumes of oxides of nitrogen.","1,1,1",0.01,20/Skin,20/Skin,Burning of throat and eyes; itching or burning of the skin at site of contact.,Unavailable,,,"Vapor—remove victim to fresh air; if breathing stops, apply artificial respiration. Skin or eye contact—remove contaminated clothing and gently flush affected areas with water for 15 minutes. Get medical advice or attention.",This material is more stable than most of the other amines listed in this volume. It is a mild base.,Copper and its alloys and galvanized iron are not compatible.,,,Group 7 of compatibility chart. See also Appendix I—Exceptions to the Chart.,"Wear butyl rubber gloves, plastic protective apron, self-contained breathing apparatus. Avoid contact with liquid. Secure ignition sources. Small spills may be washed away with water. If a spill occurs, call the National Response Center, 800-424-8802.",,Vapor moderately irritating. Liquid causes severe burns.,,210,USCG Hazardous Chemical Data,
MOTOR FUEL ANTI-KNOCK COMPOUNDS (containing lead alkyls),Lead tetraethyl; Lead tetramethyl; TEL; Tetraethyl lead compounds; Tetramethyl lead compounds; TML,1649,MEA,"(C2H5)4Pb, or (CH3)4Pb in mixtures",Oily liquid; containing dye; musty sweet odor,1.5 to 1.7,Lead alkyls,93 to 200 (varies),9degr clcius-63 to 16°F (varies),5 to 41,0.2-1.7,2026-04-07 00:00:00,Negligible,"D or E: Combustible liquid, depending upon flash point.",D,89 to 265,Unavailable,Begins to decompose above 212°F,"CO2, dry chemical, foam, water fog","Tanks exposed to fire should be kept cool with a water spray to prevent decomposition of the lead compounds. Because of the high toxicity of the compound and its combustion products, only personnel with full respiratory protection should approach burning antiknock compounds. ALL OTHERS SHOULD BE EVACUATED AS QUICKLY AS POSSIBLE!","Moderate fire hazard when exposed to heat or flame. Dangerous. When heated to decomposition, it emits highly toxic fumes of lead.","1,2,4",0.2 as lead,0.075 mg/m3 as lead,,"Nervousness, irritability, insomnia, dreaming; emotional instability; hallucinations, anorexia, vomiting, constipation, pallor and tremor.",See TLV,,,Personnel MUST avoid inhaling the vapors or allowing the liquid to touch the skin. Clothing and other absorbent material in contact with the liquid should be destroyed since they cannot be decontaminated. Liquid spilled onto the skin should be scrubbed off with kerosene at once. Get medical attention.,"Relatively stable at ambient temperatures, but it may decompose if heated above 212°F.",May be carried in steel tanks. No chemical effect on common materials but will readily permeate absorbent materials. Avoid contact with oxidizing agents or concentrated acids.,Toxic lead fumes (on heating above 212°F).,,"Unassigned in compatibility chart. For compatibility assistance, call G-MTH-1 (202-267-1577).","Wear rubber gloves, full protective clothing, eye protection and self-contained breathing apparatus. Secure ignition sources. If a spill occurs, call the National Response Center, 800-424-8802.",* TLV/TWA (ppm)—0.1 to 0.13 mg/m3 as lead. + Unavailable,"Prolonged skin contact, ingestion or inhalation of high vapor may result in a toxic psychosis causing anxiety which may progress to mania and death. Class B poison.",,211,USCG Hazardous Chemical Data,
NAPHTHA: STODDARD SOLVENT,Drycleaners naphtha; Drycleaners safety solvent; Ligroin (in U.S.A.); Mineral spirits; Petroleum solvent; Spotting solvent; Stoddard solvent; White spirits,,NSS,Mixture,Colorless liquid; gasoline-like odor,0.78,Petroleum oil,160-199°C 320-390°F,,3,0.1,,Negligible,D: Combustible liquid,D,110 (cc),0.8 to 5.0%,540 (approx.),"Foam, dry chemical or CO2",Cool exposed tanks with water.,"Flammable, moderate fire risk.",Unavailable,Unavailable,100,100,Inhalation—intoxication may result from high vapor concentration.,500 ppm for 30 minutes.,,,Inhalation: Remove victim to fresh air. Administer artificial respiration if necessary. Ingestion: DO NOT induce vomiting. Eyes: Flush with water for 15 minutes. Call a doctor.,Stable.,Solvent effects on some paints and rubber. Carbon steel satisfactory.,,,Group 33 of compatibility chart.,"Wear rubber gloves, face shield, protective clothing. Wear self-contained breathing apparatus. Secure ignition sources. If a spill occurs, call the National Response Center, 800-424-8802.",+ Unavailable + Unassigned,Toxic. Prolonged or repeated skin contact may cause defatting of the skin and may produce dermatitis from daily contact.,,212,USCG Hazardous Chemical Data,
NAPHTHA: VM & P,"Light naphtha; Ligroin (in U.S.A.); Naphtha, petroleum; Painters naphtha; Petroleum solvent; Refined solvent naphtha; Solvent naphtha; Varnish makers' & painters' naphtha",1255,NVM,Mixture,Colorless liquid; gasoline-like odor,0.74 to 0.77,Petroleum oils,93-149°C 200-300°F,Low,3,0.12,,Negligible,C: Flammable liquid,D,20 to 55 (cc),0.9 to 6.7%,450,"Confined area—CO2, dry chemical. Open area—foam.",Fight like gasoline fire. Wear respiratory devices.,"Flammable, moderate fire risk. Produces suffocating atmosphere of smoke, CO2, and fumes","1,0,1",300,300,300,"Headache, dizziness, insomnia, coughing, diarrhea, bronchitis and pneumonia, nervousness and irritability.",4000 to 7000 ppm for 1 hour results in development of symptoms of narcosis.,,,"Inhalation: Immediately remove victim from contaminated area. Get medical attention. If splashed in eyes, wash thoroughly.",Stable.,Solvent effects on some paints and rubbers. Carbon steel not affected. Corrosive in presence of salt water.,,,Group 33 of compatibility chart.,"Wear rubber gloves, face shield, protective clothing. Wear self-contained breathing apparatus. Secure all ignition sources. If a spill occurs, call the National Response Center, 800-424-8802.",† Unavailable,"Will remove oils from skin. Prolonged contact with liquid may produce drying and cracking of the skin, and may produce dermatitis from daily contact. Toxicity by absorption, inhalation, ingestion.",,213,USCG Hazardous Chemical Data,
NAPHTHALENE,Camphor tar; Naphthaline; Naphthene; Tar camphor; White tar,Molten crude or refined: 2304; 1334,NTM,C10H8,Colorless liquid or white solid; odor of mothballs,1.15,Aromatic hydrocarbon,218°C 424°F,80°C 176°F,<1,Low,4.42,Negligible,"See ""General"" comments below.",D,190,0.9 to 5.9%,979,"CO2, dry chemical, foam, water fog","Do not direct a hose into a tank of molten naphthalene. Otherwise the naphthalene will be spattered about with explosive force. Water or foam must be applied carefully to molten naphthalene to prevent excessive frothing. Wear eye protection, self-contained breathing apparatus and protective clothing.","Combustible Grade E solid normally carried in the molten state. When carried molten, it presents a fire hazard comparable to that of a Grade C flammable liquid. Naphthalene vapor or dust can form explosive mixtures with air. Toxic vapors given off in a fire.","2,1,2",25*,10,10,"Eye irritation, headache, nausea, profuse perspiration, vomiting.",15 ppm for 5 minutes.,,,"Vapor—remove victim to fresh air; if breathing stops, apply artificial respiration. Skin or eye contact—remove contaminated clothing and gently flush affected areas with water for 15 minutes. Get medical advice or attention. * NOTE: Detectable odor is greater than the TLV. Exposure to potentially dangerous vapor concentrations can occur before the product can be smelled.",Stable.,Noncorrosive. Most materials of construction are satisfactory.,,,Group 32 of compatibility chart.,"Wear rubber gloves, face shield, protective clothing. Have all-purpose canister mask available. Upon spilling, the material will solidify and can be scraped up with nonsparking shovels into a waste container. Naphthalene spilling into water will either solidify and sink, or solidify into a foam and float. If a spill occurs, call the National Response Center, 800-424-8802.",Normally transported at elevated temperatures. See 46 CFR 36—Elevated Temperature Cargoes.,Molten liquid is scalding on contact. Vapor is irritating to skin and eyes.,,214,USCG Hazardous Chemical Data,
NAPTHENIC ACIDS,No common synonyms.,,NTI,CnH2n-3COOH to CnH2n-10COOH where n=13-28,"Gold to dark red to black liquid; penetrating, persistent, putrid odor",0.98 at 20°C,Organic acids.,132-243°C 270-470°F,0°C 0°F,<0.1,0.1,0.9,Insoluble,E: Combustible liquid,NA,300,LEL=1% UEL—Unavailable,Unavailable,"Foam, dry chemical, carbon dioxide",Water may be ineffective; cool exposed tanks with water to prevent overpressurization and rupture.,Combustible liquid.,Unavailable,*,Unavailable,10 mg/m3,"Irritating to eyes, nose, throat. Inhalation: coughing, difficulty in breathing. Skin contact: irritating. Ingestion: nausea.",,,,Inhalation: remove to fresh air. Ingestion: give large quantities of fresh water. Eye contact: flush with water until irritation stops. Skin contact: flush with water and soap.,Stable.,Generally corrosive to metals.,,,Group 4 of compatibility chart.,"Avoid contact, wear safety glasses or face mask. Dike and remove spilled material. Prevent from reaching bodies of water, since it fouls beaches, and taints aquatic life. If a spill occurs, call the National Response Center, 800-424-8802.",* Often odorless after processing. + Unavailable,Mildly hazardous to man; hazardous to aquatic life in low concentrations.,,215,USCG Hazardous Chemical Data,
NEATSFOOT OIL,Babulum oil; Hoof oil,,ONF,Indefinite mixture,Pale yellow oily liquid with a peculiar odor,0.91 to 0.92,Esters,V. High,-10-0°C 14-32°F,2.04,0.1,,Negligible,E: Combustible liquid,D,430,Unavailable,828,"Dry chemical, foam or carbon dioxide",Water may be ineffective on fire.,Moderate fire hazard if exposed to high heat.,Unavailable,Unavailable,Unavailable,Unavailable,None,LD50 above 15 g/kg.,,,Wash thoroughly with soap and water.,Stable.,Usual materials of construction are suitable.,,,Group 34 of compatibility chart.,"Wear rubber gloves, face shield and protective clothing. If a spill occurs, call the National Response Center, 800-424-8802.",+ Unavailable + Unassigned,Not harmful,,216,USCG Hazardous Chemical Data,
NITRIC ACID (56 to 68%),Aqua fortis; Azotic acid; Engravers acid; Engravers oil; Hydrogen nitrate,2031,NCD,HNO3,"Colorless to yellow liquid, fumes in moist air; characteristic, choking odor",1.35 to 1.41,Inorganic acid,122°C 251°F,-34°C -30°F,7.1,2.7,2.17,Complete,Non-flammable. Classified as corrosive liquid.,B (based upon possible hydrogen gas (H2) generation should a leak or spill occur).,Non-flammable,Non-flammable,Non-flammable,Water,"If fire results, water will absorb the toxic oxides generated. Fire fighters should wear full protective clothing including respiratory protection.","Nitric acid will not burn. It will react with many metals, giving off hydrogen gas which is highly flammable. If hydrogen is trapped in confined spaces, it can form an explosive mixture with air. See data sheet for hydrogen. May give off toxic oxides of nitrogen and acid fumes when heated in a fire.","3,4,3",Unavailable,2,2,"Vapor: immediate severe skin and lung burns. Liquid: smarting, itching, and yellow discoloration upon skin contact.",15 ppm for 5 minutes.,,,"Remove the affected individual from the contaminated atmosphere and call a physician at once. Keep patient at rest until seen by the physician. In case of eye or skin contact, flush immediately with copious quantities of water while removing contaminated clothing. The eye irrigation should be continued for 15 minutes. Cases involving eye contact and inhalation MUST have medical help!",Reacts violently with numerous organic materials. Decomposes at temperatures near boiling. Soda ash will neutralize residual acid from spills.,Attacks aluminum; compatible with stainless steel and high chrome iron alloys.,,,Group 3 of compatibility chart.,"Wear rubber gloves, face shield, protective clothing. Body shield and self-contained breathing apparatus should be available. Secure ignition sources. Flush cautiously with water. Avoid directing stream into larger pools or pockets of concentrated acid. If possible, cover contaminated surfaces and spill with large quantities of soda ash or sodium bicarbonate. Mix and add water if necessary to effect good mixing. Scoop up slurry. Wash site with soda ash solution. If a spill occurs, call the National Response Center, 800-424-8802.",,Breathing of vapors is extremely dangerous. Little warning of danger is at first apparent and initial symptoms are obscure. Liquid burns the skin forming deep ulcers which leave leathery scars.,,217,USCG Hazardous Chemical Data,
NITRIC ACID (95%),Aqua fortis; Azotic acid; Engravers acid; Engravers oil; Hydrogen nitrate; Red fuming nitric acid; White fuming nitric acid,2032,NAG,HNO3,Water-white to light brown liquid; acrid odor,1.5,Inorganic acid,94°C 202°F,-52°C -61°F,33,1.9,2.17,complete,Non-flammable. Classified as corrosive liquid.,Non-flammable,Non-flammable,Non-flammable,Non-flammable,Water,"If fire results, water will absorb the toxic oxides generated. Fire fighters must wear full protective clothing including respiratory protection.","Nitric acid will not burn. It will react with many metals, giving off hydrogen gas which is highly flammable. If hydrogen is trapped in confined spaces, it can form an explosive mixture with air. See data sheet for hydrogen. May give off toxic oxides of nitrogen and acid fumes when heated in a fire.","4,4,3",Unavailable,2,2,"Smarting, itching, and yellow discoloration upon skin contact. If acid is not removed at once, intense pain and severe burns result.",15 ppm for 5 minutes.,,,"Upon skin contact, wash with large amounts of water at once. Remove the affected individual from the contaminated atmosphere and get medical help. In case of eye or skin contact, flush immediately with copious quantities of water while removing contaminated clothing. Eye irrigation should be continued for at least 15 minutes. All cases involving eye contact and inhalation MUST be seen by a physician.",Reacts violently with numerous organic materials. Decomposes at temperatures near boiling. Soda ash will neutralize residual acid from spills.,Compatible with stainless steel or aluminum.,,,"Unassigned in compatibility chart. For compatibility assistance, call G-MTH-1 (202-267-1577)","Wear rubber gloves, face shield, protective clothing. Body shield and self-contained breathing apparatus should be available. Secure ignition sources. Flush cautiously with water. Avoid directing stream into larger pools or pockets of concentrated acid. If possible, cover contaminated surfaces and spill with large quantities of soda ash or sodium bicarbonate. Mix and add water if necessary to effect good mixing. Scoop up slurry. Wash site with soda ash solution. If a spill occurs, call the National Response Center, 800-424-8802.",* Bulk shipment of this concentration is not permitted in U.S. waters.,Breathing of vapors is extremely dangerous. Little warning of danger is at first apparent and initial symptoms are obscure. Liquid burns the skin forming deep ulcers which leave leathery scars.,Source page carries a note: 'THIS CARGO IS CURRENTLY NOT PERMITTED TO BE SHIPPED IN BULK IN U.S. WATERS.',218,USCG Hazardous Chemical Data,This cargo is currently not permitted to be shipped in bulk in U.S. waters)
NITROBENZENE,"Essence of mirbane; Benzene, nitro-; Mononitrobenzene; Nitrobenzol; Oil of mirbane",1662,NTB,C6H5NO2,Light yellow green to brown liquid; similar odor to oil of bitter almonds,1.2,Nitrocompounds,211°C 412°F,5°C 41°F,0.2,0.01,4.24,Negligible,E: Combustible liquid,D,190,LEL=1.8% UEL—unavailable,900,"Confined area—CO2, dry chemicals. Open area—foam.",Use water to keep fire exposed containers cool. Wear complete rubber protective clothing including eye protection and self-contained breathing apparatus.,"Moderate fire hazard; at elevated temperatures, flammable, toxic vapor may be given off.","3,2,4",0.0047,1/Skin,1/Skin,"""Blue lip"" or bluish tinge seen in fingernail beds, lips, lobes of ears; conjunctiva, mucous membranes and tongue. Fatigue, headaches, vomiting, general weakness and signs of nervous system involvement.",200 ppm for one hour—no serious disturbance; 40-80 for a few hours—slight symptoms. Absorption may cause death due to nervous system poisoning.,,,"Remove all contaminated clothing, wash skin with soap and water, flush skin for approx. 15 minutes. If swallowed, induce vomiting until vomit fluid is clear. If inhaled, remove victim to fresh air and start oxygen inhalation. Contaminated clothing should be thoroughly washed in soap and water before using again. Get medical help.",Stable.,Usual materials of construction are suitable.,,,Group 42 of compatibility chart.,"Flush areas with large quantities of cold water. Ventilate freely. Hot water can be used to remove some absorbed material. Wear complete protective clothing including eye and respiratory protection. If a spill occurs, call the National Response Center, 800-424-8802.",,"Highly toxic when absorbed thru the skin, inhaled as vapor, or swallowed. This is a blood poison and a nerve poison which is readily absorbed by the body.",,219,USCG Hazardous Chemical Data,
o-NITROPHENOL,2-Hydroxynitrobenzene; 2-Nitrophenol; ONP,1663,NTP,HOC6H4NO2,Crystalline yellow solid; aromatic sweet odor,1.49 (solid),Aromatic nitro compounds,214°C,44 C 111°F,<1,<0.1,,0.0025,E: Combustible liquid,NA,215,Unavailable,Unavailable,"Water, foam, dry chemical, carbon dioxide, Halon",Cool exposed tanks with water spray. Wear self-contained breathing apparatus and full protective clothing.,Violently decomposes above 180°C. Can give off toxic nitrogen oxides and unburned vapor when heated or burned.,Unavailable,Unavailable,Unavailable,Unavailable,"Ingestion—headache, nausea, unconsciousness, drowsiness. Inhalation—headache, nausea, unconsciousness, drowsiness, cyanosis, breathing difficulties. Skin—irritation, headache, nausea, unconsciousness, drowsiness (absorbed through skin). Eyes—irritation.",,,,"Ingestion—If conscious, drink water or milk; induce vomiting. If unconscious, do not give liquids or induce vomiting, but keep victim warm. Eye contact—flush with excess water for at least 15 minutes, call physician. Skin contact—wash thoroughly with soap and water—quickly remove material. Inhalation—remove to fresh air, give oxygen or artificial respiration, as necessary.",Stable below 180°C. Keep away from caustics to avoid formation of unstable products. Reacts violently with potassium hydroxide (caustic potash).,"Softens rubber and paint. Compatible with mild steel, stainless steel, and polyethylene.",,,Unassigned in the compatibility chart. See Appendix I—Exceptions to the Chart.,"Avoid liquid, solid, dust. Wear rubber gloves and goggles. If fumes present, use self-contained breathing apparatus. Keep upwind. Stop discharge if possible, dike (including fire fighting water) and prevent from entering waterways. If a spill occurs, call the National Response Center, 800-424-8802.",,"Liquid, solid, dust are toxic. When heated or burned, toxic nitrogen oxides and unburned material produced. Harmful to aquatic life even in very low concentrations. Molten material will burn tissue.","Freezing point, vapor pressure, relative vapor pressure, and vapor density values were not legible in the text layer for this page.",220,USCG Hazardous Chemical Data,
2-NITROPROPANE,"Isonitropropane; 2-Nitropropane; Nitropropanes; sec-Nitropropane; 2-NP; Propane, nitro-",2608,NPP,C3H7NO2,Colorless liquid; odorless,0.99,Nitro compounds,121°C 249°F,-93°C -138°F,129,,3.06,Slight,D: Combustible liquid,C,103,LEL=2.6% UEL—unavailable,802,"Alcohol foam, water spray, CO2, dry chemical, foam",Wear protective clothing and self-contained breathing apparatus.,Toxic oxides of nitrogen may form in fire. Moderate fire hazard. Decomposes when subjected to high temperature.,"1,1,1",300*,10,10,"Headache, dizziness, nausea, vomiting, diarrhea.",500-1000 ppm for up to one hour.,,,"In case of pulmonary symptoms or cyanosis, remove workers from contaminated area at once; place in bed, rest, use oxygen, if respiratory distress is present, and obtain medical attention. *NOTE: Detectable odor is greater than the TLV. Exposure to potentially dangerous vapor concentrations can occur before the vapor is detected by smell.",Stable under normal conditions. Decomposes when subjected to high temperatures. Rapid heating to high temperatures may cause an explosion.,"Copper and its alloys, wet mild steel, and lead and its pigments are incompatible.",,,Group 42 of compatibility chart.,"If possible, wear neoprene gloves, plastic protective apron or coat and self-contained breathing apparatus. Provide good ventilation. Secure ignition sources. If possible, cover with soda ash and mix and spray with water. Scoop up. Wash site with soap solution. If a spill occurs, call the National Response Center, 800-424-8802.",† Unavailable,Suspected carcinogen. Slight irritation from liquid contact with skin and eyes. Vapor inhalation is irritating to respiratory tract with moderate systemic effect.,"Health Hazard Ratings first two values printed unclearly ('Ts 1') in source; the rating overall is preserved as best-legible '1,1,1'.",221,USCG Hazardous Chemical Data,
o-NITROTOLUENE,"2-Methyl nitrobenzene; 2-Nitrotoluene; Orthonitrotoluene; o-Nitrotoluol; Toluene, orthonitro-",1664,NIT,C7H7NO2,Oily light yellow liquid; bitter almond odor,1.16,,222°C 432°F,-4°C 25°F,,Low,4.72,Negligible,E: Combustible liquid,D,223 (cc),LEL=2.2% UEL—unavailable,Unavailable,"Water fog, CO2, dry chemical","Wear goggles, self-contained breathing apparatus, rubber gloves. Cool exposed tanks with water spray.","Low hazard to heat or open flame; combustible, poisonous gases may be released in fire.","3,2,3",3,2/Skin,2/Skin,"Headache, dizziness, difficult breathing, nausea, vomiting, convulsions, irritability. Skin becomes irritated.",200 ppm for 30 minutes.,,,Remove victim from source of exposure and give rest. If breathing stops give artificial respiration. Remove contaminated clothing and shoes; flush affected areas with water. Call a physician.,"Stable. Reacts with sulfuric acid, oxidizers.",Usual materials of construction are suitable.,,,Group 42 of compatibility chart.,"Wear protective clothing, self-contained breathing apparatus, butyl rubber gloves. Avoid absorption through the skin. If a spill occurs, call the National Response Center, 800-424-8802.",These data are for the ortho form; the para and meta forms of Nitrotoluene may differ somewhat in specific physical properties. * Vapor Pressure: 1 mmHg at 50°C.,"Toxic by ingestion, inhalation or absorption through skin.",,222,USCG Hazardous Chemical Data,
NONANE,1-Nonane; n-Nonane,1920,NAN,C9H20,Colorless liquid; gasoline-like odor,0.72,Saturated aliphatic hydrocarbon,149°C 300°F,-54°C -65°F,10,0.2,4.41,negligible,D: Combustible liquid,D,86 (cc),0.74 to 2.9%,545,"Dry chemical, foam, CO2",Tanks exposed to fire should be kept cool with a water spray. Water may be ineffective on fire.,Moderate fire hazard when exposed to heat or flame.,"0,0,0",Unavailable,200,200,Irritation of respiratory tract. Narcotic in high concentrations.,Unavailable,,,Remove victim to fresh air. Apply artificial respiration if breathing stops. Get medical attention.,Stable.,Compatible with most materials of construction.,,,Group 31 of compatibility chart.,"Have all-purpose canister mask available. Secure ignition sources. If a spill occurs, call the National Response Center, 800-424-8802.","* Pollution Category C oil-like, 33 CFR 151.49.","Low toxicity; irritant, narcotic in high concentrations.",,223,USCG Hazardous Chemical Data,
1-NONENE,n-Heptylethylene; 1-Nonylene,,NNE,CH3(CH2)6CH=CH2,Colorless liquid with a pungent hydrocarbon odor,0.73,Olefin,147°C 297°F,-82°C -115°F,4.08,0.21,4.3,Negligible,D: Combustible liquid,D,85,0.7 to 3.9%,Unavailable,"Confined space—dry powder, CO2. Open area—foam.",Water may be ineffective on fire. Cool exposed tanks with water.,Moderate fire hazard when exposed to heat or flame.,"1,1,0",Unavailable,Unavailable,Unavailable,High vapor concentration irritates eyes and respiratory tract; acts as an anesthetic.,Unavailable,,,"If ingested do NOT induce vomiting. Vapor—remove victim to fresh air; if breathing stops, apply artificial respiration. Skin or eye contact—remove contaminated clothing and gently flush affected areas with water for 15 minutes. Get medical advice or attention.",Stable.,"Mild steel is suitable; may soften some rubbers, paints, or plastics.",,,Group 30 of compatibility chart.,"Wear rubber gloves, face shield, protective clothing. Have all-purpose canister mask available. Avoid contact with liquid. Secure ignition sources. If a spill occurs, call the National Response Center, 800-424-8802.",+ Unassigned,Low toxicity. Effects similar to gasoline and kerosene.,,224,USCG Hazardous Chemical Data,
NONYL PHENOL,No common synonyms.,,NNP,C6H5OHC9H19,"Clear, straw-colored syrupy liquid; phenolic odor, like disinfectant",0.94,Phenol,304°C 579°F,-20°C -4°F,Low,Low,7.59,Negligible,E: Combustible liquid,D,300,LEL=1% UEL—unavailable,Unavailable,"CO2, dry chemical, alcohol foam, water fog",Water or foam may cause frothing. Firefighting parties should be provided with full body and respiratory protection.,"Slight hazard, when exposed to heat or flame.","1,2,1",Unavailable,Unavailable,Unavailable,Skin contact may cause burns and blisters.,"Breathing the vapors in a state approaching saturation in room air was not fatal to animals nor was a 4-hour exposure to mists, generated from the chemical heated to 170°C. Eight hours exposure to the mist killed 2 of 6 animals.",,,"Remove victim to fresh air; if breathing stops, apply artificial respiration. Skin or eye contact—immediately flush affected areas gently with water for 15 minutes. Remove contaminated clothing. Get medical attention.",Stable.,Should be stored in stainless steel. Nonyl phenol picks up iron in plain steel. Copper and its alloys promote color formation.,,,Group 21 of compatibility chart.,"Wear rubber, face shield, protective clothing. Have all-purpose canister mask available. Avoid contact with liquid. If a spill occurs, call the National Response Center, 800-424-8802.",+ Unassigned,Liquid irritating to skin and eyes.,,225,USCG Hazardous Chemical Data,
NONYL PHENOL SULFIDE,No common synonyms.,,NPS,Mixture,Dark brown liquid with mild petroleum odor.,0.97,Petroleum oils,315°C 600°F,-12°C 10°F,v low,v low,NP,Negligible,E: Combustible liquid,NA,greater than 200 (cc),Unavailable,Unavailable,"Carbon dioxide, dry chemicals, water spray or foam.",High temperatures create toxic fumes. Keep tanks cool with water spray. Firefighters should have self-contained breathing apparatus and protective clothing.,"Moderate fire hazard when exposed to high temperatures. Combustion produces some sulfur dioxide and carbon monoxide. Above 140°F, hydrogen sulfide, a poisonous gas is given off.",Unavailable,Unavailable,Unavailable,Unavailable,Mild skin irritation and reddening of skin will occur after prolonged contact with skin.,No cumulative toxic or sensitization effect results from repeated exposure.,,,"Skin—wash affected area with water. Eyes—flood eyes with copious amounts of water. Vapor—no particular hazard at room temperature, but toxicity increases with increase in temperature. If exposed to odorous fumes, get medical help.",Avoid high temperatures (140°F) and prolonged or repeated heating since one component will decompose and give off poisonous hydrogen sulfide.,"Has no corrosive or destructive effects on steel, wood or cloth. May soften natural rubber and some paints.",Hydrogen sulfide (above 140°F).,,Group 33 of compatibility chart.,"Wear rubber gloves, face shield and self-contained breathing apparatus. Avoid contact with liquid. Secure ignition source. If a spill occurs, call the National Response Center, 800-424-8802.","This series of products contains about 50% lubricating oils. The remaining compounds, which include nonyl phenol sulfide at concentrations of less than 6%, are oxidation inhibitors or detergent additives. # No Determination + Unassigned","Negligible effects from inhalation, ingestion or skin absorption. Persons hypersensitive to amine derivatives should avoid all exposure.",,226,USCG Hazardous Chemical Data,
iso-OCTYL ALCOHOL,Alcohol C-8; Dimethyl-1-hexanol; Isooctanol; Isooctyl alcohol; 6-Methyl-1-heptanol; Octanol; iso-Octanol; Oxooctyl alcohol,,IOA,C7H15CH2OH,Clear liquid; mild odor,0.83,Alcohol,171°C 339°F,-105°C -157°F,3.06,0.02,4.5,negligible,E: Combustible liquid,D,180,0.9 to 5.7%,530,"Confined area—CO2, dry chemical. Open—foam.",Use water to cool fire exposed tanks.,Moderate fire hazard if exposed to heat or flame.,"0,0,1",Unavailable,50/Skin,50/Skin,Irritates skin and eyes.,Unavailable,,,Vapor—remove victim to fresh air. Skin or eye contact—remove contaminated clothing and gently flush affected areas with water for 15 minutes. Get medical advice or attention.,Stable.,Usual materials of construction are suitable.,,,Group 20 of compatibility chart. See also Appendix I—Exceptions to the Chart.,"Wear rubber gloves, face shield, protective clothing. Have all-purpose canister mask available. Avoid contact with liquid. Secure ignition sources. If a spill occurs, call the National Response Center, 800-424-8802.",+ Unassigned,Low toxicity; irritation of skin and mucous membranes.,,227,USCG Hazardous Chemical Data,
OLEUM (20 to 66% SO3),"Fuming sulfuric acid; Sulfuric acid, fuming",1831,OLM,H2SO4·SO3,"Colorless, oily liquid; sharp, penetrating odor",1.88 to 1.98,Inorganic acid,Decomposes,-4.0 and up°C 25 and up°F,Low,Low,2.76,Complete,Non-flammable. Classified as a corrosive liquid.,B (based upon possible hydrogen gas (H2) generation should a leak or spill occur),Non-flammable,Non-flammable,Non-flammable,Not applicable,"DO NOT USE WATER to put out a fire if the water can get into oleum. If fire is next to an oleum tank, wear respiratory protection against fumes. Wear full protective clothing.","Oleum will not burn. It will react with many metals, giving off hydrogen gas which is highly flammable. If hydrogen is trapped in confined spaces it can form an explosive mixture with air. See data sheet for hydrogen. May cause fire on contact with combustibles.","4,4,3",1 mg/m3,1 mg/m3,1 mg/m3,Severe respiratory irritation. Skin burns will result from contact with the liquid.,5 ppm can be tolerated for 5 minutes without permanent damage. Individual sensitivity varies from unpleasant to unbearable from 0.2 to 20 ppm.,,,"Vapor—remove victim to fresh air; if breathing stops, apply artificial respiration. Skin or eye contact—remove contaminated clothing and gently flush affected areas with water for 15 minutes. Get medical attention as soon as possible.","Reacts violently with water, producing a great deal of heat.","Oleum reacts vigorously with many metals releasing hydrogen. Extremely hazardous in the presence of many materials. Oleum destroys many plastics and rubbers after brief contact. Glass and Teflon, however, are completely compatible.",,,Unassigned in compatibility chart. Compatibility assistance available from G-MTH-1 (202-267-1577). See Appendix I—Exceptions to the Chart.,"Wear rubber gloves, self-contained breathing apparatus, protective clothing. Have body shield available. Cover contaminated surface and spill with sodium bicarbonate or a soda-ash-slaked lime mixture (50-50). Do not scoop up until neutralization is completed. If a spill occurs, call the National Response Center, 800-424-8802.","* The freezing point for 20% SO3 is about 25°F. It rises with SO3 concentration to about 95°F at 45%, then falls off to about 30°F at 66%.",Vapor extremely irritating. Liquid causes severe burns.,,228,USCG Hazardous Chemical Data,
OLIVE OIL,Sweet oil,,OOL,"Mixture including oleic, palmitic and linoleic acids",Pale yellow or greenish-yellow liquid; slight characteristic odor.,0.91 to 0.92,Esters,V. High,,2.04,0.1,NP,Negligible,E: Combustible liquid,D,437,Unavailable,650,"Dry chemical, foam or carbon dioxide.",Water may be ineffective on fire. Cool exposed tanks with water.,Slight fire hazard when exposed to heat or flame.,"0,0,0",Unavailable,Not pertinent,Not pertinent,None,Non-toxic,,,Non-toxic. Wash thoroughly with soap and water.,Stable.,Usual materials of construction are suitable.,,,Group 34 of compatibility chart.,"If a spill occurs, call the National Response Center, 800-424-8802.",+ Unavailable + Unassigned,Not harmful,The Spill or Leak Procedure section had no descriptive text beyond the standard NRC notice in the source.,229,USCG Hazardous Chemical Data,
OXYGEN (liquefied),Liquid oxygen; LOX,compressed: 1072; refrigerated: 1073,OXY,O2,Light-blue liquid; odorless,1.14 (at bp),,-183°C -297°F,-227°C -376°F,High,V.High,1.1,0.045,Liquefied Compressed Gas (LCG). Classified as nonflammable.,Not applicable,"Non-flammable, but supports combustion.",Non-flammable,Non-flammable,Use media suitable for substance which is burning.,"If the insulation fails on a LOX tank exposed to fire, the tank will explode. Evacuate firefighters to a safe distance and have them take cover.",Oxygen does not burn but supports combustion vigorously. A combustible material onto which LOX has spilled will burst into flame or explode if exposed to a spark source.,Unavailable,None,Unavailable,Unavailable,Skin contact with liquid will freeze tissue.,Unavailable,,,"If the liquid has spilled onto the skin, points of contact may be frostbitten; handle gently and protect from mechanical damage. DO NOT RUB. Get medical attention without delay. AVOID SPARKS AND OPEN FLAME.","LOX will flash into vapor at temperatures above -180°F. If unconfined, the vapor will occupy about 860 times the volume of the liquid. If confined, a sudden and large pressure increase will result.",LOX causes all combustible materials to burn vigorously. A spark is not always needed to ignite such a mixture.,,,Unassigned in compatibility chart.,"Secure ignition sources, rope off the spill area and call the fire department. Oxygen will quickly boil off. Extreme precaution against sparks must be observed before re-entering the spill area because, unless the spill is in the open with a good breeze blowing, the area will be oxygen-rich for a long time. If a spill occurs, call the National Response Center, 800-424-8802.",* Not allowed to be shipped in bulk.,"No hazard for gas. Liquid can cause severe ""burns"" and tissue damage on contact with skin.",Source page carries a note: 'THIS CARGO IS CURRENTLY NOT PERMITTED TO BE SHIPPED IN BULK IN U.S. WATERS.',230,USCG Hazardous Chemical Data,This cargo is currently not permitted to be shipped in bulk in U.S. waters)
PARAFFIN WAX,Hard wax; Paraffin; Paraffin scale; Petroleum wax,,WPF,High weight hydrocarbons (for example: C25H52),"White to yellow translucent practically odorless, solid",0.80 to 0.88,Saturated hydrocarbon,~370°C ~698°F,42-60°C 108-140°F,V.Low,V.Low,NP,Negligible,E: Combustible,D,380 to 465,Unavailable,473,"Confined area—CO2, dry chemical. Open area—foam, water spray.",Water or foam may cause frothing.,Slight fire hazard if subjected to heat or flame.,Unavailable,Unavailable,2 mg/m3 as a fume,2 mg/m3 as a fume,Non-toxic,Non-toxic,,,Liquid on skin—remove wax and contaminated clothing and cool affected areas with water. Liquid in eye—flood eyes gently with clean sea or fresh water. Continue washing for at least 15 minutes. Get medical attention.,Stable.,Usual materials of construction are suitable.,,,Group 31 of compatibility chart.,"Avoid contact with hot liquid. Wear goggles or face shield, protective clothing for hot liquid. Clean or scrape up into containers. If a spill occurs, call the National Response Center, 800-424-8802.",Normally transported at elevated temperatures. See 46 CFR 36—Elevated Temperature Cargoes. = Unassigned,"Non-toxic, but possibility of thermal burns from hot liquid.",,231,USCG Hazardous Chemical Data,
PARALDEHYDE,"p-Acetaldehyde; Paracetaldehyde; 2,4,6-Trimethyl-1,3,5-trioxane; 1,3,5-Trioxane, 2,4,6-trimethyl-",1264,PDH,C6H12O3,Colorless liquid; aromatic odor,0.994,Aldehydes,128°C 262°F,13°C 55°F,,,4.55,Slight,D: Combustible liquid,C,96,LEL=1.3% UEL—unavailable,460,"Alcohol foam, CO2 or dry chemical",Water may be ineffective on fire. Wear full protective clothing and respiratory protection.,"Toxic fumes are given off when heated. Dangerous when exposed to heat, flame, or oxidizers.","1,1,2",Unavailable,Unavailable,Unavailable,"Irritation, headache, bronchitis, incoordination, drowsiness, digestive disturbance. Can cause serious eye injury.",4000 ppm fatal to 3 of 6 rats in hours. The lowest toxic dose for humans is 14 mg/kg.,,,"Remove from exposure; give artificial respiration or oxygen if needed. Flush eyes with water for 15 minutes, wash skin with soap and water. Remove contaminated clothing and shoes.",Dangerous when exposed to heat or flame. Can react vigorously with oxidizing materials.,Usual materials of construction are suitable.,,,Group 19 of compatibility chart.,"Wear protective clothing, goggles and self-contained breathing apparatus. Avoid contact with liquid. Secure ignition sources. If a spill occurs, call the National Response Center, 800-424-8802.",† Unavailable,Vapor harmful if inhaled.,"Health Hazard Ratings printed as '14,2' without full comma delimiters in source; interpreted as '1,4,2'.",232,USCG Hazardous Chemical Data,
PEANUT OIL,Arachis oil; Earthnut oil; Groundnut oil; Katchung oil,,OPN,Mixture,Yellow to greenish-yellow liquid with a peanut-like odor,0.92,Ester,V. High,3°C 37°F,2.04,0.1,NP,Negligible,E: Combustible liquid,D,540,Unavailable,833,"Dry chemical, foam, or carbon dioxide",Water may be ineffective on fire. Cool exposed containers with water.,Slight fire hazard if exposed to heat and flame.,Unavailable,Unavailable,Not pertinent,Not pertinent,None,Not harmful,,,Non-toxic. Wash thoroughly with soap and water.,Stable.,Usual materials of construction are suitable.,,,Group 34 of compatibility chart.,"Wear rubber gloves, face shield and protective clothing. Avoid contact with hot liquid. If a spill occurs, call the National Response Center, 800-424-8802.",+ Unassigned,Not harmful,,233,USCG Hazardous Chemical Data,
PENTACHLOROETHANE,"Ethane, pentachloride; Ethane, pentachloro-; Pentalin",1669,PCE,CHCl2CCl3,Liquid with sweetish chloroform-like odor,1.67,Halogenated hydrocarbon,162°C 324°F,-29°C -20°F, ,,7,Insoluble,Non-flammable,NA,Non-flammable,Non-flammable,Non-flammable,Non-flammable,Non-flammable,Dangerous when heated to decomposition; dehalogenation will produce spontaneously explosive chloroacetylenes.,Unavailable,Unavailable,Unavailable,Unavailable,"Has been indicated as being more narcotic than chloroform. Exposure to this material may cause injury to liver, lungs and kidneys. Has alcohol irritating effect on eyes and upper respiratory tract.",Lethal oral dose of 1.75 g/kg of body weight in dogs.,,,Vapor—remove victim to fresh air and administer artificial respiration if necessary. Skin—flush affected areas with water. Eyes—flush with water for 15 minutes. In all cases call a doctor.,Stable.,Usual materials of construction are satisfactory.,Spontaneously explosive chloroacetylenes (on dehalogenation).,,Group 36 of compatibility chart.,"Wear rubber gloves, self-contained breathing apparatus and protective clothing. Secure all ignition sources. If a spill occurs, call the National Response Center, 800-424-8802.",* Vapor Pressure: 3.4 mmHg at 25°C. + Unavailable,Highly narcotic. Eye and upper respiratory tract irritant.,,234,USCG Hazardous Chemical Data,
"1,3-PENTADIENE","alpha-Methylbivinyl; cis-Pentadiene-1,3; trans-Pentadiene-1,3; 1-Methylbutadiene; Piperylene",,PDE,CH2=CHCH=CHCH3,Colorless liquid; faint odor.,0.68,Olefins,43°C 108°F,-88°C -126°F,345,10.9,2.36,Insoluble,B: Flammable liquid,D,-20,1.5 to 8.0%,Unavailable,"Foam, dry chemical, CO2",Water may be ineffective on fire but may be used to cool tanks. Vapor may accumulate in an enclosed area presenting an explosion hazard. Wear self-contained breathing apparatus.,"Highly flammable, dangerous fire risk.","2,1,3",Unavailable,Unavailable,Unavailable,"Dizziness, headache. Irritates eyes, nose and upper respiratory passages.",Unavailable,,,Remove victim to fresh air. Give artificial respiration or oxygen as necessary. Eyes—flush with water for at least 15 minutes. Remove contaminated clothing immediately.,Polymerization may occur. Must contain inhibitor. Reacts with oxidizers violently.,"Dissolves rubber and paint. Stainless steel, aluminum, lined steel and carbon steel are suitable.",,Polymerization may occur; must contain inhibitor.,Group 30 of compatibility chart.,"Stop discharge if possible. Evacuate area. Secure ignition sources. Stay upwind and use water spray to knock down vapors. Wear self-contained breathing apparatus, rubber gloves and shoes. Do not flush spill into confined spaces where flammable vapors can accumulate. If a spill occurs, call the National Response Center, 800-424-8802.",+ Unassigned,"Moderate hazard for vapors, slight for liquid contact, and acute for ingestion.",,235,USCG Hazardous Chemical Data,
iso-PENTANE,Ethyl dimethylmethane; Isoamyl hydride; Isopentane; 2-Methylbutane,1265,IPT,(CH3)2CHCH2CH3,"Colorless, motile, liquid; pleasant odor",0.62,Saturated hydrocarbons,28°C 82°F,-159°C -255°F,510,20,2.48,Insoluble,A: Flammable liquid,D,-70,1.4 to 7.6%,788,"Foam, CO2, dry chemical","Water may be ineffective on fire. Cool exposed tanks with water. Use water spray to ""knock down"" vapors.",Severe explosion hazard in enclosed space in presence of a source of ignition. Electrostatic generation likely. Flashback along vapor trail may occur. Vapor may explode if ignited in an enclosed area.,"0,0,1",Unavailable,Unavailable,Unavailable,"Breathing high concentrations of vapor for some time may cause dizziness, drowsiness.",Unavailable,,,"Remove victim to fresh air; if breathing stops, apply artificial respiration. Skin or eye contact—remove contaminated clothing and gently flush affected areas with water for 15 minutes. Get medical advice or attention.",Stable. Dangerous reaction possible with oxidizing agents.,Certain plastics are unsuitable.,,,Group 31 of compatibility chart.,"Wear polyethylene gloves, face shield, protective clothing. Have all-purpose canister mask available. Avoid contact with liquid. Secure ignition sources. Do not flush spill into confined spaces where flammable vapors can accumulate. If a spill occurs, call the National Response Center, 800-424-8802.","* Pollution Category C oil-like, 33 CFR 151.49.","Liquid irritating to skin and eyes. Inhalation causes slight local irritation. An asphyxiant, also a narcotic in high concentrations resulting in dizziness and drowsiness.",,236,USCG Hazardous Chemical Data,
PENTANE,Amyl hydride; Normal pentane; n-Pentane,1265,PTA,CH3(CH2)3CH3,Colorless liquid with gasoline-like odor,0.63,Saturated hydrocarbon,36°C 97°F,-130°C -202°F,431,15.5,2.48,Slightly soluble,A: Flammable liquid,D,-56,1.4 to 8.5%,544,"Foam, dry chemical, carbon dioxide","Water may be ineffective on fire. Cool exposed tanks with water. Use water spray to ""knock down"" vapors.",Highly dangerous when exposed to heat or flame. Flashback along vapor trail may occur. Vapor may explode if ignited in an enclosed area.,"0,0,1",10,600,600,Low toxicity. Very high concentration of vapors may cause narcosis.,Unavailable,,,"Vapor inhalation—move victim to fresh air. If breathing stops, administer artificial respiration. Liquid—have victim drink plenty of water or milk. DO NOT INDUCE VOMITING. Call a doctor.","Stable. Dangerous reaction possible with oxidizing agents. Keep away from heat, sparks, or open flame.",Mild steel and stainless steel are suitable. Natural rubber will soften and deteriorate rapidly.,,,Group 31 of compatibility chart.,"Wear polyethylene gloves, face shield, protective clothing. Have all purpose canister mask available. For gas leaks keep vapor concentration below explosive mixture range. Secure ignition sources. Do not flush spill into confined spaces where flammable vapors can accumulate. If a spill occurs, call the National Response Center, 800-424-8802.","* Pollution Category C oil-like, 33 CFR 151.49.",Vapors may cause dizziness or difficult breathing. Liquid is harmful if swallowed.,,237,USCG Hazardous Chemical Data,
PERCHLOROETHYLENE,"Ethene, tetrachloro-; Ethylene tetrachloride; Perchlorethylene; Tetrachlorethene; Tetrachlorethylene; Tetrachloroethylene",1897,PER,"Cl2C=CCl2, or C2Cl4",Colorless liquid; chloroform-like odor,1.62,Unsaturated halogenated hydrocarbon,121°C 250°F,-22°C -8°F,,0.68,5.83,Negligible,Non-flammable,NA,None,None,None,none,"In case of fire near a perchloroethylene tank, cool the tank with water. Wear self-contained breathing apparatus.","Does not burn. The liquid or vapor in contact with a hot surface or a flame can decompose to form phosgene, which is highly toxic.","1,1,2",20 to 40,25,50,"Headache, dizziness, blurred vision, tears, burning of the eyes, irritation of nose and throat.",200 ppm,,,"Vapor—remove victim to fresh air; if breathing stops, apply artificial respiration. Skin or eye contact—remove contaminated clothing and gently flush affected areas with water for 15 minutes. Get medical advice or attention.",Stable up to 258°F; at this temperature the product decomposes and gives off poisonous fumes.,"Compatible with galvanized iron, black iron or steel.",Phosgene (above 258°F).,,Group 36 of compatibility chart.,"Wear rubber gloves, protective clothing. Avoid contact with liquid. If a spill occurs, call the National Response Center, 800-424-8802.",* Vapor Pressure: 15.8 mmHg at 22°C.,"Suspected carcinogen. Prolonged, excessive, or repeated exposures to the product in any form are hazardous. Can defat the skin and may produce dermatitis from frequent daily contact.",,238,USCG Hazardous Chemical Data,
PETROLATUM,Paraffin jelly; Petrolatum jelly; Petroleum jelly; Vaseline; Yellow petrolatum,,PTL,Mixture of liquid or semi-liquid aliphatic hydrocarbons,"Colorless to amber, oily translucent; no odor",0.82 to 0.85,Saturated hydrocarbons,~150°C ~302°F,38-60°C 100-140°F,V.Low,V.Low,NP,Negligible,D: Combustible,NA,136,Unavailable,Unavailable,"Confined area—CO2, dry chemical. Open area—water spray, foam.",Water or foam may cause frothing.,Moderate fire hazard when exposed to heat or flame.,Unavailable,None,Unavailable,Unavailable,Non-toxic,Non-toxic,,,Liquid on skin—remove contaminated clothing and cool affected areas with cold water. Liquid in eye—flood eyes gently with clean sea or fresh water. Continue washing for at least 15 minutes. Get medical attention.,Stable.,Usual materials of construction are suitable.,,,Group 33 of compatibility chart.,"Avoid contact with hot liquid. Wear goggles or face shield, protective clothing for hot liquids. Wash away with water. Secure ignition sources. If a spill occurs, call the National Response Center, 800-424-8802.",Normally transported at elevated temperatures. See 46 CFR 36—Elevated Temperature Cargoes. † Unassigned,"Non-toxic, but possibility of thermal burns from hot liquid.",,239,USCG Hazardous Chemical Data,
PHENOL,"Benzene, hydroxy-; Carbolic acid; Hydroxybenzene; Monohydroxybenzene; Oxybenzene; Phenic acid; Phenyl hydroxide; Phenylic acid",molten: 2312; solid: 1671,PHN,C6H5OH,"Colorless-to-pink solid or thick liquid; sweet, disinfectant-like odor (like Lysol)",1.07,Phenol,182°C 359°F,41°C 106°F,,0.3,3.24,"at 16°C, 6.7%; at 66°C, complete",E: Combustible,D,185,1.7 to 8.6%,1319,"CO2, dry chemical, alcohol foam, water fog","Where there is danger of skin contact, provide full body protection. Full respiratory protection should be worn by fire parties at all times.","When heated, it emits toxic and irritating fumes. Moderate fire hazard when exposed to heat or flame.","2,3,3",0.047,5/Skin,5/Skin,"Headache, weakness, ringing of the ears, and irregular breathing. Skin contact will cause white, wrinkled, soft skin at site of contact. Absorption through skin is rapid and can cause death within 30 minutes after exposure.",Unavailable,,,"Vapor—remove victim to fresh air; if breathing stops, apply artificial respiration. Skin or eye contact—remove contaminated clothing and gently flush affected areas with water for 15 minutes. Get victim to a hospital or treatment center as soon as possible. All exposure victims should get medical attention.",Stable.,"Rubber, aluminum and its alloys, zinc and lead are attacked by phenol.",,,Group 21 of compatibility chart.,"Wear rubber gloves, face shield, protective clothing. Have all-purpose canister mask available. Do not permit anyone near spill unless suitably protected. If a spill occurs, call the National Response Center, 800-424-8802.",Normally transported at elevated temperatures. See 46 CFR 36—Elevated Temperature Cargoes. * Vapor Pressure: 30.6 mmHg at 25°C.,Causes severe burns. Poisonous by skin absorption. Class B poison.,Solid' UN number printed unclearly in source; noted as 1671 based on standard phenol solid UN number pattern in this reference — flagged for visual confirmation.,240,USCG Hazardous Chemical Data,
PHOSPHORIC ACID,Metaphosphoric acid; Orthophosphoric acid; meta-Phosphoric acid; ortho-Phosphoric acid; White phosphoric acid,1805,PAC,H3PO4,"Clear, syrupy liquid; practically odorless",1.83,Inorganic acid,130°C <266°F,42°C 108°F,Low,Low,3.38,Complete,Non-flammable. Classified as corrosive liquid.,B (based upon possible hydrogen gas (H2) generation should a leak or spill occur),Non-flammable,Non-flammable,Non-flammable,Non-flammable,"Keep tank cool with water spray. Since toxic fumes of oxides of phosphorous are evolved when phosphoric acid is heated to decomposition, fire fighters should be provided with self-contained breathing apparatus.","Phosphoric acid will not burn. It will react with many metals, giving off hydrogen gas which is highly flammable. If hydrogen is trapped in a confined space, it can form an explosive mixture with air. See data sheet for hydrogen.","0,3,1",None,1 mg/m3,1 mg/m3,Irritation of skin in contact with liquid; burning of eyes.,Unavailable,,,Skin contact—remove contaminated clothing and flush affected areas gently with large amounts of water. Eye contact—immediately flush eyes gently with water; continue to flush for 15 minutes. Get medical attention.,Stable over a wide temperature range.,Very corrosive to ordinary ferrous metals and alloys particularly at temperatures above 180°F.,,,Group 1 of compatibility chart.,"Wear rubber gloves, protective clothing. Have body shield available. Avoid contact with liquid. Secure ignition sources. Flush spills with large amounts of water or, if possible, cover contaminated surface and spill with sodium bicarbonate, or a soda ash-slaked lime mixture (50-50). Mix and add water, if necessary to form a slurry. Scoop up slurry. Wash site with soda ash solution. In the event of a major spill, call the National Response Center, 800-424-8802.",The information provided is for 100% phosphoric acid.,Causes burns.,,241,USCG Hazardous Chemical Data,
PHOSPHORUS (White),White phosphorus; WP; Yellow phosphorus,1381,PPW,P4,"Waxy, pale-yellow solid; garlic-like odor",1.82,Phosphorus,279°C,44°C 111°F,v low,4.42,negligible,Negligible,Pyrophoric solid,NA,Ignites spontaneously in air,Ignites spontaneously in air,86,"EXCLUDE AIR; use water spray, sand, or earth","Use suitable respiratory protection. DO NOT use high-pressure water stream, as it may spread molten phosphorus over a wider area. Do not use carbon dioxide extinguisher. Try to smother fire with sand. Wear full protective clothing.","Pyrophoric—ignites spontaneously when exposed to air and burns vigorously. When shipped in bulk, air is kept away by a water blanket. Burning releases dense irritating fumes; intense white smoke is formed.","NA,4,4",Unavailable,0.1 mg/m3,0.1 mg/m3,"Weakness and unusual sensitivity of eyes to light. Vapor of burning phosphorus is irritating to nose, throat and lungs. Skin contact causes burns and ulcers.",Unavailable,,,Skin contact—immediately plunge infected area into water or get victim under a flood-type shower and deluge contacted parts. Large amounts of copper sulfate solution (10-15%) should be applied. Continue this for 3 minutes and then try to wash away the phosphorus particles. Contact a doctor.,"Phosphorus must be shipped covered with water, because on exposure to air it ignites spontaneously. Reacts vigorously with oxidizing agents. Incompatible with dry air.",,,,"Unassigned in compatibility chart. For compatibility assistance, call G-MTH-1 (202-267-1577).","Wear rubber gloves, protective clothing, large face shield. Avoid contact with the spilled material. Cover with wet sand. Spray with water to keep sand wet. Scoop into buckets or barrel of water. After standing overnight, recover and repackage. Secure ignition sources. If a spill occurs, call the National Response Center, 800-424-8802.",,Causes severe burns. Vapor inhalation is very dangerous. Can be absorbed through the skin.,,242,USCG Hazardous Chemical Data,
PHTHALIC ANHYDRIDE,"1,2-Benzenedicarboxylic acid anhydride; 1,3-Dioxophalan; 1,3-Isobenzofurandione; PAN; Phthalandione; Phthalic acid anhydride",2214,PAN,C6H4(CO)2O,White or colorless crystals with a mild odor,1.53,Acid anhydride,284°C 544°F,131°C 268°F,Low,Low,5.1,slight,E: Combustible,D,304,1.7 to 10.4%,1083,"Water fog, CO2, dry chemical",Water stream may cause frothing. Steam is an effective extinguishing agent for fighting molten phthalic anhydride fires in tanks.,Molten phthalic anhydride will burn if ignited and its vapor may form an explosive mixture with air.,"2,3,1",Unavailable,1,1,"Coughing, sneezing, burning sensations in nose and throat, increased mucous secretion; on contact, phthalic anhydride is very irritating to wet skin.",25 mg/m3 in air produced some signs of mucous membrane irritation with 30 mg/m3 causing definite eye irritation.,,,"Vapor—remove victim to fresh air; spraying or gargling with water will help relieve nasal or throat irritations; if respiratory distress or violent coughing occurs, administration of oxygen is helpful; call a physician immediately. Skin contact—wash affected area thoroughly with soap and water; remove contaminated clothing and launder before reuse. Eye contact—flush eyes thoroughly with water and irrigate for 15 minutes or more. Call a physician.",Stable.,"Compatible with most materials when dry; however, when wet, phthalic anhydride forms a solution of phthalic acid which attacks ordinary iron and mild steel.",,,Group 11 of compatibility chart.,"Wear rubber gloves, face shield, protective clothing. Body shield and self-contained breathing apparatus should be available. If possible, cover spill with soda ash or sodium bicarbonate. Mix, and add water if necessary to effect good mixing. Scoop up slurry and wash site with soda ash solution. Secure all ignition sources. If a spill occurs, call the National Response Center, 800-424-8802.",Normally transported at elevated temperatures. See 46 CFR 36—Elevated Temperature Cargoes.,"Local irritant to body tissues, especially moist skin. Vapor irritating to skin, eyes, nose, throat and upper respiratory tract. Molten material causes severe burns.",,243,USCG Hazardous Chemical Data,
POLYBUTENE,"Butene resins; Polybutylene; Polyisobutene; Polyisobutylene, plastics, resins & waxes",,PLB,-C(CH3)3CH2-,"Colorless, odorless, oily liquid",0.81 to 0.91 at 15°C,Olefin,V.High,,V.Low,V.Low,NP,Negligible,E: Combustible liquid,NA,215 to 470,Unavailable,Unavailable,"CO2, dry chemical or foam",Water may be ineffective on fire. Cool exposed tanks with water.,Mild fire hazard when exposed to heat or flame.,Unavailable,None,Not pertinent,Not pertinent,Non-toxic,Non-toxic,,,"Remove to fresh air, apply artificial respiration if needed.",Stable.,Usual materials of construction are suitable.,,,Group 30 of compatibility chart.,"Wear rubber gloves, face shield and protective clothing. Secure ignition sources. If a spill occurs, call the National Response Center, 800-424-8802.",+ Unavailable + Unassigned,Non-toxic. Vapor may act as a simple asphyxiant in high concentration.,,244,USCG Hazardous Chemical Data,
POLYMETHYLENE POLYPHENYL ISOCYANATE,PAPI,,PPI,C23H15O3N3,Dark brown liquid; no appreciable odor.,1.2,Isocyanates,~232°C ~450°F,,V.Low,V.Low,V.Low,reacts,E: Combustible liquid,na,425,unavaialbl,Unavailable,Confined area-CO2; self-extinguishing.,"Wear protective clothing and respiratory protection. Self-extinguishing. Reacts withwatr to evolve CO, and form solid polymer.",Irritating vapors given off when heated. Moderate fire hazard when exposed to heat or flame; can react with oxidizing materials.,Unavailable,0.4,Unavailable,0.01,"labored breathing, watering of eyes","animal tests showed inhalation off2.2 2.2 ppm were fatal to 4 ofo 6 rats. No toxic effects were observed on skin contact; eye distress was temporary. LD50 was 10,000 mg/kg",,,"-Remove victim to frsh air;administer to oxygenif breathing is labored. Flush skin with atningwater after removing contaminated clothing. Wash eye with water for at least 15 minutes. Ingestion-inducevomiting 3 times, follow with quart of milk and a mild cathartic. Get medical help.","stable. Heat, water, and acids will react to evolve CO₂","ot corrosive to mild steel, however, aluminum cannot be used.",,,Group 12 of compatibility chart.,Cover spill with water spray. Cleanup. Secure all ignition sources. Wear protective clothing and possibly respiratory protection.,: Storing under a dry inert atmosphere at slight positive pressure to eliminate traces of moisture contamination is imperative. † Unavailable Unassigned,Single short exposure to skin may cause considerable irritation. Liquid expected to burn eyes. Inhalation causes very slight respiratory irritation.,,245,USCG Hazardous Chemical Data,
PROPANE,Dimethylmethane; Propyl hydride,1978,PRP,C3H8,Colorless gas or liquid; natural-gas odor,0.53 (liquid),Saturated hydrocarbon,-42°C -44°F,-187°C -305°F,5800,190,1.55,Negligible,Liquefied Flammable Gas (LFG),D,less than -64,2.2 to 9.5%,842,"Stop flow of gas; CO2, dry chemical, water fog",Tanks exposed to fire should be kept cool with a continuous spray of water.,"Unless the flow of gas can be stopped, extinguishing a propane fire will permit the accumulation of an explosive concentration of vapor, and subsequent explosion or reflash.","0,0,0","5,000 to 20,000*",1000,Unavailable,"Headache, dizziness, drowsiness. Contact with the liquid will cause frostbite.","A vapor concentration of 10,000 ppm for brief periods has been reported as producing no symptoms.",,,"Remove victim to fresh air. Give artificial respiration if breathing stops. Get medical attention. If liquid has spilled onto the skin, points of contact may be frostbitten; handle gently and protect from mechanical damage. DO NOT RUB. Get medical attention. *NOTE: Exposure to potentially dangerous vapor concentrations can occur before the product can be detected by smell.",Stable.,Usual materials of construction are suitable.,,,Group 31 of compatibility chart.,"Wear rubber gloves, face shield, protective clothing. Have all-purpose canister mask available. Secure all possible sources of ignition and call the fire department. The spilled liquid will boil away rapidly, leaving no residue. If a spill occurs, call the National Response Center, 800-424-8802.",,Liquid causes frostbite on skin contact. Cold vapor causes skin damage. Inhalation can lead to asphyxiation.,,246,USCG Hazardous Chemical Data,
iso-PROPANOLAMINE,1-Amino-2-propanol; 2-Hydroxypropylamine; Isopropanolamine; MIPA; Monoisopropanolamine,,MPA,CH3CHOHCH2NH2,Colorless liquid; slight ammoniacal odor,0.96,Amine,160°C 320°F,1°C 34°F,0.51,0.05,2.59,Complete,E: Combustible liquid,D,165,2.2 to 12% (approximate),706 (estimated),"Dry chemical, water spray, alcohol foam, or carbon dioxide","Wear goggles, self-contained breathing apparatus and protective clothing.",Irritating vapors given off when heated. Moderate fire hazard when exposed to heat or flame; can react with oxidizing materials.,"1,2,1",Unavailable,Unavailable,Unavailable,Nose and throat irritation.,Unavailable.,,,"In case of skin contact, wash well with soap and water. For eye contact, wash with large amounts of water.",Stable; forms soaps with organic acids.,"Will remove paint, swells rubber; recommend type 304 stainless steel clad tanks.",,,Group 8 of compatibility chart.,"Avoid contact with liquid. If a spill occurs, call the National Response Center, 800-424-8802.",+ Unassigned,Single short exposure to skin may cause considerable irritation. Liquid expected to burn eyes. Inhalation causes very slight respiratory irritation.,This page's fire hazard and health hazard data blocks in the source text layer duplicate the content of the preceding entry (Polymethylene Polyphenyl Isocyanate) — extracted as printed rather than corrected; recommend visual re-check of PDF page 247.,247,USCG Hazardous Chemical Data,
PROPANOLAMINE,"3-Amino-1-propanol; 3-Hydroxypropylamine; 3-Propanolamine; 1-Propanol, 3-amino-",,PLA,C3H9NO,Light yellow to colorless liquid; fishy odor,0.982,Amino-alcohol,168°C 334°F,12°C 54°F,2.1,,2.59,Soluble,E: Combustible liquid,NA,175,Unavailable,Unavailable,"Alcohol foam, dry powder, CO2",Water may be ineffective on fire.,Moderate fire hazard when exposed to heat or flame.,"1,1,1",Unavailable,Unavailable,Unavailable,Irritation of mucous membranes and respiratory tract. Severe exposure results in blisters and burns.,Unavailable,,,Remove victim to fresh air. Give artificial respiration or oxygen as necessary. Flush eyes and skin well with water. Remove contaminated clothing. Wash out mouth with water if ingested.,Stable.,Copper and copper alloys are readily corroded.,,,Group 8 of compatibility chart,"Wear self-contained breathing apparatus and rubber gloves. Absorb material on vermiculite, sweep up, mix with dry caustic, wrap in paper and burn in an incinerator. Wash spill site. If a spill occurs, call the National Response Center, 800-424-8802.",† Unavailable + Unassigned,Moderately irritating to skin and eyes.,"Health Hazard Ratings printed as '11,41' in source text; interpreted as '1,1,1' but flagged for visual confirmation.",248,USCG Hazardous Chemical Data,
beta-PROPIOLACTONE,"Hydracrylic acid, beta-lactone; 2-Oxetanone; Propanolide; beta-Propionolactone",,PLT,OCH2CH2CO,Colorless liquid; irritating odor,1.15,Ketones,155°C 311°F,-33°C -28°F,v low,,2.5,Soluble,E: Combustible liquid,Not applicable,165 (cc),LEL=2.9% UEL—unavailable,Unavailable,"Water, dry chemical, foam, CO2","Wear self-contained breathing apparatus, full protective clothing, rubber gloves to prevent all contact with liquid. Cool exposed tanks with water.",Combustible; containers may explode in fire. Vapors of unburned material are very toxic.,"3,3,4",Unavailable,29 CFR 1910.1013,0.5,"Inhalation—irritation of nose, throat and respiratory tract. Liquid causes eye irritation and tears. Skin contact results in irritation and blistering. Ingestion—mouth and stomach burns.",Unavailable,,,"Inhalation—move victim to fresh air. Give artificial respiration or oxygen as necessary. Eyes—flush with water for 15 minutes. Skin—flush with water. Fluid from blisters will cause additional blisters. Ingestion—give large amounts of water, induce vomiting.",Stable but at elevated temperatures can polymerize.,,,Can polymerize at elevated temperatures.,Group 18 of compatibility chart.,"Wear full protective clothing. Avoid any contact whatsoever. Wear self-contained breathing apparatus and rubber gloves. Disperse and flush large spills. If a spill occurs, call the National Response Center, 800-424-8802.",* Bulk shipment not permitted. + Unavailable + Unassigned,Suspected carcinogen. Vapor moderately irritating. Liquid is a fairly severe skin irritant. Poison. Get medical attention after all exposures to this compound.,Source page carries a note: 'THIS CARGO IS CURRENTLY NOT PERMITTED TO BE SHIPPED IN BULK IN U.S. WATERS.',249,USCG Hazardous Chemical Data,This cargo is currently not permitted to be shipped in bulk in U.S. waters)
PROPIONALDEHYDE,Methyl acetaldehyde; Propanal; Propionic aldehyde; Propyl aldehyde; Propylic aldehyde,1275,PAD,C2H5CHO,Colorless liquid with suffocating and fruity odor,0.8,Aldehyde,47°C 117°F,-79°C -112°F,258,6.7,2,0.22,C: Flammable liquid,C,15 to 19,2.9 to 17%,405,"Carbon dioxide, dry chemical and alcohol foam.",Keep tanks cool with water spray. Provide fire fighters with self-contained breathing apparatus and protective clothing. Fire may be difficult to control due to ease with which vapor is re-ignited. Water may be ineffective on fire.,Extreme fire hazard due to low flash point. Flashback along vapor trail may occur. Vapor may explode if ignited in an enclosed area. Reacts vigorously with oxidizers.,"2,1,2",1,Unavailable,Unavailable,"Dizziness, drowsiness.","8,000 ppm",,,"Skin contact should be thoroughly washed off with soap and water. In case of liquid contact of the eyes, flush eyes with water for at least 15 minutes then obtain medical treatment.",Highly reactive. Normally stored under nitrogen blanket. Reacts vigorously with oxidizers.,Either stainless steel or aluminum are suitable materials. Tanks may be coated with phenolic resin.,,,Group 19 of compatibility chart.,"Wear rubber gloves, self-contained breathing apparatus, protective clothing. Avoid contact with liquid. Secure ignition sources. If possible, cover with sodium bisulfite (NaHSO3). Add small amount of water and mix. Scoop up. Wash site with soap solution. If a spill occurs, call the National Response Center, 800-424-8802.",,Liquid irritating to skin and causes eye injury. Vapor inhalation dangerous.,,250,USCG Hazardous Chemical Data,
PROPIONIC ACID,Ethane carboxylic acid; Ethylformic acid; Methacetonic acid; Methylacetic acid; Propanoic acid,1848,PNA,CH3CH2COOH,"Clear, colorless liquid; pungent odor",0.995,Organic acid,141°C 286°F,-21°C -6°F,2.5,0.2,2.56,complete,D: Combustible liquid,D,140,2.9 to 14.8%,955,"Alcohol foam, water spray, CO2, dry chemical","Provide fire fighters with goggles, self-contained breathing apparatus and protective clothing.",Ignited by heat and open flame.,"2,3,2",Unavailable,10,10,"Causes burns on the skin, particularly mucous membranes (mouth, nose) and eyes.",Unavailable.,,,"Vapor—remove victim to fresh air; if breathing stops, apply artificial respiration. Skin or eye contact—remove contaminated clothing and gently flush affected areas with water for 15 minutes. Get medical attention.","Stable. When heated, emits acrid fumes.",Corrosive.,,,Group 4 of compatibility chart.,"Wear rubber gloves, face shield, protective clothing. Body shield and self-contained breathing apparatus should be available. Avoid contact with liquid. Secure ignition sources. If possible, cover spill with soda ash or sodium bicarbonate. Mix and add water if necessary to effect good mixing, scoop up slurry and wash site with soda ash solution. If a spill occurs, call the National Response Center, 800-424-8802.",,Vapor extremely irritating. Liquid causes severe burns.,,251,USCG Hazardous Chemical Data,
PROPIONIC ANHYDRIDE,Methylacetic anhydride; Propanoic acid anhydride; Propanoic anhydride; Propionyl oxide,2496,PAH,(CH3CH2CO)2O,Colorless liquid; pungent odor,1.01,Organic acid,169°C 336°F,-45°C -49°F,10,low,4.49,,E: Combustible liquid,D,165,1.48 to 11.9%,600,Carbon dioxide or dry chemical,DO NOT USE WATER as extinguishing media; propionic anhydride reacts slowly with water to form propionic acid—reaction rate increases with temperature.,Moderate fire hazard when exposed to heat or flame; more of a health hazard than a fire or stability hazard.,"3,2,1",Unavailable,Unavailable,Unavailable,"Respiratory irritation, skin irritation.",Unavailable,,,Vapor—remove victim to fresh air; apply artificial respiration if breathing stops. Skin or eye contact—remove contaminated clothing and gently flush affected areas with water. Get medical attention if discomfort persists.,Decomposes on contact with water. Can react with oxidizing materials.,Noncorrosive to aluminum or stainless steel.,Propionic acid (on contact with water).,,Group 11 of compatibility chart.,"Have self-contained breathing apparatus available. Avoid contact with liquid. Secure ignition sources. If a spill occurs, call the National Response Center, 800-424-8802.",* Reacts with water to form propionic acid.,Vapors irritating when inhaled. Liquid irritating to skin on contact. May produce sensitization effects.,,252,USCG Hazardous Chemical Data,
PROPIONITRILE,Cyanoethane; Ether cyanatus; Ethyl cyanide; Hydrocyanic ether; Propanenitrile; Propionic nitrile,2404,PCN,C3H5N,Brown liquid; pungent odor,0.78,Nitriles,97°C 207°F,-92°C -133°F,39,1.6,1.4,Soluble,C: Flammable liquid,D,54,3.1 to 14.0%,Unavailable,"Alcohol foam, dry chemical, CO2",Cool exposed tanks with water. Wear self-contained breathing apparatus and full protective clothing including boots.,"Produces toxic gases of hydrogen cyanide, nitrogen oxides, and carbon monoxide when heated or near open flame.","3,2,3",Unavailable,Unavailable,Unavailable,"Dizziness, nausea, rapid pulse, respiratory distress, cyanosis, coma. May be fatal if inhaled, swallowed or absorbed through skin.",LD50 for rats in a 4 hour period was less than 1.6 gm/l.,,,"Antidote is amyl nitrite. Always have a cyanide kit at hand. Remove to fresh air. Administer artificial respiration or oxygen as necessary. See Medical Kit Information, Appendix B",Stable. Incompatible with strong acids and alkalies.,,,,Group 37 of compatibility chart.,"Keep people away. Secure sources of ignition. Shut off leak if without risk. Stay upwind. Wear self-contained breathing apparatus and full protective clothing including boots. For large spills, dike and pump into salvage tanks. Use water spray to knock down vapors. Prevent run off to sewers. If a spill occurs, call the National Response Center, 800-424-8802.",,May be fatal if absorbed through skin. Liquid causes burns.,,253,USCG Hazardous Chemical Data,
iso-PROPYL ACETATE,"Acetic acid, isopropyl ester; Isopropyl acetate; Isopropyl ester of acetic acid; 2-Propyl acetate; sec-Propyl acetate",1220,IAC,CH3COOCH(CH3)2,"Colorless liquid; pleasant, fruity odor",0.88,Ester,90°C 194°F,-73°C -99°F,,2,3.52,Moderate,C: Flammable liquid,D,60,1.8 to 7.8%,860,"CO2, dry chemical, alcohol foam, water fog",Use of dry chemical where it can get into a tank of isopropyl acetate is not recommended. Fires involving spills outside of tanks can be extinguished with dry chemical.,Dangerous. Keep away from heat and open flame. Flashback along vapor trail may occur. Vapor may explode if ignited in an enclosed area.,"1,1,2",100,250,250,Dizziness and drowsiness.,Unavailable,,,"Vapor—remove victim to fresh air; if breathing stops, apply artificial respiration. Skin or eye contact—remove contaminated clothing and gently flush affected areas with water for 15 minutes. Get medical advice or attention.",Hydrolyzes (reacts with water) on standing to form acetic acid and isopropyl alcohol. The presence of bases (alkalis) speeds up the reaction. Reacts vigorously with oxidizing agents.,Softens or dissolves many plastics.,"Acetic acid, isopropyl alcohol (on hydrolysis).",,Group 34 of compatibility chart.,"Wear rubber gloves, face shield, protective clothing. Have all-purpose canister mask available. Avoid contact with liquid. Secure ignition sources. If a spill occurs, call the National Response Center, 800-424-8802.",* Vapor Pressure: 49 mmHg at 17°C.,Vapors harmful.,"Health Hazard Ratings printed as 'A, A, e' (illegible) in source text; interpreted as '1,1,1' based on the surrounding numeric pattern, but flagged for visual confirmation.",254,USCG Hazardous Chemical Data,
n-PROPYL ACETATE,"Acetic acid, n-propyl ester; Propylacetate",1276,PAT,CH3COOC3H7,"Colorless liquid; pleasant, fruity odor",0.87,Ester,102°C 215°F,-92°C -134°F,,1.3,3.52,Slight,C: Flammable liquid,D,70,1.7 to 8.0%,842,"CO2, dry chemical, alcohol foam, water fog",Use of dry chemical where it can get into a tank of propyl acetate is not recommended. Fires involving spills outside of tanks can be extinguished with dry chemical. Water may be ineffective on fire.,"Dangerous, when exposed to heat or flame.","1,1,2",Unavailable,200,200,"Sleepiness, fatigue, and retarded respiration rate.",Unavailable,,,"Vapor—remove victim to fresh air; if breathing stops, apply artificial respiration. Skin or eye contact—remove contaminated clothing and gently flush affected areas with water for 15 minutes. Get medical advice or attention.",Hydrolyzes (reacts with water) on standing to form acetic acid and n-propyl alcohol. The presence of bases (alkalis) speeds up the reaction. Reacts vigorously with oxidizing agents.,Softens or dissolves many plastics.,"Acetic acid, n-propyl alcohol (on hydrolysis).",,Group 34 of compatibility chart.,"Wear rubber gloves, face shield, protective clothing. Have all-purpose canister mask available. Avoid contact with liquid. Secure ignition sources. Small spills may be washed away with water. If a spill occurs, call the National Response Center, 800-424-8802.",* Vapor Pressure: 30 mmHg at 28.8°C.,Liquid causes slight irritation on contact. Vapor inhalation results in irritation of mucous membranes with moderate systemic effect.,,255,USCG Hazardous Chemical Data,
iso-PROPYL ALCOHOL,Alcohol C-3; Dimethyl carbinol; IPA; Isopropanol; Isopropyl alcohol; Petrohol; 2-Propanol; sec-Propyl alcohol; Rubbing alcohol,1219,IPA,(CH3)2CHOH,"Colorless liquid; sharp, somewhat unpleasant odor",0.79,Alcohol,82°C 182°F,-88°C -126°F,33,1.4,2.07,Complete,C: Flammable liquid,D,53,2.0 to 12.0%,750,"CO2, dry chemical, alcohol foam, water fog",Cool tank with water spray. Water may be ineffective on fire.,Dangerous. Keep away from heat and open flame. Flashback along vapor trail may occur. Vapor may explode if ignited in an enclosed area.,"1,0,2",200,400,400,"Dizziness and sleepiness; eyes, nose, and throat irritation.",400 ppm for 30 minutes.,,,Vapor—remove victim to fresh air. Apply artificial respiration if needed. Eye contact—wash eyes gently for 15 minutes with fresh water. Get medical attention for eye contact.,Stable.,"Aluminum, especially at elevated temperatures is unsuitable.",,,Group 20 of compatibility chart. See also Appendix I—Exceptions to the Chart.,"Wear rubber gloves, face shield, protective clothing. Have all-purpose canister mask available. Avoid contact with liquid. Secure ignition sources. If a spill occurs, call the National Response Center, 800-424-8802.",,Acts as a local irritant and in high concentrations as a narcotic. Prolonged or repeated skin contact may cause defatting of the skin and may produce dermatitis from daily contact. Severely irritating to the eyes and may cause eye injury if not removed promptly.,,256,USCG Hazardous Chemical Data,
n-PROPYL ALCOHOL,Alcohol C-3; Ethyl carbinol; Propanol; 1-Propanol; n-Propanol; Propyl alcohol; Propyl alcohol normal; Propylic alcohol,1274,PAL,C3H7OH,Colorless liquid; alcohol-like odor,0.8,Alcohol,97°C 207°F,-127°C -197°F,,0.87,2.07,Complete,D: Combustible liquid,D,85,2.0 to 13.5%,700,"CO2, dry chemical, alcohol foam, water fog",Water may be ineffective on fire. Cool exposed tanks with water.,"Dangerous, when exposed to heat or flame.","1,0,2",Unavailable,200,200/skin,"Salivation, retching, vomiting.",400 ppm to 30 minutes.,,,Vapor—remove victim to fresh air. Apply artificial respiration if needed. Eye contact—wash eyes gently for 15 minutes with water.,Stable.,Usual materials of construction are suitable.,,,Group 20 of compatibility chart. See also Appendix I—Exceptions to the Chart.,"Wear rubber gloves, face shield, protective clothing. Have all-purpose canister mask available. Avoid contact with liquid. Secure ignition sources. If a spill occurs, call the National Response Center, 800-424-8802.",* Vapor Pressure: 10 mmHg at 14.7°C.,"Vapor inhalation causes slight irritation of mucous membranes with moderate narcotic effect resulting in dizziness, drowsiness.",,257,USCG Hazardous Chemical Data,
iso-PROPYLAMINE,2-Aminopropane; Isopropylamine; Monoisopropylamine; 2-Propanamine,1221,IPP,(CH3)2CHNH2,"Colorless liquid; pungent, irritating, typical amine odor",0.69,Amine,32°C 90°F,-95°C -139°F,,18.2,2.03,Soluble,A: Flammable liquid,D,-35,2.3 to 10.4%,756,"Water spray is particularly effective, CO2",Considerable caution is indicated in approaching iso-propylamine fires and particularly in extinguishment as an explosive mixture may exist immediately following extinguishment and is readily re-ignited. Self-contained breathing equipment with full face piece is required.,Toxic oxides of nitrogen may form in fire. Readily forms explosive mixtures with air. Fires are difficult to control because of the ease of re-ignition of the vapor.,"3,2,4",Unavailable,5,5,"Vapor—nose, throat, and lung irritation; severe eye irritation or burns.",Unavailable,,,"Skin contact—remove all contaminated clothing, flood affected areas with large quantities of water, wash all affected skin thoroughly; if any evidence of skin burning is noted, a physician should be seen. Inhalation—remove patient to fresh air; nose and throat irritation may be relieved by spraying or gargling with water. If patient is unconscious, apply artificial respiration.","Unstable—highly flammable, readily ignited by static sparks of relatively low energy.","Can be handled safely in steel equipment; severely corrodes aluminum, copper, and copper-based alloys (except Monel).",,,Group 7 of compatibility chart.,"Wear butyl rubber gloves, all-purpose canister respirator, and protective clothing. Secure ignition sources. If possible, cover spill with sodium bisulfate. Spray with water and wash up with large excess of water. If a spill occurs, call the National Response Center, 800-424-8802.",* Vapor Pressure: 500 mmHg at 22°C.,"Isopropylamine liquid and vapor are irritating to the skin, producing typical alkali burns. Vapors will irritate eyes and lungs.",,258,USCG Hazardous Chemical Data,
PROPYLAMINE,1-Aminopropane; Monopropylamine; 1-Propanamine; n-Propylamine; mono-n-Propylamine,1277,PRA,CH3(CH2)2NH2,Colorless liquid with a pungent ammoniacal odor when concentration is high,0.72,Amine,49°C 120°F,-82°C -116°F,250,10.4,2,Soluble,B: Flammable liquid,D,85,2.0 to 10.4%,604,"Carbon dioxide, dry chemical or alcohol foam.",Water may be ineffective on fire. Cool exposed tanks with water.,Quite flammable. Emits toxic and irritating vapors when heated. Vapor is heavier than air and may travel to a source of ignition and flash back.,"3,3,0",Unavailable,5*,5*,"Severe irritation of skin, eyes and respiratory tract.",Unavailable,,,"Skin—wash with soap and water, then flush area with water. Eyes—flush with copious amounts of water. Vapor—remove victim to fresh air. Administer artificial respiration if necessary. In all cases call a doctor.",Stable.,Glass and stainless steel.,,,Group 7 of compatibility chart.,"Wear full skin protection and self-contained breathing apparatus. Secure ignition sources. Add sodium bisulfate and spray with water. Then clean up. If a spill occurs, call the National Response Center, 800-424-8802.",* PEL and TLV based upon iso-Propylamine.,"A severe eye, skin and respiratory irritant. Highly toxic when ingested or inhaled.",,259,USCG Hazardous Chemical Data,
PROPYLENE,Methylethene; Methylethylene; Propene,1077,PPL,CH3CH=CH2,"Colorless gas, liquid under pressure; characteristic olefin (gassy) odor",0.52 at 20°C,Olefin,-48°C -54°F,-185°C -301°F,7840,227.2,1.48,45 ml gas/100 ml water,Liquefied Flammable Gas (LFG),D,-162,2.0 to 11.0%,927,Stop flow of gas; water fog,Tanks exposed to fire should be kept cool with a water spray.,"As with all gas fires, the only effective method of extinguishing is to shut off the fuel supply. Otherwise a more dangerous situation, the formation of an explosive mixture can result.","0,0,1",Unavailable,Unavailable,Unavailable,"Dizziness, sleepiness","Mixture of 6.4% propylene and 26% oxygen inhaled for 2 1/4 minutes produces mild intoxication, drowsiness, tingling of the skin, and inability to concentrate.",,,"Remove victim to fresh air. Apply artificial respiration if breathing stops. Contact with liquid may cause frostbite. If the liquid has spilled onto the skin, points of contact may be frostbitten; handle gently and protect from mechanical damage. DO NOT RUB. Get medical attention.",Stable at ordinary temperatures.,Usual materials of construction may be used.,,,Group 30 of compatibility chart.,"Have all-purpose canister mask available. Shut off ignition sources. Call the fire department. If product does not catch fire, it will soon boil off. If a spill occurs, call the National Response Center, 800-424-8802.",,Simple asphyxiant. Absence of adequate warning indications such as strong odor or pronounced irritation of mucous membranes of eyes and nose introduces possibility of exposure to hazardous concentrations. Contact with the liquid may cause frostbite.,,260,USCG Hazardous Chemical Data,
PROPYLENE OXIDE,"1,2-Epoxypropane; Methyloxirane; Propene oxide",1280,POX,CH2OCHCH3,Colorless liquid; ether-like odor,0.86,Alkylene oxide,34°C 94°F,-112°C -170°F,449,18,2,0.59,A: Flammable liquid,B,-35,1.8 to 38.5%,869,"Stop flow of gas; large volumes of water, CO2, alcohol foam.","If a fire breaks out near a propylene oxide tank, keep tank cool with a water spray. Explosion hazard requires approaching a burning tank with caution.","An extremely reactive, flammable liquid with a wide explosive range. Ignited by heat, sparks or open flame. Flashback along vapor trail may occur. Fire or contamination may cause violent rupture of tank.","3,2,2",200*,20,20,"Nausea, vomiting and irritation to eyes and respiratory passages.",2000 ppm for 4 hours.,,,"Vapor—remove victim to fresh air; if breathing stops, apply artificial respiration. Skin or eye contact—remove contaminated clothing and gently flush affected areas with water for 15 minutes. Get medical advice or attention. *Note: Detectable odor is greater than the TLV. Exposure to potentially dangerous vapor concentration can occur before product can be detected by smell.","Polymerizes violently with catalysts such as acids, bases, and certain salts. Reacts violently with chlorine and with ammonia.",Avoid copper and other acetylide-forming metals.,,"Polymerizes violently with catalysts such as acids, bases, and certain salts.",Group 16 of compatibility chart.,"Wear rubber gloves, large heavy face shield, (if in doubt, use body shield also), self-contained breathing apparatus. Avoid contact with liquid. Secure ignition sources. Do not flush spill into confined spaces where flammable vapors can accumulate. If a spill occurs, call the National Response Center, 800-424-8802.",Must be shipped with inert pad.,"Suspected carcinogen. Vapor harmful. Liquid causes eye burns. Liquid or water solutions absorbed into clothing, particularly shoes, cause delayed skin burns.",,261,USCG Hazardous Chemical Data,
iso-PROPYL ETHER,"Diisopropyl ether; Diisopropyl oxide; 2-Isopropoxypropane; Isopropyl ether; 2,2'-Oxybis[propane]",1159,IPE,(CH3)2CHOCH(CH3)2,"Colorless, volatile liquid with an ethereal odor",0.72,Ether,68°C 184°F,-88°C -126°F,119,High,3.5,Negligible,C: Flammable liquid,D,-18 (cc),1.4 to 21%,830,"Carbon dioxide, alcohol foam, water fog, dry chemical",Cool tanks with water spray. Keep surroundings cool to reduce the amounts of vapors produced. The danger of reignition is high.,"Highly flammable, dangerous fire risk. Severe explosion risk when exposed to heat or flame. Flashback along vapor trail may occur. Vapor may explode if ignited in an enclosed area.","1,1,1",Unavailable,500,250,Toxic by ingestion and inhalation. Strong irritant. Prolonged or repeated skin contact may cause dermatitis.,"Animal tests showed 8000 ppm for 4 hours resulted in a 0% death rate, a trace of eye injury, and no skin irritation.",,,"Vapor—remove victim to fresh air; if breathing stops, administer artificial respiration. Skin or eye contact—remove contaminated clothing and gently flush affected areas with water for 15 minutes. Get medical attention.","In presence of air, may form peroxide which will explode if heated, or on impact.",Steel is not affected.,,,Group 41 of compatibility chart.,"Wear rubber gloves, large heavy face shield (body shield if necessary). Have self-contained breathing apparatus available. Avoid contact with liquid. Secure ignition sources. Notify police, harbor master, and fire department. Ether will float downstream or spread out and create severe fire hazard. If a spill occurs, call the National Response Center, 800-424-8802.",,,"Health Hazard Ratings printed with a stray semicolon ('444; 1') in source; interpreted as '4,4,1'.",262,USCG Hazardous Chemical Data,
PYRIDINE,Azabenzene; Azine,1282,PRD,HC(CH)4N,"Yellow to colorless liquid; nauseating, unpleasant odor",0.98,Amine,115°C 239°F,-42°C -44°F,,0.77,2.72,Complete,C: Flammable liquid,D,68,1.8 to 12.4%,900,"Alcohol foam, dry chemical, CO2",Keep tanks cool with water spray. Provide fire fighters with self-contained breathing apparatus.,"Highly toxic fumes given off upon decomposition. Fire hazard high, when exposed to heat or flame. Explosion hazard severe, in the form of vapor, when exposed to flame or spark. Flashback along vapor trail may occur. Vapor may explode if ignited in an enclosed area.","2,2,1",0.021,5,5,"Nausea, headache, insomnia, nervous symptoms, low back or abdominal discomfort.","Very disagreeable odor at 30 ppm. Exposure averaging 125 ppm, four hours per day for one to two weeks give rise to symptoms.",,,"Vapor—remove from exposure, use artificial respiration if necessary, and obtain medical attention. Skin contact—remove contaminated clothing and wash skin thoroughly with large amounts of water. Eye contact—irrigate eyes with water for at least 15 minutes.",Stable. Possibility of a dangerous reaction with acid anhydrides.,Copper and its alloys and some synthetic rubbers are unsuitable.,,,Group 9 of compatibility chart.,"If possible, wear boots, rubber gloves, rubber or plastic coat, and self-contained breathing apparatus. Extinguish sources of ignition. If possible, cover large spills with sand and soda ash mixture (90-10). Mix and shovel into a cardboard box. If a spill occurs, call the National Response Center, 800-424-8802.",* Vapor Pressure: 20 mmHg at 25°C.,Liquid mildly irritating to the skin and can be absorbed through the skin. Vapor inhalation results in slight irritation of airway with slight anaesthetic effect.,,263,USCG Hazardous Chemical Data,
ROSIN OIL,Codoil; Resin oil; Retinol; Rosinol,1286,ORN,Mixture,White to brown liquid with a pinetree pitch odor,0.98 to 1.11,Hydrocarbon mixture,300-400°C 572-750°F,,0.04,Low,NP,Negligible,E: Combustible liquid,D,255 to 390,Unavailable,648,"Dry chemical, foam or CO2",Water may be ineffective on fire.,Slight fire hazard when exposed to heat or flame.,"2,2,2",Unavailable,Unavailable,Unavailable,Unavailable,Unavailable,,,Unavailable,Stable.,Usual materials of construction are suitable.,,,Group 33 of compatibility chart.,"Wear rubber gloves, face shield and protective clothing. Secure ignition sources. If a spill occurs, call the National Response Center, 800-424-8802.",+ Unavailable,Toxicity unavailable,,264,USCG Hazardous Chemical Data,
"SODIUM CHLORATE SOLUTION, 50%","Chlorate of soda; Soda chloric acid, sodium salt",2428,SDD,NaClO3,Yellow liquid; odorless,1.5,,170°C 338°F,19°С 65°F,,,,Soluble,Non-flammable. Classified as an oxidizer.,NA,,Non-flammable solution,,,"Contact with organic substances, sulfur, sulfides, powdered metals, phosphorous or ammonium compounds can cause fire and explosion. Sodium chlorate supplies its own oxygen for combustion. Use copious amounts of water.",Decomposes at high temperatures. Acts as an oxidizer. Not flammable but supports combustion.,"0,1,1",Unavailable,Unavailable,Unavailable,"Ingestion results in abdominal pain, nausea, vomiting, and cyanosis.",LD50 for rats is 1200 mg/kg. Ingestion of 15 to 30 grams may be fatal.,,,For ingestion induce vomiting if victim is conscious. Flush skin and eyes with large amounts of water.,"Stable, but product decomposes at 300°F and liberates oxygen.",Stainless steel or lined steel are preferred; carbon steel and aluminum are suitable for several years service.,Oxygen (above 300°F).,,Unassigned in compatibility chart. See also Appendix I—Exceptions to the Chart.,"Coveralls and rubber boots should be worn. Clothing becomes dangerously flammable when soaked with chlorates. Use no leather. Dried leather, such as shoes, become highly flammable in contact with sodium chlorate. Secure all sources of ignition. Flush spills or leaks with water. Do not let spill area dry until it has been determined that there is no chlorate left in the area. If a spill occurs, call the National Response Center, 800-424-8802.",+ Unavailable,Irritating to the skin and eyes. No hazard from vapors. Not absorbed through the skin.,,265,USCG Hazardous Chemical Data,
"SODIUM DICHROMATE SOLUTION, 70%",Sodium bichromate; Sodium bichromate solution,,SDL,Na2Cr2O7,"Clear, red-orange liquid; no odor",1.69,Oxidizer,114°C 238°F,-38°C -36°F,,,,Complete,Non-flammable. Classified as an oxidizer.,NA,Non-flammable,Non-flammable,Non-flammable,Non-flammable,Non-flammable,"Non-flammable, but releases oxygen when heated. May ignite combustible materials upon contact.",Unavailable,None—No odor,0.05 mg/m3 as chromium,0.05 mg/m3 as chromium,"Contact—Extremely irritating to eyes and skin. Mist—Damage to mucous membranes, irritation to respiratory system.",Very irritating at low concentrations of mist.,,,"Get medical attention. Skin—Flush with soap and water for 15 minutes, remove contaminated clothing. Eyes—Flush with water for at least 15 minutes. Ingestion—Drink a quart of water, induce vomiting. If unconscious, do not attempt to give victim liquids or attempt vomiting.",Generally stable. Oxidizer reacts with reducing agents and many organics and inorganics. May ignite finely divided combustibles.,"Suitable: Mild steel, stainless steel, aluminum. Unsuitable: Copper, zinc, tin, brass, bronze, organic linings.",,,Unassigned in the compatibility chart. See Appendix I—Exceptions to the Chart.,"Avoid all contact, including breathing mists. Dike area, absorb on vermiculite or sand, place in a sealed metal container, dispose. Flush area with water. Don't allow into waterways. Wear protective clothing including goggles, gloves, boots and, if mists present, respirator. If a spill occurs, call the National Response Center, 800-424-8802.",#NAME?,Even small quantities are highly toxic if ingested or absorbed through the skin. If heated to the boiling point will generate toxic spray. Some allergic responses. May cause lung cancer.,,266,USCG Hazardous Chemical Data,
"SODIUM HYDROSULFIDE SOLUTION, 45%",Sodium bisulfide; sodium hydrogen sulfide; Sodium mercaptan; Sodium sulfhydrate,2949,SHR,NaHS/Na2S/H2O,Dark amber liquid with a rotten egg odor,1.26 to 1.28,Caustics,140°C 284°F,40°C 105°F,17.3,0.95,1.17,Complete,C: Flammable liquid,NA,73,4.3 to 45.5%,Unavailable,Carbon dioxide,Wear self-contained breathing apparatus and protective clothing.,"Moderate fire hazard due to hydrogen sulfide, a poisonous, highly flammable gas liberated when exposed to heat or flame.",Unavailable,Unavailable*,Unavailable,Unavailable,"Rapid or irregular breathing, coughing, throat irritation, bluish color, dizziness, faintness, and weak irregular pulse. Skin contact will cause a caustic type burn.",Unavailable,,,"Vapor—remove victim to fresh air. 100% oxygen inhalation is recommended. Skin—flush area with water. Eyes—flush with copious amounts of water. In all cases call a doctor. * NOTE: The odor (rotten egg) of hydrogen sulfide gas should not be used as a warning, since its presence may deaden the sense of smell.",Stable. Solution is mildly alkaline.,Corrosive to steel above 150°F. Avoid use of aluminum.,,,Group 5 of compatibility chart. See also Appendix I—Exceptions to the Chart.,"Wear rubber gloves, boots, and goggles, and full skin protection. Avoid contact with liquid. Secure ignition sources. If a spill occurs, call the National Response Center, 800-424-8802.",,Poisonous hydrogen sulfide may be evolved; this evolution increases with temperature. Solution itself is a skin irritant.,,267,USCG Hazardous Chemical Data,
"SODIUM HYPOCHLORITE SOLUTION, 15%","Chlorox; Hypochlorite, solutions; Javelle water; Liquid bleach; Sodium hypochlorite",1791,SHP,NaOCl,Green to yellow watery liquid; bleaching liquid odor,1.21 to 1.24,Caustic,,-9°C -15°F,,,,Soluble,Non-flammable. Classified as an oxidizer.,NA,Non-flammable,,Not pertinent,"Water spray, fog, foam, dry chemical, CO2, or agents suitable for materials in surrounding fire.",Cool tanks with water. Wear full protective clothing and self-contained breathing apparatus.,May decompose in fire generating irritating chlorine gas. Containers may explode in fire due to pressure buildup.,Unavailable,Unavailable,Unavailable,Unavailable,Toxicity and corrosivity depend upon concentration. Higher concentration of industrial grades are more damaging than concentration of household bleach (approx. 5.25% min.).,,,,"If ingested, DO NOT INDUCE vomiting, give large quantities of milk. Skin or eye contact: Flush areas with water for 15 minutes and consult physician.","Stable, but stability decreases with concentration, heat, light, decrease in pH and contamination by metals. Strong oxidizer.","Incompatible with steel, cast iron, 12 and 17% chromium steel, monel, nickel, inconel, aluminum, brass, silicon, bronze",,,Group 5 of compatibility chart.,"Wear rubber gloves and rubber safety shoes, goggles or full face shield, and respiratory protection. Disperse and flush spilled or leaking material. If a spill occurs, call the National Response Center, 800-424-8802.",* Decomposes above 110°C (230°F). † Unavailable,"Severe irritation, burns, and/or corrosion from liquid. Vapor may cause severe respiratory tract irritation and pulmonary edema.",,268,USCG Hazardous Chemical Data,
SORBITOL,"D-Glucitol; L-Gulitol; 1,2,3,4,5,6-Hexanehexol; Sorbicolan; Sorbit; Sorbo; Sorbol; Sorbostyl",,SBT,CH2OH(CHOH)4CH2OH,"White, odorless crystalline powder with a faint sweet taste.",1.49 at 150°C. (liquid),Glycol,V. High,110°C 230°F,low,low,3.2,,E: Combustible liquid,D,greater than 150,Unavailable,Unavailable,Water,Use water to cool fire exposed tanks to avoid combustion.,Slight fire hazard if exposed to heat or flame,Unavailable,None,Not pertinent,Not pertinent,Hot liquid will burn skin.,Not applicable.,,,Treat for burns resulting from contact with hot liquids.,Stable.,Mild or stainless steel is acceptable.,,,Group 20 of compatibility chart.,"Avoid contact with hot liquid. Wear goggles or face shield, protective clothing for hot liquid. Stop discharge if possible. If a spill occurs, call the National Response Center, 800-424-8802.","* Unregulated, Table 2, 46 CFR Part 153. + Unassigned",No threat of damage from vapor inhalation since the volatility of sorbitol is so low.,,269,USCG Hazardous Chemical Data,
SOYBEAN OIL,Chinese bean oil; Soyabean oil; Soy oil,,OSB,Mixture,Pale yellow liquid; weak odor,0.92 to 0.93,Esters,V. High,-20°C -4°F,2.04,0.1,NP,Slight,E: Combustible liquid,D,540,Unavailable,833,"Dry chemical, foam or carbon dioxide",Water may be ineffective on fire. Cool exposed containers with water.,Slight fire hazard when exposed to heat or flame.,Unavailable,Not pertinent,Not pertinent,Not pertinent,None,Does not penetrate skin in harmful amounts.,,,Non-toxic. Wash thoroughly with soap and water.,Stable.,Usual materials of construction are suitable. Will soften some paints and rubber.,,,Group 34 of compatibility chart.,"Wear rubber gloves, face shield and protective clothing. Secure all ignition sources. If a spill occurs, call the National Response Center, 800-424-8802.",+ Unassigned,Not harmful.,,270,USCG Hazardous Chemical Data,
SPERM OIL,Whale sperm oil,,OSP,Indefinite,Light yellow oily liquid; characteristic odor,0.87 to 0.88,,V. High,,2,0.1,,Insoluble,E: Combustible liquid,D,428,Unavailable,586,"Carbon dioxide, dry chemical",Water foam may cause frothing.,Slight fire hazard when exposed to heat or flame.,"0,1,0",Unavailable,Unavailable,Unavailable,Unavailable,Unavailable,,,Flush affected areas with plenty of water; wash thoroughly with soap and water.,Stable.,Usual materials of construction are suitable.,,,Group 33 of compatibility chart.,"Wear rubber gloves, face shield and protective clothing. If a spill occurs, call the National Response Center, 800-424-8802.",+ Unavailable + Unassigned,Toxicity probably low. Details unavailable.,,271,USCG Hazardous Chemical Data,
STYRENE MONOMER,Cinnamene; Cinnamol; Ethenylbenzene; Phenylethylene; Styrene; Styrol; Styrolene; Vinylbenzene,2055,STY,C6H5CHCH2,Colorless liquid; sweet odor when pure; sharp disagreeable odor when impure,0.92,Olefin,145°C 293°F,-30°C -23°F,6,0.27,3.6,Negligible,D: Combustible liquid,D,100,1.1 to 6.1%,914,"CO2, dry chemical, water fog, foam",Avoid breathing vapors. Provide body and respiratory protection. Keep tanks cool with water spray.,Ignited by heat and open flame. Fire or contamination may cause violent rupture of tank.,"2,2,2",0.15,50,50/Skin,"Weakness, dizziness, nausea, and sleepiness.","10,000 ppm may be fatal in 30 to 60 minutes.",,,"Vapors—remove victim to fresh air; if breathing stops, apply artificial respiration. Skin or eye contact—remove contaminated clothing and gently flush affected areas with water for 15 minutes. Soap, if available, should be used on affected skin areas. Get medical attention.","Will readily form peroxides which catalyze polymerization unless inhibited. Heat, light, and strong acids also catalyze polymerization reaction.",Most materials of construction are suitable. Do not use copper or its alloys. Styrene can be polymerized at explosive rates by certain contaminants.,,"Readily forms peroxides which catalyze polymerization unless inhibited; heat, light, and strong acids also catalyze the reaction. Even the inhibited product, when heated above 125°F, can polymerize with the generation of so much heat that ignition is possible.",Group 30 of compatibility chart.,"Wear rubber gloves, face shield, protective clothing. Have all-purpose canister mask available. Avoid contact with liquid. Secure ignition sources. If a spill occurs, call the National Response Center, 800-424-8802.",,"Suspected carcinogen. Vapor very irritating to eyes, moderately irritating to respiratory tract with moderate systemic effect. Liquid irritating to skin.",,272,USCG Hazardous Chemical Data,
SULFUR (molten),Brimstone; Sulfur; Sulphur,molten: 2448; solid: 1350,SXX,S,Yellow-to-brown solid; amber liquid above 238°F; sharp choking SO2 fumes usually present,1.80 at 265°F (liquid); density of solid sulfur is 2.07 g/cc,Element,444°C 832°F,114°C 238°F,V.Low,V.Low,,Negligible,E: Combustible liquid (when carried in molten state),C,335 to 370,Unavailable,374 to 428,"CO2, dry chemical, steam, water fog","Do not direct a solid stream of water into burning liquid sulfur or a steam explosion may result. When sulfur burns, sulfur dioxide (SO2) is given off. This gas is highly toxic, so firefighting personnel must be provided with respiratory protection.","Sulfur in the molten state gives off hydrogen sulfide (H2S) gas, which is poisonous and highly flammable. The rate of gas evolution depends on conditions, particularly the amount of hydrocarbon impurities present.","1,1,1",*,"TLV for H2S, 10TLV for SO2,,2","TLV for H2S, 10; TLV for SO2, 2","H2S—headache, nausea, dizziness; loss of sense of smell. SO2—severe eye and respiratory irritation.",200 ppm for 10 minutes. 100 ppm for 30 minutes. 50 ppm for one hour.,,,"Remove victim to fresh air. If breathing stops, apply artificial respiration. Oxygen, administered by trained personnel, is often helpful. Body contact with hot liquid sulfur can cause severe scalding. Do not try to remove the solidified sulfur from such a burn. Get medical attention. *NOTE: Odor alone does not give adequate warning of dangerous H2S concentrations.",Stable except in contact with oxidizing agents or reactive metals. The rate of H2S gas evolution from molten sulfur increases with agitation.,"Liquid sulfur is not corrosive to steel, but corrodes copper and its alloys. Moist sulfur is corrosive to steel.",,,Unassigned in compatibility chart.,"Avoid contact with hot liquid. Wear heavy work gloves, goggles or face shield, protective clothing for hot liquid. Have self-contained breathing apparatus available. Secure ignition sources. A major spill of liquid sulfur into navigable waters will solidify and sink, presenting no unusual hazards. If a spill occurs, call the National Response Center, 800-424-8802.",See 46 CFR 36—Elevated Temperature Cargoes.,Liquid causes severe thermal burns. Gas is poisonous by inhalation.,,273,USCG Hazardous Chemical Data,
SULFUR DIOXIDE,"Sulfur dioxide, liquefied; Sulfurous anhydride; Sulfurous oxide",1079,SFD,SO2,Compressed liquefied gas with sharp irritating odor.,1.45 (at -10°C),Acid anhydride,-10°C 14°F,-15°C -104°F,2488,84,2.2,,Liquefied Compressed Gas (LCG),NA,Non-flammable,Non-flammable,Non-flammable,Non-flammable,Cool exposed tanks with water. Wear eye protection and self-contained breathing apparatus.,"Non-flammable, but in a fire, tanks may rupture and release irritating, toxic sulfur dioxide.","4,1,4",3,2,2,Vapor—causes irritation of eyes and lungs with severe choking. Liquid will cause frostbite.,20 ppm for 5 minutes.,,,"Vapor—remove victim to fresh air. Administer oxygen if possible. Skin—flush skin with water. Eyes—wash with water for 15 minutes. If the liquid has spilled onto the skin, points of contact may be frostbitten; handle gently and protect from mechanical damage. DO NOT RUB. Get medical attention.","Reacts with water to form sulfurous acid, H2SO3.",The acidic reaction with water corrodes aluminum and some other metals.,"Sulfurous acid, H2SO3 (reacts with water).",,"Unassigned in compatibility chart. For compatibility assistance, call G-MTH-1 (202-267-1577).","Wear rubber gloves, eye protection, self-contained breathing apparatus, and protective clothing. Try to shut off leak. If a spill occurs, call the National Response Center, 800-424-8802.","* Reacts with water to form sulfurous acid, H2SO3.",Liquid can cause frostbite. Vapor is very irritating to the eyes and lungs even at low concentrations.,,274,USCG Hazardous Chemical Data,
SULFURIC ACID,Battery acid; Chamber acid; Fertilizer acid; Oil of vitriol,1830,SFA,H2SO4,"Colorless-to-brown oily liquid; no odor unless hot, then the odor is choking",1.56 to 1.84,Inorganic acid,340°C 644°F,10°C 50°F,Low,Low,3.4,Complete,Non-flammable. Classified as a corrosive liquid.,B (based upon possible hydrogen gas (H2) generation should a leak or spill occur),Non-flammable,Non-flammable,Non-flammable,Non-flammable,"DO NOT USE WATER to put out a fire if the water can get into concentrated sulfuric acid. In case of a fire next to a sulfuric acid tank, use respiratory protection against fumes.","Sulfuric acid will not burn. It will react with many metals, giving off hydrogen gas which is highly flammable. If hydrogen is trapped in confined spaces, it can form an explosive mixture with air. See data sheet for hydrogen.","2,4,2",Greater than 1 mg/m3,1 mg/m3,4 mg/m3,The inhalation hazard is slight at ordinary temperatures. The skin on which acid is spilled may feel hot or it may sting or itch.,10 mg/m3 for 5 minutes; 5 mg/m3 for 10 minutes; 2 mg/m3 for 30 minutes.,,,"Drench with water. Remove contaminated clothing and flow water onto affected area for 15 minutes. For eye contact, immediately flush eye with large amounts of water for 15 minutes. Get medical attention.","Stable, but can react very easily with many other materials.",Highly corrosive to most metals; particularly at concentrations below 60°Be. May cause wood or cellulose to ignite.,,,Group 2 of compatibility chart. See also Appendix I—Exceptions to the Chart.,"Wear rubber gloves, self-contained breathing apparatus, protective clothing. Have body shield available. Avoid contact with liquid. Secure ignition sources because of the possibility of hydrogen gas generation. If possible, cover spill with sodium bicarbonate or soda ash-slaked lime mixture (50-50). Mix and add water to form a slurry. Scoop up slurry. Wash site with soda ash solution. Otherwise flush cautiously with water. Avoid directing stream into larger pools or pockets of concentrated acid. If a spill occurs, call the National Response Center, 800-424-8802.","CAUTION—Never add water to the acid, otherwise spattering will occur. If dilution is required, always add the acid very carefully to the water. The acid is heavier than water. Thus, the heat of solution will be more uniformly dissipated, and spattering will be avoided.",Liquid causes severe burns with destruction of tissue. Vapor very irritating.,,275,USCG Hazardous Chemical Data,
TALL OIL,Liquid rosin; Talleol; Tallol,,OTL,Mixture of rosin acids,"Yellow, oily liquid; acrid odor",0.95 to 1.00,,V. High,,1.5,0.1,NP,Negligible,E: Combustible liquid,D,380,Unavailable,Unavailable,"Foam, dry chemical or CO2",Water may be ineffective on fire. Use water to cool exposed tanks.,Slight fire hazard when exposed to heat or flame.,Unavailable,Unavailable,Unavailable,Unavailable,Skin contact will cause minor reddening.,Not pertinent,,,Skin—flush affected areas with plenty of water; wash thoroughly with soap and water.,Stable.,Usual materials of construction are suitable.,,,Group 34 of compatibility chart.,"Wear butyl rubber gloves, face shield and protective clothing. If a spill occurs, call the National Response Center, 800-424-8802.",† Unavailable + Unassigned,Avoid contact with liquid.,,276,USCG Hazardous Chemical Data,
TALLOW,Edible tallow; Inedible tallow; Tallow oil,,TLO,Fats containing C16 to C18,Dark yellow liquid with a waxy odor,0.85 to 0.89 at 70°C,Esters,V. High,2-7°C 35-45°F,2,0.1,NP,Negligible,E: Combustible liquid,D,509,Unavailable,Unavailable,"Foam, water, CO2, or dry chemical",Water may be ineffective. Cool exposed containers with water.,Slight fire hazard when exposed to heat or flame.,Not pertinent,Unavailable,Not pertinent,Not pertinent,Non-toxic.,Hot liquid can burn eyes and skin.,,,Treat burns caused by hot liquid.,Stable.,,,,Group 34 of compatibility chart. See also Appendix I—Exceptions to the Chart.,"Wear rubber gloves, face shield and protective clothing for hot liquid. If a spill occurs, call the National Response Center, 800-424-8802.",+ Unassigned,"Non-toxic, but possibility of thermal burns from hot liquid.",Page footer digit was garbled in OCR ('217'); PDF sequence confirms this is page 277.,277,USCG Hazardous Chemical Data,
"1,1,2,2-TETRACHLOROETHANE","Acetylene tetrachloride; Ethane, 1,1,2,2-tetrachloro-; Tetrachloroethane; sym-Tetrachloroethane",1702,TEC,Cl2CHCHCl2,Clear to slightly yellow liquid with chloroform-like odor,1.6,Halogenated hydrocarbons,146°C 295°F,-44°C -47°F,13,0.5,5.8,Slight,Non-flammable,NA,Non-flammable,Non-flammable,Non-flammable,Non-flammable,Wear self-contained breathing apparatus.,"Non-flammable, corrosive liquid. When heated, it emits highly toxic decomposition products.",Unavailable,0.5,1/Skin,1/Skin,"Ingestion—vomiting, diarrhea. Acute intoxication with unconsciousness, cyanosis, loss of reflexes and death. Inhalation—can be absorbed by lungs. Fatal after repeated inhalation.",10 ppm for 30 minutes.,,,"Inhalation—remove to fresh air and, if necessary, administer artificial respiration. Ingestion—induce vomiting. Eyes—flush with water for 15 minutes. Skin—remove clothing and wash skin with soap and warm water. In all cases call a doctor.",Stable.,May attack some forms of plastics.,,,Group 36 of compatibility chart.,"Wear rubber gloves, self-contained breathing apparatus and protective clothing. Secure all sources of ignition. Absorb with vermiculite and clean up. Wash site with soap and water. If a spill occurs, call the National Response Center, 800-424-8802.",,Suspected carcinogen. A powerful narcotic and liver poison.,,278,USCG Hazardous Chemical Data,
TETRAETHYLENE GLYCOL,"bis[2-(2-Hydroxyethoxy)ethyl]ether; TEG; 3,6,9-Trioxaundecane-1,11-diol",,TEG,HO(C2H4O)3C2H4OH,Colorless to pale-straw colored liquid; sweet odor,1.13,Glycol ether,327°C 621°F,-6°C -20°F,Low,Low,6.7,Complete,E: Combustible liquid,C,345,Unavailable,Unavailable,"Alcohol foam, CO2, water, dry chemical",Water may cause frothing. Cool exposed tanks with water.,Slight fire hazard when exposed to heat or flame.,"0,0,0",Unavailable,Unavailable,Unavailable,Unavailable,Unavailable,,,Vapor—remove victim to fresh air. Skin or eye contact—remove contaminated clothing and gently flush affected areas with water for 15 minutes. Get medical advice or attention.,"No spontaneous decomposition, not dangerously reactive.",Steel or stainless steel recommended.,,,Group 40 of compatibility chart.,"Avoid contact with liquid. Secure ignition sources. If a spill occurs, call the National Response Center, 800-424-8802.",+ Unassigned,"Low to no toxicity; no skin, ingestive or inhalation effects.",,279,USCG Hazardous Chemical Data,
TETRAETHYLENE PENTAMINE,"1,11-Diamino-3,6,9-triazaundecane",2320,TTP,NH2(CH2CH2NH)3CH2CH2NH2,Viscous liquid; amine odor,1,Amine,333°C 631°F,-30°C -22°F,Low,low,6.8,appreciable,E: Combustible liquid,C,325,Unavailable,572,"CO2, dry chemical, alcohol foam",Firefighters should wear full-protective clothing and self-contained breathing apparatus.,"When heated to decomposition, it emits toxic fumes of nitrogen compounds.","1,2,2",Unavailable,Unavailable,Unavailable,Burning eyes and skin.,An 8 hour exposure to a saturated vapor-air mixture caused no deaths.,,,Skin or eye contact: Remove contaminated clothing and gently flush affected areas with water for 15 minutes. Get medical attention as soon as possible.,Stable.,Avoid copper and copper alloys.,,,Group 7 of compatibility chart.,"If possible, wear butyl rubber gloves, face shield or all-purpose canister respirator, protective clothing. If possible cover spill with sodium bisulfate. Spray with water and wash up. If a spill occurs, call the National Response Center, 800-424-8802.",,Liquid causes severe eye and skin burns,"Health Hazard Ratings printed as '14 2; 2' in source; interpreted as '1,2,2'.",280,USCG Hazardous Chemical Data,
TETRAHYDROFURAN,"Diethylene oxide; Furan, tetrahydro-; Tetramethylene oxide; THF",2056,THF,(C2H4)2O,Colorless liquid; ether-like odor,0.89,Ether,66°C 150°F,-108°C -162°F,142,7.7,1.35,appreciable,C: Flammable liquid,C,6,2.0 to 11.8%,610,"CO2, dry chemical, alcohol foam, water spray.",Gives off toxic fumes when heated. Provide respiratory protection for firefighters. Water may be ineffective.,Dangerous fire hazard; moderate explosion hazard. Flashback along vapor trail may occur. Vapor may explode if ignited in an enclosed area.,Unavailable,400*,200,200,Irritation of eyes and mucous membranes; headache or drowsiness.,500 ppm for 30 minutes.,,,"Vapor—remove victim to fresh air; if breathing stops, apply artificial respiration. Skin or eye contact—remove contaminated clothing and gently flush affected areas with water for 15 minutes. Get medical advice or attention. Exposure to a potentially dangerous vapor concentration can occur before the product is detected by smell.",May form explosive peroxides upon storage or exposure to light. Should be stabilized to prevent peroxide formation.,This compound dissolves rubber.,,,Group 41 of compatibility chart.,"Wear polyethylene gloves, protective clothing and face shield. Have all-purpose canister mask available. Avoid contact with liquid. Secure ignition sources. If a spill occurs, call the National Response Center, 800-424-8802.",* NOTE: Detectable odor is greater than the TLV. Exposure to a potentially dangerous vapor concentration can occur before the product is detected by smell.,Liquid irritating on contact. Vapor inhalation causes severe irritation of mucous membranes with strong narcotic action resulting in severe headache and drowsiness.,,281,USCG Hazardous Chemical Data,
TETRAHYDRONAPHTHALENE,"1,2,3,4-Tetrahydronaphthalene; Tetralin; Tetraline; Tetramp; Tetranap",,THN,C10H12,Colorless liquid; odor similar to turpentine,0.98,Aromatic hydrocarbons,206°C 402°F,-25°C -13°F,Low,0.02,4.55,Insoluble,E: Combustible liquid,D,172,"LEL=0.8%, at 100°C. UEL=5.0%, at 150°C.",722,"Foam, carbon dioxide, dry chemical",Water may be ineffective on fire.,Moderate fire hazard when exposed to heat or flame.,"1,1,2",Unavailable,Unavailable,Unavailable,"Vapor causes headache, vomiting, eye irritation, and coughing. Skin contact is irritating.",Unavailable,,,"Ingestion—induce vomiting. Vapor—remove victim to fresh air; if breathing stops, apply artificial respiration. Skin or eye contact—remove contaminated clothing and gently flush affected areas with water for 15 minutes. Get medical advice or attention.","Fairly stable but will, however, polymerize and oxidize giving rise to discoloration and resinous material.",Some rubber and plastics unsuitable.,,Can polymerize giving rise to discoloration and resinous material.,Group 32 of compatibility chart.,"Wear polyethylene gloves, face shield, protective clothing. Have all-purpose canister mask available. Avoid contact with liquid. Secure ignition sources. If a spill occurs, call the National Response Center, 800-424-8802.","* Pollution Category C oil-like, 33 CFR 151.49. + Unassigned",Vapor irritating at high concentrations.,,282,USCG Hazardous Chemical Data,
TOLUENE,"Benzene, methyl-; Methacide; Methylbenzene; Methylbenzol; Phenylmethane; Toluol",1294,TOL,C6H5CH3,Colorless liquid; benzene-like odor,0.87,Aromatic hydrocarbon,111°C 231°F,-95°C -139°F,,1.1,3.14,Negligible,C: Flammable liquid,D,45,1.27 to 7.0%,1026,"CO2, dry chemical, foam, water fog",Fight the same as a petroleum fire. The vapors are more toxic than those of petroleum and should be avoided. A fire should be fought in the same manner as any Grade C flammable petroleum product.,Dangerous fire hazard when exposed to heat or flame; moderate explosion hazard when exposed to flame.,"1,1,2",0.17,100,100,"Nausea, dizziness and headache. The victim may appear to be drunk.","Inhalation of 600 ppm for 30 minutes has caused severe fatigue, mental confusion, nausea, dizziness and headache.",,,"Ingestion—do NOT induce vomiting. Vapor—remove victim to fresh air; if breathing stops, apply artificial respiration. Skin or eye contact—remove contaminated clothing and gently flush affected areas with water for 15 minutes. Get medical advice or attention.",Stable.,"Rubber exposed to toluene will swell, soften, and deteriorate. Most metals are compatible with toluene.",,,Group 32 of compatibility chart.,"Wear plastic gloves, face shield, protective clothing. Have all-purpose canister mask available. Avoid contact with liquid. Secure ignition sources. If a spill occurs, call the National Response Center, 800-424-8802.","* Pollution Category C oil-like, 33 CFR 151.49. ** Vapor Pressure: 28 mmHg at 25°C.","Liquid slightly irritating. Vapor inhalation has moderate narcotic effect causing dizziness and headache, with severe fatigue and mental confusion.",,283,USCG Hazardous Chemical Data,
TOLUENEDIAMINE,"Benzenediamine, ar-methyl-; 2,4-Diaminotoluene; 2,4-Tolamine; 2,4-Toluenediamine; 4-m-Toluenediamine; m-Toluenediamine; Tolylenediamine; 2,4-Tolylenediamine; m-Tolylenediamine",,TDA,CH3C6H3(NH2)2,Colorless crystals; ammonia-like odor,Unavailable,Aromatic amines,283°C 541°F,88°C 190°F,,,,Soluble,E: Combustible liquid,NA,284,Unavailable,842,"Water, CO2, foam",Use complete protective clothing and self-contained breathing apparatus.,"Toxic gases, NH3, CO, oxides of nitrogen, released by high temperature or combustion.",Unavailable,Unavailable,Unavailable,Unavailable,Irritation and blisters upon contact.,LC50 for rats in 1 hour was 5.3 mg/l.,,,"Remove to fresh air, administer artificial respiration or oxygen as necessary. Flush eyes thoroughly with water for 15 minutes. Wash skin with luke warm, not hot water.",,"Incompatible with aluminum, copper, zinc, brass and bronze.",,,Group 9 of compatibility chart.,"Evacuate area. Avoid contact with hot liquid. Wear full protective equipment and self-contained breathing apparatus. Contain spill and allow to solidify. Scoop into drains. Rinse down area with water. Prevent entry into sewers or water courses. If a spill occurs, call the National Response Center, 800-424-8802.",* Vapor Pressure: 1 mmHg at 107°F. + Unavailable + Unassigned,Suspected carcinogen. Causes thermal burns in molten state. Toxic to the liver and central nervous system.,,284,USCG Hazardous Chemical Data,
TOLUENE DIISOCYANATE,"Benzene, 1,3-diisocyanatomethyl-; 2,4-Diisocyanatotoluene; TDI; 2,4-Toluene diisocyanate; Toluene-2,4-diisocyanate; 2,4-Tolulene diisocyanate; 2,4-Tolylene diisocyanate; m-Tolylene diisocyanate",,,H3CC6H3(NCO)2,"Clear, faintly yellow liquid; strong pungent odor",1.21,Aromatic isocyanate,251°C 484°F,19°C 57°F,Low,Low,6,Reacts,E: Combustible liquid,D,270,0.9 to 9.5%,above 300,"CO2, dry chemical, water fog",Provide firefighters with full body and respiratory protection. Do not allow water to get into a tank of toluene diisocyanate.,Highly toxic nitrogen dioxide gas is produced when this product burns.,"3,3,4",0.4,0.005,0.005,"Burning at site of contact. Vapor inhalation causes intense irritation of nose and throat. Inhalation can also cause asthma-like symptoms, which may not appear for several hours after exposure.",0.5 ppm are irritating to nose and throat for brief exposures.,,,"Ingestion—do NOT induce vomiting. Vapor—remove victim to fresh air; if breathing stops, apply artificial respiration. Oxygen, administered by trained personnel, is often helpful. Skin or eye contact—immediately flush affected parts gently with water while removing contaminated clothing. Continue to flush for 15 minutes. Get medical help promptly. See Medical Kit Information, Appendix B","Product will react with water and even the moisture in the air in excess of 100 ppm, evolving CO2 and heat. Can react violently with amines, alcohols and acids.","Stainless steel, nickel and aluminum are satisfactory construction materials. Avoid copper and copper alloys. Mild steel may be used if it is clean and entirely free of rust and moisture.",Carbon dioxide (on reaction with water/moisture).,,Group 12 of compatibility chart.,"Wear butyl rubber gloves, protective clothing, self-contained breathing apparatus, protective shoes. Avoid contact with the liquid. Keep unprotected personnel away from spill area. May mix with vermiculite, sodium bicarbonate, or sand. Pack in cardboard box and burn in open pit using crumpled paper and wood splinters as fuel. Wash site with soap solution. If a spill occurs, call the National Response Center, 800-424-8802.",,Suspected carcinogen. Liquid extremely harmful by skin absorption. Vapor inhalation severely irritating to nose and throat. Repeated exposure to low concentration can lead to respiratory problems and severe dermatitis.,,285,USCG Hazardous Chemical Data,
"1,2,4-TRICHLOROBENZENE","Trichlorobenzenes, liquid; unsym-Trichlorobenzene; 1,2,4-Trichlorobenzol",2321,TCB,C6H3Cl3,Colorless liquid; aromatic odor,1.45,Aromatic halocarbon,213°C 415°F,18°C 63°F,1,Low,6.26,Insoluble,E: Combustible liquid,D,230,1.3 to 7.1%,1180,"Carbon dioxide, dry chemical or foam",Water spray may be used to control small fires. Cool exposed tanks with water. Wear self-contained breathing apparatus.,Slight fire hazard when exposed to heat or flame. Gives off hydrogen chloride gas.,"1,1,2",3,5,5,"Repeated exposure can lead to liver, kidney, spleen damage. Coughing, watering eyes.","Animal studies have shown that 756 mg/kg killed 50% of the population, affecting the liver, kidney and spleen.",,,"Skin and eyes—flush affected areas with plenty of water. Vapor—remove victim to fresh air. If conscious, have victim take water or milk and induce vomiting if swallowed. Administer artificial respiration if necessary. Call a doctor.",Stable.,Most rubbers are not compatible,,,Group 36 of compatibility chart.,"Wear plastic gloves, self-contained breathing apparatus, protective clothing. Absorb spill with vermiculite, sodium bicarbonate, or soda ash-sand mixture (10-80). After absorption of spill the mixture may be packaged in cardboard containers and burned in an open pit. Wash site thoroughly with strong soap solution. If a spill occurs, call the National Response Center, 800-424-8802.",,"Moderately toxic by ingestion and inhalation, superficial burns to the skin.",UN Number printed as '321' (3 digits) in source text; standard 4-digit UN number 2321 used as best reading and flagged.,286,USCG Hazardous Chemical Data,
"1,1,1-TRICHLOROETHANE","Chlorothene; Ethane, 1,1,1-trichloro-; Methyl chloroform; 1,1,1-TCE",2831,TCE,CH3CCl3,"Colorless liquid; sweetish, chloroform-like odor",1.46,Halogenated compound,74°C 165°F,2°C 36°F,100,4,4.6,Negligible,None assigned.,D,Unavailable,7 to 16% (approximate value for flash described above),932,"Dry chemical, foam or CO2","Wear eye protection, self-contained breathing apparatus and protective clothing.","Does not burn readily but can produce a dangerous ""flash"" when vapors are exposed to a high-energy spark source in a confined space. When in contact with hot metal or a flame, methyl chloroform can decompose to form phosgene, which is highly toxic.","1,1,2",100,350,350,"Dizziness, headache, nausea, and drowsiness.",1500 ppm,,,"Vapor—remove victim to fresh air; if breathing stops, apply artificial respiration. Skin or eye contact—remove contaminated clothing and gently flush affected areas with water for 15 minutes. Get medical advice or attention.",Begins to decompose at 350°F. May decompose to hydrogen chloride and other toxic products.,"The uninhibited grade is corrosive to aluminum, although the inhibited grade may be used with aluminum and any common construction metals at temperatures up to 175°F.",Hydrogen chloride (above 350°F).,,Group 36 of compatibility chart. See also Appendix I—Exceptions to the Chart.,"Wear rubber gloves and protective clothing. Avoid contact with liquid. Secure ignition sources. If a spill occurs, call the National Response Center, 800-424-8802.","* The commercial inhibited product has a boiling range of 160-190°F. ** Unregulated, Table 2, 46 CFR 153.",Vapor inhalation gives moderate irritation of air passages plus moderate narcotic effect. Prolonged or repeated skin contact may cause defatting of the skin and may produce dermatitis from daily contact.,,287,USCG Hazardous Chemical Data,
"1,1,2-TRICHLOROETHANE","Ethane trichloride; Ethane, 1,1,2-trichloro-; beta-T; 1,1,2-TCE; beta-Trichlorethane; Vinyl trichloride",,TCM,CH2ClCHCl2,"Colorless liquid; sweet, chloroform-like odor",1.43 at 25°C,Chlorinated hydrocarbon,114°C 237°F,-38°C -36°F,18.8,,4.55,0.45% at 20c,None assigned,D,None measurable due to low degree of combustibility,6 to 15.5%,Unavailable,"Dry chemical, foam, CO2",Cool exposed tanks with water. Provide respiratory protection for fire parties.,"Very low degree of flammability. Normally will not burn, but will in fire of other fuel or with strong initiator (large spark, welding torch), will give off toxic and irritating gases, including hydrogen chloride, chlorine, and/or phosgene.",Unavailable,Unavailable,10/Skin,10/Skin,"Eyes—irritation, discomfort, soreness. Skin—irritation. Inhalation—irritation, drowsiness, unconsciousness. Ingestion—headache, lassitude, coma.","Short term exposures near 2000 ppm cause central nervous system depression, distorts equilibrium",,,"Eye—flush with water for at least 15 minutes, call physician. Skin—wash with soap and water for at least 15 minutes. Inhalation—remove to fresh air, give oxygen or artificial respiration as needed. Ingestion—call physician.","Generally stable; decomposes when heated. Reacts with strong oxidizers, strong caustics, and active metals to cause fires and explosions.","Attacks some plastics, rubbers, coatings. Reacts with aluminum.",,,Group 36 of the compatibility chart,"Wear protective clothing, self-contained breathing apparatus, and full face shield. Stop release, dike spill, collect with inert absorbant, dispose in sanitary landfill. If a spill occurs, call the National Response Center, 800-424-8802.",† Unavailable,"Suspected carcinogen. Very toxic, much more so than 1,1,1-trichloroethane. Central nervous system depressant. Toxic to liver and kidneys. Prolonged or repeated skin contact may cause defatting of the skin and may produce dermatitis from daily contact.",,288,USCG Hazardous Chemical Data,
TRICHLORETHYLENE,"Chlorylen; Ethene, trichloro-; Ethinyl trichloride; Ethylene trichloride; Tri; Trichloroethene",1710,TCL,ClHC=CCl2,Colorless liquid; chloroform-like odor,1.47,Halogenated compound,87°C 189°F,-87°C -124°F,57.8,2.5,4.54,Negligible,None assigned.,D,Practically non-flammable,Variable at high temperatures,770,"Dry chemical, carbon dioxide, or foam","Tanks should be cooled by a water spray to prevent vaporization. Wear eye protection, self-contained breathing apparatus and protective clothing.","Although trichloroethylene does not ignite readily, it can flash under certain conditions. A high-energy ignition source is one of the necessary factors. The liquid or vapor on contact with hot metal or a flame can decompose to form phosgene, which is highly toxic.","1,1,2",50,50,50,"Headache, nausea, eye and throat irritation, drowsiness.",150 ppm for 30 minutes.,,,"Vapor—remove victim to fresh air; if breathing stops, apply artificial respiration. Skin or eye contact—remove contaminated clothing and gently flush affected areas with water for 15 minutes. Get medical advice or attention.",In the presence of a strong alkali it reacts to form a gas which will ignite or explode spontaneously.,"Stabilized trichloroethylene may be used in the presence of air, water and light with any of the common construction metals at temperatures up to 248°F.",,,Group 36 of compatibility chart. See also Appendix I—Exceptions to the Chart.,"Wear rubber gloves, protective clothing, self-contained breathing apparatus. Avoid contact with liquid. If a spill occurs, call the National Response Center, 800-424-8802.",,Suspected carcinogen. Vapor inhalation leads to slight irritation of airway with moderate systemic effect. Prolonged or repeated skin contact may cause defatting of the skin and may produce dermatitis from daily contact.,,289,USCG Hazardous Chemical Data,
"1,2,3-TRICHLOROPROPANE",Allyl trichloride; Trichlorohydrin; Trichloropropane,,TCN,CH2ClCHClCH2Cl,Amber liquid; chloroform-like odor,1.39,Halogenated hydrocarbon,157°C 315°F,-15°C 58°F,15,0.11,5.6,<0.5%,E: Combustible liquid,D,174,3.27 to 12.6%,579,"Water fog, water blanket, CO2, foam, dry chemical",Wear self-contained breathing apparatus.,Moderate fire hazard; releases toxic HCl and other chlorides when heated.,Unavailable,5,10,10/Skin,"Skin—irritation, dermatitis, blistering. Eyes—watering, permanent injury. Inhalation—anesthesia, irritation of respiratory tract, moderate narcotic effects, drowsiness, dizziness.",,,,Get medical attention. Contact—flush eyes and skin with water. Inhalation—remove to fresh air. Ingestion—induce vomiting if conscious.,"Generally stable. Decomposes when heated, may decompose in contact with aluminum, reacts vigorously with oxidizing materials.",Swells rubber. Suitable: Steel. Unsuitable: Aluminum.,,,Group 36 of compatibility chart,"Avoid contact. Wear goggles, rubber gloves, and self-contained breathing apparatus. Absorb with sand. If a spill occurs, call the National Response Center, 800-424-8802.",+ Unavailable,Can cause permanent injury.,,290,USCG Hazardous Chemical Data,
TRICRESYL PHOSPHATE,"o-Cresyl phosphate; Phosphoric acid, tris(methylphenyl)ester; TCP; TOCP; Tolylphosphate; Tri-o-cresyl phosphate; Tri-o-tolyl phosphate; Tritolyl phosphate",>3% ortho: 2574,<1% ortho isomer: TCP; 1% or more ortho isomer: TCO,(CH3C6H4)3PO4,Colorless liquid; slight odor,1.17,,410°C 770°F,-32°C -25°F,V.Low,,12.7,Negligible,E: Combustible liquid,D,437,Unavailable,725,"CO2, dry chemical","Water may be ineffective on fire. Cool exposed tanks with water. Wear protective clothing, goggles or face shield and self-contained breathing apparatus.",Slight hazard when exposed to heat or flame. Will decompose at extremely high temperatures releasing toxic PO2 gases.,"1,0,4",Unavailable,Unavailable,0.01/Skin,Vapors may irritate eyes at high temperatures. Ingestion causes severe damage to central nervous system.,Unavailable,,,"Ingestion—induce vomiting and call a physician. Skin or eye contact—for eyes flush with water for 15 minutes; for skin, wash with soap and water.",Stable. Can react with oxidizing materials when heated to decomposition.,Usual materials of construction are suitable.,,,Group 34 of compatibility chart.,"Wear protective clothing, goggles or face shield. Remove ignition sources. If a spill occurs, call the National Response Center, 800-424-8802.",+ Unavailable,Vapor slight hazard due to low vapor pressure. Liquid extremely toxic when ingested.,,291,USCG Hazardous Chemical Data,
TRIDECANOL,Alcohol C-13; Isotridecanol; Isotridecyl alcohol; Oxotridecyl alcohol; 1-Tridecanol; Tridecyl alcohol,,TDN,C12H25CH2OH,Water-white liquid with pleasant alcoholic aroma,0.85,Alcohol,274°C 525°F,31°C 87°F,Low,Low,6.9,Negligible,E: Combustible liquid,D,250,Unavailable,Unavailable,"Alcohol foam, water spray, dry powder, CO2",Water or foam may cause frothing.,Slight fire hazard when exposed to heat or flame.,"0,0,0",Unavailable,Unavailable,Unavailable,Inhalation hazard is slight. Skin contact causes minor irritation. Eye contact causes severe irritation.,Unavailable,,,"Vapor—remove victim to fresh air; if breathing stops, apply artificial respiration. Skin or eye contact—remove contaminated clothing and gently wash affected areas with water.",Stable.,Aluminum unsuitable.,,,Group 20 of compatibility chart.,"Avoid contact with liquid. Secure ignition sources. If a spill occurs, call the National Response Center, 800-424-8802.",+ Unassigned,Possibility of some adverse effects from liquid contact with skin.,Health Hazard Ratings row was entirely blank/illegible in the source text layer for this page.,292,USCG Hazardous Chemical Data,
1-TRIDECENE,Olefin C-13; Undecylethylene,,TDC,CH3(CH2)10CH=CH2,Colorless liquid with a mild pleasant odor,0.77,Olefin,233°C 451°F,-24°C -11°F,Low,Low,,Insoluble,E: Combustible liquid,D,175,Unavailable,Unavailable,"Dry chemical, foam or CO2",Water may be ineffective on fire. Cool exposed tanks with water.,Moderate fire hazard if exposed to heat or flame.,Unavailable,Unavailable,Unavailable,Unavailable,Unavailable,Unavailable,,,"Liquid may irritate the eyes. After skin or eye contact, flush with water for 15 minutes.",Stable.,Usual materials of construction are suitable.,,,Group 30 of compatibility chart.,"Wear rubber gloves, face shield, protective clothing. Have all-purpose canister mask available. Secure ignition sources. If a spill occurs, call the National Response Center, 800-424-8802.",+ Unassigned,"Data are lacking; however, it appears that the 1-Tridecene is relatively non-hazardous.",,293,USCG Hazardous Chemical Data,
TRIETHANOLAMINE,"2,2',2""-Nitrilotriethanol; TEA; Triethylolamine; Tri(hydroxyethyl)amine; Tri(2-hydroxyethyl)amine; Trihydroxytriethylamine; Tris(hydroxyethyl)amine; Trolamine",,TEA,(HOC2H4)3N,"Colorless, oily liquid; slight ammonia-like odor",1.13,Amine,343°C 850°F,19°C 88°F,Low,Low,5.14,Complete,E: Combustible liquid,C,365,Unavailable,Unavailable,"CO2, dry chemical, alcohol foam, water fog",Keep tanks cool with a spray of water. Provide respiratory protection for fire parties.,"Slight hazard, when exposed to heat or flame. The oxidation products are poisonous.","0,1,1",Unavailable,Unavailable,Unavailable,"Itching or burning of skin at site of contact. If inhaled, the respiratory passages will be irritated.",Unavailable,,,"Wash spill from the skin with water. If liquid has splashed in the eyes, wash them with water for 15 minutes and get medical attention.",Begins to decompose at 450°F.,Copper and its alloys are corroded.,,,Group 8 of compatibility chart. See also Appendix I—Exceptions to the Chart.,"Wear butyl rubber gloves, protective clothing. Avoid contact with liquid. Cover spill with sodium bisulfate. Spray with excess water and wash up. Wash area with soap solution. If a spill occurs, call the National Response Center, 800-424-8802.","Partly to lower the high freezing point, the commercial product is a mixture of triethanolamine with up to 25% diethanolamine and 5% ethanolamine. The resulting mixture will have properties that vary somewhat from those shown. + Unassigned",Liquid causes irritation and burns to skin and eyes on contact.,,294,USCG Hazardous Chemical Data,
TRIETHYLAMINE,"N,N-Diethylethanamine; TEN",1296,TEN,(C2H5)3N,Colorless liquid; ammoniacal odor,0.73,Amine,89°C 192°F,-115°C -175°F,53.5,2.3,3.49,Slight,C: Flammable liquid,C,25,1.2 to 8.0%,842,"Alcohol foam, CO2, dry chemical","Use water to keep fire-exposed containers cool. If a leak or spill has not ignited, use water spray to disperse the vapors and to protect personnel attempting to stop leak. Water spray may be used to flush spills and to dilute, rendering non-flammable.","Dangerous, keep away from heat or open flame. Flashback along vapor trail may occur. Vapor may explode if ignited in an enclosed area.","2,2,2",Unavailable,10,10,Liquid causes eye injury and skin irritation.,Less than 100 ppm for humans for 30 minutes. A 4 hour exposure was lethal to 1/8 of rats tested.,,,"In case of contact with eyes or skin, immediately flush with plenty of water for at least 15 minutes; for eyes, get medical attention. Remove contaminated clothing and shoes at once.",Stable.,Copper and its alloys are incompatible with triethylamine.,,,Group 7 of compatibility chart.,"If possible, wear butyl rubber gloves, face shield or all-purpose canister respirator, and full-protective clothing. Secure ignition sources. Cover spill with sodium bisulfate. Spray with water and wash up. If a spill occurs, call the National Response Center, 800-424-8802.",,Liquid dangerously absorbed through skin. Vapor inhalation harmful. It is one of the most severe eye irritants and permanent injury may follow eye contact despite prompt treatment efforts.,,295,USCG Hazardous Chemical Data,
TRIETHYLBENZENE,"1,3,5-Triethylbenzene; sym-Triethylbenzene",,TEB,C6H3(CH2CH3)3,"Clear, colorless liquid; weak aromatic odor",0.86,Aromatic hydrocarbon,216°C 421°F,-70°C -94°F,Low,0.03,5.6,Insoluble,E: Combustible liquid,D,181,Unavailable,Unavailable,"Foam, carbon dioxide or dry chemical",Water may be ineffective on fire. Cool exposed tanks with water.,Moderate fire hazard when exposed to heat or flame.,"1,1,1",Unavailable,Unavailable,Unavailable,Slight smarting of the eyes or respiratory system if present in high concentrations.,Unavailable,,,Vapor—remove victim to fresh air. Skin or eye contact—remove contaminated clothing and gently flush affected areas with water.,Stable. Can react with oxidizing materials.,Usual materials of construction are suitable.,,,Group 32 of compatibility chart.,"Avoid contact with liquid. Secure ignition sources. If a spill occurs, call the National Response Center, 800-424-8802.",+ Unassigned,,"The 'General' summary sentence under Health Hazard Data was blank in the source text; Health Hazard Ratings printed incompletely ('1,4,') and completed to '1,4,0' based on visible digits — flagged for confirmation.",296,USCG Hazardous Chemical Data,
TRIETHYLENE GLYCOL,"Di-beta-hydroxyethoxyethane; 2,2'-Ethylene dioxybis(ethanol); 2,2'-Ethylene dioxydiethanol; Ethylene glycol dihydroxydiethyl ether; Glycol bis(hydroxyethyl)ether; TEG; Triglycol",,TEG,(CH2OCH2CH2OH)2,"Colorless liquid with a slight, sweet odor",1.12,Glycol ether,278°C 533°F,-7°C 19°F,V.Low,Low,5.17,Complete,E: Combustible liquid,C,350 (cc),0.9 to 9.2%,700,"Carbon dioxide, dry chemical, or alcohol foam",Water or foam may cause frothing.,"Slight fire hazard when exposed to heat or flame. Moderate explosion hazard when vapor is exposed to flame, spark or heat source.","0,0,0",Unavailable,Unavailable,Unavailable,Liquid is a skin irritant. Vapor is a lung and upper respiratory tract irritant.,Unavailable,,,Skin—flush eyes and skin with water. Vapor—remove victim to fresh air and administer artificial respiration. Call a doctor.,Stable. Can react with oxidizing materials.,Usual materials of construction are suitable.,,,Group 40 of compatibility chart.,"Avoid contact with liquid. Secure ignition sources. If a spill occurs, call the National Response Center, 800-424-8802.",+ Unassigned,Considered non-toxic under normal handling conditions.,,297,USCG Hazardous Chemical Data,
TRIETHYLENETETRAMINE,"N,N'-bis(2-Aminoethyl)ethylenediamine; TETA; Trien",2259,TET,H2N(C2H4NH)3H,"Moderately viscous, amber liquid; ammonia-like odor",0.98,Amine,278°C 532°F,-35°C -31°F,Low,Low,5.04,complete,E: Combustible liquid,C,290,Unavailable,642,"Alcohol foam, carbon dioxide or dry chemical","Water or foam may cause frothing. Fire fighters to wear self-contained breathing apparatus, goggles and protective clothing.",Slight fire hazard when exposed to heat or flame. No spontaneous heating.,"2,2,1",Unavailable,Unavailable,Unavailable,"Vapor—skin irritation, dermatitis; nausea, faintness, anxiety. Liquid—severe skin burns.",Unavailable,,,"Vapor—remove victim to fresh air; if breathing stops, apply artificial respiration. Skin or eye contact—remove contaminated clothing and gently flush affected areas with water for 15 minutes. Get medical advice or attention.",Stable. Can react with oxidizing materials.,Aluminum or stainless steel are suitable.,,,Group 7 of compatibility chart. See also Appendix I—Exceptions to the Chart.,"Wear butyl rubber gloves, face shield or all-purpose canister respirator, protective clothing. Avoid contact with liquid. Cover spill with sodium bisulfate. Wash up with water. Wash site with soap solution. If a spill occurs, call the National Response Center, 800-424-8802.",,Liquid causes severe burns to skin and eyes with only slight contact. Vapor causes primary skin irritation and dermatitis.,,298,USCG Hazardous Chemical Data,
TRIPROPYLENE GLYCOL,No common synonyms.,,TGC,HO(C3H6O)2C3H6OH,Colorless liquid; odorless,1.02,Glycol ether,267°C 513°F,Supercools,<0.01,Low,6.63,Complete,E: Combustible liquid,C,285,Unavailable,Unavailable,"Water, foam, carbon dioxide or dry chemical",Water or foam may cause frothing.,Slight fire hazard when exposed to heat or flame.,"0,0,0",None,Unavailable,Unavailable,Unavailable,Unavailable,,,Unavailable,Stable. Can react with oxidizing materials.,Usual materials of construction are suitable.,,,Group 40 of compatibility chart.,"Avoid contact with liquid. If a spill occurs, call the National Response Center, 800-424-8802.",+ Unassigned,No hazard under ordinary conditions of handling.,,299,USCG Hazardous Chemical Data,
TURPENTINE,D.D. turpentine; Gum spirits; Gum turpentine; Oil of turpentine; Spirits of turpentine; Steam distilled turpentine; Sulfate turpentine; Sulfate wood turpentine; Turps; Wood turpentine,1299,TPT,Mostly C10H16,Colorless liquid; smells like oil-base paint,0.85 to 0.87,Olefin,150-160°C 302-320°F,,,0.26,4.84,Negligible,D: Combustible liquid,D,95,LEL=0.8% UEL—Unavailable,488,"CO2, dry chemical, water fog, foam",A tank exposed to fire should be kept cool with a spray of water.,Gives off acrid fumes when heated. Moderate fire hazard. Forms heavy black smoke and soot. Flashback along vapor trail may occur. Vapor may explode in an enclosed area.,"1,1,1",Unavailable,100,100,"Prickling sensation of eyes, dizziness, acceleration of pulse, respiratory irritation and nausea.","750 to 1000 ppm for several hours caused eye irritation, headache, dizziness, nausea and acceleration of pulse; 1878 ppm for one to four hours is toxic to man.",,,"Remove victim to fresh air; if breathing stops, apply artificial respiration. Skin or eye contact—remove contaminated clothing and gently flush affected areas with water for 15 minutes. Get medical advice or attention.",Under certain conditions (large surface area exposed to air) turpentine can undergo spontaneous heating.,Almost any metal is suitable. Ordinary rubber is attacked and should not be used for gaskets or fittings.,,,Group 30 of compatibility chart.,"Wear polyethylene gloves, face shield, protective clothing. Have all-purpose canister mask available. Avoid contact with liquid. Secure ignition sources. If a spill occurs, call the National Response Center, 800-424-8802.",* Vapor Pressure: 5 mmHg at 25°C.,Vapor inhalation harmful. Liquid irritating on contact.,Health Hazard Ratings row was illegible in the source text layer for this page.,300,USCG Hazardous Chemical Data,
UREA-AMMONIUM NITRATE SOLUTION (more than 2% free ammonia),Solar nitrogen solution; UAN-Nitrogen solution; UAN solution,,UAS,"NH2CONH2,NH4NO3,NH3,H2O mixtures",Colorless liquid; slight ammonia-like odor,1.3,,100°C 212°F,0°C 32°F,,Varies,Varies,Soluble,None assigned.,D,Pure ammonium nitrate-urea solution is not flammable.,for ammonia 16 to 25%,for ammonia 1205,Water,"Do not use CO2, dry chemical, foam extinguishers. Dry ammonia in contact with combustibles increases potential for fire. If confined an explosion will result. Use self-contained breathing apparatus and stay upwind.","No direct fire hazard until water evaporates. Thermal decomposition yields toxic ammonia, carbon monoxide, and nitrogen oxide gases.","0,1,1","~45 for NH3, NH4OH",,,"Prolonged contact will produce mild irritation, blisters or rash. Eyes will become painful. Ingestion results in nausea, vomiting, intestinal bleeding, coma, convulsions, and/or death.",100 ppm for 30 minutes (ammonia gas). Lethal dose of ammonium nitrate is 10-15 grams.,,,Wash skin or eyes with water. For ingestion seek medical assistance promptly. Induce vomiting after two glasses of water only if conscious. Monitor breathing. Remove to fresh air.,"Stable. Reacts with oxidizing material, combustible material, wood chips, organic materials, sulfur, metal, finely subdivided lead, zinc, galvanized iron, or acids.",,"Ammonia, carbon monoxide, nitrogen oxide (thermal decomposition).",,Group 6 of compatibility chart.,"Contain material to prevent contamination of land or water. Allow water to evaporate, scoop up remaining residue. Flush area with water to remove remaining traces. Avoid mixing or contact with organic or combustible materials. Spontaneous combustion may occur. If a spill occurs, call the National Response Center, 800-424-8802.",The more than 2% free ammonia normally requires shipment under pressure (0-30 psia at 104°F). * Vapor Pressure: 15 mmHg at 77°F. ** NO2—5 ppm; CO—50 ppm; NH3—25 ppm; NH4OH—1 ppm. = Unassigned,Urea itself is non-toxic. Solution will produce irritation due to ammonia being present.,,301,USCG Hazardous Chemical Data,
iso-VALERALDEHYDE,Isovaleral; Isovaleraldehyde; Isovaleric aldehyde; 3-Methylbutanal; 3-Methylbutyraldehyde,2058,IVA,CH3CH2CH(CH3)CHO,Colorless liquid; weakly suffocating odor,0.8,Aldehyde,92°C 198°F,-51°C -60°F,*,,2.96,Insoluble,C: Flammable liquid,C,49,Unavailable,Unavailable,"CO2, dry chemical, water fog, alcohol foam",Water may be ineffective on fire. Wear self-contained breathing apparatus and protective clothing.,"When heated, it emits acrid fumes. Ignited by heat, sparks or open flame. Vapor forms explosive mixtures with air. Flashback along vapor trail may occur. Vapor may explode if ignited in an enclosed area.","1,2,1",Unavailable,Unavailable,Unavailable,"Include coughing, sneezing, burning and tearing of eyes, salivation, and all signs of irritation of the mucous membranes.",Unavailable,,,Wash immediately with soap and water after skin contact. Contact of the liquid with the eyes can cause permanent injury if prompt treatment is not given. Wash eyes with clear water; obtain medical treatment.,Reacts with itself and also undergoes the condensation reaction in the presence of strong bases.,Compatible with stainless steel or aluminum.,,,Group 19 of compatibility chart.,"Avoid contact with liquid. Wear rubber gloves, goggles or face shield, and protective clothing. Secure ignition sources. If a spill occurs, call the National Response Center, 800-424-8802.",* Vapor Pressure: 50 mmHg at approx. 25°C. + Unavailable,Vapor irritating to skin and mucous membranes.,Boiling point value was not legible in the text layer for this page.,302,USCG Hazardous Chemical Data,
n-VALERALDEHYDE,Amyl aldehyde; Pentanal; Valeral; Valeric aldehyde,2058,VAL,CH3(CH2)3CHO,Colorless liquid with a fruity odor,0.81,Aldehyde,103°C 217°F,-91°C -132°F,26,1.2,2.96,Slight,C: Flammable liquid,C,54,Unavailable,Unavailable,"Carbon dioxide, dry chemicals, foam, water spray",Wear self-contained breathing apparatus and protective clothing as protection against acrid fumes. Water may be ineffective on fire.,Flash back along trail may occur. Vapor may explode in a closed area.,"1,1,2",Unavailable,50,50,"Vapor—severe irritation of air passages with headache and rapid heart beat, eye irritation. Liquid causes severe skin and eye irritation on contact.",Unavailable,,,"Vapor—remove victim to fresh air; if breathing stops, apply artificial respiration. Skin or eye contact—immediately flood affected area with water for at least 15 minutes. Remove contaminated clothing.",Stable.,Stainless steel or aluminum are recommended.,,,Group 19 of compatibility chart.,"Wear rubber gloves, self-contained breathing apparatus, protective clothing. Avoid contact with liquid. Secure ignition sources. Cover spill with sodium bisulfite (NaHSO3). Add small amount of water and mix. Scoop up. Wash site with soap solution. If a spill occurs, call the National Response Center, 800-424-8802.",,Vapor is flammable and very irritating. Liquid causes severe burns.,,303,USCG Hazardous Chemical Data,
VINYL ACETATE,"Acetic acid, ethenyl ester; Acetic acid, vinyl ester; VAM; Vinyl acetate monomer; Vinyl A monomer; Vy Ac",1301,VAM,CH3COOCH=CH2,Colorless liquid; sweet odor,0.94,Vinyl acetate,73°C 163°F,-100°C -148°F,90,3.7,2.97,0.02,C: Flammable liquid,D,18,2.6 to 13.4%,801,"CO2, dry chemical, alcohol foam, water spray.","If fire parties must work in confined quarters, provide respiratory protection. Keep tank cool with a water spray.","When heated, acrid vapors are given off. Ignited by heat, sparks or open flame. Fire may cause violent rupture of tank due to polymerization.","1,1,2",0.12,10,10,Liquid irritating to skin and eyes. Vapor inhalation causes slight narcotic effect.,Unavailable,,,"Vapor—remove victim to fresh air; if breathing stops, apply artificial respiration. Skin or eye contact—remove contaminated clothing and gently flush affected areas with water for 15 minutes. Get medical advice or attention.",Polymerizes readily if not inhibited. Heat can start the reaction. Emits acrid fumes when heated to decomposition. Can react vigorously with oxidizing materials.,Most of the usual materials of construction are suitable.,,Polymerizes readily if not inhibited; heat can start the reaction.,Group 13 of compatibility chart.,"Wear rubber gloves, face shield, protective clothing. Have all-purpose canister mask available. Avoid contact with liquid. Secure ignition sources. Flush area with water spray. If a spill occurs, call the National Response Center, 800-424-8802.",,,UN Number OCR'd as '13014' (5 digits) in source; standard 4-digit UN number 1301 used as best reading.,304,USCG Hazardous Chemical Data,
VINYL CHLORIDE,"Chloroethene; Chloroethylene; Ethene, chloro-; Ethylene monochloride; Monochloroethene; Monochloroethylene; VC; VCL; VCM; Vinyl chloride monomer; Vinyl C monomer",1086,VCM,CH2=CHCl,Colorless liquid or gas; sweet odor,0.91,Vinyl halide,_14°С 7°F,_160°C-245°F ,2580,75,2.15,Slight,Liquefied Flammable Gas (LFG),D,-108,3.6 to 33%,882,"Stop flow of gas; CO2, dry chemical, water fog",Cool tank with water spray. Provide self-contained breathing apparatus and protective clothing for fire-fighting personnel.,"Dangerous fire hazard. Unless the flow of gas can be stopped, putting out a vinyl chloride fire will permit accumulation of an explosive vapor concentration with increased danger of reflash. Heat decomposes vinyl chloride to form highly toxic phosgene gas. Heat can also cause vinyl chloride to polymerize with explosive force.","2,1,2",260*,29 CFR 1910.1017,5,Dizziness and drowsiness. Frostbitten areas will look white.,500 ppm for 5 minutes.,,,"Remove victim to fresh air. If breathing stops, apply artificial respiration. If the liquid has spilled onto the skin, points of contact may be frostbitten; handle gently and protect from mechanical damage. DO NOT RUB. In case of eye contact, flood eye gently with water for 15 minutes. Get medical attention.","Polymerizes in presence of air, sunlight or heat.","Steel is satisfactory. However, contact with copper or other acetylide-forming metals may form explosive compounds.",,"Polymerizes in presence of air, sunlight or heat.",Group 35 of compatibility chart.,"Wear rubber gloves, self-contained breathing apparatus, protective clothing. Avoid contact with liquid. Secure ignition sources. If a spill occurs, call the National Response Center, 800-424-8802.",* NOTE: Detectable odor is greater than the TLV. Exposure to potentially dangerous vapor concentrations can occur before the vapor is detected by smell.,Human carcinogen. Vapor harmful. Liquid or cold gas may cause skin or eye injury similar to frostbite.,"Boiling point, freezing point, vapor pressure, and relative vapor pressure values were not legible in the text layer for this page.",305,USCG Hazardous Chemical Data,
VINYL ETHYL ETHER,Ethoxyethene; Ethyl vinyl ether; EVE; Vinamar,1302,VEE,CH2=CHOC2H5,Colorless liquid; disagreeable odor,0.763,Ethers,37°C 99°F,-115°C -175°F,426,,2.49,Slight,C: Flammable liquid,C,less than -50 (cc),1.7 to 28%,395,"Alcohol foam, foam, CO2, dry chemical.",Wear goggles and self-contained breathing apparatus. Water may be ineffective on fire. Cool exposed tanks with water.,Extremely flammable; may form explosive peroxides. Flashback along vapor trail may occur. Vapor may explode if ignited in an enclosed area.,"1,1,2",Unavailable,Unavailable,Unavailable,Excitement followed by unconsciousness and respiratory paralysis. Prolonged skin contact causes dermatitis.,Data not available.,,,Remove from area and administer artificial respiration or oxygen if necessary. Flush affected areas with large amounts of water.,Can react vigorously with oxidizing materials.,,,,Group 13 of compatibility chart.,"Wear goggles, self-contained breathing apparatus, rubber gloves. Stay upwind, knock vapors down with water spray. Secure ignition sources as dangerous peroxides form upon heating. If a spill occurs, call the National Response Center, 800-424-8802.",+ Unavailable,Vapor or liquid may be irritating to skin and eyes. Concentrated vapors result in rapid anesthetic effect and loss of consciousness.,Health Hazard Ratings row was illegible in the source text layer for this page.,306,USCG Hazardous Chemical Data,
VINYLIDENE CHLORIDE,"1,1-Dichloroethene; 1,1-Dichloroethylene; asym-Dichloroethylene; Ethene, 1,1-dichloro-",1303,VCI,C2H2Cl2,Colorless liquid; sweet odor,1.21,Vinyl halide,32°C 89°F,-123°C -189°F,,18.3,3.34,Negligible,A: Flammable liquid,D,0,5.6 to 16.0%,1058,"Carbon dioxide, dry chemical, foam, water fog","Keep tank cool with water spray. Wear eye protection, self-contained breathing apparatus and protective clothing.",Dangerous fire hazard; extremely flammable. Combustion products include hydrogen chloride and poisonous phosgene. Fire may result in violent rupture of tank due to polymerization.,"2,2,3",500 to 1000,1,5,"Dizziness, nausea, and sleepiness. Liquid causes skin burns and eye irritation.",Inhalation of 4000 ppm rapidly produces symptoms of drunkenness; unconsciousness may follow shortly afterward.,,,"Vapor—remove victim to fresh air; if breathing stops, apply artificial respiration. Skin or eye contact—remove contaminated clothing and gently flush affected areas with water for 15 minutes. Get medical advice or attention.",Will polymerize if exposed to heat and air. This commodity must be inhibited for shipment.,Copper and copper alloys are unsuitable.,,Will polymerize if exposed to heat and air; must be inhibited for shipment.,Group 35 of compatibility chart.,"Wear rubber gloves, self-contained breathing apparatus, and protective clothing. Avoid contact with liquid. Secure ignition sources. Do not flush spill into confined spaces where flammable vapors can accumulate. If a spill occurs, call the National Response Center, 800-424-8802.",* Vapor Pressure: 400 mmHg at 14.4°C.,Suspected carcinogen. Liquid irritating on contact. Vapor harmful and has narcotic effect.,,307,USCG Hazardous Chemical Data,
VINYL TOLUENE,Methylstyrene; para-Methylstyrene; Tolylethylene,2618,VNT,CH2CHC6H4CH3,Colorless liquid with a disagreeable odor,0.9,Olefin,168°C 334°F,-77°C -107°F,4.9,0.07,4.08,Slight,D: Combustible liquid,D,127,0.8 to 11%,914,"CO2, foam, water fog",Wear goggles and self-contained breathing apparatus. Cool fire exposed tanks with water.,Combustion may evolve toxic gases such as carbon monoxide. Moderate fire hazard when exposed to heat or flame. Fire may cause violent rupture of tank due to polymerization.,"2,1,1",above 10,100,50,"Liquid—skin irritation, blistering. Vapor—eye and nasal irritation.",400 ppm for 5 minutes.,,,"Vapor—remove victim to fresh air; if breathing stops, apply artificial respiration. Skin or eye contact—remove contaminated clothing and gently wash affected areas with water.",May polymerize if exposed to heat and uninhibited. Can react with oxidizing materials.,Usual materials of construction are suitable.,,May polymerize if exposed to heat and uninhibited.,Group 13 of compatibility chart.,"Wear rubber gloves, face shield, protective clothing. Have all-purpose canister mask available. Avoid contact with liquid. Secure ignition sources. If a spill occurs, call the National Response Center, 800-424-8802.",,Irritation; narcotic.,,308,USCG Hazardous Chemical Data,
o-XYLENE,"Benzene, dimethyl-; 1,2-Dimethyl benzene; Orthoxylene; ortho-Xylene; Xylol",1307,XLO,C6H4(CH3)2,Colorless liquid; benzene-like aromatic odor,0.89,Aromatic hydrocarbons,144°C 292°F,-25°C -13°F,,0.28,3.66,Negligible,D: Combustible liquid,D,90,1.1 to 7.0%,867,"CO2, dry chemical, foam, water fog","Water may be ineffective but water should be used to keep fire-exposed containers cool. If a leak or spill has not ignited, use water spray to disperse the vapors and to protect personnel attempting to stop a leak. Water spray may be used to flush spills away from exposures.","Moderate fire hazard, when exposed to heat or flame. Flashback along vapor trail may occur. Vapor may explode if ignited in an enclosed area.","1,1,2",0.05,100,100,"Headache, dizziness, staggering, nausea, and drowsiness.","Narcosis in animals begins with inhalations of 2300-3500 ppm. Instances of unconsciousness in humans from severe exposures have been described, but the specific concentrations were unknown.",,,"Vapor—remove victim to fresh air; if breathing stops, apply artificial respiration. Skin or eye contact—remove contaminated clothing and flush affected areas with water for 15 minutes. Get medical advice or attention.",Stable.,Most materials of construction are satisfactory. Rubber will swell and soften after prolonged exposure.,,,Group 32 of compatibility chart.,"Wear polyethylene gloves, face shield, protective clothing. Have all-purpose canister mask available. Avoid contact with liquid. Secure ignition sources. If a spill occurs, call the National Response Center, 800-424-8802.","* Pollution Category C oil-like, 33 CFR 151.49. ** Vapor Pressure: 10 mmHg at 32.1°C.",Vapor inhalation harmful. Liquid irritating.,,309,USCG Hazardous Chemical Data,
m-XYLENE,"Benzene, dimethyl-; 1,3-Dimethyl benzene; Metaxylene; meta-Xylene; Xylol",1307,XLM,C6H4(CH3)2,Colorless liquid; benzene-like aromatic odor,0.87,Aromatic hydrocarbons,139°C 282°F,-47°C -53°F,,0.34,3.66,Insoluble,C: Flammable liquid,D,77,1.1 to 7.0%,982,"Foam, CO2, dry chemical","Water may be ineffective but water should be used to keep fire-exposed containers cool. If a leak or spill has not ignited, use water spray to disperse the vapor and to protect personnel attempting to stop a leak. Water spray may be used to flush spills away.",Dangerous fire hazard and moderate explosion hazard when exposed to heat or flame. Flashback along vapor trail may occur. Vapor may explode if ignited in an enclosed area.,"1,1,2",0.05,100,100,"Headache, confusion, nausea, dizziness. Dermatitis may result from repeated skin exposure.","Narcosis in animals begins with inhalations of 2300-3500 ppm. Instances of unconsciousness in humans from severe exposures has been described, but the specific concentrations were unknown, 300 ppm is the suggested short term inhalation limit.",,,"Remove from exposure; remove contaminated clothing, cleanse skin, and eyes. Artificial respiration should be started immediately if breathing has stopped.",Stable.,Softens rubber; not corrosive to most metals.,,,Group 32 of compatibility chart.,"Wear polyethylene gloves, face shield, protective clothing. Have all-purpose canister mask available. Avoid contact with liquid. Secure ignition sources. Wash up with water. If a spill occurs, call the National Response Center, 800-424-8802.","* Pollution Category C oil-like, 33 CFR 151.49. ** Vapor Pressure: 10 mmHg at 28.3°C.",Vapor inhalation has moderate systemic effect resulting in possible loss of consciousness.,,310,USCG Hazardous Chemical Data,
p-XYLENE,"Benzene, dimethyl-; 1,4-Dimethyl benzene; Paraxylene; para-Xylene; Xylol",1307,XLP,C6H4(CH3)2,Colorless liquid; benzene-like aromatic odor,0.86,Aromatic hydrocarbons,138°C 281°F,13°C 56°F,,0.34,3.66,Negligible,D: Combustible liquid,D,81,1.1 to 7.0%,870,"CO2, dry chemical, foam, water fog","Water may be ineffective but water should be used to keep fire-exposed containers cool. If a leak or spill has not ignited, use water spray to disperse the vapors and to protect men attempting to stop a leak. Water spray may be used to flush spills away from exposures.","Moderate fire hazard, when exposed to heat or flame","1,1,2",0.05,100,100,"Headache, dizziness, nausea.","Narcosis in animals begins with inhalation of 2300-3500 ppm. Instances of unconsciousness in humans from severe exposures have been described, but the specific concentrations were unknown.",,,"Vapor—remove victim to fresh air; if breathing stops, apply artificial respiration. Skin or eye contact—remove contaminated clothing and gently flush affected areas with water for 15 minutes. Get medical advice or attention.",Stable.,"Most materials of construction are suitable. Rubber exposed to xylene will swell, soften and eventually deteriorate.",,,Group 32 of compatibility chart.,"Wear polyethylene gloves, face shield, protective clothing. Have all-purpose canister mask available. Avoid contact with liquid. Secure ignition sources. If a spill occurs, call the National Response Center, 800-424-8802.","* Pollution Category C oil-like, 33 CFR 151.49. ** Vapor Pressure: 10 mmHg at 28.3°C.",Vapor inhalation harmful.,,311,USCG Hazardous Chemical Data,
ZINC DIALKYLDITHIOPHOSPHATE,Zinc dihexyldithiophosphate; Zinc dihexylphosphorodithioate,,ZDP,Indefinite,Light yellow liquid; sweet odor,1.10 to 1.12 at 20°C (liquid); 1.6 at 20°C (solid),Unassigned,Decomposes,Pour point 18°C,Low,Low,,Negligible,D or E: Combustible liquid,NA,150,Unavailable,Unavailable,"Dry chemical, CO2",Fire fighters should be equipped with self-contained breathing apparatus.,Hydrogen sulfide vapors may be evolved if the material is heated in excess of 150°F.,Unavailable,0.7,10 ppm (H2S),10 ppm (H2S),"Red, swollen skin; coughing.",Skin penetration at toxic levels—3.16 milliliters per 1000 grams of body weight; no illness in 6 hour exposure. Minimum concentration found fatal after one hour exposure—600 ppm (H2S).,,,Unavailable.,"Antioxidant, may decompose with evolution of H2S if heated above 150°F. Contamination by acid may set up conditions for evolution of H2S. Contamination by water affects stability.","No corrosive or destructive effect on steel, wood or cloth. Normal materials may be used; may soften natural rubber and some paints.","Hydrogen sulfide (above 150°F, or on acid contamination).",,Group 34 of compatibility chart.,"Rubber protective clothing, self-contained breathing apparatus, etc. Cover with soda ash. Clean up and neutralize with diluted hydrochloric acid and wash with excess water. If a spill occurs, call the National Response Center, 800-424-8802.",+ Unassigned,"Irritating on prolonged contact with the skin; severe swelling and destruction of tissue may result in a few hours. There is no inhalation hazard at room temperature. Skin penetration is high, but there is no hazard.",,312,USCG Hazardous Chemical Data,
